id,slug,title,category,primary_keyword,secondary_keywords,related_terms,subtopics,entities,keyword_basis,search_intent,q01_question_answered,q02_primary_intent,q03_intent_class,q04_primary_topic,q05_secondary_topics,q06_user_problem,q07_currently_useful,q08_factually_complete,q09_repetitive,q10_too_generic,q11_too_similar_to_another,q12_better_article_same_intent,q13_competes_with_course_page,q14_has_unique_information,q15_needs_examples,q16_needs_table,q17_needs_code,q18_needs_workflow,q19_needs_diagram,q20_needs_references,q21_needs_real_world_context,q22_needs_updated_information,q23_unsupported_claims,q24_outdated_information,q25_generic_ai_intro,q26_repetitive_sections,q27_useful_internal_links,q28_authoritative_external_links,q29_title_matches_body,q30_expert_would_find_useful,recommended_action,action_reason,action_gate,phase4_action,image_needed,image_type,image_description,processing_status
ae40295b-4ad6-4f94-9816-71fc8ff05487,amazon-athena-querying-s3-with-sql,Amazon Athena: Querying S3 with SQL,aws,amazon athena,amazon athena tutorial; amazon athena explained; how to use amazon athena,sql; aws,concept and mental model; worked example; common mistakes; when not to use it,Amazon Athena; SQL; AWS,derived from title and intent; no search-volume data,tutorial,"How does Amazon Athena work, and how do I apply it in practice?",tutorial,educational / tutorial,amazon athena,concept and mental model; worked example; common mistakes; when not to use it,Needs to understand and use Amazon Athena,no: 99% of its phrasing is shared template text,"no: 676 words, 1% specific to the topic",99% boilerplate,yes: 1% unique phrasing,yes: amazon-dynamodb-explained-for-beginners (0.97),,no: informational title,no: 1% unique phrasing,yes,optional,"yes: runnable, verified code",yes: step-by-step,yes,yes: no external source,yes,verify on rewrite,"yes: 6 unsourced salary, percentage or demand claims",not verified automatically,yes: opening shared with 49 other articles,yes: heading outline shared with 417 other articles,no: none in the body,none,partly: the body is template text with the title substituted,no,DEEP REWRITE,Template body: 99% of its phrasing is shared with 10+ articles; 1% is its own.,None. Queue order in BLOG_REWRITE_QUEUE.csv.,DEEP REWRITE,true,code output screenshot or diagram,"Worked example for ""Amazon Athena"": the input, the code's key step, and the resulting output side by side.",analyzed
c8197807-6dec-4b93-82b9-cfcd461c3b5b,amazon-dynamodb-explained-for-beginners,Amazon DynamoDB Explained for Beginners,aws,amazon dynamodb explained for beginners,amazon dynamodb for beginners tutorial; amazon dynamodb for beginners explained; how to use amazon dynamodb for beginners,aws,concept and mental model; worked example; common mistakes; when not to use it,AWS,derived from title and intent; no search-volume data,tutorial,"What is Amazon DynamoDB, and how does it work?",tutorial,educational / tutorial,amazon dynamodb explained for beginners,concept and mental model; worked example; common mistakes; when not to use it,Needs to understand and use Amazon DynamoDB for Beginners,no: 100% of its phrasing is shared template text,"no: 681 words, 0% specific to the topic",100% boilerplate,yes: 0% unique phrasing,yes: amazon-ec2-explained-instances-types-and-pricing (1.00),,no: informational title,no: 0% unique phrasing,yes,optional,no,yes: step-by-step,yes,yes: no external source,yes,verify on rewrite,"yes: 6 unsourced salary, percentage or demand claims",not verified automatically,yes: opening shared with 49 other articles,yes: heading outline shared with 417 other articles,no: none in the body,none,partly: the body is template text with the title substituted,no,DEEP REWRITE,Template body: 100% of its phrasing is shared with 10+ articles; 0% is its own.,None. Queue order in BLOG_REWRITE_QUEUE.csv.,DEEP REWRITE,true,concept diagram,"One diagram that explains the central idea of ""Amazon DynamoDB Explained for Beginners"" — the parts and how they relate.",analyzed
34d19c0e-ed5b-4d89-aa3c-b316a1043bcf,amazon-ec2-explained-instances-types-and-pricing,"Amazon EC2 Explained: Instances, Types and Pricing",aws,amazon ec2 explained,amazon ec2 tutorial; how to use amazon ec2,aws,concept and mental model; worked example; common mistakes; when not to use it,AWS,derived from title and intent; no search-volume data,tutorial,"What is Amazon EC2, and how does it work?",tutorial,educational / tutorial,amazon ec2 explained,concept and mental model; worked example; common mistakes; when not to use it,Needs to understand and use Amazon EC2,no: 100% of its phrasing is shared template text,"no: 679 words, 0% specific to the topic",100% boilerplate,yes: 0% unique phrasing,yes: amazon-dynamodb-explained-for-beginners (1.00),,no: informational title,no: 0% unique phrasing,yes,optional,no,yes: step-by-step,yes,yes: no external source,yes,yes: fast-moving topic or dated title,"yes: 6 unsourced salary, percentage or demand claims",likely: dated or fast-moving; not verified automatically,yes: opening shared with 49 other articles,yes: heading outline shared with 417 other articles,no: none in the body,none,partly: the body is template text with the title substituted,no,DEEP REWRITE,Template body: 100% of its phrasing is shared with 10+ articles; 0% is its own.,None. Queue order in BLOG_REWRITE_QUEUE.csv.,DEEP REWRITE,true,concept diagram,"One diagram that explains the central idea of ""Amazon EC2 Explained"" — the parts and how they relate.",analyzed
3404fd01-f4ec-4dc1-ba13-df9903fc23e1,amazon-emr-explained-big-data-on-aws,Amazon EMR Explained: Big Data on AWS,aws,amazon emr explained,amazon emr tutorial; how to use amazon emr,aws,concept and mental model; worked example; common mistakes; when not to use it,Amazon EMR; AWS,derived from title and intent; no search-volume data,tutorial,"What is Amazon EMR, and how does it work?",tutorial,educational / tutorial,amazon emr explained,concept and mental model; worked example; common mistakes; when not to use it,Needs to understand and use Amazon EMR,no: 100% of its phrasing is shared template text,"no: 679 words, 0% specific to the topic",100% boilerplate,yes: 0% unique phrasing,yes: amazon-dynamodb-explained-for-beginners (1.00),,no: informational title,no: 0% unique phrasing,yes,optional,no,yes: step-by-step,yes,yes: no external source,yes,verify on rewrite,"yes: 6 unsourced salary, percentage or demand claims",not verified automatically,yes: opening shared with 49 other articles,yes: heading outline shared with 417 other articles,no: none in the body,none,partly: the body is template text with the title substituted,no,DEEP REWRITE,Template body: 100% of its phrasing is shared with 10+ articles; 0% is its own.,None. Queue order in BLOG_REWRITE_QUEUE.csv.,DEEP REWRITE,true,concept diagram,"One diagram that explains the central idea of ""Amazon EMR Explained"" — the parts and how they relate.",analyzed
91518a9c-fe75-447b-8e91-b75d38aadc78,amazon-kinesis-explained-real-time-streaming,Amazon Kinesis Explained: Real-Time Streaming,aws,amazon kinesis explained,amazon kinesis tutorial; how to use amazon kinesis,aws,concept and mental model; worked example; common mistakes; when not to use it,Amazon Kinesis; AWS,derived from title and intent; no search-volume data,tutorial,"What is Amazon Kinesis, and how does it work?",tutorial,educational / tutorial,amazon kinesis explained,concept and mental model; worked example; common mistakes; when not to use it,Needs to understand and use Amazon Kinesis,no: 100% of its phrasing is shared template text,"no: 677 words, 0% specific to the topic",100% boilerplate,yes: 0% unique phrasing,yes: amazon-dynamodb-explained-for-beginners (1.00),,no: informational title,no: 0% unique phrasing,yes,optional,no,yes: step-by-step,yes,yes: no external source,yes,verify on rewrite,"yes: 6 unsourced salary, percentage or demand claims",not verified automatically,yes: opening shared with 49 other articles,yes: heading outline shared with 417 other articles,no: none in the body,none,partly: the body is template text with the title substituted,no,DEEP REWRITE,Template body: 100% of its phrasing is shared with 10+ articles; 0% is its own.,None. Queue order in BLOG_REWRITE_QUEUE.csv.,DEEP REWRITE,true,architecture diagram,"Diagram of the components in ""Amazon Kinesis Explained"" and how data or requests flow between them.",analyzed
3c63c20d-a99a-411b-902f-f6e4dd06131a,amazon-msk-managed-kafka-on-aws,Amazon MSK: Managed Kafka on AWS,aws,amazon msk,amazon msk tutorial; amazon msk explained; how to use amazon msk,kafka; aws,concept and mental model; worked example; common mistakes; when not to use it,Kafka; AWS,derived from title and intent; no search-volume data,tutorial,"How does Amazon MSK work, and how do I apply it in practice?",tutorial,educational / tutorial,amazon msk,concept and mental model; worked example; common mistakes; when not to use it,Needs to understand and use Amazon MSK,no: 100% of its phrasing is shared template text,"no: 676 words, 0% specific to the topic",100% boilerplate,yes: 0% unique phrasing,yes: amazon-dynamodb-explained-for-beginners (1.00),,no: informational title,no: 0% unique phrasing,yes,optional,"yes: runnable, verified code",yes: step-by-step,yes,yes: no external source,yes,verify on rewrite,"yes: 6 unsourced salary, percentage or demand claims",not verified automatically,yes: opening shared with 49 other articles,yes: heading outline shared with 417 other articles,no: none in the body,none,partly: the body is template text with the title substituted,no,DEEP REWRITE,Template body: 100% of its phrasing is shared with 10+ articles; 0% is its own.,None. Queue order in BLOG_REWRITE_QUEUE.csv.,DEEP REWRITE,true,architecture diagram,"Diagram of the components in ""Amazon MSK"" and how data or requests flow between them.",analyzed
bbfa6ba7-3b85-4256-9478-90f299254d11,amazon-redshift-explained-the-cloud-data-warehouse,Amazon Redshift Explained: The Cloud Data Warehouse,aws,amazon redshift explained,amazon redshift tutorial; how to use amazon redshift,aws,concept and mental model; worked example; common mistakes; when not to use it,Amazon Redshift; AWS,derived from title and intent; no search-volume data,tutorial,"What is Amazon Redshift, and how does it work?",tutorial,educational / tutorial,amazon redshift explained,concept and mental model; worked example; common mistakes; when not to use it,Needs to understand and use Amazon Redshift,no: 100% of its phrasing is shared template text,"no: 679 words, 0% specific to the topic",100% boilerplate,yes: 0% unique phrasing,yes: amazon-dynamodb-explained-for-beginners (1.00),,no: informational title,no: 0% unique phrasing,yes,optional,"yes: runnable, verified code",yes: step-by-step,yes,yes: no external source,yes,verify on rewrite,"yes: 6 unsourced salary, percentage or demand claims",not verified automatically,yes: opening shared with 49 other articles,yes: heading outline shared with 417 other articles,no: none in the body,none,partly: the body is template text with the title substituted,no,DEEP REWRITE,Template body: 100% of its phrasing is shared with 10+ articles; 0% is its own.,None. Queue order in BLOG_REWRITE_QUEUE.csv.,DEEP REWRITE,true,architecture diagram,"Diagram of the components in ""Amazon Redshift Explained"" and how data or requests flow between them.",analyzed
3a84fe40-cddb-42a3-9f22-25f5aa574716,amazon-s3-explained-storage-classes-and-best-practices,"Amazon S3 Explained: Storage, Classes and Best Practices",aws,amazon s3 explained,amazon s3 tutorial; how to use amazon s3,aws,concept and mental model; worked example; common mistakes; when not to use it,Amazon S3; AWS,derived from title and intent; no search-volume data,tutorial,"What is Amazon S3, and how does it work?",tutorial,educational / tutorial,amazon s3 explained,concept and mental model; worked example; common mistakes; when not to use it,Needs to understand and use Amazon S3,no: 100% of its phrasing is shared template text,"no: 680 words, 0% specific to the topic",100% boilerplate,yes: 0% unique phrasing,yes: amazon-dynamodb-explained-for-beginners (1.00),,no: informational title,no: 0% unique phrasing,yes,optional,"yes: runnable, verified code",yes: step-by-step,yes,yes: no external source,yes,yes: fast-moving topic or dated title,"yes: 6 unsourced salary, percentage or demand claims",likely: dated or fast-moving; not verified automatically,yes: opening shared with 49 other articles,yes: heading outline shared with 417 other articles,no: none in the body,none,partly: the body is template text with the title substituted,no,DEEP REWRITE,Template body: 100% of its phrasing is shared with 10+ articles; 0% is its own.,None. Queue order in BLOG_REWRITE_QUEUE.csv.,DEEP REWRITE,true,architecture diagram,"Diagram of the components in ""Amazon S3 Explained"" and how data or requests flow between them.",needs_review
80e049d5-c6f5-4474-8cb3-a3447f1fedd4,athena-federated-queries-explained,Athena Federated Queries Explained,aws,athena federated queries explained,athena federated queries tutorial; how to use athena federated queries,aws,concept and mental model; worked example; common mistakes; when not to use it,AWS,derived from title and intent; no search-volume data,tutorial,"What is Athena Federated Queries, and how does it work?",tutorial,educational / tutorial,athena federated queries explained,concept and mental model; worked example; common mistakes; when not to use it,Needs to understand and use Athena Federated Queries,no: 100% of its phrasing is shared template text,"no: 678 words, 0% specific to the topic",100% boilerplate,yes: 0% unique phrasing,yes: amazon-dynamodb-explained-for-beginners (1.00),,no: informational title,no: 0% unique phrasing,yes,optional,"yes: runnable, verified code",yes: step-by-step,yes,yes: no external source,yes,verify on rewrite,"yes: 6 unsourced salary, percentage or demand claims",not verified automatically,yes: opening shared with 49 other articles,yes: heading outline shared with 417 other articles,no: none in the body,none,partly: the body is template text with the title substituted,no,DEEP REWRITE,Template body: 100% of its phrasing is shared with 10+ articles; 0% is its own.,None. Queue order in BLOG_REWRITE_QUEUE.csv.,DEEP REWRITE,true,concept diagram,"One diagram that explains the central idea of ""Athena Federated Queries Explained"" — the parts and how they relate.",analyzed
fe5c86f7-bb93-4c98-b8b3-dbbff6ade8ff,athena-vs-redshift-when-to-use-each,Athena vs Redshift: When to Use Each,aws,athena vs redshift,athena vs redshift comparison; athena vs redshift differences; athena vs redshift which is better,aws,decision criteria; where each wins; migration or learning cost,AWS,derived from title and intent; no search-volume data,comparison,"Should I use athena or redshift, and in which situations does each one win?",comparison,comparison (commercial investigation),athena vs redshift,decision criteria; where each wins; migration or learning cost,"Needs to choose between the options in ""Athena vs Redshift""",no: 99% of its phrasing is shared template text,"no: 480 words, 0% specific to the topic",99% boilerplate,yes: 0% unique phrasing,yes: redshift-vs-snowflake-vs-bigquery-a-comparison (0.99),,no: informational title,no: 0% unique phrasing,yes,has 1; check it is topic-specific,"yes: runnable, verified code",no,yes,yes: no external source,yes,verify on rewrite,"yes: 3 unsourced salary, percentage or demand claims",not verified automatically,yes: opening shared with 49 other articles,no,no: none in the body,none,partly: the body is template text with the title substituted,no,DEEP REWRITE,Template body: 99% of its phrasing is shared with 10+ articles; 0% is its own.,None. Queue order in BLOG_REWRITE_QUEUE.csv.,DEEP REWRITE,true,comparison diagram,"Side-by-side diagram of where each option in ""Athena vs Redshift"" sits in a typical workflow, with the deciding differences labelled.",analyzed
809f3dda-0382-42c5-a064-098ddef421d1,aws-certification-path-for-data-roles,AWS Certification Path for Data Roles,aws,aws certification path for data roles,aws for data roles exam; aws for data roles preparation; aws for data roles worth it,,exam scope; prerequisites; preparation plan; value,AWS,derived from title and intent; no search-volume data,certification,"Is AWS Certification Path for Data Roles worth it, and how do I prepare for it?",certification,certification,aws certification path for data roles,exam scope; prerequisites; preparation plan; value,"Needs to decide on, and prepare for, AWS for Data Roles",no: 67% of its phrasing is shared template text,"no: 526 words, 0% specific to the topic",67% boilerplate,yes: 0% unique phrasing,yes: aws-cloud-practitioner-certification-how-to-start (1.00),,no: informational title,no: 0% unique phrasing,yes,yes,no,no,yes,yes: no external source,yes,yes: fast-moving topic or dated title,"yes: 3 unsourced salary, percentage or demand claims",likely: dated or fast-moving; not verified automatically,yes: opening shared with 49 other articles,no,no: none in the body,none,partly: the body is template text with the title substituted,no,DEEP REWRITE,Template body: 67% of its phrasing is shared with 10+ articles; 0% is its own.,None. Queue order in BLOG_REWRITE_QUEUE.csv.,DEEP REWRITE,true,concept diagram,"One diagram that explains the central idea of ""AWS Certification Path for Data Roles"" — the parts and how they relate.",analyzed
3326b340-4af5-4485-ae8a-7dc7eeff335e,aws-certified-data-engineer-associate-exam-guide,AWS Certified Data Engineer Associate: Exam Guide,aws,aws certified data engineer associate,aws certified data engineer associate exam; aws certified data engineer associate preparation; aws certified data engineer associate worth it,,exam scope; prerequisites; preparation plan; value,AWS,derived from title and intent; no search-volume data,certification,"Is AWS Certified Data Engineer Associate worth it, and how do I prepare for it?",certification,certification,aws certified data engineer associate,exam scope; prerequisites; preparation plan; value,"Needs to decide on, and prepare for, AWS Certified Data Engineer Associate",no: 68% of its phrasing is shared template text,"no: 526 words, 0% specific to the topic",68% boilerplate,yes: 0% unique phrasing,yes: aws-certification-path-for-data-roles (0.98),,no: informational title,no: 0% unique phrasing,yes,yes,no,no,yes,yes: no external source,yes,yes: fast-moving topic or dated title,"yes: 3 unsourced salary, percentage or demand claims",likely: dated or fast-moving; not verified automatically,yes: opening shared with 49 other articles,no,no: none in the body,none,partly: the body is template text with the title substituted,no,DEEP REWRITE,Template body: 68% of its phrasing is shared with 10+ articles; 0% is its own.,None. Queue order in BLOG_REWRITE_QUEUE.csv.,DEEP REWRITE,true,concept diagram,"One diagram that explains the central idea of ""AWS Certified Data Engineer Associate"" — the parts and how they relate.",analyzed
abdc0925-8e85-48bc-9df9-67dc4ab0a839,aws-cloud-practitioner-certification-how-to-start,AWS Cloud Practitioner Certification: How to Start,aws,aws cloud practitioner certification,aws cloud practitioner exam; aws cloud practitioner preparation; aws cloud practitioner worth it,,exam scope; prerequisites; preparation plan; value,AWS,derived from title and intent; no search-volume data,certification,"Is AWS Cloud Practitioner Certification worth it, and how do I prepare for it?",certification,certification,aws cloud practitioner certification,exam scope; prerequisites; preparation plan; value,"Needs to decide on, and prepare for, AWS Cloud Practitioner",no: 67% of its phrasing is shared template text,"no: 525 words, 0% specific to the topic",67% boilerplate,yes: 0% unique phrasing,yes: aws-certification-path-for-data-roles (1.00),,no: informational title,no: 0% unique phrasing,yes,yes,no,no,yes,yes: no external source,yes,yes: fast-moving topic or dated title,"yes: 3 unsourced salary, percentage or demand claims",likely: dated or fast-moving; not verified automatically,yes: opening shared with 49 other articles,no,no: none in the body,none,partly: the body is template text with the title substituted,no,DEEP REWRITE,Template body: 67% of its phrasing is shared with 10+ articles; 0% is its own.,None. Queue order in BLOG_REWRITE_QUEUE.csv.,DEEP REWRITE,true,concept diagram,"One diagram that explains the central idea of ""AWS Cloud Practitioner Certification"" — the parts and how they relate.",analyzed
f56d3762-478a-4c31-98e0-ef38caae222e,aws-cloudwatch-for-monitoring-data-pipelines,AWS CloudWatch for Monitoring Data Pipelines,aws,aws cloudwatch for monitoring data pipelines,aws cloudwatch for monitoring data pipelines tutorial; aws cloudwatch for monitoring data pipelines explained; how to use aws cloudwatch for monitoring data pipelines,,concept and mental model; worked example; common mistakes; when not to use it,AWS,derived from title and intent; no search-volume data,tutorial,"How does AWS CloudWatch for Monitoring Data Pipelines work, and how do I apply it in practice?",tutorial,educational / tutorial,aws cloudwatch for monitoring data pipelines,concept and mental model; worked example; common mistakes; when not to use it,Needs to understand and use AWS CloudWatch for Monitoring Data Pipelines,no: 100% of its phrasing is shared template text,"no: 684 words, 0% specific to the topic",100% boilerplate,yes: 0% unique phrasing,yes: amazon-dynamodb-explained-for-beginners (1.00),,no: informational title,no: 0% unique phrasing,yes,optional,"yes: runnable, verified code",yes: step-by-step,yes,yes: no external source,yes,verify on rewrite,"yes: 6 unsourced salary, percentage or demand claims",not verified automatically,yes: opening shared with 49 other articles,yes: heading outline shared with 417 other articles,no: none in the body,none,partly: the body is template text with the title substituted,no,DEEP REWRITE,Template body: 100% of its phrasing is shared with 10+ articles; 0% is its own.,None. Queue order in BLOG_REWRITE_QUEUE.csv.,DEEP REWRITE,true,architecture diagram,"Diagram of the components in ""AWS CloudWatch for Monitoring Data Pipelines"" and how data or requests flow between them.",analyzed
2d2684b7-6e03-4a37-930b-fdca72ccceb5,aws-cost-optimization-for-data-workloads,AWS Cost Optimization for Data Workloads,aws,aws cost optimization for data workloads,aws cost optimization for data workloads tutorial; aws cost optimization for data workloads explained; how to use aws cost optimization for data workloads,,concept and mental model; worked example; common mistakes; when not to use it,AWS,derived from title and intent; no search-volume data,tutorial,"How does AWS Cost Optimization for Data Workloads work, and how do I apply it in practice?",tutorial,educational / tutorial,aws cost optimization for data workloads,concept and mental model; worked example; common mistakes; when not to use it,Needs to understand and use AWS Cost Optimization for Data Workloads,no: 100% of its phrasing is shared template text,"no: 684 words, 0% specific to the topic",100% boilerplate,yes: 0% unique phrasing,yes: amazon-dynamodb-explained-for-beginners (1.00),,no: informational title,no: 0% unique phrasing,yes,optional,no,yes: step-by-step,yes,yes: no external source,yes,verify on rewrite,"yes: 6 unsourced salary, percentage or demand claims",not verified automatically,yes: opening shared with 49 other articles,yes: heading outline shared with 417 other articles,no: none in the body,none,partly: the body is template text with the title substituted,no,DEEP REWRITE,Template body: 100% of its phrasing is shared with 10+ articles; 0% is its own.,None. Queue order in BLOG_REWRITE_QUEUE.csv.,DEEP REWRITE,true,concept diagram,"One diagram that explains the central idea of ""AWS Cost Optimization for Data Workloads"" — the parts and how they relate.",analyzed
fc7dc45f-56ea-4e11-a850-901156b19a51,aws-data-engineer-guide-skills-and-services,AWS Data Engineer Guide: Skills and Services,aws,aws data engineer guide,aws data engineer guide tutorial; aws data engineer guide explained; how to use aws data engineer guide,,concept and mental model; worked example; common mistakes; when not to use it,AWS,derived from title and intent; no search-volume data,tutorial,"How does AWS Data Engineer Guide work, and how do I apply it in practice?",tutorial,educational / tutorial,aws data engineer guide,concept and mental model; worked example; common mistakes; when not to use it,Needs to understand and use AWS Data Engineer Guide,no: 100% of its phrasing is shared template text,"no: 681 words, 0% specific to the topic",100% boilerplate,yes: 0% unique phrasing,yes: amazon-dynamodb-explained-for-beginners (1.00),aws-roadmap-2026-for-data-engineers,no: informational title,no: 0% unique phrasing,yes,optional,no,yes: step-by-step,yes,yes: no external source,yes,verify on rewrite,"yes: 6 unsourced salary, percentage or demand claims",not verified automatically,yes: opening shared with 49 other articles,yes: heading outline shared with 417 other articles,no: none in the body,none,partly: the body is template text with the title substituted,no,MERGE,"Same intent as aws-roadmap-2026-for-data-engineers (phase5-topical): The ""start an AWS cloud career"" and ""AWS data engineer guide"" posts answer the roadmap question again: merge candidates. The ~40 other AWS articles support the listed subtopics.",Search Console: merge only if this article earns no distinct queries; otherwise rewrite it to the distinct angle in the note.,DEEP REWRITE,true,concept diagram,"One diagram that explains the central idea of ""AWS Data Engineer Guide"" — the parts and how they relate.",merge_candidate
b68ea347-7b1a-4b77-93eb-167f15a3a5fc,aws-data-engineer-salary-in-india-2026,AWS Data Engineer Salary in India 2026,aws,aws data engineer salary in india,aws data engineer salary; aws data engineer salary for freshers; aws data engineer pay by experience,,sourced pay data; what moves pay; role differences,AWS,derived from title and intent; no search-volume data,salary,"What does AWS Data Engineer work pay, and what moves the number?",salary,salary,aws data engineer salary in india,sourced pay data; what moves pay; role differences,"Needs realistic, sourced pay expectations for AWS Data Engineer",no: 91% of its phrasing is shared template text,"no: 545 words, 5% specific to the topic",91% boilerplate,yes: 5% unique phrasing,no: nearest gcp-data-engineer-salary-in-india-2026 (0.70),data-engineer-salary-in-hyderabad-2026,no: informational title,no: 5% unique phrasing,yes,optional,no,no,no,yes: no external source,yes,yes: fast-moving topic or dated title,"yes: 11 unsourced salary, percentage or demand claims",likely: dated or fast-moving; not verified automatically,yes: opening shared with 49 other articles,yes: heading outline shared with 10 other articles,no: none in the body,none,partly: the body is template text with the title substituted,no,MANUAL REVIEW,"Salary figures with no cited source. A rewrite needs a dated, citable salary dataset; without one the figures must go.","Source a salary dataset, or rewrite without figures.",MANUAL REVIEW,false,none,No image. A chart is only appropriate once the figures are sourced; then chart the cited data with the source in the caption.,needs_review
ae7ae544-c4d7-4f2f-a428-85af7acecd27,aws-data-engineering-projects-for-your-portfolio,AWS Data Engineering Projects for Your Portfolio,aws,aws data engineering projects for your portfolio,aws data engineering for your portfolio project ideas; aws data engineering for your portfolio projects for beginners; aws data engineering for your portfolio portfolio,,project list by skill; datasets; deliverables; how to present,AWS,derived from title and intent; no search-volume data,project,"Which AWS Data Engineering for Your Portfolio projects show employers real skill, and how do I build them?",project,project,aws data engineering projects for your portfolio,project list by skill; datasets; deliverables; how to present,Needs portfolio projects that prove AWS Data Engineering for Your Portfolio skill,no: 98% of its phrasing is shared template text,"no: 571 words, 1% specific to the topic",98% boilerplate,yes: 1% unique phrasing,no: nearest gcp-data-engineering-projects-for-your-portfolio (0.72),,no: informational title,no: 1% unique phrasing,yes,yes,no,yes: step-by-step,yes,yes: no external source,yes,verify on rewrite,"yes: 3 unsourced salary, percentage or demand claims",not verified automatically,yes: opening shared with 49 other articles,yes: heading outline shared with 16 other articles,no: none in the body,none,partly: the body is template text with the title substituted,no,DEEP REWRITE,Template body: 98% of its phrasing is shared with 10+ articles; 1% is its own.,None. Queue order in BLOG_REWRITE_QUEUE.csv.,DEEP REWRITE,true,architecture diagram,"Architecture sketch of one project from ""AWS Data Engineering Projects for Your Portfolio"": data source, processing steps, output.",analyzed
3e35ca71-6f6f-47fa-b6c4-f93c4476881d,aws-free-tier-what-you-can-build-for-practice,AWS Free Tier: What You Can Build for Practice,aws,aws free tier,aws free tier tutorial; aws free tier explained; how to use aws free tier,,concept and mental model; worked example; common mistakes; when not to use it,AWS,derived from title and intent; no search-volume data,tutorial,"How does AWS Free Tier work, and how do I apply it in practice?",tutorial,educational / tutorial,aws free tier,concept and mental model; worked example; common mistakes; when not to use it,Needs to understand and use AWS Free Tier,no: 100% of its phrasing is shared template text,"no: 681 words, 0% specific to the topic",100% boilerplate,yes: 0% unique phrasing,yes: amazon-dynamodb-explained-for-beginners (1.00),,no: informational title,no: 0% unique phrasing,yes,optional,no,yes: step-by-step,yes,yes: no external source,yes,yes: fast-moving topic or dated title,"yes: 6 unsourced salary, percentage or demand claims",likely: dated or fast-moving; not verified automatically,yes: opening shared with 49 other articles,yes: heading outline shared with 417 other articles,no: none in the body,none,partly: the body is template text with the title substituted,no,DEEP REWRITE,Template body: 100% of its phrasing is shared with 10+ articles; 0% is its own.,None. Queue order in BLOG_REWRITE_QUEUE.csv.,DEEP REWRITE,true,concept diagram,"One diagram that explains the central idea of ""AWS Free Tier"" — the parts and how they relate.",analyzed
ee1f5b0c-6973-4e9d-9bf6-8197721caa41,aws-glue-data-catalog-and-crawlers-explained,AWS Glue Data Catalog and Crawlers Explained,aws,aws glue data catalog and crawlers explained,aws glue data catalog and crawlers tutorial; how to use aws glue data catalog and crawlers,,concept and mental model; worked example; common mistakes; when not to use it,AWS Glue; AWS,derived from title and intent; no search-volume data,tutorial,"What is AWS Glue Data Catalog and Crawlers, and how does it work?",tutorial,educational / tutorial,aws glue data catalog and crawlers explained,concept and mental model; worked example; common mistakes; when not to use it,Needs to understand and use AWS Glue Data Catalog and Crawlers,no: 100% of its phrasing is shared template text,"no: 687 words, 0% specific to the topic",100% boilerplate,yes: 0% unique phrasing,yes: amazon-dynamodb-explained-for-beginners (1.00),,no: informational title,no: 0% unique phrasing,yes,optional,"yes: runnable, verified code",yes: step-by-step,yes,yes: no external source,yes,verify on rewrite,"yes: 6 unsourced salary, percentage or demand claims",not verified automatically,yes: opening shared with 49 other articles,yes: heading outline shared with 417 other articles,no: none in the body,none,partly: the body is template text with the title substituted,no,DEEP REWRITE,Template body: 100% of its phrasing is shared with 10+ articles; 0% is its own.,None. Queue order in BLOG_REWRITE_QUEUE.csv.,DEEP REWRITE,true,architecture diagram,"Diagram of the components in ""AWS Glue Data Catalog and Crawlers Explained"" and how data or requests flow between them.",analyzed
5bb06e8d-8c3a-4689-8979-0190b055bd23,aws-glue-jobs-pyspark-on-serverless-spark,AWS Glue Jobs: PySpark on Serverless Spark,aws,aws glue jobs,aws glue jobs tutorial; aws glue jobs explained; how to use aws glue jobs,pyspark; spark,concept and mental model; worked example; common mistakes; when not to use it,AWS Glue; PySpark; Spark; AWS,derived from title and intent; no search-volume data,tutorial,"How does AWS Glue Jobs work, and how do I apply it in practice?",tutorial,educational / tutorial,aws glue jobs,concept and mental model; worked example; common mistakes; when not to use it,Needs to understand and use AWS Glue Jobs,no: 100% of its phrasing is shared template text,"no: 679 words, 0% specific to the topic",100% boilerplate,yes: 0% unique phrasing,yes: amazon-dynamodb-explained-for-beginners (1.00),,no: informational title,no: 0% unique phrasing,yes,optional,"yes: runnable, verified code",yes: step-by-step,yes,yes: no external source,yes,verify on rewrite,"yes: 6 unsourced salary, percentage or demand claims",not verified automatically,yes: opening shared with 49 other articles,yes: heading outline shared with 417 other articles,no: none in the body,none,partly: the body is template text with the title substituted,no,DEEP REWRITE,Template body: 100% of its phrasing is shared with 10+ articles; 0% is its own.,None. Queue order in BLOG_REWRITE_QUEUE.csv.,DEEP REWRITE,true,architecture diagram,"Diagram of the components in ""AWS Glue Jobs"" and how data or requests flow between them.",analyzed
43090c3b-d496-410d-ba59-c679d6506321,aws-glue-studio-visual-etl-for-beginners,AWS Glue Studio: Visual ETL for Beginners,aws,aws glue studio,aws glue studio tutorial; aws glue studio explained; how to use aws glue studio,,concept and mental model; worked example; common mistakes; when not to use it,AWS Glue; AWS,derived from title and intent; no search-volume data,tutorial,"How does AWS Glue Studio work, and how do I apply it in practice?",tutorial,educational / tutorial,aws glue studio,concept and mental model; worked example; common mistakes; when not to use it,Needs to understand and use AWS Glue Studio,no: 100% of its phrasing is shared template text,"no: 679 words, 0% specific to the topic",100% boilerplate,yes: 0% unique phrasing,yes: amazon-dynamodb-explained-for-beginners (1.00),,no: informational title,no: 0% unique phrasing,yes,optional,"yes: runnable, verified code",yes: step-by-step,yes,yes: no external source,yes,verify on rewrite,"yes: 6 unsourced salary, percentage or demand claims",not verified automatically,yes: opening shared with 49 other articles,yes: heading outline shared with 417 other articles,no: none in the body,none,partly: the body is template text with the title substituted,no,DEEP REWRITE,Template body: 100% of its phrasing is shared with 10+ articles; 0% is its own.,None. Queue order in BLOG_REWRITE_QUEUE.csv.,DEEP REWRITE,true,architecture diagram,"Diagram of the components in ""AWS Glue Studio"" and how data or requests flow between them.",analyzed
b02836b8-0ec5-4cbd-83fc-31b420215099,aws-glue-tutorial-serverless-etl-on-aws,AWS Glue Tutorial: Serverless ETL on AWS,aws,aws glue tutorial,aws glue explained; how to use aws glue,,concept and mental model; worked example; common mistakes; when not to use it,AWS Glue; AWS,derived from title and intent; no search-volume data,tutorial,"How does AWS Glue Tutorial work, and how do I apply it in practice?",tutorial,educational / tutorial,aws glue tutorial,concept and mental model; worked example; common mistakes; when not to use it,Needs to understand and use AWS Glue,no: 100% of its phrasing is shared template text,"no: 679 words, 0% specific to the topic",100% boilerplate,yes: 0% unique phrasing,yes: amazon-dynamodb-explained-for-beginners (1.00),,no: informational title,no: 0% unique phrasing,yes,optional,"yes: runnable, verified code",yes: step-by-step,yes,yes: no external source,yes,verify on rewrite,"yes: 6 unsourced salary, percentage or demand claims",not verified automatically,yes: opening shared with 49 other articles,yes: heading outline shared with 417 other articles,no: none in the body,none,partly: the body is template text with the title substituted,no,DEEP REWRITE,Template body: 100% of its phrasing is shared with 10+ articles; 0% is its own.,None. Queue order in BLOG_REWRITE_QUEUE.csv.,DEEP REWRITE,true,architecture diagram,"Diagram of the components in ""AWS Glue Tutorial"" and how data or requests flow between them.",analyzed
89d1ddb6-eaa8-4b4b-abad-15e836f1bfb9,aws-glue-vs-emr-vs-lambda-for-etl,AWS Glue vs EMR vs Lambda for ETL,aws,aws glue vs emr vs lambda for etl,aws glue vs emr vs lambda for etl comparison; aws glue vs emr vs lambda for etl differences; aws glue vs emr vs lambda for etl which is better,,decision criteria; where each wins; migration or learning cost,AWS Glue; AWS,derived from title and intent; no search-volume data,comparison,"Should I use aws glue or emr or lambda, and in which situations does each one win?",comparison,comparison (commercial investigation),aws glue vs emr vs lambda for etl,decision criteria; where each wins; migration or learning cost,"Needs to choose between the options in ""AWS Glue vs EMR vs Lambda for ETL""",no: 98% of its phrasing is shared template text,"no: 486 words, 2% specific to the topic",98% boilerplate,yes: 2% unique phrasing,yes: athena-vs-redshift-when-to-use-each (0.97),,no: informational title,no: 2% unique phrasing,yes,has 1; check it is topic-specific,"yes: runnable, verified code",no,yes,yes: no external source,yes,verify on rewrite,"yes: 3 unsourced salary, percentage or demand claims",not verified automatically,yes: opening shared with 49 other articles,no,no: none in the body,none,partly: the body is template text with the title substituted,no,DEEP REWRITE,Template body: 98% of its phrasing is shared with 10+ articles; 2% is its own.,None. Queue order in BLOG_REWRITE_QUEUE.csv.,DEEP REWRITE,true,comparison diagram,"Side-by-side diagram of where each option in ""AWS Glue vs EMR vs Lambda for ETL"" sits in a typical workflow, with the deciding differences labelled.",analyzed
1347f457-e649-430e-8513-d5897456f917,aws-iam-explained-users-roles-and-policies,"AWS IAM Explained: Users, Roles and Policies",aws,aws iam explained,aws iam tutorial; how to use aws iam,,concept and mental model; worked example; common mistakes; when not to use it,AWS,derived from title and intent; no search-volume data,tutorial,"What is AWS IAM, and how does it work?",tutorial,educational / tutorial,aws iam explained,concept and mental model; worked example; common mistakes; when not to use it,Needs to understand and use AWS IAM,no: 100% of its phrasing is shared template text,"no: 679 words, 0% specific to the topic",100% boilerplate,yes: 0% unique phrasing,yes: amazon-dynamodb-explained-for-beginners (1.00),,no: informational title,no: 0% unique phrasing,yes,optional,no,yes: step-by-step,yes,yes: no external source,yes,verify on rewrite,"yes: 6 unsourced salary, percentage or demand claims",not verified automatically,yes: opening shared with 49 other articles,yes: heading outline shared with 417 other articles,no: none in the body,none,partly: the body is template text with the title substituted,no,DEEP REWRITE,Template body: 100% of its phrasing is shared with 10+ articles; 0% is its own.,None. Queue order in BLOG_REWRITE_QUEUE.csv.,DEEP REWRITE,true,concept diagram,"One diagram that explains the central idea of ""AWS IAM Explained"" — the parts and how they relate.",analyzed
18c51e97-59b4-4c23-8fe8-e39112b42635,aws-interview-questions-for-data-engineers-2,AWS Interview Questions for Data Engineers,aws,aws interview questions for data engineers,aws for data engineers interview questions and answers; aws for data engineers interview questions for freshers; aws for data engineers scenario based questions,,core concepts; scenario questions; follow-up questions; common wrong answers,AWS,derived from title and intent; no search-volume data,interview,"What does an interviewer ask about AWS for Data Engineers, and what does a strong answer contain?",interview,interview preparation,aws interview questions for data engineers,core concepts; scenario questions; follow-up questions; common wrong answers,Needs to prepare for interview questions on AWS for Data Engineers,no: 94% of its phrasing is shared template text,"no: 538 words, 3% specific to the topic",94% boilerplate,yes: 3% unique phrasing,no: nearest gcp-interview-questions-for-data-engineers-2 (0.78),,no: informational title,no: 3% unique phrasing,yes,yes,no,no,no,yes: no external source,yes,verify on rewrite,"yes: 3 unsourced salary, percentage or demand claims",not verified automatically,yes: opening shared with 49 other articles,no,no: none in the body,none,partly: the body is template text with the title substituted,no,REDIRECT,Identical title and excerpt; duplicate of the interview-questions copy.,Done in Phase 1 (301).,REDIRECT,false,none,No image needed; the value is in the questions and answers. Optional: one diagram for the hardest concept explained.,redirected
bb5962f1-02dc-4ecf-be8c-4e4cdb5c7124,aws-lake-formation-governance-for-data-lakes,AWS Lake Formation: Governance for Data Lakes,aws,aws lake formation,aws lake formation tutorial; aws lake formation explained; how to use aws lake formation,,concept and mental model; worked example; common mistakes; when not to use it,Lake Formation; AWS,derived from title and intent; no search-volume data,tutorial,"How does AWS Lake Formation work, and how do I apply it in practice?",tutorial,educational / tutorial,aws lake formation,concept and mental model; worked example; common mistakes; when not to use it,Needs to understand and use AWS Lake Formation,no: 100% of its phrasing is shared template text,"no: 679 words, 0% specific to the topic",100% boilerplate,yes: 0% unique phrasing,yes: amazon-dynamodb-explained-for-beginners (1.00),,no: informational title,no: 0% unique phrasing,yes,optional,no,yes: step-by-step,yes,yes: no external source,yes,verify on rewrite,"yes: 6 unsourced salary, percentage or demand claims",not verified automatically,yes: opening shared with 49 other articles,yes: heading outline shared with 417 other articles,no: none in the body,none,partly: the body is template text with the title substituted,no,DEEP REWRITE,Template body: 100% of its phrasing is shared with 10+ articles; 0% is its own.,None. Queue order in BLOG_REWRITE_QUEUE.csv.,DEEP REWRITE,true,concept diagram,"One diagram that explains the central idea of ""AWS Lake Formation"" — the parts and how they relate.",analyzed
fb486884-17a7-4d47-94a8-a1f8ba948646,aws-lambda-explained-serverless-for-beginners,AWS Lambda Explained: Serverless for Beginners,aws,aws lambda explained,aws lambda tutorial; how to use aws lambda,,concept and mental model; worked example; common mistakes; when not to use it,AWS Lambda; AWS,derived from title and intent; no search-volume data,tutorial,"What is AWS Lambda, and how does it work?",tutorial,educational / tutorial,aws lambda explained,concept and mental model; worked example; common mistakes; when not to use it,Needs to understand and use AWS Lambda,no: 100% of its phrasing is shared template text,"no: 678 words, 0% specific to the topic",100% boilerplate,yes: 0% unique phrasing,yes: amazon-dynamodb-explained-for-beginners (1.00),,no: informational title,no: 0% unique phrasing,yes,optional,"yes: runnable, verified code",yes: step-by-step,yes,yes: no external source,yes,verify on rewrite,"yes: 6 unsourced salary, percentage or demand claims",not verified automatically,yes: opening shared with 49 other articles,yes: heading outline shared with 417 other articles,no: none in the body,none,partly: the body is template text with the title substituted,no,DEEP REWRITE,Template body: 100% of its phrasing is shared with 10+ articles; 0% is its own.,None. Queue order in BLOG_REWRITE_QUEUE.csv.,DEEP REWRITE,true,concept diagram,"One diagram that explains the central idea of ""AWS Lambda Explained"" — the parts and how they relate.",analyzed
9b5f372e-9d6e-4cd4-b32d-fc64c4881104,aws-roadmap-2026-for-data-engineers,AWS Roadmap 2026 for Data Engineers,aws,aws roadmap for data engineers,aws for data engineers learning path; how to become aws for data engineers; aws for data engineers skills,,prerequisites; stages and order; projects; what to skip; pacing,AWS,derived from title and intent; no search-volume data,career,"What should I learn, and in what order, to become job-ready in AWS for Data Engineers?",career,career / roadmap,aws roadmap for data engineers,prerequisites; stages and order; projects; what to skip; pacing,Needs a learning or career path for AWS for Data Engineers,no: 96% of its phrasing is shared template text,"no: 685 words, 2% specific to the topic",96% boilerplate,yes: 2% unique phrasing,no: nearest gcp-roadmap-2026-for-data-engineers (0.66),,no: informational title,no: 2% unique phrasing,yes,has 1; check it is topic-specific,no,no,yes,yes: no external source,yes,yes: fast-moving topic or dated title,"yes: 6 unsourced salary, percentage or demand claims",likely: dated or fast-moving; not verified automatically,yes: opening shared with 49 other articles,yes: heading outline shared with 18 other articles,no: none in the body,none,partly: the body is template text with the title substituted,no,DEEP REWRITE,Template body: 96% of its phrasing is shared with 10+ articles; 2% is its own.,None. Queue order in BLOG_REWRITE_QUEUE.csv.,DEEP REWRITE,true,roadmap diagram,"Stage-by-stage diagram of the AWS Roadmap 2026 for Data Engineers learning path: each stage, the skills in it, and the proof (project) that closes it.",needs_review
1da99e24-0ef1-4ec5-9e4e-d054a84b0497,aws-solutions-architect-associate-a-study-guide,AWS Solutions Architect Associate: A Study Guide,aws,aws solutions architect associate,aws solutions architect associate tutorial; aws solutions architect associate explained; how to use aws solutions architect associate,,concept and mental model; worked example; common mistakes; when not to use it,AWS,derived from title and intent; no search-volume data,tutorial,"How does AWS Solutions Architect Associate work, and how do I apply it in practice?",tutorial,educational / tutorial,aws solutions architect associate,concept and mental model; worked example; common mistakes; when not to use it,Needs to understand and use AWS Solutions Architect Associate,no: 100% of its phrasing is shared template text,"no: 681 words, 0% specific to the topic",100% boilerplate,yes: 0% unique phrasing,yes: amazon-dynamodb-explained-for-beginners (1.00),,no: informational title,no: 0% unique phrasing,yes,optional,no,yes: step-by-step,yes,yes: no external source,yes,verify on rewrite,"yes: 6 unsourced salary, percentage or demand claims",not verified automatically,yes: opening shared with 49 other articles,yes: heading outline shared with 417 other articles,no: none in the body,none,partly: the body is template text with the title substituted,no,DEEP REWRITE,Template body: 100% of its phrasing is shared with 10+ articles; 0% is its own.,None. Queue order in BLOG_REWRITE_QUEUE.csv.,DEEP REWRITE,true,concept diagram,"One diagram that explains the central idea of ""AWS Solutions Architect Associate"" — the parts and how they relate.",analyzed
8e059829-fbfc-4507-8320-7545457d05d1,aws-step-functions-orchestrating-serverless-workflows,AWS Step Functions: Orchestrating Serverless Workflows,aws,aws step functions,aws step functions tutorial; aws step functions explained; how to use aws step functions,,concept and mental model; worked example; common mistakes; when not to use it,Step Functions; AWS,derived from title and intent; no search-volume data,tutorial,"How does AWS Step Functions work, and how do I apply it in practice?",tutorial,educational / tutorial,aws step functions,concept and mental model; worked example; common mistakes; when not to use it,Needs to understand and use AWS Step Functions,no: 100% of its phrasing is shared template text,"no: 678 words, 0% specific to the topic",100% boilerplate,yes: 0% unique phrasing,yes: amazon-dynamodb-explained-for-beginners (1.00),,no: informational title,no: 0% unique phrasing,yes,optional,"yes: runnable, verified code",yes: step-by-step,yes,yes: no external source,yes,verify on rewrite,"yes: 6 unsourced salary, percentage or demand claims",not verified automatically,yes: opening shared with 49 other articles,yes: heading outline shared with 417 other articles,no: none in the body,none,partly: the body is template text with the title substituted,no,DEEP REWRITE,Template body: 100% of its phrasing is shared with 10+ articles; 0% is its own.,None. Queue order in BLOG_REWRITE_QUEUE.csv.,DEEP REWRITE,true,architecture diagram,"Diagram of the components in ""AWS Step Functions"" and how data or requests flow between them.",analyzed
30e98dbd-6043-4fad-9cac-003022856ac1,building-a-data-lake-on-aws-with-s3-and-glue,Building a Data Lake on AWS with S3 and Glue,aws,building a data lake on aws with s3 and glue,building a data lake on aws with s3 and glue tutorial; building a data lake on aws with s3 and glue explained; how to use building a data lake on aws with s3 and glue,,concept and mental model; worked example; common mistakes; when not to use it,AWS,derived from title and intent; no search-volume data,tutorial,"How does Building a Data Lake on AWS with S3 and Glue work, and how do I apply it in practice?",tutorial,educational / tutorial,building a data lake on aws with s3 and glue,concept and mental model; worked example; common mistakes; when not to use it,Needs to understand and use Building a Data Lake on AWS with S3 and Glue,no: 100% of its phrasing is shared template text,"no: 696 words, 0% specific to the topic",100% boilerplate,yes: 0% unique phrasing,yes: amazon-dynamodb-explained-for-beginners (1.00),,no: informational title,no: 0% unique phrasing,yes,optional,"yes: runnable, verified code",yes: step-by-step,yes,yes: no external source,yes,verify on rewrite,"yes: 6 unsourced salary, percentage or demand claims",not verified automatically,yes: opening shared with 49 other articles,yes: heading outline shared with 417 other articles,no: none in the body,none,partly: the body is template text with the title substituted,no,DEEP REWRITE,Template body: 100% of its phrasing is shared with 10+ articles; 0% is its own.,None. Queue order in BLOG_REWRITE_QUEUE.csv.,DEEP REWRITE,true,architecture diagram,"Diagram of the components in ""Building a Data Lake on AWS with S3 and Glue"" and how data or requests flow between them.",analyzed
044f5228-5920-45d4-ba35-ef1a23f8163b,building-a-serverless-analytics-stack-on-aws,Building a Serverless Analytics Stack on AWS,aws,building a serverless analytics stack on aws,building a serverless analytics stack on aws tutorial; building a serverless analytics stack on aws explained; how to use building a serverless analytics stack on aws,,concept and mental model; worked example; common mistakes; when not to use it,AWS,derived from title and intent; no search-volume data,tutorial,"How does Building a Serverless Analytics Stack on AWS work, and how do I apply it in practice?",tutorial,educational / tutorial,building a serverless analytics stack on aws,concept and mental model; worked example; common mistakes; when not to use it,Needs to understand and use Building a Serverless Analytics Stack on AWS,no: 100% of its phrasing is shared template text,"no: 687 words, 0% specific to the topic",100% boilerplate,yes: 0% unique phrasing,yes: amazon-dynamodb-explained-for-beginners (1.00),,no: informational title,no: 0% unique phrasing,yes,optional,no,yes: step-by-step,yes,yes: no external source,yes,verify on rewrite,"yes: 6 unsourced salary, percentage or demand claims",not verified automatically,yes: opening shared with 49 other articles,yes: heading outline shared with 417 other articles,no: none in the body,none,partly: the body is template text with the title substituted,no,DEEP REWRITE,Template body: 100% of its phrasing is shared with 10+ articles; 0% is its own.,None. Queue order in BLOG_REWRITE_QUEUE.csv.,DEEP REWRITE,true,concept diagram,"One diagram that explains the central idea of ""Building a Serverless Analytics Stack on AWS"" — the parts and how they relate.",analyzed
065531f7-6777-4584-9ccf-1cfc54ca5556,building-an-etl-pipeline-on-aws-step-by-step,Building an ETL Pipeline on AWS Step by Step,aws,building an etl pipeline on aws step by step,building an etl pipeline on aws step by step tutorial; building an etl pipeline on aws step by step explained; how to use building an etl pipeline on aws step by step,,concept and mental model; worked example; common mistakes; when not to use it,AWS,derived from title and intent; no search-volume data,tutorial,"How does Building an ETL Pipeline on AWS Step by Step work, and how do I apply it in practice?",tutorial,educational / tutorial,building an etl pipeline on aws step by step,concept and mental model; worked example; common mistakes; when not to use it,Needs to understand and use Building an ETL Pipeline on AWS Step by Step,no: 100% of its phrasing is shared template text,"no: 693 words, 0% specific to the topic",100% boilerplate,yes: 0% unique phrasing,yes: amazon-dynamodb-explained-for-beginners (1.00),,no: informational title,no: 0% unique phrasing,yes,optional,"yes: runnable, verified code",yes: step-by-step,yes,yes: no external source,yes,verify on rewrite,"yes: 6 unsourced salary, percentage or demand claims",not verified automatically,yes: opening shared with 49 other articles,yes: heading outline shared with 417 other articles,no: none in the body,none,partly: the body is template text with the title substituted,no,DEEP REWRITE,Template body: 100% of its phrasing is shared with 10+ articles; 0% is its own.,None. Queue order in BLOG_REWRITE_QUEUE.csv.,DEEP REWRITE,true,architecture diagram,"Diagram of the components in ""Building an ETL Pipeline on AWS Step by Step"" and how data or requests flow between them.",analyzed
5fa7b9c2-0077-45c5-a192-74d533b354a3,data-modeling-in-redshift-a-practical-guide,Data Modeling in Redshift: A Practical Guide,aws,data modeling in redshift,data modeling in redshift tutorial; data modeling in redshift explained; how to use data modeling in redshift,aws,concept and mental model; worked example; common mistakes; when not to use it,AWS,derived from title and intent; no search-volume data,tutorial,"How does Data Modeling in Redshift work, and how do I apply it in practice?",tutorial,educational / tutorial,data modeling in redshift,concept and mental model; worked example; common mistakes; when not to use it,Needs to understand and use Data Modeling in Redshift,no: 100% of its phrasing is shared template text,"no: 681 words, 0% specific to the topic",100% boilerplate,yes: 0% unique phrasing,yes: amazon-dynamodb-explained-for-beginners (1.00),,no: informational title,no: 0% unique phrasing,yes,optional,"yes: runnable, verified code",yes: step-by-step,yes,yes: no external source,yes,verify on rewrite,"yes: 6 unsourced salary, percentage or demand claims",not verified automatically,yes: opening shared with 49 other articles,yes: heading outline shared with 417 other articles,no: none in the body,none,partly: the body is template text with the title substituted,no,DEEP REWRITE,Template body: 100% of its phrasing is shared with 10+ articles; 0% is its own.,None. Queue order in BLOG_REWRITE_QUEUE.csv.,DEEP REWRITE,true,concept diagram,"One diagram that explains the central idea of ""Data Modeling in Redshift"" — the parts and how they relate.",analyzed
1bb90268-f1da-4792-8f4f-2958d6184bf9,event-driven-pipelines-with-lambda-and-s3,Event-Driven Pipelines with Lambda and S3,aws,event-driven pipelines with lambda and s3,event-driven pipelines with lambda and s3 tutorial; event-driven pipelines with lambda and s3 explained; how to use event-driven pipelines with lambda and s3,aws,concept and mental model; worked example; common mistakes; when not to use it,AWS,derived from title and intent; no search-volume data,tutorial,"How does Event-Driven Pipelines with Lambda and S3 work, and how do I apply it in practice?",tutorial,educational / tutorial,event-driven pipelines with lambda and s3,concept and mental model; worked example; common mistakes; when not to use it,Needs to understand and use Event-Driven Pipelines with Lambda and S3,no: 100% of its phrasing is shared template text,"no: 684 words, 0% specific to the topic",100% boilerplate,yes: 0% unique phrasing,yes: amazon-dynamodb-explained-for-beginners (1.00),,no: informational title,no: 0% unique phrasing,yes,optional,"yes: runnable, verified code",yes: step-by-step,yes,yes: no external source,yes,verify on rewrite,"yes: 6 unsourced salary, percentage or demand claims",not verified automatically,yes: opening shared with 49 other articles,yes: heading outline shared with 417 other articles,no: none in the body,none,partly: the body is template text with the title substituted,no,DEEP REWRITE,Template body: 100% of its phrasing is shared with 10+ articles; 0% is its own.,None. Queue order in BLOG_REWRITE_QUEUE.csv.,DEEP REWRITE,true,architecture diagram,"Diagram of the components in ""Event-Driven Pipelines with Lambda and S3"" and how data or requests flow between them.",analyzed
82fbbce1-9d3f-4ad8-84bf-09eccc2b4440,glue-workflows-vs-step-functions-for-orchestration,Glue Workflows vs Step Functions for Orchestration,aws,glue workflows vs step functions for orchestration,glue workflows vs step functions for orchestration comparison; glue workflows vs step functions for orchestration differences; glue workflows vs step functions for orchestration which is better,aws glue,decision criteria; where each wins; migration or learning cost,Step Functions; AWS Glue,derived from title and intent; no search-volume data,comparison,"Should I use functions or glue workflows, and in which situations does each one win?",comparison,comparison (commercial investigation),glue workflows vs step functions for orchestration,decision criteria; where each wins; migration or learning cost,"Needs to choose between the options in ""Glue Workflows vs Step Functions for Orchestration""",no: 98% of its phrasing is shared template text,"no: 484 words, 2% specific to the topic",98% boilerplate,yes: 2% unique phrasing,yes: athena-vs-redshift-when-to-use-each (0.98),,no: informational title,no: 2% unique phrasing,yes,has 1; check it is topic-specific,"yes: runnable, verified code",no,yes,yes: no external source,yes,verify on rewrite,"yes: 3 unsourced salary, percentage or demand claims",not verified automatically,yes: opening shared with 49 other articles,no,no: none in the body,none,partly: the body is template text with the title substituted,no,DEEP REWRITE,Template body: 98% of its phrasing is shared with 10+ articles; 2% is its own.,None. Queue order in BLOG_REWRITE_QUEUE.csv.,DEEP REWRITE,true,comparison diagram,"Side-by-side diagram of where each option in ""Glue Workflows vs Step Functions for Orchestration"" sits in a typical workflow, with the deciding differences labelled.",analyzed
5d2d9f9f-7c75-4499-9506-8dbf58f04f09,how-to-start-an-aws-cloud-career-in-2026,How to Start an AWS Cloud Career in 2026,aws,how to start an aws cloud career in,how to start an aws cloud career learning path; how to become how to start an aws cloud career; how to start an aws cloud career skills,,prerequisites; stages and order; projects; what to skip; pacing,AWS,derived from title and intent; no search-volume data,career,"What should I learn, and in what order, to become job-ready in How to Start an AWS Cloud Career?",career,career / roadmap,how to start an aws cloud career in,prerequisites; stages and order; projects; what to skip; pacing,Needs a learning or career path for How to Start an AWS Cloud Career,no: 100% of its phrasing is shared template text,"no: 693 words, 0% specific to the topic",100% boilerplate,yes: 0% unique phrasing,yes: amazon-dynamodb-explained-for-beginners (1.00),aws-roadmap-2026-for-data-engineers,no: informational title,no: 0% unique phrasing,yes,has 1; check it is topic-specific,no,no,yes,yes: no external source,yes,yes: fast-moving topic or dated title,"yes: 6 unsourced salary, percentage or demand claims",likely: dated or fast-moving; not verified automatically,yes: opening shared with 49 other articles,yes: heading outline shared with 417 other articles,no: none in the body,none,partly: the body is template text with the title substituted,no,MERGE,"Same intent as aws-roadmap-2026-for-data-engineers (phase5-topical): The ""start an AWS cloud career"" and ""AWS data engineer guide"" posts answer the roadmap question again: merge candidates. The ~40 other AWS articles support the listed subtopics.",Search Console: merge only if this article earns no distinct queries; otherwise rewrite it to the distinct angle in the note.,DEEP REWRITE,true,roadmap diagram,"Stage-by-stage diagram of the How to Start an AWS Cloud Career in 2026 learning path: each stage, the skills in it, and the proof (project) that closes it.",merge_candidate
77a5d528-ac38-4bfa-950b-081b5843945b,loading-data-into-redshift-copy-and-best-practices,Loading Data into Redshift: COPY and Best Practices,aws,loading data into redshift,loading data into redshift tutorial; loading data into redshift explained; how to use loading data into redshift,aws,concept and mental model; worked example; common mistakes; when not to use it,AWS,derived from title and intent; no search-volume data,tutorial,"What are the best practices for Loading Data into Redshift, and why?",tutorial,educational / tutorial,loading data into redshift,concept and mental model; worked example; common mistakes; when not to use it,Needs to understand and use Loading Data into Redshift,no: 100% of its phrasing is shared template text,"no: 682 words, 0% specific to the topic",100% boilerplate,yes: 0% unique phrasing,yes: amazon-dynamodb-explained-for-beginners (1.00),,no: informational title,no: 0% unique phrasing,yes,optional,"yes: runnable, verified code",yes: step-by-step,yes,yes: no external source,yes,verify on rewrite,"yes: 6 unsourced salary, percentage or demand claims",not verified automatically,yes: opening shared with 49 other articles,yes: heading outline shared with 417 other articles,no: none in the body,none,partly: the body is template text with the title substituted,no,DEEP REWRITE,Template body: 100% of its phrasing is shared with 10+ articles; 0% is its own.,None. Queue order in BLOG_REWRITE_QUEUE.csv.,DEEP REWRITE,true,concept diagram,"One diagram that explains the central idea of ""Loading Data into Redshift"" — the parts and how they relate.",analyzed
a07756cb-8329-4dbd-92b7-e78bf428e535,migrating-data-to-aws-dms-and-best-practices,Migrating Data to AWS: DMS and Best Practices,aws,migrating data to aws,migrating data to aws tutorial; migrating data to aws explained; how to use migrating data to aws,,concept and mental model; worked example; common mistakes; when not to use it,AWS,derived from title and intent; no search-volume data,tutorial,"What are the best practices for Migrating Data to AWS, and why?",tutorial,educational / tutorial,migrating data to aws,concept and mental model; worked example; common mistakes; when not to use it,Needs to understand and use Migrating Data to AWS,no: 100% of its phrasing is shared template text,"no: 682 words, 0% specific to the topic",100% boilerplate,yes: 0% unique phrasing,yes: amazon-dynamodb-explained-for-beginners (1.00),,no: informational title,no: 0% unique phrasing,yes,optional,no,yes: step-by-step,yes,yes: no external source,yes,verify on rewrite,"yes: 6 unsourced salary, percentage or demand claims",not verified automatically,yes: opening shared with 49 other articles,yes: heading outline shared with 417 other articles,no: none in the body,none,partly: the body is template text with the title substituted,no,DEEP REWRITE,Template body: 100% of its phrasing is shared with 10+ articles; 0% is its own.,None. Queue order in BLOG_REWRITE_QUEUE.csv.,DEEP REWRITE,true,concept diagram,"One diagram that explains the central idea of ""Migrating Data to AWS"" — the parts and how they relate.",analyzed
f75882f4-8ca5-43b6-b606-b705eb5bff4b,parquet-and-partitioning-for-cheaper-athena-queries,Parquet and Partitioning for Cheaper Athena Queries,aws,parquet and partitioning for cheaper athena queries,parquet and partitioning for cheaper athena queries tutorial; parquet and partitioning for cheaper athena queries explained; how to use parquet and partitioning for cheaper athena queries,aws,concept and mental model; worked example; common mistakes; when not to use it,AWS,derived from title and intent; no search-volume data,tutorial,"How does Parquet and Partitioning for Cheaper Athena Queries work, and how do I apply it in practice?",tutorial,educational / tutorial,parquet and partitioning for cheaper athena queries,concept and mental model; worked example; common mistakes; when not to use it,Needs to understand and use Parquet and Partitioning for Cheaper Athena Queries,no: 100% of its phrasing is shared template text,"no: 687 words, 0% specific to the topic",100% boilerplate,yes: 0% unique phrasing,yes: amazon-dynamodb-explained-for-beginners (1.00),,no: informational title,no: 0% unique phrasing,yes,optional,"yes: runnable, verified code",yes: step-by-step,yes,yes: no external source,yes,verify on rewrite,"yes: 6 unsourced salary, percentage or demand claims",not verified automatically,yes: opening shared with 49 other articles,yes: heading outline shared with 417 other articles,no: none in the body,none,partly: the body is template text with the title substituted,no,DEEP REWRITE,Template body: 100% of its phrasing is shared with 10+ articles; 0% is its own.,None. Queue order in BLOG_REWRITE_QUEUE.csv.,DEEP REWRITE,true,concept diagram,"One diagram that explains the central idea of ""Parquet and Partitioning for Cheaper Athena Queries"" — the parts and how they relate.",analyzed
54ecb1d9-4617-48f7-a3c2-1832b2049add,partitioning-data-in-s3-for-athena-performance,Partitioning Data in S3 for Athena Performance,aws,partitioning data in s3 for athena performance,partitioning data in s3 for athena performance tutorial; partitioning data in s3 for athena performance explained; how to use partitioning data in s3 for athena performance,aws,concept and mental model; worked example; common mistakes; when not to use it,AWS,derived from title and intent; no search-volume data,tutorial,"How does Partitioning Data in S3 for Athena Performance work, and how do I apply it in practice?",tutorial,educational / tutorial,partitioning data in s3 for athena performance,concept and mental model; worked example; common mistakes; when not to use it,Needs to understand and use Partitioning Data in S3 for Athena Performance,no: 100% of its phrasing is shared template text,"no: 687 words, 0% specific to the topic",100% boilerplate,yes: 0% unique phrasing,yes: amazon-dynamodb-explained-for-beginners (1.00),,no: informational title,no: 0% unique phrasing,yes,optional,"yes: runnable, verified code",yes: step-by-step,yes,yes: no external source,yes,verify on rewrite,"yes: 6 unsourced salary, percentage or demand claims",not verified automatically,yes: opening shared with 49 other articles,yes: heading outline shared with 417 other articles,no: none in the body,none,partly: the body is template text with the title substituted,no,DEEP REWRITE,Template body: 100% of its phrasing is shared with 10+ articles; 0% is its own.,None. Queue order in BLOG_REWRITE_QUEUE.csv.,DEEP REWRITE,true,concept diagram,"One diagram that explains the central idea of ""Partitioning Data in S3 for Athena Performance"" — the parts and how they relate.",analyzed
df881e22-a523-4bc3-904c-7f80d4590def,redshift-performance-tuning-distribution-and-sort-keys,Redshift Performance Tuning: Distribution and Sort Keys,aws,redshift performance tuning,redshift performance tuning tutorial; redshift performance tuning explained; how to use redshift performance tuning,aws,concept and mental model; worked example; common mistakes; when not to use it,AWS,derived from title and intent; no search-volume data,tutorial,"How does Redshift Performance Tuning work, and how do I apply it in practice?",tutorial,educational / tutorial,redshift performance tuning,concept and mental model; worked example; common mistakes; when not to use it,Needs to understand and use Redshift Performance Tuning,no: 100% of its phrasing is shared template text,"no: 679 words, 0% specific to the topic",100% boilerplate,yes: 0% unique phrasing,yes: amazon-dynamodb-explained-for-beginners (1.00),,no: informational title,no: 0% unique phrasing,yes,optional,"yes: runnable, verified code",yes: step-by-step,yes,yes: no external source,yes,verify on rewrite,"yes: 6 unsourced salary, percentage or demand claims",not verified automatically,yes: opening shared with 49 other articles,yes: heading outline shared with 417 other articles,no: none in the body,none,partly: the body is template text with the title substituted,no,DEEP REWRITE,Template body: 100% of its phrasing is shared with 10+ articles; 0% is its own.,None. Queue order in BLOG_REWRITE_QUEUE.csv.,DEEP REWRITE,true,concept diagram,"One diagram that explains the central idea of ""Redshift Performance Tuning"" — the parts and how they relate.",analyzed
7f141f7e-cb1f-4772-80ca-f0c96de72f14,redshift-spectrum-querying-s3-from-redshift,Redshift Spectrum: Querying S3 from Redshift,aws,redshift spectrum,redshift spectrum tutorial; redshift spectrum explained; how to use redshift spectrum,aws,concept and mental model; worked example; common mistakes; when not to use it,AWS,derived from title and intent; no search-volume data,tutorial,"How does Redshift Spectrum work, and how do I apply it in practice?",tutorial,educational / tutorial,redshift spectrum,concept and mental model; worked example; common mistakes; when not to use it,Needs to understand and use Redshift Spectrum,no: 100% of its phrasing is shared template text,"no: 676 words, 0% specific to the topic",100% boilerplate,yes: 0% unique phrasing,yes: amazon-dynamodb-explained-for-beginners (1.00),,no: informational title,no: 0% unique phrasing,yes,optional,"yes: runnable, verified code",yes: step-by-step,yes,yes: no external source,yes,verify on rewrite,"yes: 6 unsourced salary, percentage or demand claims",not verified automatically,yes: opening shared with 49 other articles,yes: heading outline shared with 417 other articles,no: none in the body,none,partly: the body is template text with the title substituted,no,DEEP REWRITE,Template body: 100% of its phrasing is shared with 10+ articles; 0% is its own.,None. Queue order in BLOG_REWRITE_QUEUE.csv.,DEEP REWRITE,true,code output screenshot or diagram,"Worked example for ""Redshift Spectrum"": the input, the code's key step, and the resulting output side by side.",analyzed
b3d0bc4f-ffb6-43e7-a665-31055fc61275,redshift-vs-snowflake-vs-bigquery-a-comparison,Redshift vs Snowflake vs BigQuery: A Comparison,aws,redshift vs snowflake vs bigquery,redshift vs snowflake vs bigquery comparison; redshift vs snowflake vs bigquery differences; redshift vs snowflake vs bigquery which is better,aws,decision criteria; where each wins; migration or learning cost,Snowflake; BigQuery; AWS,derived from title and intent; no search-volume data,comparison,"Should I use bigquery or redshift or snowflake, and in which situations does each one win?",comparison,comparison (commercial investigation),redshift vs snowflake vs bigquery,decision criteria; where each wins; migration or learning cost,"Needs to choose between the options in ""Redshift vs Snowflake vs BigQuery""",no: 99% of its phrasing is shared template text,"no: 482 words, 0% specific to the topic",99% boilerplate,yes: 0% unique phrasing,yes: athena-vs-redshift-when-to-use-each (0.99),snowflake-explained-the-cloud-data-warehouse,no: informational title,no: 0% unique phrasing,yes,has 1; check it is topic-specific,"yes: runnable, verified code",no,yes,yes: no external source,yes,verify on rewrite,"yes: 3 unsourced salary, percentage or demand claims",not verified automatically,yes: opening shared with 49 other articles,no,no: none in the body,none,partly: the body is template text with the title substituted,no,MERGE,"Phase 3: Three posts compare the same three warehouses in a different order. Keep one, 308 the others once GSC confirms which earns the impressions.","Search Console check, then 301 to the owner.",MERGE,true,comparison diagram,"Side-by-side diagram of where each option in ""Redshift vs Snowflake vs BigQuery"" sits in a typical workflow, with the deciding differences labelled.",merge_candidate
5c9bb7f0-070f-4396-ac42-7e55fd68e633,s3-lifecycle-policies-and-storage-cost-savings,S3 Lifecycle Policies and Storage Cost Savings,aws,s3 lifecycle policies and storage cost savings,s3 lifecycle policies and storage cost savings tutorial; s3 lifecycle policies and storage cost savings explained; how to use s3 lifecycle policies and storage cost savings,aws,concept and mental model; worked example; common mistakes; when not to use it,AWS,derived from title and intent; no search-volume data,tutorial,"How does S3 Lifecycle Policies and Storage Cost Savings work, and how do I apply it in practice?",tutorial,educational / tutorial,s3 lifecycle policies and storage cost savings,concept and mental model; worked example; common mistakes; when not to use it,Needs to understand and use S3 Lifecycle Policies and Storage Cost Savings,no: 100% of its phrasing is shared template text,"no: 687 words, 0% specific to the topic",100% boilerplate,yes: 0% unique phrasing,yes: amazon-dynamodb-explained-for-beginners (1.00),,no: informational title,no: 0% unique phrasing,yes,optional,"yes: runnable, verified code",yes: step-by-step,yes,yes: no external source,yes,yes: fast-moving topic or dated title,"yes: 6 unsourced salary, percentage or demand claims",likely: dated or fast-moving; not verified automatically,yes: opening shared with 49 other articles,yes: heading outline shared with 417 other articles,no: none in the body,none,partly: the body is template text with the title substituted,no,DEEP REWRITE,Template body: 100% of its phrasing is shared with 10+ articles; 0% is its own.,None. Queue order in BLOG_REWRITE_QUEUE.csv.,DEEP REWRITE,true,architecture diagram,"Diagram of the components in ""S3 Lifecycle Policies and Storage Cost Savings"" and how data or requests flow between them.",analyzed
069e71b9-fc55-4f69-9e3e-c37a3e5dfb40,s3-vs-ebs-vs-efs-aws-storage-compared,S3 vs EBS vs EFS: AWS Storage Compared,aws,s3 vs ebs vs efs,s3 vs ebs vs efs comparison; s3 vs ebs vs efs differences; s3 vs ebs vs efs which is better,aws,decision criteria; where each wins; migration or learning cost,AWS,derived from title and intent; no search-volume data,comparison,"Should I use ebs or efs or s3, and in which situations does each one win?",comparison,comparison (commercial investigation),s3 vs ebs vs efs,decision criteria; where each wins; migration or learning cost,"Needs to choose between the options in ""S3 vs EBS vs EFS""",no: 99% of its phrasing is shared template text,"no: 483 words, 1% specific to the topic",99% boilerplate,yes: 1% unique phrasing,yes: athena-vs-redshift-when-to-use-each (0.99),,no: informational title,no: 1% unique phrasing,yes,has 1; check it is topic-specific,"yes: runnable, verified code",no,yes,yes: no external source,yes,yes: fast-moving topic or dated title,"yes: 3 unsourced salary, percentage or demand claims",likely: dated or fast-moving; not verified automatically,yes: opening shared with 49 other articles,no,no: none in the body,none,partly: the body is template text with the title substituted,no,DEEP REWRITE,Template body: 99% of its phrasing is shared with 10+ articles; 1% is its own.,None. Queue order in BLOG_REWRITE_QUEUE.csv.,DEEP REWRITE,true,comparison diagram,"Side-by-side diagram of where each option in ""S3 vs EBS vs EFS"" sits in a typical workflow, with the deciding differences labelled.",analyzed
4678f12a-51c7-4309-85b9-e00fcb1eea94,securing-data-on-aws-encryption-and-kms,Securing Data on AWS: Encryption and KMS,aws,securing data on aws,securing data on aws tutorial; securing data on aws explained; how to use securing data on aws,,concept and mental model; worked example; common mistakes; when not to use it,AWS,derived from title and intent; no search-volume data,tutorial,"How does Securing Data on AWS work, and how do I apply it in practice?",tutorial,educational / tutorial,securing data on aws,concept and mental model; worked example; common mistakes; when not to use it,Needs to understand and use Securing Data on AWS,no: 100% of its phrasing is shared template text,"no: 681 words, 0% specific to the topic",100% boilerplate,yes: 0% unique phrasing,yes: amazon-dynamodb-explained-for-beginners (1.00),,no: informational title,no: 0% unique phrasing,yes,optional,no,yes: step-by-step,yes,yes: no external source,yes,verify on rewrite,"yes: 6 unsourced salary, percentage or demand claims",not verified automatically,yes: opening shared with 49 other articles,yes: heading outline shared with 417 other articles,no: none in the body,none,partly: the body is template text with the title substituted,no,DEEP REWRITE,Template body: 100% of its phrasing is shared with 10+ articles; 0% is its own.,None. Queue order in BLOG_REWRITE_QUEUE.csv.,DEEP REWRITE,true,concept diagram,"One diagram that explains the central idea of ""Securing Data on AWS"" — the parts and how they relate.",analyzed
4a2a6d6c-8d4e-4762-9a82-badcb4a5fbc6,streaming-data-with-kinesis-to-s3-and-redshift,Streaming Data with Kinesis to S3 and Redshift,aws,streaming data with kinesis to s3 and redshift,streaming data with kinesis to s3 and redshift tutorial; streaming data with kinesis to s3 and redshift explained; how to use streaming data with kinesis to s3 and redshift,aws,concept and mental model; worked example; common mistakes; when not to use it,AWS,derived from title and intent; no search-volume data,tutorial,"How does Streaming Data with Kinesis to S3 and Redshift work, and how do I apply it in practice?",tutorial,educational / tutorial,streaming data with kinesis to s3 and redshift,concept and mental model; worked example; common mistakes; when not to use it,Needs to understand and use Streaming Data with Kinesis to S3 and Redshift,no: 100% of its phrasing is shared template text,"no: 690 words, 0% specific to the topic",100% boilerplate,yes: 0% unique phrasing,yes: amazon-dynamodb-explained-for-beginners (1.00),,no: informational title,no: 0% unique phrasing,yes,optional,"yes: runnable, verified code",yes: step-by-step,yes,yes: no external source,yes,verify on rewrite,"yes: 6 unsourced salary, percentage or demand claims",not verified automatically,yes: opening shared with 49 other articles,yes: heading outline shared with 417 other articles,no: none in the body,none,partly: the body is template text with the title substituted,no,DEEP REWRITE,Template body: 100% of its phrasing is shared with 10+ articles; 0% is its own.,None. Queue order in BLOG_REWRITE_QUEUE.csv.,DEEP REWRITE,true,architecture diagram,"Diagram of the components in ""Streaming Data with Kinesis to S3 and Redshift"" and how data or requests flow between them.",analyzed
6cdb6c3f-081b-4803-b713-d09ee570fa30,vpc-basics-for-data-engineers-on-aws,VPC Basics for Data Engineers on AWS,aws,vpc basics for data engineers on aws,vpc basics for data engineers on aws tutorial; vpc basics for data engineers on aws explained; how to use vpc basics for data engineers on aws,,concept and mental model; worked example; common mistakes; when not to use it,AWS,derived from title and intent; no search-volume data,tutorial,"What is VPC, and how does it work?",tutorial,educational / tutorial,vpc basics for data engineers on aws,concept and mental model; worked example; common mistakes; when not to use it,Needs to understand and use VPC Basics for Data Engineers on AWS,no: 100% of its phrasing is shared template text,"no: 687 words, 0% specific to the topic",100% boilerplate,yes: 0% unique phrasing,yes: amazon-dynamodb-explained-for-beginners (1.00),,no: informational title,no: 0% unique phrasing,yes,optional,no,yes: step-by-step,yes,yes: no external source,yes,verify on rewrite,"yes: 6 unsourced salary, percentage or demand claims",not verified automatically,yes: opening shared with 49 other articles,yes: heading outline shared with 417 other articles,no: none in the body,none,partly: the body is template text with the title substituted,no,DEEP REWRITE,Template body: 100% of its phrasing is shared with 10+ articles; 0% is its own.,None. Queue order in BLOG_REWRITE_QUEUE.csv.,DEEP REWRITE,true,concept diagram,"One diagram that explains the central idea of ""VPC Basics for Data Engineers on AWS"" — the parts and how they relate.",analyzed
a394607c-5b33-4f0e-b4fe-502f1091d6d5,adf-control-flow-foreach-if-and-until-activities,"ADF Control Flow: ForEach, If and Until Activities",azure-data-factory,adf control flow,adf control flow tutorial; adf control flow explained; how to use adf control flow,azure data factory,concept and mental model; worked example; common mistakes; when not to use it,Azure Data Factory,derived from title and intent; no search-volume data,tutorial,"How does ADF Control Flow work, and how do I apply it in practice?",tutorial,educational / tutorial,adf control flow,concept and mental model; worked example; common mistakes; when not to use it,Needs to understand and use ADF Control Flow,no: 100% of its phrasing is shared template text,"no: 703 words, 0% specific to the topic",100% boilerplate,yes: 0% unique phrasing,yes: adf-data-flow-transformations-a-complete-reference (1.00),,no: informational title,no: 0% unique phrasing,yes,optional,no,yes: step-by-step,yes,yes: no external source,yes,verify on rewrite,"yes: 6 unsourced salary, percentage or demand claims",not verified automatically,yes: opening shared with 49 other articles,yes: heading outline shared with 417 other articles,no: none in the body,none,partly: the body is template text with the title substituted,no,DEEP REWRITE,Template body: 100% of its phrasing is shared with 10+ articles; 0% is its own.,None. Queue order in BLOG_REWRITE_QUEUE.csv.,DEEP REWRITE,true,architecture diagram,"Diagram of the components in ""ADF Control Flow"" and how data or requests flow between them.",analyzed
49cc1a94-927a-4eae-bdb6-602eae138040,adf-data-flow-transformations-a-complete-reference,ADF Data Flow Transformations: A Complete Reference,azure-data-factory,adf data flow transformations,adf data flow transformations tutorial; adf data flow transformations explained; how to use adf data flow transformations,azure data factory,concept and mental model; worked example; common mistakes; when not to use it,Azure Data Factory,derived from title and intent; no search-volume data,tutorial,"How does ADF Data Flow Transformations work, and how do I apply it in practice?",tutorial,educational / tutorial,adf data flow transformations,concept and mental model; worked example; common mistakes; when not to use it,Needs to understand and use ADF Data Flow Transformations,no: 100% of its phrasing is shared template text,"no: 704 words, 0% specific to the topic",100% boilerplate,yes: 0% unique phrasing,yes: adf-control-flow-foreach-if-and-until-activities (1.00),,no: informational title,no: 0% unique phrasing,yes,optional,no,yes: step-by-step,yes,yes: no external source,yes,verify on rewrite,"yes: 6 unsourced salary, percentage or demand claims",not verified automatically,yes: opening shared with 49 other articles,yes: heading outline shared with 417 other articles,no: none in the body,none,partly: the body is template text with the title substituted,no,DEEP REWRITE,Template body: 100% of its phrasing is shared with 10+ articles; 0% is its own.,None. Queue order in BLOG_REWRITE_QUEUE.csv.,DEEP REWRITE,true,architecture diagram,"Diagram of the components in ""ADF Data Flow Transformations"" and how data or requests flow between them.",analyzed
d87b25da-9f47-44fc-9932-a6a2af8e7bf6,adf-expressions-and-functions-a-practical-guide,ADF Expressions and Functions: A Practical Guide,azure-data-factory,adf expressions and functions,adf expressions and functions tutorial; adf expressions and functions explained; how to use adf expressions and functions,azure data factory,concept and mental model; worked example; common mistakes; when not to use it,Azure Data Factory,derived from title and intent; no search-volume data,tutorial,"How does ADF Expressions and Functions work, and how do I apply it in practice?",tutorial,educational / tutorial,adf expressions and functions,concept and mental model; worked example; common mistakes; when not to use it,Needs to understand and use ADF Expressions and Functions,no: 100% of its phrasing is shared template text,"no: 704 words, 0% specific to the topic",100% boilerplate,yes: 0% unique phrasing,yes: adf-control-flow-foreach-if-and-until-activities (1.00),,no: informational title,no: 0% unique phrasing,yes,optional,"yes: runnable, verified code",yes: step-by-step,yes,yes: no external source,yes,verify on rewrite,"yes: 6 unsourced salary, percentage or demand claims",not verified automatically,yes: opening shared with 49 other articles,yes: heading outline shared with 417 other articles,no: none in the body,none,partly: the body is template text with the title substituted,no,DEEP REWRITE,Template body: 100% of its phrasing is shared with 10+ articles; 0% is its own.,None. Queue order in BLOG_REWRITE_QUEUE.csv.,DEEP REWRITE,true,architecture diagram,"Diagram of the components in ""ADF Expressions and Functions"" and how data or requests flow between them.",analyzed
0200bacd-0237-4992-b993-9c07476d0bd6,adf-global-parameters-and-variables-explained,ADF Global Parameters and Variables Explained,azure-data-factory,adf global parameters and variables explained,adf global parameters and variables tutorial; how to use adf global parameters and variables,azure data factory,concept and mental model; worked example; common mistakes; when not to use it,Azure Data Factory,derived from title and intent; no search-volume data,tutorial,"What is ADF Global Parameters and Variables, and how does it work?",tutorial,educational / tutorial,adf global parameters and variables explained,concept and mental model; worked example; common mistakes; when not to use it,Needs to understand and use ADF Global Parameters and Variables,no: 100% of its phrasing is shared template text,"no: 707 words, 0% specific to the topic",100% boilerplate,yes: 0% unique phrasing,yes: adf-control-flow-foreach-if-and-until-activities (1.00),,no: informational title,no: 0% unique phrasing,yes,optional,no,yes: step-by-step,yes,yes: no external source,yes,verify on rewrite,"yes: 6 unsourced salary, percentage or demand claims",not verified automatically,yes: opening shared with 49 other articles,yes: heading outline shared with 417 other articles,no: none in the body,none,partly: the body is template text with the title substituted,no,DEEP REWRITE,Template body: 100% of its phrasing is shared with 10+ articles; 0% is its own.,None. Queue order in BLOG_REWRITE_QUEUE.csv.,DEEP REWRITE,true,architecture diagram,"Diagram of the components in ""ADF Global Parameters and Variables Explained"" and how data or requests flow between them.",analyzed
81769536-7a95-4915-b4c9-37457b2ba32c,adf-logging-and-auditing-for-compliance,ADF Logging and Auditing for Compliance,azure-data-factory,adf logging and auditing for compliance,adf logging and auditing for compliance tutorial; adf logging and auditing for compliance explained; how to use adf logging and auditing for compliance,azure data factory,concept and mental model; worked example; common mistakes; when not to use it,Azure Data Factory,derived from title and intent; no search-volume data,tutorial,"How does ADF Logging and Auditing for Compliance work, and how do I apply it in practice?",tutorial,educational / tutorial,adf logging and auditing for compliance,concept and mental model; worked example; common mistakes; when not to use it,Needs to understand and use ADF Logging and Auditing for Compliance,no: 100% of its phrasing is shared template text,"no: 707 words, 0% specific to the topic",100% boilerplate,yes: 0% unique phrasing,yes: adf-control-flow-foreach-if-and-until-activities (1.00),,no: informational title,no: 0% unique phrasing,yes,optional,no,yes: step-by-step,yes,yes: no external source,yes,verify on rewrite,"yes: 6 unsourced salary, percentage or demand claims",not verified automatically,yes: opening shared with 49 other articles,yes: heading outline shared with 417 other articles,no: none in the body,none,partly: the body is template text with the title substituted,no,DEEP REWRITE,Template body: 100% of its phrasing is shared with 10+ articles; 0% is its own.,None. Queue order in BLOG_REWRITE_QUEUE.csv.,DEEP REWRITE,true,architecture diagram,"Diagram of the components in ""ADF Logging and Auditing for Compliance"" and how data or requests flow between them.",analyzed
2e8c4712-05fe-46a6-9330-48d1a3766430,adf-performance-tuning-dius-and-parallelism,ADF Performance Tuning: DIUs and Parallelism,azure-data-factory,adf performance tuning,adf performance tuning tutorial; adf performance tuning explained; how to use adf performance tuning,azure data factory,concept and mental model; worked example; common mistakes; when not to use it,Azure Data Factory,derived from title and intent; no search-volume data,tutorial,"How does ADF Performance Tuning work, and how do I apply it in practice?",tutorial,educational / tutorial,adf performance tuning,concept and mental model; worked example; common mistakes; when not to use it,Needs to understand and use ADF Performance Tuning,no: 100% of its phrasing is shared template text,"no: 701 words, 0% specific to the topic",100% boilerplate,yes: 0% unique phrasing,yes: adf-control-flow-foreach-if-and-until-activities (1.00),,no: informational title,no: 0% unique phrasing,yes,optional,no,yes: step-by-step,yes,yes: no external source,yes,verify on rewrite,"yes: 6 unsourced salary, percentage or demand claims",not verified automatically,yes: opening shared with 49 other articles,yes: heading outline shared with 417 other articles,no: none in the body,none,partly: the body is template text with the title substituted,no,DEEP REWRITE,Template body: 100% of its phrasing is shared with 10+ articles; 0% is its own.,None. Queue order in BLOG_REWRITE_QUEUE.csv.,DEEP REWRITE,true,architecture diagram,"Diagram of the components in ""ADF Performance Tuning"" and how data or requests flow between them.",analyzed
be63b27c-3ad8-4893-b347-436949f4fe84,adf-pipeline-best-practices-for-production,ADF Pipeline Best Practices for Production,azure-data-factory,adf pipeline best practices for production,adf pipeline best practices for production tutorial; adf pipeline best practices for production explained; how to use adf pipeline best practices for production,azure data factory,concept and mental model; worked example; common mistakes; when not to use it,Azure Data Factory,derived from title and intent; no search-volume data,tutorial,"What are the best practices for ADF Pipeline, and why?",tutorial,educational / tutorial,adf pipeline best practices for production,concept and mental model; worked example; common mistakes; when not to use it,Needs to understand and use ADF Pipeline Best Practices for Production,no: 100% of its phrasing is shared template text,"no: 707 words, 0% specific to the topic",100% boilerplate,yes: 0% unique phrasing,yes: adf-control-flow-foreach-if-and-until-activities (1.00),,no: informational title,no: 0% unique phrasing,yes,optional,"yes: runnable, verified code",yes: step-by-step,yes,yes: no external source,yes,verify on rewrite,"yes: 6 unsourced salary, percentage or demand claims",not verified automatically,yes: opening shared with 49 other articles,yes: heading outline shared with 417 other articles,no: none in the body,none,partly: the body is template text with the title substituted,no,DEEP REWRITE,Template body: 100% of its phrasing is shared with 10+ articles; 0% is its own.,None. Queue order in BLOG_REWRITE_QUEUE.csv.,DEEP REWRITE,true,architecture diagram,"Diagram of the components in ""ADF Pipeline Best Practices for Production"" and how data or requests flow between them.",analyzed
f4eb72db-c920-47bb-a8f1-e5dc195ae0c4,adf-pipelines-explained-building-your-first-pipeline,ADF Pipelines Explained: Building Your First Pipeline,azure-data-factory,adf pipelines explained,adf pipelines tutorial; how to use adf pipelines,azure data factory,concept and mental model; worked example; common mistakes; when not to use it,Azure Data Factory,derived from title and intent; no search-volume data,tutorial,"What is ADF Pipelines, and how does it work?",tutorial,educational / tutorial,adf pipelines explained,concept and mental model; worked example; common mistakes; when not to use it,Needs to understand and use ADF Pipelines,no: 100% of its phrasing is shared template text,"no: 702 words, 0% specific to the topic",100% boilerplate,yes: 0% unique phrasing,yes: adf-control-flow-foreach-if-and-until-activities (1.00),,no: informational title,no: 0% unique phrasing,yes,optional,"yes: runnable, verified code",yes: step-by-step,yes,yes: no external source,yes,verify on rewrite,"yes: 6 unsourced salary, percentage or demand claims",not verified automatically,yes: opening shared with 49 other articles,yes: heading outline shared with 417 other articles,no: none in the body,none,partly: the body is template text with the title substituted,no,DEEP REWRITE,Template body: 100% of its phrasing is shared with 10+ articles; 0% is its own.,None. Queue order in BLOG_REWRITE_QUEUE.csv.,DEEP REWRITE,true,architecture diagram,"Diagram of the components in ""ADF Pipelines Explained"" and how data or requests flow between them.",analyzed
57b53dd9-6367-4857-a8b4-8afc9eb6f3be,adf-vs-databricks-when-to-use-each,ADF vs Databricks: When to Use Each,azure-data-factory,adf vs databricks,adf vs databricks comparison; adf vs databricks differences; adf vs databricks which is better,azure data factory,decision criteria; where each wins; migration or learning cost,Azure Data Factory; Databricks,derived from title and intent; no search-volume data,comparison,"Should I use azure data factory or databricks, and in which situations does each one win?",comparison,comparison (commercial investigation),adf vs databricks,decision criteria; where each wins; migration or learning cost,"Needs to choose between the options in ""ADF vs Databricks""",no: 99% of its phrasing is shared template text,"no: 487 words, 0% specific to the topic",99% boilerplate,yes: 0% unique phrasing,yes: adf-vs-ssis-migrating-legacy-etl-to-the-cloud (0.99),,no: informational title,no: 0% unique phrasing,yes,has 1; check it is topic-specific,"yes: runnable, verified code",no,yes,yes: no external source,yes,verify on rewrite,"yes: 3 unsourced salary, percentage or demand claims",not verified automatically,yes: opening shared with 49 other articles,no,no: none in the body,none,partly: the body is template text with the title substituted,no,DEEP REWRITE,Template body: 99% of its phrasing is shared with 10+ articles; 0% is its own.,None. Queue order in BLOG_REWRITE_QUEUE.csv.,DEEP REWRITE,true,comparison diagram,"Side-by-side diagram of where each option in ""ADF vs Databricks"" sits in a typical workflow, with the deciding differences labelled.",analyzed
48879315-ca2d-497c-b288-3c2b3f3d51da,adf-vs-ssis-migrating-legacy-etl-to-the-cloud,ADF vs SSIS: Migrating Legacy ETL to the Cloud,azure-data-factory,adf vs ssis,adf vs ssis comparison; adf vs ssis differences; adf vs ssis which is better,azure data factory,decision criteria; where each wins; migration or learning cost,Azure Data Factory,derived from title and intent; no search-volume data,comparison,"Should I use azure data factory or ssis, and in which situations does each one win?",comparison,comparison (commercial investigation),adf vs ssis,decision criteria; where each wins; migration or learning cost,"Needs to choose between the options in ""ADF vs SSIS""",no: 99% of its phrasing is shared template text,"no: 489 words, 0% specific to the topic",99% boilerplate,yes: 0% unique phrasing,yes: adf-vs-databricks-when-to-use-each (0.99),,no: informational title,no: 0% unique phrasing,yes,has 1; check it is topic-specific,"yes: runnable, verified code",no,yes,yes: no external source,yes,verify on rewrite,"yes: 3 unsourced salary, percentage or demand claims",not verified automatically,yes: opening shared with 49 other articles,no,no: none in the body,none,partly: the body is template text with the title substituted,no,DEEP REWRITE,Template body: 99% of its phrasing is shared with 10+ articles; 0% is its own.,None. Queue order in BLOG_REWRITE_QUEUE.csv.,DEEP REWRITE,true,comparison diagram,"Side-by-side diagram of where each option in ""ADF vs SSIS"" sits in a typical workflow, with the deciding differences labelled.",analyzed
c745e9a0-2f74-4e06-9556-a4bd1f56c124,azure-data-engineer-certification-dp-203-guide,Azure Data Engineer Certification (DP-203) Guide,azure-data-factory,azure data engineer certification (dp-203) guide,azure data engineer (dp-203) guide exam; azure data engineer (dp-203) guide preparation; azure data engineer (dp-203) guide worth it,azure data factory,exam scope; prerequisites; preparation plan; value,Azure Data Factory; Azure,derived from title and intent; no search-volume data,certification,"Is Azure Data Engineer Certification (DP-203) Guide worth it, and how do I prepare for it?",certification,certification,azure data engineer certification (dp-203) guide,exam scope; prerequisites; preparation plan; value,"Needs to decide on, and prepare for, Azure Data Engineer (DP-203) Guide",no: 67% of its phrasing is shared template text,"no: 534 words, 1% specific to the topic",67% boilerplate,yes: 1% unique phrasing,yes: azure-fundamentals-az-900-a-quick-start-guide (0.99),,no: informational title,no: 1% unique phrasing,yes,yes,no,no,yes,yes: no external source,yes,yes: fast-moving topic or dated title,"yes: 3 unsourced salary, percentage or demand claims",likely: dated or fast-moving; not verified automatically,yes: opening shared with 49 other articles,no,no: none in the body,none,partly: the body is template text with the title substituted,no,DEEP REWRITE,Template body: 67% of its phrasing is shared with 10+ articles; 1% is its own.,None. Queue order in BLOG_REWRITE_QUEUE.csv.,DEEP REWRITE,true,concept diagram,"One diagram that explains the central idea of ""Azure Data Engineer Certification (DP-203) Guide"" — the parts and how they relate.",analyzed
ae4e1d84-d666-4cb4-bd37-eaa3bb547c8b,azure-data-engineer-salary-in-hyderabad-2026,Azure Data Engineer Salary in Hyderabad 2026,azure-data-factory,azure data engineer salary in hyderabad,azure data engineer salary; azure data engineer salary for freshers; azure data engineer pay by experience,azure data factory,sourced pay data; what moves pay; role differences,Azure Data Factory; Azure,derived from title and intent; no search-volume data,salary,"What does Azure Data Engineer work pay, and what moves the number?",salary,salary,azure data engineer salary in hyderabad,sourced pay data; what moves pay; role differences,"Needs realistic, sourced pay expectations for Azure Data Engineer",no: 91% of its phrasing is shared template text,"no: 555 words, 5% specific to the topic",91% boilerplate,yes: 5% unique phrasing,no: nearest data-engineer-salary-in-hyderabad-2026 (0.63),data-engineer-salary-in-hyderabad-2026,no: informational title,no: 5% unique phrasing,yes,optional,no,no,no,yes: no external source,yes,yes: fast-moving topic or dated title,"yes: 11 unsourced salary, percentage or demand claims",likely: dated or fast-moving; not verified automatically,yes: opening shared with 49 other articles,yes: heading outline shared with 10 other articles,no: none in the body,none,partly: the body is template text with the title substituted,no,MANUAL REVIEW,"Salary figures with no cited source. A rewrite needs a dated, citable salary dataset; without one the figures must go.","Source a salary dataset, or rewrite without figures.",MANUAL REVIEW,false,none,No image. A chart is only appropriate once the figures are sourced; then chart the cited data with the source in the caption.,needs_review
607d2e22-650a-4f39-93ed-e5f6a2167825,azure-data-engineering-projects-for-your-portfolio,Azure Data Engineering Projects for Your Portfolio,azure-data-factory,azure data engineering projects for your portfolio,azure data engineering for your portfolio project ideas; azure data engineering for your portfolio projects for beginners; azure data engineering for your portfolio portfolio,azure data factory,project list by skill; datasets; deliverables; how to present,Azure Data Factory; Azure,derived from title and intent; no search-volume data,project,"Which Azure Data Engineering for Your Portfolio projects show employers real skill, and how do I build them?",project,project,azure data engineering projects for your portfolio,project list by skill; datasets; deliverables; how to present,Needs portfolio projects that prove Azure Data Engineering for Your Portfolio skill,no: 98% of its phrasing is shared template text,"no: 591 words, 0% specific to the topic",98% boilerplate,yes: 0% unique phrasing,no: nearest gcp-data-engineering-projects-for-your-portfolio (0.68),,no: informational title,no: 0% unique phrasing,yes,yes,no,yes: step-by-step,yes,yes: no external source,yes,verify on rewrite,"yes: 3 unsourced salary, percentage or demand claims",not verified automatically,yes: opening shared with 49 other articles,yes: heading outline shared with 16 other articles,no: none in the body,none,partly: the body is template text with the title substituted,no,DEEP REWRITE,Template body: 98% of its phrasing is shared with 10+ articles; 0% is its own.,None. Queue order in BLOG_REWRITE_QUEUE.csv.,DEEP REWRITE,true,architecture diagram,"Architecture sketch of one project from ""Azure Data Engineering Projects for Your Portfolio"": data source, processing steps, output.",analyzed
d4a2cf26-6806-4348-91e2-04762d4163be,azure-data-factory-interview-questions-and-answers,Azure Data Factory Interview Questions and Answers,azure-data-factory,azure data factory interview questions and answers,azure data factory interview questions for freshers; azure data factory scenario based questions,,core concepts; scenario questions; follow-up questions; common wrong answers,Azure Data Factory; Azure,derived from title and intent; no search-volume data,interview,"What does an interviewer ask about Azure Data Factory, and what does a strong answer contain?",interview,interview preparation,azure data factory interview questions and answers,core concepts; scenario questions; follow-up questions; common wrong answers,Needs to prepare for interview questions on Azure Data Factory,no: 95% of its phrasing is shared template text,"no: 544 words, 2% specific to the topic",95% boilerplate,yes: 2% unique phrasing,no: nearest gcp-interview-questions-for-data-engineers-2 (0.74),,no: informational title,no: 2% unique phrasing,yes,yes,no,no,no,yes: no external source,yes,verify on rewrite,"yes: 3 unsourced salary, percentage or demand claims",not verified automatically,yes: opening shared with 49 other articles,no,no: none in the body,none,partly: the body is template text with the title substituted,no,DEEP REWRITE,Template body: 95% of its phrasing is shared with 10+ articles; 2% is its own.,None. Queue order in BLOG_REWRITE_QUEUE.csv.,DEEP REWRITE,false,none,No image needed; the value is in the questions and answers. Optional: one diagram for the hardest concept explained.,analyzed
8515f2ba-8c71-43d8-afc6-e557b7d55ad7,azure-data-factory-roadmap-2026-a-complete-guide,Azure Data Factory Roadmap 2026: A Complete Guide,azure-data-factory,azure data factory roadmap,azure data factory learning path; how to become azure data factory; azure data factory skills,,prerequisites; stages and order; projects; what to skip; pacing,Azure Data Factory; Azure,derived from title and intent; no search-volume data,career,"What should I learn, and in what order, to become job-ready in Azure Data Factory?",career,career / roadmap,azure data factory roadmap,prerequisites; stages and order; projects; what to skip; pacing,Needs a learning or career path for Azure Data Factory,no: 96% of its phrasing is shared template text,"no: 707 words, 3% specific to the topic",96% boilerplate,yes: 3% unique phrasing,no: nearest adf-control-flow-foreach-if-and-until-activities (0.65),,no: informational title,no: 3% unique phrasing,yes,has 1; check it is topic-specific,no,no,yes,yes: no external source,yes,yes: fast-moving topic or dated title,"yes: 6 unsourced salary, percentage or demand claims",likely: dated or fast-moving; not verified automatically,yes: opening shared with 49 other articles,yes: heading outline shared with 18 other articles,no: none in the body,none,partly: the body is template text with the title substituted,no,DEEP REWRITE,Template body: 96% of its phrasing is shared with 10+ articles; 3% is its own.,None. Queue order in BLOG_REWRITE_QUEUE.csv.,DEEP REWRITE,true,roadmap diagram,"Stage-by-stage diagram of the Azure Data Factory Roadmap 2026 learning path: each stage, the skills in it, and the proof (project) that closes it.",analyzed
115673c0-835c-48f7-91dc-7e97c7c9470b,azure-data-lake-storage-gen2-explained,Azure Data Lake Storage Gen2 Explained,azure-data-factory,azure data lake storage gen2 explained,azure data lake storage gen2 tutorial; how to use azure data lake storage gen2,azure data factory,concept and mental model; worked example; common mistakes; when not to use it,Azure Data Factory; Azure,derived from title and intent; no search-volume data,tutorial,"What is Azure Data Lake Storage Gen2, and how does it work?",tutorial,educational / tutorial,azure data lake storage gen2 explained,concept and mental model; worked example; common mistakes; when not to use it,Needs to understand and use Azure Data Lake Storage Gen2,no: 100% of its phrasing is shared template text,"no: 707 words, 0% specific to the topic",100% boilerplate,yes: 0% unique phrasing,yes: adf-control-flow-foreach-if-and-until-activities (1.00),,no: informational title,no: 0% unique phrasing,yes,optional,"yes: runnable, verified code",yes: step-by-step,yes,yes: no external source,yes,yes: fast-moving topic or dated title,"yes: 6 unsourced salary, percentage or demand claims",likely: dated or fast-moving; not verified automatically,yes: opening shared with 49 other articles,yes: heading outline shared with 417 other articles,no: none in the body,none,partly: the body is template text with the title substituted,no,DEEP REWRITE,Template body: 100% of its phrasing is shared with 10+ articles; 0% is its own.,None. Queue order in BLOG_REWRITE_QUEUE.csv.,DEEP REWRITE,true,architecture diagram,"Diagram of the components in ""Azure Data Lake Storage Gen2 Explained"" and how data or requests flow between them.",analyzed
fa288dfa-2abf-4af0-a611-1861a28202ea,azure-databricks-with-adf-orchestration-patterns,Azure Databricks with ADF: Orchestration Patterns,azure-data-factory,azure databricks with adf,azure databricks with adf tutorial; azure databricks with adf explained; how to use azure databricks with adf,azure data factory,concept and mental model; worked example; common mistakes; when not to use it,Azure Data Factory; Databricks; Azure,derived from title and intent; no search-volume data,tutorial,"How does Azure Databricks with ADF work, and how do I apply it in practice?",tutorial,educational / tutorial,azure databricks with adf,concept and mental model; worked example; common mistakes; when not to use it,Needs to understand and use Azure Databricks with ADF,no: 100% of its phrasing is shared template text,"no: 703 words, 0% specific to the topic",100% boilerplate,yes: 0% unique phrasing,yes: adf-control-flow-foreach-if-and-until-activities (1.00),,no: informational title,no: 0% unique phrasing,yes,optional,"yes: runnable, verified code",yes: step-by-step,yes,yes: no external source,yes,verify on rewrite,"yes: 6 unsourced salary, percentage or demand claims",not verified automatically,yes: opening shared with 49 other articles,yes: heading outline shared with 417 other articles,no: none in the body,none,partly: the body is template text with the title substituted,no,DEEP REWRITE,Template body: 100% of its phrasing is shared with 10+ articles; 0% is its own.,None. Queue order in BLOG_REWRITE_QUEUE.csv.,DEEP REWRITE,true,architecture diagram,"Diagram of the components in ""Azure Databricks with ADF"" and how data or requests flow between them.",analyzed
fc90e982-6c07-4a1e-b9ad-2248908003e1,azure-fundamentals-az-900-a-quick-start-guide,Azure Fundamentals (AZ-900): A Quick-Start Guide,azure-data-factory,azure fundamentals (az-900),azure fundamentals (az-900) exam; azure fundamentals (az-900) preparation; azure fundamentals (az-900) worth it,azure data factory,exam scope; prerequisites; preparation plan; value,Azure Data Factory; Azure,derived from title and intent; no search-volume data,certification,"Is Azure Fundamentals (AZ-900) worth it, and how do I prepare for it?",certification,certification,azure fundamentals (az-900),exam scope; prerequisites; preparation plan; value,"Needs to decide on, and prepare for, Azure Fundamentals (AZ-900)",no: 67% of its phrasing is shared template text,"no: 531 words, 0% specific to the topic",67% boilerplate,yes: 0% unique phrasing,yes: azure-data-engineer-certification-dp-203-guide (0.99),,no: informational title,no: 0% unique phrasing,yes,yes,no,no,yes,yes: no external source,yes,verify on rewrite,"yes: 3 unsourced salary, percentage or demand claims",not verified automatically,yes: opening shared with 49 other articles,no,no: none in the body,none,partly: the body is template text with the title substituted,no,DEEP REWRITE,Template body: 67% of its phrasing is shared with 10+ articles; 0% is its own.,None. Queue order in BLOG_REWRITE_QUEUE.csv.,DEEP REWRITE,true,concept diagram,"One diagram that explains the central idea of ""Azure Fundamentals (AZ-900)"" — the parts and how they relate.",analyzed
411d7c4e-1869-481a-8fa6-be2149483e0a,azure-key-vault-integration-with-data-factory,Azure Key Vault Integration with Data Factory,azure-data-factory,azure key vault integration with data factory,azure key vault integration with data factory tutorial; azure key vault integration with data factory explained; how to use azure key vault integration with data factory,azure data factory,concept and mental model; worked example; common mistakes; when not to use it,Azure Data Factory; Azure,derived from title and intent; no search-volume data,tutorial,"How does Azure Key Vault Integration with Data Factory work, and how do I apply it in practice?",tutorial,educational / tutorial,azure key vault integration with data factory,concept and mental model; worked example; common mistakes; when not to use it,Needs to understand and use Azure Key Vault Integration with Data Factory,no: 100% of its phrasing is shared template text,"no: 710 words, 0% specific to the topic",100% boilerplate,yes: 0% unique phrasing,yes: adf-control-flow-foreach-if-and-until-activities (1.00),,no: informational title,no: 0% unique phrasing,yes,optional,no,yes: step-by-step,yes,yes: no external source,yes,verify on rewrite,"yes: 6 unsourced salary, percentage or demand claims",not verified automatically,yes: opening shared with 49 other articles,yes: heading outline shared with 417 other articles,no: none in the body,none,partly: the body is template text with the title substituted,no,DEEP REWRITE,Template body: 100% of its phrasing is shared with 10+ articles; 0% is its own.,None. Queue order in BLOG_REWRITE_QUEUE.csv.,DEEP REWRITE,true,architecture diagram,"Diagram of the components in ""Azure Key Vault Integration with Data Factory"" and how data or requests flow between them.",analyzed
a9cb8ce8-0423-49eb-bd46-90008dfe8ce1,azure-synapse-analytics-explained-for-beginners,Azure Synapse Analytics Explained for Beginners,azure-data-factory,azure synapse analytics explained for beginners,azure synapse analytics for beginners tutorial; azure synapse analytics for beginners explained; how to use azure synapse analytics for beginners,azure data factory,concept and mental model; worked example; common mistakes; when not to use it,Azure Data Factory; Synapse; Azure,derived from title and intent; no search-volume data,tutorial,"What is Azure Synapse Analytics, and how does it work?",tutorial,educational / tutorial,azure synapse analytics explained for beginners,concept and mental model; worked example; common mistakes; when not to use it,Needs to understand and use Azure Synapse Analytics for Beginners,no: 100% of its phrasing is shared template text,"no: 707 words, 0% specific to the topic",100% boilerplate,yes: 0% unique phrasing,yes: adf-control-flow-foreach-if-and-until-activities (1.00),,no: informational title,no: 0% unique phrasing,yes,optional,no,yes: step-by-step,yes,yes: no external source,yes,verify on rewrite,"yes: 6 unsourced salary, percentage or demand claims",not verified automatically,yes: opening shared with 49 other articles,yes: heading outline shared with 417 other articles,no: none in the body,none,partly: the body is template text with the title substituted,no,DEEP REWRITE,Template body: 100% of its phrasing is shared with 10+ articles; 0% is its own.,None. Queue order in BLOG_REWRITE_QUEUE.csv.,DEEP REWRITE,true,concept diagram,"One diagram that explains the central idea of ""Azure Synapse Analytics Explained for Beginners"" — the parts and how they relate.",analyzed
790ec0a3-9c9e-4b34-953a-527e344d4420,azure-synapse-pipelines-vs-standalone-adf,Azure Synapse Pipelines vs Standalone ADF,azure-data-factory,azure synapse pipelines vs standalone adf,azure synapse pipelines vs standalone adf comparison; azure synapse pipelines vs standalone adf differences; azure synapse pipelines vs standalone adf which is better,azure data factory,decision criteria; where each wins; migration or learning cost,Azure Data Factory; Synapse; Azure,derived from title and intent; no search-volume data,comparison,"Should I use azure synapse pipeline or standalone azure data factory, and in which situations does each one win?",comparison,comparison (commercial investigation),azure synapse pipelines vs standalone adf,decision criteria; where each wins; migration or learning cost,"Needs to choose between the options in ""Azure Synapse Pipelines vs Standalone ADF""",no: 99% of its phrasing is shared template text,"no: 489 words, 1% specific to the topic",99% boilerplate,yes: 1% unique phrasing,yes: azure-synapse-vs-azure-data-factory-a-comparison (0.99),,no: informational title,no: 1% unique phrasing,yes,has 1; check it is topic-specific,"yes: runnable, verified code",no,yes,yes: no external source,yes,verify on rewrite,"yes: 3 unsourced salary, percentage or demand claims",not verified automatically,yes: opening shared with 49 other articles,no,no: none in the body,none,partly: the body is template text with the title substituted,no,DEEP REWRITE,Template body: 99% of its phrasing is shared with 10+ articles; 1% is its own.,None. Queue order in BLOG_REWRITE_QUEUE.csv.,DEEP REWRITE,true,comparison diagram,"Side-by-side diagram of where each option in ""Azure Synapse Pipelines vs Standalone ADF"" sits in a typical workflow, with the deciding differences labelled.",analyzed
49319bac-a68d-4a3d-8f7e-fcdb24e0fb3e,azure-synapse-vs-azure-data-factory-a-comparison,Azure Synapse vs Azure Data Factory: A Comparison,azure-data-factory,azure synapse vs azure data factory,azure synapse vs azure data factory comparison; azure synapse vs azure data factory differences; azure synapse vs azure data factory which is better,,decision criteria; where each wins; migration or learning cost,Azure Data Factory; Synapse; Azure,derived from title and intent; no search-volume data,comparison,"Should I use azure data factory or azure synapse, and in which situations does each one win?",comparison,comparison (commercial investigation),azure synapse vs azure data factory,decision criteria; where each wins; migration or learning cost,"Needs to choose between the options in ""Azure Synapse vs Azure Data Factory""",no: 99% of its phrasing is shared template text,"no: 491 words, 0% specific to the topic",99% boilerplate,yes: 0% unique phrasing,yes: microsoft-fabric-vs-azure-data-factory-what-s-new (0.99),,no: informational title,no: 0% unique phrasing,yes,has 1; check it is topic-specific,no,no,yes,yes: no external source,yes,verify on rewrite,"yes: 3 unsourced salary, percentage or demand claims",not verified automatically,yes: opening shared with 49 other articles,no,no: none in the body,none,partly: the body is template text with the title substituted,no,DEEP REWRITE,Template body: 99% of its phrasing is shared with 10+ articles; 0% is its own.,None. Queue order in BLOG_REWRITE_QUEUE.csv.,DEEP REWRITE,true,comparison diagram,"Side-by-side diagram of where each option in ""Azure Synapse vs Azure Data Factory"" sits in a typical workflow, with the deciding differences labelled.",analyzed
4a35d3c1-f3af-4f8e-b777-b6620ed2a83a,building-a-metadata-framework-for-adf-pipelines,Building a Metadata Framework for ADF Pipelines,azure-data-factory,building a metadata framework for adf pipelines,building a metadata framework for adf pipelines tutorial; building a metadata framework for adf pipelines explained; how to use building a metadata framework for adf pipelines,azure data factory,concept and mental model; worked example; common mistakes; when not to use it,Azure Data Factory,derived from title and intent; no search-volume data,tutorial,"How does Building a Metadata Framework for ADF Pipelines work, and how do I apply it in practice?",tutorial,educational / tutorial,building a metadata framework for adf pipelines,concept and mental model; worked example; common mistakes; when not to use it,Needs to understand and use Building a Metadata Framework for ADF Pipelines,no: 100% of its phrasing is shared template text,"no: 710 words, 0% specific to the topic",100% boilerplate,yes: 0% unique phrasing,yes: adf-control-flow-foreach-if-and-until-activities (1.00),,no: informational title,no: 0% unique phrasing,yes,optional,"yes: runnable, verified code",yes: step-by-step,yes,yes: no external source,yes,verify on rewrite,"yes: 6 unsourced salary, percentage or demand claims",not verified automatically,yes: opening shared with 49 other articles,yes: heading outline shared with 417 other articles,no: none in the body,none,partly: the body is template text with the title substituted,no,DEEP REWRITE,Template body: 100% of its phrasing is shared with 10+ articles; 0% is its own.,None. Queue order in BLOG_REWRITE_QUEUE.csv.,DEEP REWRITE,true,architecture diagram,"Diagram of the components in ""Building a Metadata Framework for ADF Pipelines"" and how data or requests flow between them.",analyzed
b817f985-51ae-4e6a-9a98-9c1ba8e3eda1,building-an-etl-pipeline-with-adf-step-by-step,Building an ETL Pipeline with ADF Step by Step,azure-data-factory,building an etl pipeline with adf step by step,building an etl pipeline with adf step by step tutorial; building an etl pipeline with adf step by step explained; how to use building an etl pipeline with adf step by step,azure data factory,concept and mental model; worked example; common mistakes; when not to use it,Azure Data Factory,derived from title and intent; no search-volume data,tutorial,"How does Building an ETL Pipeline with ADF Step by Step work, and how do I apply it in practice?",tutorial,educational / tutorial,building an etl pipeline with adf step by step,concept and mental model; worked example; common mistakes; when not to use it,Needs to understand and use Building an ETL Pipeline with ADF Step by Step,no: 100% of its phrasing is shared template text,"no: 716 words, 0% specific to the topic",100% boilerplate,yes: 0% unique phrasing,yes: adf-control-flow-foreach-if-and-until-activities (1.00),azure-data-factory-roadmap-2026-a-complete-guide,no: informational title,no: 0% unique phrasing,yes,optional,"yes: runnable, verified code",yes: step-by-step,yes,yes: no external source,yes,verify on rewrite,"yes: 6 unsourced salary, percentage or demand claims",not verified automatically,yes: opening shared with 49 other articles,yes: heading outline shared with 417 other articles,no: none in the body,none,partly: the body is template text with the title substituted,no,MANUAL REVIEW,"Phase 3 MANUAL REVIEW: Both walk through building an ADF pipeline. Merge, or keep the second strictly about ETL design.","Editor decision: merge, or rewrite to a distinct angle.",MANUAL REVIEW,true,architecture diagram,"Diagram of the components in ""Building an ETL Pipeline with ADF Step by Step"" and how data or requests flow between them.",needs_review
8de12e18-a045-4d3e-ba5a-aa05ce8655d5,ci-cd-for-azure-data-factory-with-azure-devops,CI/CD for Azure Data Factory with Azure DevOps,azure-data-factory,ci/cd for azure data factory with azure devops,ci/cd for azure data factory with azure devops tutorial; ci/cd for azure data factory with azure devops explained; how to use ci/cd for azure data factory with azure devops,,concept and mental model; worked example; common mistakes; when not to use it,Azure Data Factory; Azure,derived from title and intent; no search-volume data,tutorial,"How does CI/CD for Azure Data Factory with Azure DevOps work, and how do I apply it in practice?",tutorial,educational / tutorial,ci/cd for azure data factory with azure devops,concept and mental model; worked example; common mistakes; when not to use it,Needs to understand and use CI/CD for Azure Data Factory with Azure DevOps,no: 100% of its phrasing is shared template text,"no: 716 words, 0% specific to the topic",100% boilerplate,yes: 0% unique phrasing,yes: adf-control-flow-foreach-if-and-until-activities (1.00),,no: informational title,no: 0% unique phrasing,yes,optional,no,yes: step-by-step,yes,yes: no external source,yes,verify on rewrite,"yes: 6 unsourced salary, percentage or demand claims",not verified automatically,yes: opening shared with 49 other articles,yes: heading outline shared with 417 other articles,no: none in the body,none,partly: the body is template text with the title substituted,no,DEEP REWRITE,Template body: 100% of its phrasing is shared with 10+ articles; 0% is its own.,None. Queue order in BLOG_REWRITE_QUEUE.csv.,DEEP REWRITE,true,architecture diagram,"Diagram of the components in ""CI/CD for Azure Data Factory with Azure DevOps"" and how data or requests flow between them.",analyzed
2ca77087-c64c-48de-86d4-5506a822bf32,connecting-adf-to-rest-apis-and-web-sources,Connecting ADF to REST APIs and Web Sources,azure-data-factory,connecting adf to rest apis and web sources,connecting adf to rest apis and web sources tutorial; connecting adf to rest apis and web sources explained; how to use connecting adf to rest apis and web sources,azure data factory,concept and mental model; worked example; common mistakes; when not to use it,Azure Data Factory,derived from title and intent; no search-volume data,tutorial,"How does Connecting ADF to REST APIs and Web Sources work, and how do I apply it in practice?",tutorial,educational / tutorial,connecting adf to rest apis and web sources,concept and mental model; worked example; common mistakes; when not to use it,Needs to understand and use Connecting ADF to REST APIs and Web Sources,no: 100% of its phrasing is shared template text,"no: 713 words, 0% specific to the topic",100% boilerplate,yes: 0% unique phrasing,yes: adf-control-flow-foreach-if-and-until-activities (1.00),,no: informational title,no: 0% unique phrasing,yes,optional,"yes: runnable, verified code",yes: step-by-step,yes,yes: no external source,yes,verify on rewrite,"yes: 6 unsourced salary, percentage or demand claims",not verified automatically,yes: opening shared with 49 other articles,yes: heading outline shared with 417 other articles,no: none in the body,none,partly: the body is template text with the title substituted,no,DEEP REWRITE,Template body: 100% of its phrasing is shared with 10+ articles; 0% is its own.,None. Queue order in BLOG_REWRITE_QUEUE.csv.,DEEP REWRITE,true,architecture diagram,"Diagram of the components in ""Connecting ADF to REST APIs and Web Sources"" and how data or requests flow between them.",analyzed
32f89549-d88d-4b53-918d-6c06f6b98fc1,copy-activity-in-azure-data-factory-a-practical-guide,Copy Activity in Azure Data Factory: A Practical Guide,azure-data-factory,copy activity in azure data factory,copy activity in azure data factory tutorial; copy activity in azure data factory explained; how to use copy activity in azure data factory,,concept and mental model; worked example; common mistakes; when not to use it,Azure Data Factory; Azure,derived from title and intent; no search-volume data,tutorial,"How does Copy Activity in Azure Data Factory work, and how do I apply it in practice?",tutorial,educational / tutorial,copy activity in azure data factory,concept and mental model; worked example; common mistakes; when not to use it,Needs to understand and use Copy Activity in Azure Data Factory,no: 100% of its phrasing is shared template text,"no: 710 words, 0% specific to the topic",100% boilerplate,yes: 0% unique phrasing,yes: adf-control-flow-foreach-if-and-until-activities (1.00),,no: informational title,no: 0% unique phrasing,yes,optional,no,yes: step-by-step,yes,yes: no external source,yes,verify on rewrite,"yes: 6 unsourced salary, percentage or demand claims",not verified automatically,yes: opening shared with 49 other articles,yes: heading outline shared with 417 other articles,no: none in the body,none,partly: the body is template text with the title substituted,no,DEEP REWRITE,Template body: 100% of its phrasing is shared with 10+ articles; 0% is its own.,None. Queue order in BLOG_REWRITE_QUEUE.csv.,DEEP REWRITE,true,architecture diagram,"Diagram of the components in ""Copy Activity in Azure Data Factory"" and how data or requests flow between them.",analyzed
d83817f0-1112-407f-b188-c332e433afd6,copying-data-from-on-prem-sql-to-azure-with-adf,Copying Data from On-Prem SQL to Azure with ADF,azure-data-factory,copying data from on-prem sql to azure with adf,copying data from on-prem sql to azure with adf tutorial; copying data from on-prem sql to azure with adf explained; how to use copying data from on-prem sql to azure with adf,azure data factory,concept and mental model; worked example; common mistakes; when not to use it,Azure Data Factory; Azure; SQL,derived from title and intent; no search-volume data,tutorial,"How does Copying Data from On-Prem SQL to Azure with ADF work, and how do I apply it in practice?",tutorial,educational / tutorial,copying data from on-prem sql to azure with adf,concept and mental model; worked example; common mistakes; when not to use it,Needs to understand and use Copying Data from On-Prem SQL to Azure with ADF,no: 100% of its phrasing is shared template text,"no: 716 words, 0% specific to the topic",100% boilerplate,yes: 0% unique phrasing,yes: adf-control-flow-foreach-if-and-until-activities (1.00),,no: informational title,no: 0% unique phrasing,yes,optional,"yes: runnable, verified code",yes: step-by-step,yes,yes: no external source,yes,verify on rewrite,"yes: 6 unsourced salary, percentage or demand claims",not verified automatically,yes: opening shared with 49 other articles,yes: heading outline shared with 417 other articles,no: none in the body,none,partly: the body is template text with the title substituted,no,DEEP REWRITE,Template body: 100% of its phrasing is shared with 10+ articles; 0% is its own.,None. Queue order in BLOG_REWRITE_QUEUE.csv.,DEEP REWRITE,true,architecture diagram,"Diagram of the components in ""Copying Data from On-Prem SQL to Azure with ADF"" and how data or requests flow between them.",analyzed
d9574d23-3a19-4c25-a684-b5f7038bf304,data-flow-debug-and-performance-in-adf,Data Flow Debug and Performance in ADF,azure-data-factory,data flow debug and performance in adf,data flow debug and performance in adf tutorial; data flow debug and performance in adf explained; how to use data flow debug and performance in adf,azure data factory,concept and mental model; worked example; common mistakes; when not to use it,Azure Data Factory,derived from title and intent; no search-volume data,tutorial,"How does Data Flow Debug and Performance in ADF work, and how do I apply it in practice?",tutorial,educational / tutorial,data flow debug and performance in adf,concept and mental model; worked example; common mistakes; when not to use it,Needs to understand and use Data Flow Debug and Performance in ADF,no: 100% of its phrasing is shared template text,"no: 710 words, 0% specific to the topic",100% boilerplate,yes: 0% unique phrasing,yes: adf-control-flow-foreach-if-and-until-activities (1.00),,no: informational title,no: 0% unique phrasing,yes,optional,no,yes: step-by-step,yes,yes: no external source,yes,verify on rewrite,"yes: 6 unsourced salary, percentage or demand claims",not verified automatically,yes: opening shared with 49 other articles,yes: heading outline shared with 417 other articles,no: none in the body,none,partly: the body is template text with the title substituted,no,DEEP REWRITE,Template body: 100% of its phrasing is shared with 10+ articles; 0% is its own.,None. Queue order in BLOG_REWRITE_QUEUE.csv.,DEEP REWRITE,true,architecture diagram,"Diagram of the components in ""Data Flow Debug and Performance in ADF"" and how data or requests flow between them.",analyzed
5b624059-dc21-44d7-b2e4-acad9e29bd4e,data-partitioning-strategies-in-adf-copy-activity,Data Partitioning Strategies in ADF Copy Activity,azure-data-factory,data partitioning strategies in adf copy activity,data partitioning strategies in adf copy activity tutorial; data partitioning strategies in adf copy activity explained; how to use data partitioning strategies in adf copy activity,azure data factory,concept and mental model; worked example; common mistakes; when not to use it,Azure Data Factory,derived from title and intent; no search-volume data,tutorial,"How does Data Partitioning Strategies in ADF Copy Activity work, and how do I apply it in practice?",tutorial,educational / tutorial,data partitioning strategies in adf copy activity,concept and mental model; worked example; common mistakes; when not to use it,Needs to understand and use Data Partitioning Strategies in ADF Copy Activity,no: 100% of its phrasing is shared template text,"no: 710 words, 0% specific to the topic",100% boilerplate,yes: 0% unique phrasing,yes: adf-control-flow-foreach-if-and-until-activities (1.00),,no: informational title,no: 0% unique phrasing,yes,optional,no,yes: step-by-step,yes,yes: no external source,yes,verify on rewrite,"yes: 6 unsourced salary, percentage or demand claims",not verified automatically,yes: opening shared with 49 other articles,yes: heading outline shared with 417 other articles,no: none in the body,none,partly: the body is template text with the title substituted,no,DEEP REWRITE,Template body: 100% of its phrasing is shared with 10+ articles; 0% is its own.,None. Queue order in BLOG_REWRITE_QUEUE.csv.,DEEP REWRITE,true,architecture diagram,"Diagram of the components in ""Data Partitioning Strategies in ADF Copy Activity"" and how data or requests flow between them.",analyzed
e5d3922b-905a-4a0d-8512-a2bccf8d59eb,datasets-vs-linked-services-vs-pipelines-in-adf,Datasets vs Linked Services vs Pipelines in ADF,azure-data-factory,datasets vs linked services vs pipelines in adf,datasets vs linked services vs pipelines in adf comparison; datasets vs linked services vs pipelines in adf differences; datasets vs linked services vs pipelines in adf which is better,azure data factory,decision criteria; where each wins; migration or learning cost,Azure Data Factory,derived from title and intent; no search-volume data,comparison,"Should I use datasets or linked services or pipeline, and in which situations does each one win?",comparison,comparison (commercial investigation),datasets vs linked services vs pipelines in adf,decision criteria; where each wins; migration or learning cost,"Needs to choose between the options in ""Datasets vs Linked Services vs Pipelines in ADF""",no: 98% of its phrasing is shared template text,"no: 493 words, 2% specific to the topic",98% boilerplate,yes: 2% unique phrasing,yes: adf-vs-databricks-when-to-use-each (0.97),,no: informational title,no: 2% unique phrasing,yes,has 1; check it is topic-specific,"yes: runnable, verified code",no,yes,yes: no external source,yes,verify on rewrite,"yes: 3 unsourced salary, percentage or demand claims",not verified automatically,yes: opening shared with 49 other articles,no,no: none in the body,none,partly: the body is template text with the title substituted,no,DEEP REWRITE,Template body: 98% of its phrasing is shared with 10+ articles; 2% is its own.,None. Queue order in BLOG_REWRITE_QUEUE.csv.,DEEP REWRITE,true,comparison diagram,"Side-by-side diagram of where each option in ""Datasets vs Linked Services vs Pipelines in ADF"" sits in a typical workflow, with the deciding differences labelled.",analyzed
aba4650e-4e8b-4cb7-9b9d-f912b22b271c,event-based-triggers-with-azure-event-grid-and-adf,Event-Based Triggers with Azure Event Grid and ADF,azure-data-factory,event-based triggers with azure event grid and adf,event-based triggers with azure event grid and adf tutorial; event-based triggers with azure event grid and adf explained; how to use event-based triggers with azure event grid and adf,azure data factory,concept and mental model; worked example; common mistakes; when not to use it,Azure Data Factory; Azure,derived from title and intent; no search-volume data,tutorial,"How does Event-Based Triggers with Azure Event Grid and ADF work, and how do I apply it in practice?",tutorial,educational / tutorial,event-based triggers with azure event grid and adf,concept and mental model; worked example; common mistakes; when not to use it,Needs to understand and use Event-Based Triggers with Azure Event Grid and ADF,no: 100% of its phrasing is shared template text,"no: 713 words, 0% specific to the topic",100% boilerplate,yes: 0% unique phrasing,yes: adf-control-flow-foreach-if-and-until-activities (1.00),,no: informational title,no: 0% unique phrasing,yes,optional,no,yes: step-by-step,yes,yes: no external source,yes,verify on rewrite,"yes: 6 unsourced salary, percentage or demand claims",not verified automatically,yes: opening shared with 49 other articles,yes: heading outline shared with 417 other articles,no: none in the body,none,partly: the body is template text with the title substituted,no,DEEP REWRITE,Template body: 100% of its phrasing is shared with 10+ articles; 0% is its own.,None. Queue order in BLOG_REWRITE_QUEUE.csv.,DEEP REWRITE,true,architecture diagram,"Diagram of the components in ""Event-Based Triggers with Azure Event Grid and ADF"" and how data or requests flow between them.",analyzed
61452b61-1932-4054-9de6-00213aa47dd0,handling-errors-and-retries-in-adf-pipelines,Handling Errors and Retries in ADF Pipelines,azure-data-factory,handling errors and retries in adf pipelines,handling errors and retries in adf pipelines tutorial; handling errors and retries in adf pipelines explained; how to use handling errors and retries in adf pipelines,azure data factory,concept and mental model; worked example; common mistakes; when not to use it,Azure Data Factory,derived from title and intent; no search-volume data,tutorial,"How does Handling Errors and Retries in ADF Pipelines work, and how do I apply it in practice?",tutorial,educational / tutorial,handling errors and retries in adf pipelines,concept and mental model; worked example; common mistakes; when not to use it,Needs to understand and use Handling Errors and Retries in ADF Pipelines,no: 100% of its phrasing is shared template text,"no: 710 words, 0% specific to the topic",100% boilerplate,yes: 0% unique phrasing,yes: adf-control-flow-foreach-if-and-until-activities (1.00),,no: informational title,no: 0% unique phrasing,yes,optional,"yes: runnable, verified code",yes: step-by-step,yes,yes: no external source,yes,verify on rewrite,"yes: 6 unsourced salary, percentage or demand claims",not verified automatically,yes: opening shared with 49 other articles,yes: heading outline shared with 417 other articles,no: none in the body,none,partly: the body is template text with the title substituted,no,DEEP REWRITE,Template body: 100% of its phrasing is shared with 10+ articles; 0% is its own.,None. Queue order in BLOG_REWRITE_QUEUE.csv.,DEEP REWRITE,true,architecture diagram,"Diagram of the components in ""Handling Errors and Retries in ADF Pipelines"" and how data or requests flow between them.",analyzed
f7d2d955-4ae6-465b-b5e4-74f97a2e0475,how-to-become-an-azure-data-engineer-in-2026,How to Become an Azure Data Engineer in 2026,azure-data-factory,how to become an azure data engineer in,how to become an azure data engineer learning path; how to become how to become an azure data engineer; how to become an azure data engineer skills,azure data factory,prerequisites; stages and order; projects; what to skip; pacing,Azure Data Factory; Azure,derived from title and intent; no search-volume data,career,How do I Become an Azure Data Engineer in?,career,career / roadmap,how to become an azure data engineer in,prerequisites; stages and order; projects; what to skip; pacing,Needs a learning or career path for How to Become an Azure Data Engineer,no: 100% of its phrasing is shared template text,"no: 716 words, 0% specific to the topic",100% boilerplate,yes: 0% unique phrasing,yes: adf-control-flow-foreach-if-and-until-activities (1.00),azure-data-factory-roadmap-2026-a-complete-guide,no: informational title,no: 0% unique phrasing,yes,has 1; check it is topic-specific,no,no,yes,yes: no external source,yes,yes: fast-moving topic or dated title,"yes: 6 unsourced salary, percentage or demand claims",likely: dated or fast-moving; not verified automatically,yes: opening shared with 49 other articles,yes: heading outline shared with 417 other articles,no: none in the body,none,partly: the body is template text with the title substituted,no,MERGE,"Same intent as azure-data-factory-roadmap-2026-a-complete-guide (phase5-topical): ""How to become an Azure data engineer"" repeats the roadmap. The ETL-pipeline post is a Phase 3 MANUAL REVIEW against the first-pipeline post, and the interview-questions copy is a Phase 3 MERGE.",Search Console: merge only if this article earns no distinct queries; otherwise rewrite it to the distinct angle in the note.,DEEP REWRITE,true,roadmap diagram,"Stage-by-stage diagram of the How to Become an Azure Data Engineer in 2026 learning path: each stage, the skills in it, and the proof (project) that closes it.",merge_candidate
7adfd977-6aeb-43ae-8a2d-eded704af268,incremental-data-loading-in-azure-data-factory,Incremental Data Loading in Azure Data Factory,azure-data-factory,incremental data loading in azure data factory,incremental data loading in azure data factory tutorial; incremental data loading in azure data factory explained; how to use incremental data loading in azure data factory,,concept and mental model; worked example; common mistakes; when not to use it,Azure Data Factory; Azure,derived from title and intent; no search-volume data,tutorial,"How does Incremental Data Loading in Azure Data Factory work, and how do I apply it in practice?",tutorial,educational / tutorial,incremental data loading in azure data factory,concept and mental model; worked example; common mistakes; when not to use it,Needs to understand and use Incremental Data Loading in Azure Data Factory,no: 100% of its phrasing is shared template text,"no: 710 words, 0% specific to the topic",100% boilerplate,yes: 0% unique phrasing,yes: adf-control-flow-foreach-if-and-until-activities (1.00),,no: informational title,no: 0% unique phrasing,yes,optional,no,yes: step-by-step,yes,yes: no external source,yes,verify on rewrite,"yes: 6 unsourced salary, percentage or demand claims",not verified automatically,yes: opening shared with 49 other articles,yes: heading outline shared with 417 other articles,no: none in the body,none,partly: the body is template text with the title substituted,no,DEEP REWRITE,Template body: 100% of its phrasing is shared with 10+ articles; 0% is its own.,None. Queue order in BLOG_REWRITE_QUEUE.csv.,DEEP REWRITE,true,architecture diagram,"Diagram of the components in ""Incremental Data Loading in Azure Data Factory"" and how data or requests flow between them.",analyzed
ed5125c2-68a9-4721-9b01-a5be174c8166,integration-runtimes-in-adf-azure-self-hosted-and-ssis,"Integration Runtimes in ADF: Azure, Self-Hosted and SSIS",azure-data-factory,integration runtimes in adf,integration runtimes in adf tutorial; integration runtimes in adf explained; how to use integration runtimes in adf,azure data factory; azure,concept and mental model; worked example; common mistakes; when not to use it,Azure Data Factory; Azure,derived from title and intent; no search-volume data,tutorial,"How does Integration Runtimes in ADF work, and how do I apply it in practice?",tutorial,educational / tutorial,integration runtimes in adf,concept and mental model; worked example; common mistakes; when not to use it,Needs to understand and use Integration Runtimes in ADF,no: 100% of its phrasing is shared template text,"no: 705 words, 0% specific to the topic",100% boilerplate,yes: 0% unique phrasing,yes: adf-control-flow-foreach-if-and-until-activities (1.00),,no: informational title,no: 0% unique phrasing,yes,optional,no,yes: step-by-step,yes,yes: no external source,yes,verify on rewrite,"yes: 6 unsourced salary, percentage or demand claims",not verified automatically,yes: opening shared with 49 other articles,yes: heading outline shared with 417 other articles,no: none in the body,none,partly: the body is template text with the title substituted,no,DEEP REWRITE,Template body: 100% of its phrasing is shared with 10+ articles; 0% is its own.,None. Queue order in BLOG_REWRITE_QUEUE.csv.,DEEP REWRITE,true,architecture diagram,"Diagram of the components in ""Integration Runtimes in ADF"" and how data or requests flow between them.",analyzed
8224db35-de1e-43a7-b3bc-57bb3b1881bc,linked-services-in-azure-data-factory-explained,Linked Services in Azure Data Factory Explained,azure-data-factory,linked services in azure data factory explained,linked services in azure data factory tutorial; how to use linked services in azure data factory,,concept and mental model; worked example; common mistakes; when not to use it,Azure Data Factory; Azure,derived from title and intent; no search-volume data,tutorial,"What is Linked Services in Azure Data Factory, and how does it work?",tutorial,educational / tutorial,linked services in azure data factory explained,concept and mental model; worked example; common mistakes; when not to use it,Needs to understand and use Linked Services in Azure Data Factory,no: 100% of its phrasing is shared template text,"no: 710 words, 0% specific to the topic",100% boilerplate,yes: 0% unique phrasing,yes: adf-control-flow-foreach-if-and-until-activities (1.00),,no: informational title,no: 0% unique phrasing,yes,optional,no,yes: step-by-step,yes,yes: no external source,yes,verify on rewrite,"yes: 6 unsourced salary, percentage or demand claims",not verified automatically,yes: opening shared with 49 other articles,yes: heading outline shared with 417 other articles,no: none in the body,none,partly: the body is template text with the title substituted,no,DEEP REWRITE,Template body: 100% of its phrasing is shared with 10+ articles; 0% is its own.,None. Queue order in BLOG_REWRITE_QUEUE.csv.,DEEP REWRITE,true,architecture diagram,"Diagram of the components in ""Linked Services in Azure Data Factory Explained"" and how data or requests flow between them.",analyzed
486039c8-bd1c-4c44-8949-472539431d83,loading-data-into-synapse-with-adf,Loading Data into Synapse with ADF,azure-data-factory,loading data into synapse with adf,loading data into synapse with adf tutorial; loading data into synapse with adf explained; how to use loading data into synapse with adf,azure data factory,concept and mental model; worked example; common mistakes; when not to use it,Azure Data Factory; Synapse,derived from title and intent; no search-volume data,tutorial,"How does Loading Data into Synapse with ADF work, and how do I apply it in practice?",tutorial,educational / tutorial,loading data into synapse with adf,concept and mental model; worked example; common mistakes; when not to use it,Needs to understand and use Loading Data into Synapse with ADF,no: 100% of its phrasing is shared template text,"no: 707 words, 0% specific to the topic",100% boilerplate,yes: 0% unique phrasing,yes: adf-control-flow-foreach-if-and-until-activities (1.00),,no: informational title,no: 0% unique phrasing,yes,optional,no,yes: step-by-step,yes,yes: no external source,yes,verify on rewrite,"yes: 6 unsourced salary, percentage or demand claims",not verified automatically,yes: opening shared with 49 other articles,yes: heading outline shared with 417 other articles,no: none in the body,none,partly: the body is template text with the title substituted,no,DEEP REWRITE,Template body: 100% of its phrasing is shared with 10+ articles; 0% is its own.,None. Queue order in BLOG_REWRITE_QUEUE.csv.,DEEP REWRITE,true,architecture diagram,"Diagram of the components in ""Loading Data into Synapse with ADF"" and how data or requests flow between them.",analyzed
c802eb21-8ce4-43f3-b456-c2b882f32fcb,lookup-and-get-metadata-activities-in-adf,Lookup and Get Metadata Activities in ADF,azure-data-factory,lookup and get metadata activities in adf,lookup and get metadata activities in adf tutorial; lookup and get metadata activities in adf explained; how to use lookup and get metadata activities in adf,azure data factory,concept and mental model; worked example; common mistakes; when not to use it,Azure Data Factory,derived from title and intent; no search-volume data,tutorial,"How does Lookup and Get Metadata Activities in ADF work, and how do I apply it in practice?",tutorial,educational / tutorial,lookup and get metadata activities in adf,concept and mental model; worked example; common mistakes; when not to use it,Needs to understand and use Lookup and Get Metadata Activities in ADF,no: 100% of its phrasing is shared template text,"no: 710 words, 0% specific to the topic",100% boilerplate,yes: 0% unique phrasing,yes: adf-control-flow-foreach-if-and-until-activities (1.00),,no: informational title,no: 0% unique phrasing,yes,optional,no,yes: step-by-step,yes,yes: no external source,yes,verify on rewrite,"yes: 6 unsourced salary, percentage or demand claims",not verified automatically,yes: opening shared with 49 other articles,yes: heading outline shared with 417 other articles,no: none in the body,none,partly: the body is template text with the title substituted,no,DEEP REWRITE,Template body: 100% of its phrasing is shared with 10+ articles; 0% is its own.,None. Queue order in BLOG_REWRITE_QUEUE.csv.,DEEP REWRITE,true,architecture diagram,"Diagram of the components in ""Lookup and Get Metadata Activities in ADF"" and how data or requests flow between them.",analyzed
dab784d3-ff30-4a11-8929-aa24e93e5f8e,mapping-data-flows-in-adf-transformations-without-code,Mapping Data Flows in ADF: Transformations Without Code,azure-data-factory,mapping data flows in adf,mapping data flows in adf tutorial; mapping data flows in adf explained; how to use mapping data flows in adf,azure data factory,concept and mental model; worked example; common mistakes; when not to use it,Azure Data Factory,derived from title and intent; no search-volume data,tutorial,"How does Mapping Data Flows in ADF work, and how do I apply it in practice?",tutorial,educational / tutorial,mapping data flows in adf,concept and mental model; worked example; common mistakes; when not to use it,Needs to understand and use Mapping Data Flows in ADF,no: 100% of its phrasing is shared template text,"no: 707 words, 0% specific to the topic",100% boilerplate,yes: 0% unique phrasing,yes: adf-control-flow-foreach-if-and-until-activities (1.00),,no: informational title,no: 0% unique phrasing,yes,optional,no,yes: step-by-step,yes,yes: no external source,yes,verify on rewrite,"yes: 6 unsourced salary, percentage or demand claims",not verified automatically,yes: opening shared with 49 other articles,yes: heading outline shared with 417 other articles,no: none in the body,none,partly: the body is template text with the title substituted,no,DEEP REWRITE,Template body: 100% of its phrasing is shared with 10+ articles; 0% is its own.,None. Queue order in BLOG_REWRITE_QUEUE.csv.,DEEP REWRITE,true,architecture diagram,"Diagram of the components in ""Mapping Data Flows in ADF"" and how data or requests flow between them.",analyzed
5c6a36c5-bd4a-4f60-880a-56fa1462eee6,metadata-driven-pipelines-in-azure-data-factory,Metadata-Driven Pipelines in Azure Data Factory,azure-data-factory,metadata-driven pipelines in azure data factory,metadata-driven pipelines in azure data factory tutorial; metadata-driven pipelines in azure data factory explained; how to use metadata-driven pipelines in azure data factory,,concept and mental model; worked example; common mistakes; when not to use it,Azure Data Factory; Azure,derived from title and intent; no search-volume data,tutorial,"How does Metadata-Driven Pipelines in Azure Data Factory work, and how do I apply it in practice?",tutorial,educational / tutorial,metadata-driven pipelines in azure data factory,concept and mental model; worked example; common mistakes; when not to use it,Needs to understand and use Metadata-Driven Pipelines in Azure Data Factory,no: 100% of its phrasing is shared template text,"no: 707 words, 0% specific to the topic",100% boilerplate,yes: 0% unique phrasing,yes: adf-control-flow-foreach-if-and-until-activities (1.00),,no: informational title,no: 0% unique phrasing,yes,optional,"yes: runnable, verified code",yes: step-by-step,yes,yes: no external source,yes,verify on rewrite,"yes: 6 unsourced salary, percentage or demand claims",not verified automatically,yes: opening shared with 49 other articles,yes: heading outline shared with 417 other articles,no: none in the body,none,partly: the body is template text with the title substituted,no,DEEP REWRITE,Template body: 100% of its phrasing is shared with 10+ articles; 0% is its own.,None. Queue order in BLOG_REWRITE_QUEUE.csv.,DEEP REWRITE,true,architecture diagram,"Diagram of the components in ""Metadata-Driven Pipelines in Azure Data Factory"" and how data or requests flow between them.",analyzed
f7446b72-3e01-4c86-94d4-15fafe6fc337,microsoft-fabric-vs-azure-data-factory-what-s-new,Microsoft Fabric vs Azure Data Factory: What's New,azure-data-factory,microsoft fabric vs azure data factory,microsoft fabric vs azure data factory comparison; microsoft fabric vs azure data factory differences; microsoft fabric vs azure data factory which is better,,decision criteria; where each wins; migration or learning cost,Azure Data Factory; Azure,derived from title and intent; no search-volume data,comparison,"Should I use azure data factory or microsoft fabric, and in which situations does each one win?",comparison,comparison (commercial investigation),microsoft fabric vs azure data factory,decision criteria; where each wins; migration or learning cost,"Needs to choose between the options in ""Microsoft Fabric vs Azure Data Factory""",no: 99% of its phrasing is shared template text,"no: 491 words, 0% specific to the topic",99% boilerplate,yes: 0% unique phrasing,yes: azure-synapse-vs-azure-data-factory-a-comparison (0.99),,no: informational title,no: 0% unique phrasing,yes,has 1; check it is topic-specific,no,no,yes,yes: no external source,yes,verify on rewrite,"yes: 3 unsourced salary, percentage or demand claims",not verified automatically,yes: opening shared with 49 other articles,no,no: none in the body,none,partly: the body is template text with the title substituted,no,DEEP REWRITE,Template body: 99% of its phrasing is shared with 10+ articles; 0% is its own.,None. Queue order in BLOG_REWRITE_QUEUE.csv.,DEEP REWRITE,true,comparison diagram,"Side-by-side diagram of where each option in ""Microsoft Fabric vs Azure Data Factory"" sits in a typical workflow, with the deciding differences labelled.",analyzed
5b9b0f2e-8e4c-4c68-a003-ece48bd0594c,monitoring-and-alerts-in-azure-data-factory,Monitoring and Alerts in Azure Data Factory,azure-data-factory,monitoring and alerts in azure data factory,monitoring and alerts in azure data factory tutorial; monitoring and alerts in azure data factory explained; how to use monitoring and alerts in azure data factory,,concept and mental model; worked example; common mistakes; when not to use it,Azure Data Factory; Azure,derived from title and intent; no search-volume data,tutorial,"How does Monitoring and Alerts in Azure Data Factory work, and how do I apply it in practice?",tutorial,educational / tutorial,monitoring and alerts in azure data factory,concept and mental model; worked example; common mistakes; when not to use it,Needs to understand and use Monitoring and Alerts in Azure Data Factory,no: 100% of its phrasing is shared template text,"no: 710 words, 0% specific to the topic",100% boilerplate,yes: 0% unique phrasing,yes: adf-control-flow-foreach-if-and-until-activities (1.00),,no: informational title,no: 0% unique phrasing,yes,optional,no,yes: step-by-step,yes,yes: no external source,yes,verify on rewrite,"yes: 6 unsourced salary, percentage or demand claims",not verified automatically,yes: opening shared with 49 other articles,yes: heading outline shared with 417 other articles,no: none in the body,none,partly: the body is template text with the title substituted,no,DEEP REWRITE,Template body: 100% of its phrasing is shared with 10+ articles; 0% is its own.,None. Queue order in BLOG_REWRITE_QUEUE.csv.,DEEP REWRITE,true,architecture diagram,"Diagram of the components in ""Monitoring and Alerts in Azure Data Factory"" and how data or requests flow between them.",analyzed
ddb1110b-94f1-4b95-a6a4-9b7303eb4c75,parameterizing-pipelines-in-azure-data-factory,Parameterizing Pipelines in Azure Data Factory,azure-data-factory,parameterizing pipelines in azure data factory,parameterizing pipelines in azure data factory tutorial; parameterizing pipelines in azure data factory explained; how to use parameterizing pipelines in azure data factory,,concept and mental model; worked example; common mistakes; when not to use it,Azure Data Factory; Azure,derived from title and intent; no search-volume data,tutorial,"How does Parameterizing Pipelines in Azure Data Factory work, and how do I apply it in practice?",tutorial,educational / tutorial,parameterizing pipelines in azure data factory,concept and mental model; worked example; common mistakes; when not to use it,Needs to understand and use Parameterizing Pipelines in Azure Data Factory,no: 100% of its phrasing is shared template text,"no: 707 words, 0% specific to the topic",100% boilerplate,yes: 0% unique phrasing,yes: adf-control-flow-foreach-if-and-until-activities (1.00),,no: informational title,no: 0% unique phrasing,yes,optional,"yes: runnable, verified code",yes: step-by-step,yes,yes: no external source,yes,verify on rewrite,"yes: 6 unsourced salary, percentage or demand claims",not verified automatically,yes: opening shared with 49 other articles,yes: heading outline shared with 417 other articles,no: none in the body,none,partly: the body is template text with the title substituted,no,DEEP REWRITE,Template body: 100% of its phrasing is shared with 10+ articles; 0% is its own.,None. Queue order in BLOG_REWRITE_QUEUE.csv.,DEEP REWRITE,true,architecture diagram,"Diagram of the components in ""Parameterizing Pipelines in Azure Data Factory"" and how data or requests flow between them.",analyzed
b6fb7f13-a83f-4ec0-bab5-41af1d92bfb7,pipeline-dependencies-and-scheduling-in-adf,Pipeline Dependencies and Scheduling in ADF,azure-data-factory,pipeline dependencies and scheduling in adf,pipeline dependencies and scheduling in adf tutorial; pipeline dependencies and scheduling in adf explained; how to use pipeline dependencies and scheduling in adf,azure data factory,concept and mental model; worked example; common mistakes; when not to use it,Azure Data Factory,derived from title and intent; no search-volume data,tutorial,"How does Pipeline Dependencies and Scheduling in ADF work, and how do I apply it in practice?",tutorial,educational / tutorial,pipeline dependencies and scheduling in adf,concept and mental model; worked example; common mistakes; when not to use it,Needs to understand and use Pipeline Dependencies and Scheduling in ADF,no: 100% of its phrasing is shared template text,"no: 707 words, 0% specific to the topic",100% boilerplate,yes: 0% unique phrasing,yes: adf-control-flow-foreach-if-and-until-activities (1.00),,no: informational title,no: 0% unique phrasing,yes,optional,"yes: runnable, verified code",yes: step-by-step,yes,yes: no external source,yes,verify on rewrite,"yes: 6 unsourced salary, percentage or demand claims",not verified automatically,yes: opening shared with 49 other articles,yes: heading outline shared with 417 other articles,no: none in the body,none,partly: the body is template text with the title substituted,no,DEEP REWRITE,Template body: 100% of its phrasing is shared with 10+ articles; 0% is its own.,None. Queue order in BLOG_REWRITE_QUEUE.csv.,DEEP REWRITE,true,architecture diagram,"Diagram of the components in ""Pipeline Dependencies and Scheduling in ADF"" and how data or requests flow between them.",analyzed
498b7c41-3740-4cbb-88a4-b7104ec34843,securing-azure-data-factory-managed-identities,Securing Azure Data Factory: Managed Identities,azure-data-factory,securing azure data factory,securing azure data factory tutorial; securing azure data factory explained; how to use securing azure data factory,,concept and mental model; worked example; common mistakes; when not to use it,Azure Data Factory; Azure,derived from title and intent; no search-volume data,tutorial,"How does Securing Azure Data Factory work, and how do I apply it in practice?",tutorial,educational / tutorial,securing azure data factory,concept and mental model; worked example; common mistakes; when not to use it,Needs to understand and use Securing Azure Data Factory,no: 100% of its phrasing is shared template text,"no: 703 words, 0% specific to the topic",100% boilerplate,yes: 0% unique phrasing,yes: adf-control-flow-foreach-if-and-until-activities (1.00),,no: informational title,no: 0% unique phrasing,yes,optional,no,yes: step-by-step,yes,yes: no external source,yes,verify on rewrite,"yes: 6 unsourced salary, percentage or demand claims",not verified automatically,yes: opening shared with 49 other articles,yes: heading outline shared with 417 other articles,no: none in the body,none,partly: the body is template text with the title substituted,no,DEEP REWRITE,Template body: 100% of its phrasing is shared with 10+ articles; 0% is its own.,None. Queue order in BLOG_REWRITE_QUEUE.csv.,DEEP REWRITE,true,architecture diagram,"Diagram of the components in ""Securing Azure Data Factory"" and how data or requests flow between them.",analyzed
f723a52c-d4b9-4c74-8f96-4ba74c0070d6,slowly-changing-dimensions-in-adf-data-flows,Slowly Changing Dimensions in ADF Data Flows,azure-data-factory,slowly changing dimensions in adf data flows,slowly changing dimensions in adf data flows tutorial; slowly changing dimensions in adf data flows explained; how to use slowly changing dimensions in adf data flows,azure data factory,concept and mental model; worked example; common mistakes; when not to use it,Azure Data Factory,derived from title and intent; no search-volume data,tutorial,"How does Slowly Changing Dimensions in ADF Data Flows work, and how do I apply it in practice?",tutorial,educational / tutorial,slowly changing dimensions in adf data flows,concept and mental model; worked example; common mistakes; when not to use it,Needs to understand and use Slowly Changing Dimensions in ADF Data Flows,no: 100% of its phrasing is shared template text,"no: 710 words, 0% specific to the topic",100% boilerplate,yes: 0% unique phrasing,yes: adf-control-flow-foreach-if-and-until-activities (1.00),,no: informational title,no: 0% unique phrasing,yes,optional,no,yes: step-by-step,yes,yes: no external source,yes,verify on rewrite,"yes: 6 unsourced salary, percentage or demand claims",not verified automatically,yes: opening shared with 49 other articles,yes: heading outline shared with 417 other articles,no: none in the body,none,partly: the body is template text with the title substituted,no,DEEP REWRITE,Template body: 100% of its phrasing is shared with 10+ articles; 0% is its own.,None. Queue order in BLOG_REWRITE_QUEUE.csv.,DEEP REWRITE,true,architecture diagram,"Diagram of the components in ""Slowly Changing Dimensions in ADF Data Flows"" and how data or requests flow between them.",analyzed
654643e1-1acf-4e0b-b40e-068a96835d2e,triggers-in-adf-schedule-tumbling-window-and-event,"Triggers in ADF: Schedule, Tumbling Window and Event",azure-data-factory,triggers in adf,triggers in adf tutorial; triggers in adf explained; how to use triggers in adf,azure data factory,concept and mental model; worked example; common mistakes; when not to use it,Azure Data Factory,derived from title and intent; no search-volume data,tutorial,"How does Triggers in ADF work, and how do I apply it in practice?",tutorial,educational / tutorial,triggers in adf,concept and mental model; worked example; common mistakes; when not to use it,Needs to understand and use Triggers in ADF,no: 100% of its phrasing is shared template text,"no: 703 words, 0% specific to the topic",100% boilerplate,yes: 0% unique phrasing,yes: adf-control-flow-foreach-if-and-until-activities (1.00),,no: informational title,no: 0% unique phrasing,yes,optional,no,yes: step-by-step,yes,yes: no external source,yes,verify on rewrite,"yes: 6 unsourced salary, percentage or demand claims",not verified automatically,yes: opening shared with 49 other articles,yes: heading outline shared with 417 other articles,no: none in the body,none,partly: the body is template text with the title substituted,no,DEEP REWRITE,Template body: 100% of its phrasing is shared with 10+ articles; 0% is its own.,None. Queue order in BLOG_REWRITE_QUEUE.csv.,DEEP REWRITE,true,architecture diagram,"Diagram of the components in ""Triggers in ADF"" and how data or requests flow between them.",needs_review
f22c8acc-57eb-4b3d-b8a0-7b5391f0674e,tumbling-window-triggers-backfills-and-dependencies,Tumbling Window Triggers: Backfills and Dependencies,azure-data-factory,tumbling window triggers,tumbling window triggers tutorial; tumbling window triggers explained; how to use tumbling window triggers,azure data factory,concept and mental model; worked example; common mistakes; when not to use it,Azure Data Factory,derived from title and intent; no search-volume data,tutorial,"How does Tumbling Window Triggers work, and how do I apply it in practice?",tutorial,educational / tutorial,tumbling window triggers,concept and mental model; worked example; common mistakes; when not to use it,Needs to understand and use Tumbling Window Triggers,no: 100% of its phrasing is shared template text,"no: 701 words, 0% specific to the topic",100% boilerplate,yes: 0% unique phrasing,yes: adf-control-flow-foreach-if-and-until-activities (1.00),,no: informational title,no: 0% unique phrasing,yes,optional,no,yes: step-by-step,yes,yes: no external source,yes,verify on rewrite,"yes: 6 unsourced salary, percentage or demand claims",not verified automatically,yes: opening shared with 49 other articles,yes: heading outline shared with 417 other articles,no: none in the body,none,partly: the body is template text with the title substituted,no,DEEP REWRITE,Template body: 100% of its phrasing is shared with 10+ articles; 0% is its own.,None. Queue order in BLOG_REWRITE_QUEUE.csv.,DEEP REWRITE,true,concept diagram,"One diagram that explains the central idea of ""Tumbling Window Triggers"" — the parts and how they relate.",analyzed
206d0217-79f7-4606-95c3-6999e819ae63,wrangling-data-flows-vs-mapping-data-flows-in-adf,Wrangling Data Flows vs Mapping Data Flows in ADF,azure-data-factory,wrangling data flows vs mapping data flows in adf,wrangling data flows vs mapping data flows in adf comparison; wrangling data flows vs mapping data flows in adf differences; wrangling data flows vs mapping data flows in adf which is better,azure data factory,decision criteria; where each wins; migration or learning cost,Azure Data Factory,derived from title and intent; no search-volume data,comparison,"Should I use mapping data flows or wrangling data flows, and in which situations does each one win?",comparison,comparison (commercial investigation),wrangling data flows vs mapping data flows in adf,decision criteria; where each wins; migration or learning cost,"Needs to choose between the options in ""Wrangling Data Flows vs Mapping Data Flows in ADF""",no: 97% of its phrasing is shared template text,"no: 495 words, 3% specific to the topic",97% boilerplate,yes: 3% unique phrasing,yes: adf-vs-databricks-when-to-use-each (0.97),,no: informational title,no: 3% unique phrasing,yes,has 1; check it is topic-specific,no,no,yes,yes: no external source,yes,verify on rewrite,"yes: 3 unsourced salary, percentage or demand claims",not verified automatically,yes: opening shared with 49 other articles,no,no: none in the body,none,partly: the body is template text with the title substituted,no,DEEP REWRITE,Template body: 97% of its phrasing is shared with 10+ articles; 3% is its own.,None. Queue order in BLOG_REWRITE_QUEUE.csv.,DEEP REWRITE,true,comparison diagram,"Side-by-side diagram of where each option in ""Wrangling Data Flows vs Mapping Data Flows in ADF"" sits in a typical workflow, with the deciding differences labelled.",analyzed
48f55520-ae7a-490d-ad01-f803b86e6207,asking-for-a-raise-timing-script-and-evidence,"Asking for a Raise: Timing, Script and Evidence",career-guidance,asking for a raise,asking for a raise tutorial; asking for a raise explained; how to use asking for a raise,,concept and mental model; worked example; common mistakes; when not to use it,,derived from title and intent; no search-volume data,tutorial,"How does Asking for a Raise work, and how do I apply it in practice?",tutorial,educational / tutorial,asking for a raise,concept and mental model; worked example; common mistakes; when not to use it,Needs to understand and use Asking for a Raise,no: 100% of its phrasing is shared template text,"no: 640 words, 0% specific to the topic",100% boilerplate,yes: 0% unique phrasing,yes: building-a-30-60-90-day-plan-for-a-new-data-job (1.00),salary-negotiation-how-to-get-paid-what-you-re-worth,no: informational title,no: 0% unique phrasing,yes,optional,"yes: runnable, verified code",yes: step-by-step,yes,yes: no external source,yes,verify on rewrite,"yes: 6 unsourced salary, percentage or demand claims",not verified automatically,yes: opening shared with 49 other articles,yes: heading outline shared with 417 other articles,no: none in the body,none,partly: the body is template text with the title substituted,no,MERGE,Same intent as salary-negotiation-how-to-get-paid-what-you-re-worth (phase5-career): Offer negotiation and raises are distinct moments; the email post overlaps the owner. The owner itself is a Phase 4 MANUAL REVIEW for its figures.,Search Console: merge only if this article earns no distinct queries; otherwise rewrite it to the distinct angle in the note.,DEEP REWRITE,true,concept diagram,"One diagram that explains the central idea of ""Asking for a Raise"" — the parts and how they relate.",merge_candidate
0abaa0c1-b9c8-4cb8-9eba-e5cc7c31344c,building-a-30-60-90-day-plan-for-a-new-data-job,Building a 30-60-90 Day Plan for a New Data Job,career-guidance,building a 30-60-90 day plan for a new data job,building a 30-60-90 day plan for a new data job tutorial; building a 30-60-90 day plan for a new data job explained; how to use building a 30-60-90 day plan for a new data job,,concept and mental model; worked example; common mistakes; when not to use it,,derived from title and intent; no search-volume data,tutorial,"How does Building a 30-60-90 Day Plan for a New Data Job work, and how do I apply it in practice?",tutorial,educational / tutorial,building a 30-60-90 day plan for a new data job,concept and mental model; worked example; common mistakes; when not to use it,Needs to understand and use Building a 30-60-90 Day Plan for a New Data Job,no: 100% of its phrasing is shared template text,"no: 654 words, 0% specific to the topic",100% boilerplate,yes: 0% unique phrasing,yes: asking-for-a-raise-timing-script-and-evidence (1.00),,no: informational title,no: 0% unique phrasing,yes,optional,no,yes: step-by-step,yes,yes: no external source,yes,verify on rewrite,"yes: 6 unsourced salary, percentage or demand claims",not verified automatically,yes: opening shared with 49 other articles,yes: heading outline shared with 417 other articles,no: none in the body,none,partly: the body is template text with the title substituted,no,DEEP REWRITE,Template body: 100% of its phrasing is shared with 10+ articles; 0% is its own.,None. Queue order in BLOG_REWRITE_QUEUE.csv.,DEEP REWRITE,true,concept diagram,"One diagram that explains the central idea of ""Building a 30-60-90 Day Plan for a New Data Job"" — the parts and how they relate.",analyzed
02ad0bda-2bf8-4071-92a6-785f58d763fb,building-a-personal-brand-on-linkedin,Building a Personal Brand on LinkedIn,career-guidance,building a personal brand on linkedin,building a personal brand on linkedin tutorial; building a personal brand on linkedin explained; how to use building a personal brand on linkedin,,concept and mental model; worked example; common mistakes; when not to use it,,derived from title and intent; no search-volume data,tutorial,"How does Building a Personal Brand on LinkedIn work, and how do I apply it in practice?",tutorial,educational / tutorial,building a personal brand on linkedin,concept and mental model; worked example; common mistakes; when not to use it,Needs to understand and use Building a Personal Brand on LinkedIn,no: 100% of its phrasing is shared template text,"no: 642 words, 0% specific to the topic",100% boilerplate,yes: 0% unique phrasing,yes: asking-for-a-raise-timing-script-and-evidence (1.00),linkedin-optimization-for-tech-job-seekers-in-2026,no: informational title,no: 0% unique phrasing,yes,optional,no,yes: step-by-step,yes,yes: no external source,yes,verify on rewrite,"yes: 6 unsourced salary, percentage or demand claims",not verified automatically,yes: opening shared with 49 other articles,yes: heading outline shared with 417 other articles,no: none in the body,none,partly: the body is template text with the title substituted,no,MERGE,"Same intent as linkedin-optimization-for-tech-job-seekers-in-2026 (phase5-career): Profile, posting and branding are sections of one guide; the post-writing article can stay if it is genuinely about content.",Search Console: merge only if this article earns no distinct queries; otherwise rewrite it to the distinct angle in the note.,DEEP REWRITE,true,concept diagram,"One diagram that explains the central idea of ""Building a Personal Brand on LinkedIn"" — the parts and how they relate.",merge_candidate
7fcc0cee-7f97-45ae-a9cd-eef649fca17e,building-confidence-for-technical-interviews,Building Confidence for Technical Interviews,career-guidance,building confidence for technical interviews,building confidence for technical interviews tutorial; building confidence for technical interviews explained; how to use building confidence for technical interviews,,concept and mental model; worked example; common mistakes; when not to use it,,derived from title and intent; no search-volume data,tutorial,"How does Building Confidence for Technical Interviews work, and how do I apply it in practice?",tutorial,educational / tutorial,building confidence for technical interviews,concept and mental model; worked example; common mistakes; when not to use it,Needs to understand and use Building Confidence for Technical Interviews,no: 100% of its phrasing is shared template text,"no: 639 words, 0% specific to the topic",100% boilerplate,yes: 0% unique phrasing,yes: asking-for-a-raise-timing-script-and-evidence (1.00),,no: informational title,no: 0% unique phrasing,yes,optional,no,yes: step-by-step,yes,yes: no external source,yes,verify on rewrite,"yes: 6 unsourced salary, percentage or demand claims",not verified automatically,yes: opening shared with 49 other articles,yes: heading outline shared with 417 other articles,no: none in the body,none,partly: the body is template text with the title substituted,no,DEEP REWRITE,Template body: 100% of its phrasing is shared with 10+ articles; 0% is its own.,None. Queue order in BLOG_REWRITE_QUEUE.csv.,DEEP REWRITE,true,concept diagram,"One diagram that explains the central idea of ""Building Confidence for Technical Interviews"" — the parts and how they relate.",analyzed
85015ab0-23af-42e9-8520-ec6830d79306,building-credibility-as-a-self-taught-professional,Building Credibility as a Self-Taught Professional,career-guidance,building credibility as a self-taught professional,building credibility as a self-taught professional tutorial; building credibility as a self-taught professional explained; how to use building credibility as a self-taught professional,,concept and mental model; worked example; common mistakes; when not to use it,,derived from title and intent; no search-volume data,tutorial,"How does Building Credibility as a Self-Taught Professional work, and how do I apply it in practice?",tutorial,educational / tutorial,building credibility as a self-taught professional,concept and mental model; worked example; common mistakes; when not to use it,Needs to understand and use Building Credibility as a Self-Taught Professional,no: 100% of its phrasing is shared template text,"no: 642 words, 0% specific to the topic",100% boilerplate,yes: 0% unique phrasing,yes: asking-for-a-raise-timing-script-and-evidence (1.00),,no: informational title,no: 0% unique phrasing,yes,optional,no,yes: step-by-step,yes,yes: no external source,yes,verify on rewrite,"yes: 6 unsourced salary, percentage or demand claims",not verified automatically,yes: opening shared with 49 other articles,yes: heading outline shared with 417 other articles,no: none in the body,none,partly: the body is template text with the title substituted,no,DEEP REWRITE,Template body: 100% of its phrasing is shared with 10+ articles; 0% is its own.,None. Queue order in BLOG_REWRITE_QUEUE.csv.,DEEP REWRITE,true,concept diagram,"One diagram that explains the central idea of ""Building Credibility as a Self-Taught Professional"" — the parts and how they relate.",analyzed
349ea1de-4798-4906-bb07-274ac701eaef,career-growth-when-to-stay-vs-when-to-switch,Career Growth: When to Stay vs When to Switch,career-guidance,career growth,career growth comparison; career growth differences; career growth which is better,,decision criteria; where each wins; migration or learning cost,,derived from title and intent; no search-volume data,comparison,"How do the options in ""Career Growth"" compare?",comparison,comparison (commercial investigation),career growth,decision criteria; where each wins; migration or learning cost,"Needs to choose between the options in ""Career Growth""",no: 99% of its phrasing is shared template text,"no: 476 words, 1% specific to the topic",99% boilerplate,yes: 1% unique phrasing,yes: internships-vs-certifications-what-recruiters-value (0.98),,no: informational title,no: 1% unique phrasing,yes,has 1; check it is topic-specific,no,no,yes,yes: no external source,yes,verify on rewrite,"yes: 3 unsourced salary, percentage or demand claims",not verified automatically,yes: opening shared with 49 other articles,no,no: none in the body,none,partly: the body is template text with the title substituted,no,DEEP REWRITE,Template body: 99% of its phrasing is shared with 10+ articles; 1% is its own.,None. Queue order in BLOG_REWRITE_QUEUE.csv.,DEEP REWRITE,true,comparison diagram,"Side-by-side diagram of where each option in ""Career Growth"" sits in a typical workflow, with the deciding differences labelled.",analyzed
65cc76d9-89b9-4609-abe6-9d40fc23824e,career-roadmap-analyst-to-scientist-to-lead,Career Roadmap: Analyst to Scientist to Lead,career-guidance,career roadmap,career learning path; how to become career; career skills,,prerequisites; stages and order; projects; what to skip; pacing,,derived from title and intent; no search-volume data,career,"What should I learn, and in what order, to become job-ready in Career?",career,career / roadmap,career roadmap,prerequisites; stages and order; projects; what to skip; pacing,Needs a learning or career path for Career,no: 97% of its phrasing is shared template text,"no: 631 words, 0% specific to the topic",97% boilerplate,yes: 0% unique phrasing,yes: career-switch-to-data-science-a-realistic-roadmap (1.00),,no: informational title,no: 0% unique phrasing,yes,has 1; check it is topic-specific,no,no,yes,yes: no external source,yes,verify on rewrite,"yes: 6 unsourced salary, percentage or demand claims",not verified automatically,yes: opening shared with 49 other articles,yes: heading outline shared with 18 other articles,no: none in the body,none,partly: the body is template text with the title substituted,no,DEEP REWRITE,Template body: 97% of its phrasing is shared with 10+ articles; 0% is its own.,None. Queue order in BLOG_REWRITE_QUEUE.csv.,DEEP REWRITE,true,roadmap diagram,"Stage-by-stage diagram of the Career Roadmap learning path: each stage, the skills in it, and the proof (project) that closes it.",analyzed
991b639c-cd14-482b-8edb-8bc85ac78946,career-switch-to-data-science-a-realistic-roadmap,Career Switch to Data Science: A Realistic Roadmap,career-guidance,career switch to data science,career switch to data science learning path; how to become career switch to data science; career switch to data science skills,,prerequisites; stages and order; projects; what to skip; pacing,,derived from title and intent; no search-volume data,career,"What should I learn, and in what order, to become job-ready in Career Switch to Data Science?",career,career / roadmap,career switch to data science,prerequisites; stages and order; projects; what to skip; pacing,Needs a learning or career path for Career Switch to Data Science,no: 97% of its phrasing is shared template text,"no: 635 words, 0% specific to the topic",97% boilerplate,yes: 0% unique phrasing,yes: career-roadmap-analyst-to-scientist-to-lead (1.00),,no: informational title,no: 0% unique phrasing,yes,has 1; check it is topic-specific,no,no,yes,yes: no external source,yes,verify on rewrite,"yes: 6 unsourced salary, percentage or demand claims",not verified automatically,yes: opening shared with 49 other articles,yes: heading outline shared with 18 other articles,no: none in the body,none,partly: the body is template text with the title substituted,no,DEEP REWRITE,Template body: 97% of its phrasing is shared with 10+ articles; 0% is its own.,None. Queue order in BLOG_REWRITE_QUEUE.csv.,DEEP REWRITE,true,roadmap diagram,"Stage-by-stage diagram of the Career Switch to Data Science learning path: each stage, the skills in it, and the proof (project) that closes it.",analyzed
4da08b23-2103-47c5-8f3e-668b4d51f0dc,common-resume-mistakes-that-get-you-rejected,Common Resume Mistakes That Get You Rejected,career-guidance,common resume mistakes that get you rejected,common resume mistakes that get you rejected tutorial; common resume mistakes that get you rejected explained; how to use common resume mistakes that get you rejected,,concept and mental model; worked example; common mistakes; when not to use it,,derived from title and intent; no search-volume data,tutorial,"How does Common Resume Mistakes That Get You Rejected work, and how do I apply it in practice?",tutorial,educational / tutorial,common resume mistakes that get you rejected,concept and mental model; worked example; common mistakes; when not to use it,Needs to understand and use Common Resume Mistakes That Get You Rejected,no: 100% of its phrasing is shared template text,"no: 645 words, 0% specific to the topic",100% boilerplate,yes: 0% unique phrasing,yes: asking-for-a-raise-timing-script-and-evidence (1.00),resume-building-for-data-roles-a-complete-guide,no: informational title,no: 0% unique phrasing,yes,optional,no,yes: step-by-step,yes,yes: no external source,yes,verify on rewrite,"yes: 6 unsourced salary, percentage or demand claims",not verified automatically,yes: opening shared with 49 other articles,yes: heading outline shared with 417 other articles,no: none in the body,none,partly: the body is template text with the title substituted,no,MERGE,Same intent as resume-building-for-data-roles-a-complete-guide (phase5-career): Mistakes and quantifying achievements are sections of the resume guide or supporting how-tos; keep them only if they go deeper.,Search Console: merge only if this article earns no distinct queries; otherwise rewrite it to the distinct angle in the note.,DEEP REWRITE,true,concept diagram,"One diagram that explains the central idea of ""Common Resume Mistakes That Get You Rejected"" — the parts and how they relate.",merge_candidate
6bafd24c-d84b-449c-901c-df4e8163efbf,cracking-hr-round-questions-confidently,Cracking HR Round Questions Confidently,career-guidance,cracking hr round questions confidently,cracking hr round questions confidently tutorial; cracking hr round questions confidently explained; how to use cracking hr round questions confidently,,concept and mental model; worked example; common mistakes; when not to use it,,derived from title and intent; no search-volume data,tutorial,"How does Cracking HR Round Questions Confidently work, and how do I apply it in practice?",tutorial,educational / tutorial,cracking hr round questions confidently,concept and mental model; worked example; common mistakes; when not to use it,Needs to understand and use Cracking HR Round Questions Confidently,no: 100% of its phrasing is shared template text,"no: 639 words, 0% specific to the topic",100% boilerplate,yes: 0% unique phrasing,yes: asking-for-a-raise-timing-script-and-evidence (1.00),behavioral-interview-questions-for-data-roles,no: informational title,no: 0% unique phrasing,yes,optional,no,yes: step-by-step,yes,yes: no external source,yes,verify on rewrite,"yes: 6 unsourced salary, percentage or demand claims",not verified automatically,yes: opening shared with 49 other articles,yes: heading outline shared with 417 other articles,no: none in the body,none,partly: the body is template text with the title substituted,no,MERGE,"Same intent as behavioral-interview-questions-for-data-roles (phase5-career): STAR and ""tell me about yourself"" are parts of behavioural-interview preparation. Merge or cross-link, pending Search Console.",Search Console: merge only if this article earns no distinct queries; otherwise rewrite it to the distinct angle in the note.,DEEP REWRITE,true,concept diagram,"One diagram that explains the central idea of ""Cracking HR Round Questions Confidently"" — the parts and how they relate.",merge_candidate
ff61386a-778b-4895-9173-fc3c20f1fe33,cracking-the-behavioral-interview-star-method,Cracking the Behavioral Interview: STAR Method,career-guidance,cracking the behavioral interview,cracking the behavioral interview interview questions and answers; cracking the behavioral interview interview questions for freshers; cracking the behavioral interview scenario based questions,,core concepts; scenario questions; follow-up questions; common wrong answers,,derived from title and intent; no search-volume data,interview,"What does an interviewer ask about Cracking the Behavioral Interview, and what does a strong answer contain?",interview,interview preparation,cracking the behavioral interview,core concepts; scenario questions; follow-up questions; common wrong answers,Needs to prepare for interview questions on Cracking the Behavioral Interview,no: 100% of its phrasing is shared template text,"no: 638 words, 0% specific to the topic",100% boilerplate,yes: 0% unique phrasing,yes: asking-for-a-raise-timing-script-and-evidence (1.00),behavioral-interview-questions-for-data-roles,no: informational title,no: 0% unique phrasing,yes,has 1; check it is topic-specific,no,no,no,yes: no external source,yes,verify on rewrite,"yes: 6 unsourced salary, percentage or demand claims",not verified automatically,yes: opening shared with 49 other articles,yes: heading outline shared with 417 other articles,no: none in the body,none,partly: the body is template text with the title substituted,no,MERGE,"Same intent as behavioral-interview-questions-for-data-roles (phase5-career): STAR and ""tell me about yourself"" are parts of behavioural-interview preparation. Merge or cross-link, pending Search Console.",Search Console: merge only if this article earns no distinct queries; otherwise rewrite it to the distinct angle in the note.,DEEP REWRITE,false,none,No image needed; the value is in the questions and answers. Optional: one diagram for the hardest concept explained.,merge_candidate
5fc6afc5-f83d-4462-89a0-25e35eba9439,crafting-an-elevator-pitch-for-tech-roles,Crafting an Elevator Pitch for Tech Roles,career-guidance,crafting an elevator pitch for tech roles,crafting an elevator pitch for tech roles tutorial; crafting an elevator pitch for tech roles explained; how to use crafting an elevator pitch for tech roles,,concept and mental model; worked example; common mistakes; when not to use it,,derived from title and intent; no search-volume data,tutorial,"How does Crafting an Elevator Pitch for Tech Roles work, and how do I apply it in practice?",tutorial,educational / tutorial,crafting an elevator pitch for tech roles,concept and mental model; worked example; common mistakes; when not to use it,Needs to understand and use Crafting an Elevator Pitch for Tech Roles,no: 100% of its phrasing is shared template text,"no: 645 words, 0% specific to the topic",100% boilerplate,yes: 0% unique phrasing,yes: asking-for-a-raise-timing-script-and-evidence (1.00),,no: informational title,no: 0% unique phrasing,yes,optional,no,yes: step-by-step,yes,yes: no external source,yes,verify on rewrite,"yes: 6 unsourced salary, percentage or demand claims",not verified automatically,yes: opening shared with 49 other articles,yes: heading outline shared with 417 other articles,no: none in the body,none,partly: the body is template text with the title substituted,no,DEEP REWRITE,Template body: 100% of its phrasing is shared with 10+ articles; 0% is its own.,None. Queue order in BLOG_REWRITE_QUEUE.csv.,DEEP REWRITE,true,concept diagram,"One diagram that explains the central idea of ""Crafting an Elevator Pitch for Tech Roles"" — the parts and how they relate.",analyzed
2469e61e-f691-45c2-b013-931802ca37e2,freelancing-guide-for-data-professionals,Freelancing Guide for Data Professionals,career-guidance,freelancing guide for data professionals,freelancing guide for data professionals tutorial; freelancing guide for data professionals explained; how to use freelancing guide for data professionals,,concept and mental model; worked example; common mistakes; when not to use it,,derived from title and intent; no search-volume data,tutorial,"How does Freelancing Guide for Data Professionals work, and how do I apply it in practice?",tutorial,educational / tutorial,freelancing guide for data professionals,concept and mental model; worked example; common mistakes; when not to use it,Needs to understand and use Freelancing Guide for Data Professionals,no: 100% of its phrasing is shared template text,"no: 639 words, 0% specific to the topic",100% boilerplate,yes: 0% unique phrasing,yes: asking-for-a-raise-timing-script-and-evidence (1.00),,no: informational title,no: 0% unique phrasing,yes,optional,no,yes: step-by-step,yes,yes: no external source,yes,verify on rewrite,"yes: 6 unsourced salary, percentage or demand claims",not verified automatically,yes: opening shared with 49 other articles,yes: heading outline shared with 417 other articles,no: none in the body,none,partly: the body is template text with the title substituted,no,DEEP REWRITE,Template body: 100% of its phrasing is shared with 10+ articles; 0% is its own.,None. Queue order in BLOG_REWRITE_QUEUE.csv.,DEEP REWRITE,true,concept diagram,"One diagram that explains the central idea of ""Freelancing Guide for Data Professionals"" — the parts and how they relate.",analyzed
fc463cee-1723-4b25-b0c9-fd01b482d4d3,from-college-to-corporate-a-fresher-s-survival-guide,From College to Corporate: A Fresher's Survival Guide,career-guidance,from college to corporate,from college to corporate tutorial; from college to corporate explained; how to use from college to corporate,,concept and mental model; worked example; common mistakes; when not to use it,,derived from title and intent; no search-volume data,tutorial,"How does From College to Corporate work, and how do I apply it in practice?",tutorial,educational / tutorial,from college to corporate,concept and mental model; worked example; common mistakes; when not to use it,Needs to understand and use From College to Corporate,no: 100% of its phrasing is shared template text,"no: 640 words, 0% specific to the topic",100% boilerplate,yes: 0% unique phrasing,yes: asking-for-a-raise-timing-script-and-evidence (1.00),how-to-get-your-first-data-job-with-no-experience,no: informational title,no: 0% unique phrasing,yes,optional,no,yes: step-by-step,yes,yes: no external source,yes,verify on rewrite,"yes: 6 unsourced salary, percentage or demand claims",not verified automatically,yes: opening shared with 49 other articles,yes: heading outline shared with 417 other articles,no: none in the body,none,partly: the body is template text with the title substituted,no,MERGE,"Same intent as how-to-get-your-first-data-job-with-no-experience (phase5-career): The college-to-corporate post is about the first months in a job, a distinct question; the other two overlap the owner.",Search Console: merge only if this article earns no distinct queries; otherwise rewrite it to the distinct angle in the note.,DEEP REWRITE,true,concept diagram,"One diagram that explains the central idea of ""From College to Corporate"" — the parts and how they relate.",merge_candidate
5af445b3-82b0-43b2-baa9-e37d3c607de0,from-service-to-product-company-a-transition-guide,From Service to Product Company: A Transition Guide,career-guidance,from service to product company,from service to product company tutorial; from service to product company explained; how to use from service to product company,,concept and mental model; worked example; common mistakes; when not to use it,,derived from title and intent; no search-volume data,tutorial,"How does From Service to Product Company work, and how do I apply it in practice?",tutorial,educational / tutorial,from service to product company,concept and mental model; worked example; common mistakes; when not to use it,Needs to understand and use From Service to Product Company,no: 100% of its phrasing is shared template text,"no: 642 words, 0% specific to the topic",100% boilerplate,yes: 0% unique phrasing,yes: asking-for-a-raise-timing-script-and-evidence (1.00),,no: informational title,no: 0% unique phrasing,yes,optional,no,yes: step-by-step,yes,yes: no external source,yes,verify on rewrite,"yes: 6 unsourced salary, percentage or demand claims",not verified automatically,yes: opening shared with 49 other articles,yes: heading outline shared with 417 other articles,no: none in the body,none,partly: the body is template text with the title substituted,no,DEEP REWRITE,Template body: 100% of its phrasing is shared with 10+ articles; 0% is its own.,None. Queue order in BLOG_REWRITE_QUEUE.csv.,DEEP REWRITE,true,concept diagram,"One diagram that explains the central idea of ""From Service to Product Company"" — the parts and how they relate.",analyzed
10bd47cf-0379-45cf-a528-f3d759538b77,github-profile-tips-to-impress-hiring-managers,GitHub Profile Tips to Impress Hiring Managers,career-guidance,github profile tips to impress hiring managers,github profile tips to impress hiring managers tutorial; github profile tips to impress hiring managers explained; how to use github profile tips to impress hiring managers,,concept and mental model; worked example; common mistakes; when not to use it,,derived from title and intent; no search-volume data,tutorial,"How does GitHub Profile Tips to Impress Hiring Managers work, and how do I apply it in practice?",tutorial,educational / tutorial,github profile tips to impress hiring managers,concept and mental model; worked example; common mistakes; when not to use it,Needs to understand and use GitHub Profile Tips to Impress Hiring Managers,no: 100% of its phrasing is shared template text,"no: 645 words, 0% specific to the topic",100% boilerplate,yes: 0% unique phrasing,yes: asking-for-a-raise-timing-script-and-evidence (1.00),portfolio-building-projects-that-impress-recruiters,no: informational title,no: 0% unique phrasing,yes,optional,"yes: runnable, verified code",yes: step-by-step,yes,yes: no external source,yes,verify on rewrite,"yes: 6 unsourced salary, percentage or demand claims",not verified automatically,yes: opening shared with 49 other articles,yes: heading outline shared with 417 other articles,no: none in the body,none,partly: the body is template text with the title substituted,no,MERGE,Same intent as portfolio-building-projects-that-impress-recruiters (phase5-career): Phase 4 found the first two word-for-word identical. Website and GitHub posts can stay as how-tos linked from the owner.,Search Console: merge only if this article earns no distinct queries; otherwise rewrite it to the distinct angle in the note.,DEEP REWRITE,true,concept diagram,"One diagram that explains the central idea of ""GitHub Profile Tips to Impress Hiring Managers"" — the parts and how they relate.",merge_candidate
f28fe1ef-f52c-4721-bb31-4aba0dd2e82c,handling-job-rejection-and-bouncing-back,Handling Job Rejection and Bouncing Back,career-guidance,handling job rejection and bouncing back,handling job rejection and bouncing back tutorial; handling job rejection and bouncing back explained; how to use handling job rejection and bouncing back,,concept and mental model; worked example; common mistakes; when not to use it,,derived from title and intent; no search-volume data,tutorial,"How does Handling Job Rejection and Bouncing Back work, and how do I apply it in practice?",tutorial,educational / tutorial,handling job rejection and bouncing back,concept and mental model; worked example; common mistakes; when not to use it,Needs to understand and use Handling Job Rejection and Bouncing Back,no: 100% of its phrasing is shared template text,"no: 642 words, 0% specific to the topic",100% boilerplate,yes: 0% unique phrasing,yes: asking-for-a-raise-timing-script-and-evidence (1.00),,no: informational title,no: 0% unique phrasing,yes,optional,no,yes: step-by-step,yes,yes: no external source,yes,verify on rewrite,"yes: 6 unsourced salary, percentage or demand claims",not verified automatically,yes: opening shared with 49 other articles,yes: heading outline shared with 417 other articles,no: none in the body,none,partly: the body is template text with the title substituted,no,DEEP REWRITE,Template body: 100% of its phrasing is shared with 10+ articles; 0% is its own.,None. Queue order in BLOG_REWRITE_QUEUE.csv.,DEEP REWRITE,true,concept diagram,"One diagram that explains the central idea of ""Handling Job Rejection and Bouncing Back"" — the parts and how they relate.",analyzed
0bdfb4e6-ca7d-4f77-a247-515fbc7a3716,how-to-answer-tell-me-about-yourself-in-interviews,How to Answer 'Tell Me About Yourself' in Interviews,career-guidance,how to answer 'tell me about yourself' in interviews,how to answer 'tell me about yourself' in interviews tutorial; how to answer 'tell me about yourself' in interviews explained; how to use how to answer 'tell me about yourself' in interviews,,concept and mental model; worked example; common mistakes; when not to use it,,derived from title and intent; no search-volume data,tutorial,How do I Answer 'Tell Me About Yourself' in Interviews?,tutorial,educational / tutorial,how to answer 'tell me about yourself' in interviews,concept and mental model; worked example; common mistakes; when not to use it,Needs to understand and use How to Answer 'Tell Me About Yourself' in Interviews,no: 100% of its phrasing is shared template text,"no: 651 words, 0% specific to the topic",100% boilerplate,yes: 0% unique phrasing,yes: asking-for-a-raise-timing-script-and-evidence (1.00),behavioral-interview-questions-for-data-roles,no: informational title,no: 0% unique phrasing,yes,optional,no,yes: step-by-step,yes,yes: no external source,yes,verify on rewrite,"yes: 6 unsourced salary, percentage or demand claims",not verified automatically,yes: opening shared with 49 other articles,yes: heading outline shared with 417 other articles,no: none in the body,none,partly: the body is template text with the title substituted,no,MERGE,"Same intent as behavioral-interview-questions-for-data-roles (phase5-career): STAR and ""tell me about yourself"" are parts of behavioural-interview preparation. Merge or cross-link, pending Search Console.",Search Console: merge only if this article earns no distinct queries; otherwise rewrite it to the distinct angle in the note.,DEEP REWRITE,true,concept diagram,"One diagram that explains the central idea of ""How to Answer 'Tell Me About Yourself' in Interviews"" — the parts and how they relate.",merge_candidate
27c1a6dc-026a-436b-b539-d7a9d24c9c2a,how-to-build-a-data-portfolio-website,How to Build a Data Portfolio Website,career-guidance,how to build a data portfolio website,how to build a data portfolio website tutorial; how to build a data portfolio website explained; how to use how to build a data portfolio website,,concept and mental model; worked example; common mistakes; when not to use it,,derived from title and intent; no search-volume data,tutorial,How do I Build a Data Portfolio Website?,tutorial,educational / tutorial,how to build a data portfolio website,concept and mental model; worked example; common mistakes; when not to use it,Needs to understand and use How to Build a Data Portfolio Website,no: 100% of its phrasing is shared template text,"no: 645 words, 0% specific to the topic",100% boilerplate,yes: 0% unique phrasing,yes: asking-for-a-raise-timing-script-and-evidence (1.00),portfolio-building-projects-that-impress-recruiters,no: informational title,no: 0% unique phrasing,yes,optional,no,yes: step-by-step,yes,yes: no external source,yes,verify on rewrite,"yes: 6 unsourced salary, percentage or demand claims",not verified automatically,yes: opening shared with 49 other articles,yes: heading outline shared with 417 other articles,no: none in the body,none,partly: the body is template text with the title substituted,no,MERGE,Same intent as portfolio-building-projects-that-impress-recruiters (phase5-career): Phase 4 found the first two word-for-word identical. Website and GitHub posts can stay as how-tos linked from the owner.,Search Console: merge only if this article earns no distinct queries; otherwise rewrite it to the distinct angle in the note.,DEEP REWRITE,true,concept diagram,"One diagram that explains the central idea of ""How to Build a Data Portfolio Website"" — the parts and how they relate.",merge_candidate
a7099cd5-af10-4d85-89aa-ff942fed1cbe,how-to-crack-product-based-company-interviews,How to Crack Product-Based Company Interviews,career-guidance,how to crack product-based company interviews,how to crack product-based company interviews tutorial; how to crack product-based company interviews explained; how to use how to crack product-based company interviews,,concept and mental model; worked example; common mistakes; when not to use it,,derived from title and intent; no search-volume data,tutorial,How do I Crack Product-Based Company Interviews?,tutorial,educational / tutorial,how to crack product-based company interviews,concept and mental model; worked example; common mistakes; when not to use it,Needs to understand and use How to Crack Product-Based Company Interviews,no: 100% of its phrasing is shared template text,"no: 642 words, 0% specific to the topic",100% boilerplate,yes: 0% unique phrasing,yes: asking-for-a-raise-timing-script-and-evidence (1.00),,no: informational title,no: 0% unique phrasing,yes,optional,no,yes: step-by-step,yes,yes: no external source,yes,verify on rewrite,"yes: 6 unsourced salary, percentage or demand claims",not verified automatically,yes: opening shared with 49 other articles,yes: heading outline shared with 417 other articles,no: none in the body,none,partly: the body is template text with the title substituted,no,DEEP REWRITE,Template body: 100% of its phrasing is shared with 10+ articles; 0% is its own.,None. Queue order in BLOG_REWRITE_QUEUE.csv.,DEEP REWRITE,true,concept diagram,"One diagram that explains the central idea of ""How to Crack Product-Based Company Interviews"" — the parts and how they relate.",analyzed
967d2df0-0348-4572-99ed-86c4eba17f41,how-to-find-a-mentor-in-tech,How to Find a Mentor in Tech,career-guidance,how to find a mentor in tech,how to find a mentor in tech tutorial; how to find a mentor in tech explained; how to use how to find a mentor in tech,,concept and mental model; worked example; common mistakes; when not to use it,,derived from title and intent; no search-volume data,tutorial,How do I Find a Mentor in Tech?,tutorial,educational / tutorial,how to find a mentor in tech,concept and mental model; worked example; common mistakes; when not to use it,Needs to understand and use How to Find a Mentor in Tech,no: 100% of its phrasing is shared template text,"no: 645 words, 0% specific to the topic",100% boilerplate,yes: 0% unique phrasing,yes: asking-for-a-raise-timing-script-and-evidence (1.00),,no: informational title,no: 0% unique phrasing,yes,optional,no,yes: step-by-step,yes,yes: no external source,yes,verify on rewrite,"yes: 6 unsourced salary, percentage or demand claims",not verified automatically,yes: opening shared with 49 other articles,yes: heading outline shared with 417 other articles,no: none in the body,none,partly: the body is template text with the title substituted,no,DEEP REWRITE,Template body: 100% of its phrasing is shared with 10+ articles; 0% is its own.,None. Queue order in BLOG_REWRITE_QUEUE.csv.,DEEP REWRITE,true,concept diagram,"One diagram that explains the central idea of ""How to Find a Mentor in Tech"" — the parts and how they relate.",analyzed
29786512-1893-41b9-ae9a-e806a4a6b0bb,how-to-get-promoted-in-a-data-team,How to Get Promoted in a Data Team,career-guidance,how to get promoted in a data team,how to get promoted in a data team tutorial; how to get promoted in a data team explained; how to use how to get promoted in a data team,,concept and mental model; worked example; common mistakes; when not to use it,,derived from title and intent; no search-volume data,tutorial,How do I Get Promoted in a Data Team?,tutorial,educational / tutorial,how to get promoted in a data team,concept and mental model; worked example; common mistakes; when not to use it,Needs to understand and use How to Get Promoted in a Data Team,no: 100% of its phrasing is shared template text,"no: 648 words, 0% specific to the topic",100% boilerplate,yes: 0% unique phrasing,yes: asking-for-a-raise-timing-script-and-evidence (1.00),,no: informational title,no: 0% unique phrasing,yes,optional,no,yes: step-by-step,yes,yes: no external source,yes,verify on rewrite,"yes: 6 unsourced salary, percentage or demand claims",not verified automatically,yes: opening shared with 49 other articles,yes: heading outline shared with 417 other articles,no: none in the body,none,partly: the body is template text with the title substituted,no,DEEP REWRITE,Template body: 100% of its phrasing is shared with 10+ articles; 0% is its own.,None. Queue order in BLOG_REWRITE_QUEUE.csv.,DEEP REWRITE,true,concept diagram,"One diagram that explains the central idea of ""How to Get Promoted in a Data Team"" — the parts and how they relate.",analyzed
32cf794d-cafa-4a23-9f3e-59970c4bdfcb,how-to-get-recruiters-to-notice-your-profile,How to Get Recruiters to Notice Your Profile,career-guidance,how to get recruiters to notice your profile,how to get recruiters to notice your profile tutorial; how to get recruiters to notice your profile explained; how to use how to get recruiters to notice your profile,,concept and mental model; worked example; common mistakes; when not to use it,,derived from title and intent; no search-volume data,tutorial,How do I Get Recruiters to Notice Your Profile?,tutorial,educational / tutorial,how to get recruiters to notice your profile,concept and mental model; worked example; common mistakes; when not to use it,Needs to understand and use How to Get Recruiters to Notice Your Profile,no: 100% of its phrasing is shared template text,"no: 648 words, 0% specific to the topic",100% boilerplate,yes: 0% unique phrasing,yes: asking-for-a-raise-timing-script-and-evidence (1.00),linkedin-optimization-for-tech-job-seekers-in-2026,no: informational title,no: 0% unique phrasing,yes,optional,no,yes: step-by-step,yes,yes: no external source,yes,verify on rewrite,"yes: 6 unsourced salary, percentage or demand claims",not verified automatically,yes: opening shared with 49 other articles,yes: heading outline shared with 417 other articles,no: none in the body,none,partly: the body is template text with the title substituted,no,MERGE,"Same intent as linkedin-optimization-for-tech-job-seekers-in-2026 (phase5-career): Profile, posting and branding are sections of one guide; the post-writing article can stay if it is genuinely about content.",Search Console: merge only if this article earns no distinct queries; otherwise rewrite it to the distinct angle in the note.,DEEP REWRITE,true,concept diagram,"One diagram that explains the central idea of ""How to Get Recruiters to Notice Your Profile"" — the parts and how they relate.",merge_candidate
aab7ba0a-93a0-41f4-9e23-3cba7707ffbf,how-to-get-your-first-data-job-with-no-experience,How to Get Your First Data Job with No Experience,career-guidance,how to get your first data job with no experience,how to get your first data job with no experience tutorial; how to get your first data job with no experience explained; how to use how to get your first data job with no experience,,concept and mental model; worked example; common mistakes; when not to use it,,derived from title and intent; no search-volume data,tutorial,How do I Get Your First Data Job with No Experience?,tutorial,educational / tutorial,how to get your first data job with no experience,concept and mental model; worked example; common mistakes; when not to use it,Needs to understand and use How to Get Your First Data Job with No Experience,no: 100% of its phrasing is shared template text,"no: 654 words, 0% specific to the topic",100% boilerplate,yes: 0% unique phrasing,yes: asking-for-a-raise-timing-script-and-evidence (1.00),,no: informational title,no: 0% unique phrasing,yes,optional,no,yes: step-by-step,yes,yes: no external source,yes,verify on rewrite,"yes: 6 unsourced salary, percentage or demand claims",not verified automatically,yes: opening shared with 49 other articles,yes: heading outline shared with 417 other articles,no: none in the body,none,partly: the body is template text with the title substituted,no,DEEP REWRITE,Template body: 100% of its phrasing is shared with 10+ articles; 0% is its own.,None. Queue order in BLOG_REWRITE_QUEUE.csv.,DEEP REWRITE,true,concept diagram,"One diagram that explains the central idea of ""How to Get Your First Data Job with No Experience"" — the parts and how they relate.",analyzed
a0318615-bc1b-4d98-be65-146d5ec21e43,how-to-handle-multiple-job-offers-gracefully,How to Handle Multiple Job Offers Gracefully,career-guidance,how to handle multiple job offers gracefully,how to handle multiple job offers gracefully tutorial; how to handle multiple job offers gracefully explained; how to use how to handle multiple job offers gracefully,,concept and mental model; worked example; common mistakes; when not to use it,,derived from title and intent; no search-volume data,tutorial,How do I Handle Multiple Job Offers Gracefully?,tutorial,educational / tutorial,how to handle multiple job offers gracefully,concept and mental model; worked example; common mistakes; when not to use it,Needs to understand and use How to Handle Multiple Job Offers Gracefully,no: 100% of its phrasing is shared template text,"no: 645 words, 0% specific to the topic",100% boilerplate,yes: 0% unique phrasing,yes: asking-for-a-raise-timing-script-and-evidence (1.00),,no: informational title,no: 0% unique phrasing,yes,optional,no,yes: step-by-step,yes,yes: no external source,yes,verify on rewrite,"yes: 6 unsourced salary, percentage or demand claims",not verified automatically,yes: opening shared with 49 other articles,yes: heading outline shared with 417 other articles,no: none in the body,none,partly: the body is template text with the title substituted,no,DEEP REWRITE,Template body: 100% of its phrasing is shared with 10+ articles; 0% is its own.,None. Queue order in BLOG_REWRITE_QUEUE.csv.,DEEP REWRITE,true,concept diagram,"One diagram that explains the central idea of ""How to Handle Multiple Job Offers Gracefully"" — the parts and how they relate.",analyzed
13f7db9c-eb08-496e-ba69-a4d0014165ca,how-to-make-a-career-pivot-without-a-pay-cut,How to Make a Career Pivot Without a Pay Cut,career-guidance,how to make a career pivot without a pay cut,how to make a career pivot without a pay cut tutorial; how to make a career pivot without a pay cut explained; how to use how to make a career pivot without a pay cut,,concept and mental model; worked example; common mistakes; when not to use it,,derived from title and intent; no search-volume data,tutorial,How do I Make a Career Pivot Without a Pay Cut?,tutorial,educational / tutorial,how to make a career pivot without a pay cut,concept and mental model; worked example; common mistakes; when not to use it,Needs to understand and use How to Make a Career Pivot Without a Pay Cut,no: 100% of its phrasing is shared template text,"no: 654 words, 0% specific to the topic",100% boilerplate,yes: 0% unique phrasing,yes: asking-for-a-raise-timing-script-and-evidence (1.00),,no: informational title,no: 0% unique phrasing,yes,optional,no,yes: step-by-step,yes,yes: no external source,yes,verify on rewrite,"yes: 6 unsourced salary, percentage or demand claims",not verified automatically,yes: opening shared with 49 other articles,yes: heading outline shared with 417 other articles,no: none in the body,none,partly: the body is template text with the title substituted,no,DEEP REWRITE,Template body: 100% of its phrasing is shared with 10+ articles; 0% is its own.,None. Queue order in BLOG_REWRITE_QUEUE.csv.,DEEP REWRITE,true,concept diagram,"One diagram that explains the central idea of ""How to Make a Career Pivot Without a Pay Cut"" — the parts and how they relate.",analyzed
e4d3dfbf-9891-48ca-9780-5154a5b3b399,how-to-negotiate-a-job-offer-email-step-by-step,How to Negotiate a Job Offer Email Step by Step,career-guidance,how to negotiate a job offer email step by step,how to negotiate a job offer email step by step tutorial; how to negotiate a job offer email step by step explained; how to use how to negotiate a job offer email step by step,,concept and mental model; worked example; common mistakes; when not to use it,,derived from title and intent; no search-volume data,tutorial,How do I Negotiate a Job Offer Email Step by Step?,tutorial,educational / tutorial,how to negotiate a job offer email step by step,concept and mental model; worked example; common mistakes; when not to use it,Needs to understand and use How to Negotiate a Job Offer Email Step by Step,no: 100% of its phrasing is shared template text,"no: 654 words, 0% specific to the topic",100% boilerplate,yes: 0% unique phrasing,yes: asking-for-a-raise-timing-script-and-evidence (1.00),salary-negotiation-how-to-get-paid-what-you-re-worth,no: informational title,no: 0% unique phrasing,yes,optional,no,yes: step-by-step,yes,yes: no external source,yes,verify on rewrite,"yes: 6 unsourced salary, percentage or demand claims",not verified automatically,yes: opening shared with 49 other articles,yes: heading outline shared with 417 other articles,no: none in the body,none,partly: the body is template text with the title substituted,no,MERGE,Same intent as salary-negotiation-how-to-get-paid-what-you-re-worth (phase5-career): Offer negotiation and raises are distinct moments; the email post overlaps the owner. The owner itself is a Phase 4 MANUAL REVIEW for its figures.,Search Console: merge only if this article earns no distinct queries; otherwise rewrite it to the distinct angle in the note.,DEEP REWRITE,true,concept diagram,"One diagram that explains the central idea of ""How to Negotiate a Job Offer Email Step by Step"" — the parts and how they relate.",merge_candidate
9f20c19d-0345-4d71-a818-7fbeca99a099,how-to-plan-a-5-year-career-in-data,How to Plan a 5-Year Career in Data,career-guidance,how to plan a 5-year career in data,how to plan a 5-year career in data learning path; how to become how to plan a 5-year career in data; how to plan a 5-year career in data skills,,prerequisites; stages and order; projects; what to skip; pacing,,derived from title and intent; no search-volume data,career,"What should I learn, and in what order, to become job-ready in How to Plan a 5-Year Career in Data?",career,career / roadmap,how to plan a 5-year career in data,prerequisites; stages and order; projects; what to skip; pacing,Needs a learning or career path for How to Plan a 5-Year Career in Data,no: 100% of its phrasing is shared template text,"no: 648 words, 0% specific to the topic",100% boilerplate,yes: 0% unique phrasing,yes: asking-for-a-raise-timing-script-and-evidence (1.00),,no: informational title,no: 0% unique phrasing,yes,has 1; check it is topic-specific,no,no,yes,yes: no external source,yes,verify on rewrite,"yes: 6 unsourced salary, percentage or demand claims",not verified automatically,yes: opening shared with 49 other articles,yes: heading outline shared with 417 other articles,no: none in the body,none,partly: the body is template text with the title substituted,no,DEEP REWRITE,Template body: 100% of its phrasing is shared with 10+ articles; 0% is its own.,None. Queue order in BLOG_REWRITE_QUEUE.csv.,DEEP REWRITE,true,roadmap diagram,"Stage-by-stage diagram of the How to Plan a 5-Year Career in Data learning path: each stage, the skills in it, and the proof (project) that closes it.",analyzed
10d428e9-db13-45b5-b561-20494be01b7c,how-to-prepare-for-an-interview-in-one-week,How to Prepare for an Interview in One Week,career-guidance,how to prepare for an interview in one week,how to prepare for an interview in one week interview questions and answers; how to prepare for an interview in one week interview questions for freshers; how to prepare for an interview in one week scenario based questions,,core concepts; scenario questions; follow-up questions; common wrong answers,,derived from title and intent; no search-volume data,interview,"What does an interviewer ask about How to Prepare for an Interview in One Week, and what does a strong answer contain?",interview,interview preparation,how to prepare for an interview in one week,core concepts; scenario questions; follow-up questions; common wrong answers,Needs to prepare for interview questions on How to Prepare for an Interview in One Week,no: 100% of its phrasing is shared template text,"no: 651 words, 0% specific to the topic",100% boilerplate,yes: 0% unique phrasing,yes: asking-for-a-raise-timing-script-and-evidence (1.00),,no: informational title,no: 0% unique phrasing,yes,has 1; check it is topic-specific,no,no,no,yes: no external source,yes,verify on rewrite,"yes: 6 unsourced salary, percentage or demand claims",not verified automatically,yes: opening shared with 49 other articles,yes: heading outline shared with 417 other articles,no: none in the body,none,partly: the body is template text with the title substituted,no,DEEP REWRITE,Template body: 100% of its phrasing is shared with 10+ articles; 0% is its own.,None. Queue order in BLOG_REWRITE_QUEUE.csv.,DEEP REWRITE,false,none,No image needed; the value is in the questions and answers. Optional: one diagram for the hardest concept explained.,analyzed
6d1ca64b-0d66-4008-bd41-b562c2d41a01,how-to-quantify-achievements-on-your-resume,How to Quantify Achievements on Your Resume,career-guidance,how to quantify achievements on your resume,how to quantify achievements on your resume tutorial; how to quantify achievements on your resume explained; how to use how to quantify achievements on your resume,,concept and mental model; worked example; common mistakes; when not to use it,,derived from title and intent; no search-volume data,tutorial,How do I Quantify Achievements on Your Resume?,tutorial,educational / tutorial,how to quantify achievements on your resume,concept and mental model; worked example; common mistakes; when not to use it,Needs to understand and use How to Quantify Achievements on Your Resume,no: 100% of its phrasing is shared template text,"no: 645 words, 0% specific to the topic",100% boilerplate,yes: 0% unique phrasing,yes: asking-for-a-raise-timing-script-and-evidence (1.00),resume-building-for-data-roles-a-complete-guide,no: informational title,no: 0% unique phrasing,yes,optional,no,yes: step-by-step,yes,yes: no external source,yes,verify on rewrite,"yes: 6 unsourced salary, percentage or demand claims",not verified automatically,yes: opening shared with 49 other articles,yes: heading outline shared with 417 other articles,no: none in the body,none,partly: the body is template text with the title substituted,no,MERGE,Same intent as resume-building-for-data-roles-a-complete-guide (phase5-career): Mistakes and quantifying achievements are sections of the resume guide or supporting how-tos; keep them only if they go deeper.,Search Console: merge only if this article earns no distinct queries; otherwise rewrite it to the distinct angle in the note.,DEEP REWRITE,true,concept diagram,"One diagram that explains the central idea of ""How to Quantify Achievements on Your Resume"" — the parts and how they relate.",merge_candidate
2566c21c-4ed1-4e8d-9667-b1a8ca6cf96f,how-to-stand-out-in-a-crowded-junior-job-market,How to Stand Out in a Crowded Junior Job Market,career-guidance,how to stand out in a crowded junior job market,how to stand out in a crowded junior job market tutorial; how to stand out in a crowded junior job market explained; how to use how to stand out in a crowded junior job market,,concept and mental model; worked example; common mistakes; when not to use it,,derived from title and intent; no search-volume data,tutorial,How do I Stand Out in a Crowded Junior Job Market?,tutorial,educational / tutorial,how to stand out in a crowded junior job market,concept and mental model; worked example; common mistakes; when not to use it,Needs to understand and use How to Stand Out in a Crowded Junior Job Market,no: 100% of its phrasing is shared template text,"no: 654 words, 0% specific to the topic",100% boilerplate,yes: 0% unique phrasing,yes: asking-for-a-raise-timing-script-and-evidence (1.00),how-to-get-your-first-data-job-with-no-experience,no: informational title,no: 0% unique phrasing,yes,optional,no,yes: step-by-step,yes,yes: no external source,yes,verify on rewrite,"yes: 6 unsourced salary, percentage or demand claims",not verified automatically,yes: opening shared with 49 other articles,yes: heading outline shared with 417 other articles,no: none in the body,none,partly: the body is template text with the title substituted,no,MERGE,"Same intent as how-to-get-your-first-data-job-with-no-experience (phase5-career): The college-to-corporate post is about the first months in a job, a distinct question; the other two overlap the owner.",Search Console: merge only if this article earns no distinct queries; otherwise rewrite it to the distinct angle in the note.,DEEP REWRITE,true,concept diagram,"One diagram that explains the central idea of ""How to Stand Out in a Crowded Junior Job Market"" — the parts and how they relate.",merge_candidate
4e48b7b9-3d77-4565-af17-6656bb2060ed,how-to-switch-careers-after-30-a-practical-guide,How to Switch Careers After 30: A Practical Guide,career-guidance,how to switch careers after 30,how to switch careers after 30 tutorial; how to switch careers after 30 explained; how to use how to switch careers after 30,,concept and mental model; worked example; common mistakes; when not to use it,,derived from title and intent; no search-volume data,tutorial,How do I Switch Careers After 30?,tutorial,educational / tutorial,how to switch careers after 30,concept and mental model; worked example; common mistakes; when not to use it,Needs to understand and use How to Switch Careers After 30,no: 100% of its phrasing is shared template text,"no: 645 words, 0% specific to the topic",100% boilerplate,yes: 0% unique phrasing,yes: asking-for-a-raise-timing-script-and-evidence (1.00),,no: informational title,no: 0% unique phrasing,yes,optional,no,yes: step-by-step,yes,yes: no external source,yes,verify on rewrite,"yes: 6 unsourced salary, percentage or demand claims",not verified automatically,yes: opening shared with 49 other articles,yes: heading outline shared with 417 other articles,no: none in the body,none,partly: the body is template text with the title substituted,no,DEEP REWRITE,Template body: 100% of its phrasing is shared with 10+ articles; 0% is its own.,None. Queue order in BLOG_REWRITE_QUEUE.csv.,DEEP REWRITE,true,concept diagram,"One diagram that explains the central idea of ""How to Switch Careers After 30"" — the parts and how they relate.",analyzed
d10e174e-a146-4391-89c9-2ba88fa170a2,how-to-transition-from-testing-to-data-engineering,How to Transition from Testing to Data Engineering,career-guidance,how to transition from testing to data engineering,how to transition from testing to data engineering tutorial; how to transition from testing to data engineering explained; how to use how to transition from testing to data engineering,,concept and mental model; worked example; common mistakes; when not to use it,,derived from title and intent; no search-volume data,tutorial,How do I Transition from Testing to Data Engineering?,tutorial,educational / tutorial,how to transition from testing to data engineering,concept and mental model; worked example; common mistakes; when not to use it,Needs to understand and use How to Transition from Testing to Data Engineering,no: 100% of its phrasing is shared template text,"no: 648 words, 0% specific to the topic",100% boilerplate,yes: 0% unique phrasing,yes: asking-for-a-raise-timing-script-and-evidence (1.00),,no: informational title,no: 0% unique phrasing,yes,optional,no,yes: step-by-step,yes,yes: no external source,yes,verify on rewrite,"yes: 6 unsourced salary, percentage or demand claims",not verified automatically,yes: opening shared with 49 other articles,yes: heading outline shared with 417 other articles,no: none in the body,none,partly: the body is template text with the title substituted,no,DEEP REWRITE,Template body: 100% of its phrasing is shared with 10+ articles; 0% is its own.,None. Queue order in BLOG_REWRITE_QUEUE.csv.,DEEP REWRITE,true,concept diagram,"One diagram that explains the central idea of ""How to Transition from Testing to Data Engineering"" — the parts and how they relate.",analyzed
d511d0c2-d5b3-468d-8e53-de794bb760d5,how-to-use-kaggle-to-boost-your-job-profile,How to Use Kaggle to Boost Your Job Profile,career-guidance,how to use kaggle to boost your job profile,how to use kaggle to boost your job profile tutorial; how to use kaggle to boost your job profile explained; how to use how to use kaggle to boost your job profile,,concept and mental model; worked example; common mistakes; when not to use it,,derived from title and intent; no search-volume data,tutorial,How do I Use Kaggle to Boost Your Job Profile?,tutorial,educational / tutorial,how to use kaggle to boost your job profile,concept and mental model; worked example; common mistakes; when not to use it,Needs to understand and use How to Use Kaggle to Boost Your Job Profile,no: 100% of its phrasing is shared template text,"no: 651 words, 0% specific to the topic",100% boilerplate,yes: 0% unique phrasing,yes: asking-for-a-raise-timing-script-and-evidence (1.00),,no: informational title,no: 0% unique phrasing,yes,optional,no,yes: step-by-step,yes,yes: no external source,yes,verify on rewrite,"yes: 6 unsourced salary, percentage or demand claims",not verified automatically,yes: opening shared with 49 other articles,yes: heading outline shared with 417 other articles,no: none in the body,none,partly: the body is template text with the title substituted,no,DEEP REWRITE,Template body: 100% of its phrasing is shared with 10+ articles; 0% is its own.,None. Queue order in BLOG_REWRITE_QUEUE.csv.,DEEP REWRITE,true,concept diagram,"One diagram that explains the central idea of ""How to Use Kaggle to Boost Your Job Profile"" — the parts and how they relate.",analyzed
4c19b315-d7a3-4d71-803f-c178ab0810e5,how-to-write-a-cover-letter-that-gets-read,How to Write a Cover Letter That Gets Read,career-guidance,how to write a cover letter that gets read,how to write a cover letter that gets read tutorial; how to write a cover letter that gets read explained; how to use how to write a cover letter that gets read,,concept and mental model; worked example; common mistakes; when not to use it,,derived from title and intent; no search-volume data,tutorial,How do I Write a Cover Letter That Gets Read?,tutorial,educational / tutorial,how to write a cover letter that gets read,concept and mental model; worked example; common mistakes; when not to use it,Needs to understand and use How to Write a Cover Letter That Gets Read,no: 100% of its phrasing is shared template text,"no: 651 words, 0% specific to the topic",100% boilerplate,yes: 0% unique phrasing,yes: asking-for-a-raise-timing-script-and-evidence (1.00),,no: informational title,no: 0% unique phrasing,yes,optional,no,yes: step-by-step,yes,yes: no external source,yes,verify on rewrite,"yes: 6 unsourced salary, percentage or demand claims",not verified automatically,yes: opening shared with 49 other articles,yes: heading outline shared with 417 other articles,no: none in the body,none,partly: the body is template text with the title substituted,no,DEEP REWRITE,Template body: 100% of its phrasing is shared with 10+ articles; 0% is its own.,None. Queue order in BLOG_REWRITE_QUEUE.csv.,DEEP REWRITE,true,concept diagram,"One diagram that explains the central idea of ""How to Write a Cover Letter That Gets Read"" — the parts and how they relate.",analyzed
1b0581ad-8b47-4731-b786-9b8b3be0ada0,how-to-write-linkedin-posts-that-get-you-noticed,How to Write LinkedIn Posts That Get You Noticed,career-guidance,how to write linkedin posts that get you noticed,how to write linkedin posts that get you noticed tutorial; how to write linkedin posts that get you noticed explained; how to use how to write linkedin posts that get you noticed,,concept and mental model; worked example; common mistakes; when not to use it,,derived from title and intent; no search-volume data,tutorial,How do I Write LinkedIn Posts That Get You Noticed?,tutorial,educational / tutorial,how to write linkedin posts that get you noticed,concept and mental model; worked example; common mistakes; when not to use it,Needs to understand and use How to Write LinkedIn Posts That Get You Noticed,no: 100% of its phrasing is shared template text,"no: 651 words, 0% specific to the topic",100% boilerplate,yes: 0% unique phrasing,yes: asking-for-a-raise-timing-script-and-evidence (1.00),linkedin-optimization-for-tech-job-seekers-in-2026,no: informational title,no: 0% unique phrasing,yes,optional,no,yes: step-by-step,yes,yes: no external source,yes,verify on rewrite,"yes: 6 unsourced salary, percentage or demand claims",not verified automatically,yes: opening shared with 49 other articles,yes: heading outline shared with 417 other articles,no: none in the body,none,partly: the body is template text with the title substituted,no,MERGE,"Same intent as linkedin-optimization-for-tech-job-seekers-in-2026 (phase5-career): Profile, posting and branding are sections of one guide; the post-writing article can stay if it is genuinely about content.",Search Console: merge only if this article earns no distinct queries; otherwise rewrite it to the distinct angle in the note.,DEEP REWRITE,true,concept diagram,"One diagram that explains the central idea of ""How to Write LinkedIn Posts That Get You Noticed"" — the parts and how they relate.",merge_candidate
ee7bcd59-2acc-4cdd-ae67-84b7bfc38ddb,imposter-syndrome-in-tech-how-to-beat-it,Imposter Syndrome in Tech: How to Beat It,career-guidance,imposter syndrome in tech,imposter syndrome in tech tutorial; imposter syndrome in tech explained; how to use imposter syndrome in tech,,concept and mental model; worked example; common mistakes; when not to use it,,derived from title and intent; no search-volume data,tutorial,"How does Imposter Syndrome in Tech work, and how do I apply it in practice?",tutorial,educational / tutorial,imposter syndrome in tech,concept and mental model; worked example; common mistakes; when not to use it,Needs to understand and use Imposter Syndrome in Tech,no: 100% of its phrasing is shared template text,"no: 640 words, 0% specific to the topic",100% boilerplate,yes: 0% unique phrasing,yes: asking-for-a-raise-timing-script-and-evidence (1.00),,no: informational title,no: 0% unique phrasing,yes,optional,no,yes: step-by-step,yes,yes: no external source,yes,verify on rewrite,"yes: 6 unsourced salary, percentage or demand claims",not verified automatically,yes: opening shared with 49 other articles,yes: heading outline shared with 417 other articles,no: none in the body,none,partly: the body is template text with the title substituted,no,DEEP REWRITE,Template body: 100% of its phrasing is shared with 10+ articles; 0% is its own.,None. Queue order in BLOG_REWRITE_QUEUE.csv.,DEEP REWRITE,true,concept diagram,"One diagram that explains the central idea of ""Imposter Syndrome in Tech"" — the parts and how they relate.",analyzed
1b0dde28-b020-4114-a180-4e693a672b9a,internships-vs-certifications-what-recruiters-value,Internships vs Certifications: What Recruiters Value,career-guidance,internships vs certifications,internships vs certifications exam; internships vs certifications preparation; internships vs certifications worth it,,exam scope; prerequisites; preparation plan; value,,derived from title and intent; no search-volume data,certification,"Is Internships vs Certifications worth it, and how do I prepare for it?",certification,certification,internships vs certifications,exam scope; prerequisites; preparation plan; value,"Needs to decide on, and prepare for, Internships vs Certifications",no: 99% of its phrasing is shared template text,"no: 474 words, 1% specific to the topic",99% boilerplate,yes: 1% unique phrasing,yes: upskilling-vs-reskilling-which-path-fits-you (0.99),,no: informational title,no: 1% unique phrasing,yes,has 1; check it is topic-specific,no,no,yes,yes: no external source,yes,yes: fast-moving topic or dated title,"yes: 3 unsourced salary, percentage or demand claims",likely: dated or fast-moving; not verified automatically,yes: opening shared with 49 other articles,no,no: none in the body,none,partly: the body is template text with the title substituted,no,DEEP REWRITE,Template body: 99% of its phrasing is shared with 10+ articles; 1% is its own.,None. Queue order in BLOG_REWRITE_QUEUE.csv.,DEEP REWRITE,true,concept diagram,"One diagram that explains the central idea of ""Internships vs Certifications"" — the parts and how they relate.",analyzed
b72f8d3e-b8e6-421c-94c2-cb7807bee0a4,interview-tips-for-freshers-how-to-stand-out,Interview Tips for Freshers: How to Stand Out,career-guidance,interview tips for freshers,interview tips for freshers interview questions and answers; interview tips for freshers interview questions for freshers; interview tips for freshers scenario based questions,,core concepts; scenario questions; follow-up questions; common wrong answers,,derived from title and intent; no search-volume data,interview,"What does an interviewer ask about Interview Tips for Freshers, and what does a strong answer contain?",interview,interview preparation,interview tips for freshers,core concepts; scenario questions; follow-up questions; common wrong answers,Needs to prepare for interview questions on Interview Tips for Freshers,no: 100% of its phrasing is shared template text,"no: 640 words, 0% specific to the topic",100% boilerplate,yes: 0% unique phrasing,yes: asking-for-a-raise-timing-script-and-evidence (1.00),how-to-get-your-first-data-job-with-no-experience,no: informational title,no: 0% unique phrasing,yes,has 1; check it is topic-specific,no,no,no,yes: no external source,yes,verify on rewrite,"yes: 6 unsourced salary, percentage or demand claims",not verified automatically,yes: opening shared with 49 other articles,yes: heading outline shared with 417 other articles,no: none in the body,none,partly: the body is template text with the title substituted,no,MERGE,"Same intent as how-to-get-your-first-data-job-with-no-experience (phase5-career): The college-to-corporate post is about the first months in a job, a distinct question; the other two overlap the owner.",Search Console: merge only if this article earns no distinct queries; otherwise rewrite it to the distinct angle in the note.,DEEP REWRITE,false,none,No image needed; the value is in the questions and answers. Optional: one diagram for the hardest concept explained.,merge_candidate
a0224e31-c0b6-4e0b-961b-15d4d967cea9,job-search-strategy-for-the-indian-tech-market-2026,Job Search Strategy for the Indian Tech Market 2026,career-guidance,job search strategy for the indian tech market,job search strategy for the indian tech market tutorial; job search strategy for the indian tech market explained; how to use job search strategy for the indian tech market,,concept and mental model; worked example; common mistakes; when not to use it,,derived from title and intent; no search-volume data,tutorial,"How does Job Search Strategy for the Indian Tech Market work, and how do I apply it in practice?",tutorial,educational / tutorial,job search strategy for the indian tech market,concept and mental model; worked example; common mistakes; when not to use it,Needs to understand and use Job Search Strategy for the Indian Tech Market,no: 100% of its phrasing is shared template text,"no: 651 words, 0% specific to the topic",100% boilerplate,yes: 0% unique phrasing,yes: asking-for-a-raise-timing-script-and-evidence (1.00),,no: informational title,no: 0% unique phrasing,yes,optional,no,yes: step-by-step,yes,yes: no external source,yes,yes: fast-moving topic or dated title,"yes: 6 unsourced salary, percentage or demand claims",likely: dated or fast-moving; not verified automatically,yes: opening shared with 49 other articles,yes: heading outline shared with 417 other articles,no: none in the body,none,partly: the body is template text with the title substituted,no,DEEP REWRITE,Template body: 100% of its phrasing is shared with 10+ articles; 0% is its own.,None. Queue order in BLOG_REWRITE_QUEUE.csv.,DEEP REWRITE,true,concept diagram,"One diagram that explains the central idea of ""Job Search Strategy for the Indian Tech Market 2026"" — the parts and how they relate.",analyzed
6fb04597-c9b0-46c7-a854-a262c7b17653,linkedin-optimization-for-tech-job-seekers-in-2026,LinkedIn Optimization for Tech Job Seekers in 2026,career-guidance,linkedin optimization for tech job seekers in,linkedin optimization for tech job seekers tutorial; linkedin optimization for tech job seekers explained; how to use linkedin optimization for tech job seekers,,concept and mental model; worked example; common mistakes; when not to use it,,derived from title and intent; no search-volume data,tutorial,"How does LinkedIn Optimization for Tech Job Seekers in work, and how do I apply it in practice?",tutorial,educational / tutorial,linkedin optimization for tech job seekers in,concept and mental model; worked example; common mistakes; when not to use it,Needs to understand and use LinkedIn Optimization for Tech Job Seekers,no: 100% of its phrasing is shared template text,"no: 648 words, 0% specific to the topic",100% boilerplate,yes: 0% unique phrasing,yes: asking-for-a-raise-timing-script-and-evidence (1.00),,no: informational title,no: 0% unique phrasing,yes,optional,no,yes: step-by-step,yes,yes: no external source,yes,yes: fast-moving topic or dated title,"yes: 6 unsourced salary, percentage or demand claims",likely: dated or fast-moving; not verified automatically,yes: opening shared with 49 other articles,yes: heading outline shared with 417 other articles,no: none in the body,none,partly: the body is template text with the title substituted,no,DEEP REWRITE,Template body: 100% of its phrasing is shared with 10+ articles; 0% is its own.,None. Queue order in BLOG_REWRITE_QUEUE.csv.,DEEP REWRITE,true,concept diagram,"One diagram that explains the central idea of ""LinkedIn Optimization for Tech Job Seekers in 2026"" — the parts and how they relate.",analyzed
df97d781-2b57-48aa-8851-e27f35b6d2ae,networking-for-introverts-landing-referrals,Networking for Introverts: Landing Referrals,career-guidance,networking for introverts,networking for introverts tutorial; networking for introverts explained; how to use networking for introverts,,concept and mental model; worked example; common mistakes; when not to use it,,derived from title and intent; no search-volume data,tutorial,"How does Networking for Introverts work, and how do I apply it in practice?",tutorial,educational / tutorial,networking for introverts,concept and mental model; worked example; common mistakes; when not to use it,Needs to understand and use Networking for Introverts,no: 100% of its phrasing is shared template text,"no: 635 words, 0% specific to the topic",100% boilerplate,yes: 0% unique phrasing,yes: asking-for-a-raise-timing-script-and-evidence (1.00),,no: informational title,no: 0% unique phrasing,yes,optional,no,yes: step-by-step,yes,yes: no external source,yes,verify on rewrite,"yes: 6 unsourced salary, percentage or demand claims",not verified automatically,yes: opening shared with 49 other articles,yes: heading outline shared with 417 other articles,no: none in the body,none,partly: the body is template text with the title substituted,no,DEEP REWRITE,Template body: 100% of its phrasing is shared with 10+ articles; 0% is its own.,None. Queue order in BLOG_REWRITE_QUEUE.csv.,DEEP REWRITE,true,concept diagram,"One diagram that explains the central idea of ""Networking for Introverts"" — the parts and how they relate.",analyzed
0896227f-5112-4a2a-88f9-e32cb3f2521c,personal-projects-that-double-as-interview-stories,Personal Projects That Double as Interview Stories,career-guidance,personal projects that double as interview stories,personal that double as interview stories interview questions and answers; personal that double as interview stories interview questions for freshers; personal that double as interview stories scenario based questions,,core concepts; scenario questions; follow-up questions; common wrong answers,,derived from title and intent; no search-volume data,interview,"What does an interviewer ask about Personal That Double as Interview Stories, and what does a strong answer contain?",interview,interview preparation,personal projects that double as interview stories,core concepts; scenario questions; follow-up questions; common wrong answers,Needs to prepare for interview questions on Personal That Double as Interview Stories,no: 99% of its phrasing is shared template text,"no: 538 words, 0% specific to the topic",99% boilerplate,yes: 0% unique phrasing,yes: portfolio-building-projects-that-impress-recruiters (1.00),portfolio-building-projects-that-impress-recruiters,no: informational title,no: 0% unique phrasing,yes,yes,no,no,no,yes: no external source,yes,verify on rewrite,"yes: 3 unsourced salary, percentage or demand claims",not verified automatically,yes: opening shared with 49 other articles,yes: heading outline shared with 16 other articles,no: none in the body,none,partly: the body is template text with the title substituted,no,MERGE,Same intent as portfolio-building-projects-that-impress-recruiters (phase5-career): Phase 4 found the first two word-for-word identical. Website and GitHub posts can stay as how-tos linked from the owner.,Search Console: merge only if this article earns no distinct queries; otherwise rewrite it to the distinct angle in the note.,DEEP REWRITE,false,none,No image needed; the value is in the questions and answers. Optional: one diagram for the hardest concept explained.,merge_candidate
e265908e-7bcb-4aec-b825-ba3c56375899,portfolio-building-projects-that-impress-recruiters,Portfolio Building: Projects That Impress Recruiters,career-guidance,portfolio building,portfolio building project ideas; portfolio building projects for beginners; portfolio building portfolio,,project list by skill; datasets; deliverables; how to present,,derived from title and intent; no search-volume data,project,"Which Portfolio Building projects show employers real skill, and how do I build them?",project,project,portfolio building,project list by skill; datasets; deliverables; how to present,Needs portfolio projects that prove Portfolio Building skill,no: 99% of its phrasing is shared template text,"no: 532 words, 0% specific to the topic",99% boilerplate,yes: 0% unique phrasing,yes: personal-projects-that-double-as-interview-stories (1.00),,no: informational title,no: 0% unique phrasing,yes,yes,no,yes: step-by-step,yes,yes: no external source,yes,verify on rewrite,"yes: 3 unsourced salary, percentage or demand claims",not verified automatically,yes: opening shared with 49 other articles,yes: heading outline shared with 16 other articles,no: none in the body,none,partly: the body is template text with the title substituted,no,DEEP REWRITE,Template body: 99% of its phrasing is shared with 10+ articles; 0% is its own.,None. Queue order in BLOG_REWRITE_QUEUE.csv.,DEEP REWRITE,true,architecture diagram,"Architecture sketch of one project from ""Portfolio Building"": data source, processing steps, output.",analyzed
65dbdc3b-c53a-4690-ba53-574bbf8283fc,reference-checks-how-to-prepare-your-referees,Reference Checks: How to Prepare Your Referees,career-guidance,reference checks,reference checks tutorial; reference checks explained; how to use reference checks,,concept and mental model; worked example; common mistakes; when not to use it,,derived from title and intent; no search-volume data,tutorial,"How does Reference Checks work, and how do I apply it in practice?",tutorial,educational / tutorial,reference checks,concept and mental model; worked example; common mistakes; when not to use it,Needs to understand and use Reference Checks,no: 100% of its phrasing is shared template text,"no: 635 words, 0% specific to the topic",100% boilerplate,yes: 0% unique phrasing,yes: asking-for-a-raise-timing-script-and-evidence (1.00),,no: informational title,no: 0% unique phrasing,yes,optional,no,yes: step-by-step,yes,yes: no external source,yes,verify on rewrite,"yes: 6 unsourced salary, percentage or demand claims",not verified automatically,yes: opening shared with 49 other articles,yes: heading outline shared with 417 other articles,no: none in the body,none,partly: the body is template text with the title substituted,no,DEEP REWRITE,Template body: 100% of its phrasing is shared with 10+ articles; 0% is its own.,None. Queue order in BLOG_REWRITE_QUEUE.csv.,DEEP REWRITE,true,concept diagram,"One diagram that explains the central idea of ""Reference Checks"" — the parts and how they relate.",analyzed
28421f30-eaea-45ea-97e6-e9fede6b9a19,remote-data-jobs-how-to-find-and-land-them,Remote Data Jobs: How to Find and Land Them,career-guidance,remote data jobs,remote data jobs tutorial; remote data jobs explained; how to use remote data jobs,,concept and mental model; worked example; common mistakes; when not to use it,,derived from title and intent; no search-volume data,tutorial,"How does Remote Data Jobs work, and how do I apply it in practice?",tutorial,educational / tutorial,remote data jobs,concept and mental model; worked example; common mistakes; when not to use it,Needs to understand and use Remote Data Jobs,no: 100% of its phrasing is shared template text,"no: 639 words, 0% specific to the topic",100% boilerplate,yes: 0% unique phrasing,yes: asking-for-a-raise-timing-script-and-evidence (1.00),,no: informational title,no: 0% unique phrasing,yes,optional,no,yes: step-by-step,yes,yes: no external source,yes,verify on rewrite,"yes: 6 unsourced salary, percentage or demand claims",not verified automatically,yes: opening shared with 49 other articles,yes: heading outline shared with 417 other articles,no: none in the body,none,partly: the body is template text with the title substituted,no,DEEP REWRITE,Template body: 100% of its phrasing is shared with 10+ articles; 0% is its own.,None. Queue order in BLOG_REWRITE_QUEUE.csv.,DEEP REWRITE,true,concept diagram,"One diagram that explains the central idea of ""Remote Data Jobs"" — the parts and how they relate.",analyzed
b92d9d8b-5b0b-4be1-bf61-d6ef77b71366,resume-building-for-data-roles-a-complete-guide,Resume Building for Data Roles: A Complete Guide,career-guidance,resume building for data roles,resume building for data roles tutorial; resume building for data roles explained; how to use resume building for data roles,,concept and mental model; worked example; common mistakes; when not to use it,,derived from title and intent; no search-volume data,tutorial,"How does Resume Building for Data Roles work, and how do I apply it in practice?",tutorial,educational / tutorial,resume building for data roles,concept and mental model; worked example; common mistakes; when not to use it,Needs to understand and use Resume Building for Data Roles,no: 100% of its phrasing is shared template text,"no: 642 words, 0% specific to the topic",100% boilerplate,yes: 0% unique phrasing,yes: asking-for-a-raise-timing-script-and-evidence (1.00),,no: informational title,no: 0% unique phrasing,yes,optional,no,yes: step-by-step,yes,yes: no external source,yes,verify on rewrite,"yes: 6 unsourced salary, percentage or demand claims",not verified automatically,yes: opening shared with 49 other articles,yes: heading outline shared with 417 other articles,no: none in the body,none,partly: the body is template text with the title substituted,no,DEEP REWRITE,Template body: 100% of its phrasing is shared with 10+ articles; 0% is its own.,None. Queue order in BLOG_REWRITE_QUEUE.csv.,DEEP REWRITE,true,concept diagram,"One diagram that explains the central idea of ""Resume Building for Data Roles"" — the parts and how they relate.",analyzed
6fc575b7-af6c-4336-81d0-295c93ed6238,salary-negotiation-how-to-get-paid-what-you-re-worth,Salary Negotiation: How to Get Paid What You're Worth,career-guidance,salary negotiation,negotiation salary; negotiation salary for freshers; negotiation pay by experience,,sourced pay data; what moves pay; role differences,,derived from title and intent; no search-volume data,salary,"What does Negotiation work pay, and what moves the number?",salary,salary,salary negotiation,sourced pay data; what moves pay; role differences,"Needs realistic, sourced pay expectations for Negotiation",no: 91% of its phrasing is shared template text,"no: 535 words, 7% specific to the topic",91% boilerplate,yes: 7% unique phrasing,no: nearest data-analyst-salary-in-hyderabad-2026 (0.64),,no: informational title,no: 7% unique phrasing,yes,optional,no,no,no,yes: no external source,yes,verify on rewrite,"yes: 11 unsourced salary, percentage or demand claims",not verified automatically,yes: opening shared with 49 other articles,yes: heading outline shared with 10 other articles,no: none in the body,none,partly: the body is template text with the title substituted,no,MANUAL REVIEW,"Salary figures with no cited source. A rewrite needs a dated, citable salary dataset; without one the figures must go.","Source a salary dataset, or rewrite without figures.",MANUAL REVIEW,false,none,No image. A chart is only appropriate once the figures are sourced; then chart the cited data with the source in the caption.,needs_review
d7690432-053e-4d13-a095-57b20926aed1,soft-skills-that-make-data-professionals-stand-out,Soft Skills That Make Data Professionals Stand Out,career-guidance,soft skills that make data professionals stand out,soft skills that make data professionals stand out tutorial; soft skills that make data professionals stand out explained; how to use soft skills that make data professionals stand out,,concept and mental model; worked example; common mistakes; when not to use it,,derived from title and intent; no search-volume data,tutorial,"How does Soft Skills That Make Data Professionals Stand Out work, and how do I apply it in practice?",tutorial,educational / tutorial,soft skills that make data professionals stand out,concept and mental model; worked example; common mistakes; when not to use it,Needs to understand and use Soft Skills That Make Data Professionals Stand Out,no: 100% of its phrasing is shared template text,"no: 648 words, 0% specific to the topic",100% boilerplate,yes: 0% unique phrasing,yes: asking-for-a-raise-timing-script-and-evidence (1.00),,no: informational title,no: 0% unique phrasing,yes,optional,no,yes: step-by-step,yes,yes: no external source,yes,verify on rewrite,"yes: 6 unsourced salary, percentage or demand claims",not verified automatically,yes: opening shared with 49 other articles,yes: heading outline shared with 417 other articles,no: none in the body,none,partly: the body is template text with the title substituted,no,DEEP REWRITE,Template body: 100% of its phrasing is shared with 10+ articles; 0% is its own.,None. Queue order in BLOG_REWRITE_QUEUE.csv.,DEEP REWRITE,true,concept diagram,"One diagram that explains the central idea of ""Soft Skills That Make Data Professionals Stand Out"" — the parts and how they relate.",analyzed
b482f317-6b74-4891-ae75-92b4aa07a7f4,upskilling-vs-reskilling-which-path-fits-you,Upskilling vs Reskilling: Which Path Fits You?,career-guidance,upskilling vs reskilling,upskilling vs reskilling comparison; upskilling vs reskilling differences; upskilling vs reskilling which is better,,decision criteria; where each wins; migration or learning cost,,derived from title and intent; no search-volume data,comparison,"Should I use reskilling or upskilling, and in which situations does each one win?",comparison,comparison (commercial investigation),upskilling vs reskilling,decision criteria; where each wins; migration or learning cost,"Needs to choose between the options in ""Upskilling vs Reskilling""",no: 99% of its phrasing is shared template text,"no: 475 words, 1% specific to the topic",99% boilerplate,yes: 1% unique phrasing,yes: internships-vs-certifications-what-recruiters-value (0.99),,no: informational title,no: 1% unique phrasing,yes,has 1; check it is topic-specific,no,no,yes,yes: no external source,yes,verify on rewrite,"yes: 3 unsourced salary, percentage or demand claims",not verified automatically,yes: opening shared with 49 other articles,no,no: none in the body,none,partly: the body is template text with the title substituted,no,DEEP REWRITE,Template body: 99% of its phrasing is shared with 10+ articles; 1% is its own.,None. Queue order in BLOG_REWRITE_QUEUE.csv.,DEEP REWRITE,true,comparison diagram,"Side-by-side diagram of where each option in ""Upskilling vs Reskilling"" sits in a typical workflow, with the deciding differences labelled.",analyzed
bab7e75d-468f-44c6-9867-a3df4b78252e,building-a-sales-dashboard-a-hands-on-project,Building a Sales Dashboard: A Hands-On Project,data-analytics,building a sales dashboard,building a sales dashboard project ideas; building a sales dashboard projects for beginners; building a sales dashboard portfolio,,project list by skill; datasets; deliverables; how to present,,derived from title and intent; no search-volume data,project,"Which Building a Sales Dashboard projects show employers real skill, and how do I build them?",project,project,building a sales dashboard,project list by skill; datasets; deliverables; how to present,Needs portfolio projects that prove Building a Sales Dashboard skill,no: 99% of its phrasing is shared template text,"no: 565 words, 0% specific to the topic",99% boilerplate,yes: 0% unique phrasing,yes: data-analytics-projects-for-your-resume (1.00),,no: informational title,no: 0% unique phrasing,yes,yes,no,yes: step-by-step,yes,yes: no external source,yes,verify on rewrite,"yes: 3 unsourced salary, percentage or demand claims",not verified automatically,yes: opening shared with 49 other articles,yes: heading outline shared with 16 other articles,no: none in the body,none,partly: the body is template text with the title substituted,no,DEEP REWRITE,Template body: 99% of its phrasing is shared with 10+ articles; 0% is its own.,None. Queue order in BLOG_REWRITE_QUEUE.csv.,DEEP REWRITE,true,architecture diagram,"Architecture sketch of one project from ""Building a Sales Dashboard"": data source, processing steps, output.",analyzed
5ee45119-caef-4e2f-8807-bc7fe7c2b45e,building-kpi-scorecards-for-executives,Building KPI Scorecards for Executives,data-analytics,building kpi scorecards for executives,building kpi scorecards for executives tutorial; building kpi scorecards for executives explained; how to use building kpi scorecards for executives,,concept and mental model; worked example; common mistakes; when not to use it,,derived from title and intent; no search-volume data,tutorial,"How does Building KPI Scorecards for Executives work, and how do I apply it in practice?",tutorial,educational / tutorial,building kpi scorecards for executives,concept and mental model; worked example; common mistakes; when not to use it,Needs to understand and use Building KPI Scorecards for Executives,no: 100% of its phrasing is shared template text,"no: 670 words, 0% specific to the topic",100% boilerplate,yes: 0% unique phrasing,yes: building-your-first-interactive-dashboard (1.00),,no: informational title,no: 0% unique phrasing,yes,optional,no,yes: step-by-step,yes,yes: no external source,yes,verify on rewrite,"yes: 6 unsourced salary, percentage or demand claims",not verified automatically,yes: opening shared with 49 other articles,yes: heading outline shared with 417 other articles,no: none in the body,none,partly: the body is template text with the title substituted,no,DEEP REWRITE,Template body: 100% of its phrasing is shared with 10+ articles; 0% is its own.,None. Queue order in BLOG_REWRITE_QUEUE.csv.,DEEP REWRITE,true,concept diagram,"One diagram that explains the central idea of ""Building KPI Scorecards for Executives"" — the parts and how they relate.",analyzed
9af19898-222a-4545-986c-3352eb626336,building-your-first-interactive-dashboard,Building Your First Interactive Dashboard,data-analytics,building your first interactive dashboard,building your first interactive dashboard tutorial; building your first interactive dashboard explained; how to use building your first interactive dashboard,,concept and mental model; worked example; common mistakes; when not to use it,,derived from title and intent; no search-volume data,tutorial,"How does Building Your First Interactive Dashboard work, and how do I apply it in practice?",tutorial,educational / tutorial,building your first interactive dashboard,concept and mental model; worked example; common mistakes; when not to use it,Needs to understand and use Building Your First Interactive Dashboard,no: 100% of its phrasing is shared template text,"no: 670 words, 0% specific to the topic",100% boilerplate,yes: 0% unique phrasing,yes: building-kpi-scorecards-for-executives (1.00),,no: informational title,no: 0% unique phrasing,yes,optional,no,yes: step-by-step,yes,yes: no external source,yes,verify on rewrite,"yes: 6 unsourced salary, percentage or demand claims",not verified automatically,yes: opening shared with 49 other articles,yes: heading outline shared with 417 other articles,no: none in the body,none,partly: the body is template text with the title substituted,no,DEEP REWRITE,Template body: 100% of its phrasing is shared with 10+ articles; 0% is its own.,None. Queue order in BLOG_REWRITE_QUEUE.csv.,DEEP REWRITE,true,concept diagram,"One diagram that explains the central idea of ""Building Your First Interactive Dashboard"" — the parts and how they relate.",analyzed
2d3d03c8-71fb-44d8-b1e9-0bd27c48793f,business-analytics-explained-a-beginner-s-guide,Business Analytics Explained: A Beginner's Guide,data-analytics,business analytics explained,business analytics tutorial; how to use business analytics,,concept and mental model; worked example; common mistakes; when not to use it,,derived from title and intent; no search-volume data,tutorial,"What is Business Analytics, and how does it work?",tutorial,educational / tutorial,business analytics explained,concept and mental model; worked example; common mistakes; when not to use it,Needs to understand and use Business Analytics,no: 100% of its phrasing is shared template text,"no: 667 words, 0% specific to the topic",100% boilerplate,yes: 0% unique phrasing,yes: building-kpi-scorecards-for-executives (1.00),,no: informational title,no: 0% unique phrasing,yes,optional,no,yes: step-by-step,yes,yes: no external source,yes,verify on rewrite,"yes: 6 unsourced salary, percentage or demand claims",not verified automatically,yes: opening shared with 49 other articles,yes: heading outline shared with 417 other articles,no: none in the body,none,partly: the body is template text with the title substituted,no,DEEP REWRITE,Template body: 100% of its phrasing is shared with 10+ articles; 0% is its own.,None. Queue order in BLOG_REWRITE_QUEUE.csv.,DEEP REWRITE,true,concept diagram,"One diagram that explains the central idea of ""Business Analytics Explained"" — the parts and how they relate.",analyzed
45e1cecb-57d7-4a9b-b432-1a0d595691ff,cohort-analysis-explained-with-examples,Cohort Analysis Explained with Examples,data-analytics,cohort analysis explained with examples,cohort analysis with examples tutorial; cohort analysis with examples explained; how to use cohort analysis with examples,,concept and mental model; worked example; common mistakes; when not to use it,,derived from title and intent; no search-volume data,tutorial,"What is Cohort Analysis, and how does it work?",tutorial,educational / tutorial,cohort analysis explained with examples,concept and mental model; worked example; common mistakes; when not to use it,Needs to understand and use Cohort Analysis with Examples,no: 100% of its phrasing is shared template text,"no: 670 words, 0% specific to the topic",100% boilerplate,yes: 0% unique phrasing,yes: building-kpi-scorecards-for-executives (1.00),,no: informational title,no: 0% unique phrasing,yes,optional,no,yes: step-by-step,yes,yes: no external source,yes,yes: fast-moving topic or dated title,"yes: 6 unsourced salary, percentage or demand claims",likely: dated or fast-moving; not verified automatically,yes: opening shared with 49 other articles,yes: heading outline shared with 417 other articles,no: none in the body,none,partly: the body is template text with the title substituted,no,DEEP REWRITE,Template body: 100% of its phrasing is shared with 10+ articles; 0% is its own.,None. Queue order in BLOG_REWRITE_QUEUE.csv.,DEEP REWRITE,true,concept diagram,"One diagram that explains the central idea of ""Cohort Analysis Explained with Examples"" — the parts and how they relate.",analyzed
a1a1edd7-f647-405b-933e-549399d33f3c,correlation-vs-causation-a-must-know-for-analysts,Correlation vs Causation: A Must-Know for Analysts,data-analytics,correlation vs causation,correlation vs causation comparison; correlation vs causation differences; correlation vs causation which is better,,decision criteria; where each wins; migration or learning cost,,derived from title and intent; no search-volume data,comparison,"Should I use causation or correlation, and in which situations does each one win?",comparison,comparison (commercial investigation),correlation vs causation,decision criteria; where each wins; migration or learning cost,"Needs to choose between the options in ""Correlation vs Causation""",no: 99% of its phrasing is shared template text,"no: 477 words, 1% specific to the topic",99% boilerplate,yes: 1% unique phrasing,yes: data-analyst-vs-business-analyst-key-differences (0.99),,no: informational title,no: 1% unique phrasing,yes,has 1; check it is topic-specific,no,no,yes,yes: no external source,yes,verify on rewrite,"yes: 3 unsourced salary, percentage or demand claims",not verified automatically,yes: opening shared with 49 other articles,no,no: none in the body,none,partly: the body is template text with the title substituted,no,DEEP REWRITE,Template body: 99% of its phrasing is shared with 10+ articles; 1% is its own.,None. Queue order in BLOG_REWRITE_QUEUE.csv.,DEEP REWRITE,true,comparison diagram,"Side-by-side diagram of where each option in ""Correlation vs Causation"" sits in a typical workflow, with the deciding differences labelled.",analyzed
bb01aead-b563-44f6-98fc-f83e47a34d18,customer-segmentation-for-analysts-a-practical-guide,Customer Segmentation for Analysts: A Practical Guide,data-analytics,customer segmentation for analysts,customer segmentation for analysts tutorial; customer segmentation for analysts explained; how to use customer segmentation for analysts,,concept and mental model; worked example; common mistakes; when not to use it,,derived from title and intent; no search-volume data,tutorial,"How does Customer Segmentation for Analysts work, and how do I apply it in practice?",tutorial,educational / tutorial,customer segmentation for analysts,concept and mental model; worked example; common mistakes; when not to use it,Needs to understand and use Customer Segmentation for Analysts,no: 100% of its phrasing is shared template text,"no: 670 words, 0% specific to the topic",100% boilerplate,yes: 0% unique phrasing,yes: building-kpi-scorecards-for-executives (1.00),,no: informational title,no: 0% unique phrasing,yes,optional,no,yes: step-by-step,yes,yes: no external source,yes,verify on rewrite,"yes: 6 unsourced salary, percentage or demand claims",not verified automatically,yes: opening shared with 49 other articles,yes: heading outline shared with 417 other articles,no: none in the body,none,partly: the body is template text with the title substituted,no,DEEP REWRITE,Template body: 100% of its phrasing is shared with 10+ articles; 0% is its own.,None. Queue order in BLOG_REWRITE_QUEUE.csv.,DEEP REWRITE,true,concept diagram,"One diagram that explains the central idea of ""Customer Segmentation for Analysts"" — the parts and how they relate.",analyzed
abcc9aa8-f055-4f92-926c-305aed8f2e28,dashboard-design-principles-for-data-analysts,Dashboard Design Principles for Data Analysts,data-analytics,dashboard design principles for data analysts,dashboard design principles for data analysts tutorial; dashboard design principles for data analysts explained; how to use dashboard design principles for data analysts,,concept and mental model; worked example; common mistakes; when not to use it,,derived from title and intent; no search-volume data,tutorial,"How does Dashboard Design Principles for Data Analysts work, and how do I apply it in practice?",tutorial,educational / tutorial,dashboard design principles for data analysts,concept and mental model; worked example; common mistakes; when not to use it,Needs to understand and use Dashboard Design Principles for Data Analysts,no: 100% of its phrasing is shared template text,"no: 673 words, 0% specific to the topic",100% boilerplate,yes: 0% unique phrasing,yes: building-kpi-scorecards-for-executives (1.00),,no: informational title,no: 0% unique phrasing,yes,optional,no,yes: step-by-step,yes,yes: no external source,yes,verify on rewrite,"yes: 6 unsourced salary, percentage or demand claims",not verified automatically,yes: opening shared with 49 other articles,yes: heading outline shared with 417 other articles,no: none in the body,none,partly: the body is template text with the title substituted,no,DEEP REWRITE,Template body: 100% of its phrasing is shared with 10+ articles; 0% is its own.,None. Queue order in BLOG_REWRITE_QUEUE.csv.,DEEP REWRITE,true,concept diagram,"One diagram that explains the central idea of ""Dashboard Design Principles for Data Analysts"" — the parts and how they relate.",analyzed
cb17f4df-fef4-4f32-bb1a-9cd80315418c,data-analyst-career-path-from-junior-to-lead,Data Analyst Career Path: From Junior to Lead,data-analytics,data analyst career path,data analyst career path learning path; how to become data analyst career path; data analyst career path skills,,prerequisites; stages and order; projects; what to skip; pacing,,derived from title and intent; no search-volume data,career,"What should I learn, and in what order, to become job-ready in Data Analyst Career Path?",career,career / roadmap,data analyst career path,prerequisites; stages and order; projects; what to skip; pacing,Needs a learning or career path for Data Analyst Career Path,no: 100% of its phrasing is shared template text,"no: 671 words, 0% specific to the topic",100% boilerplate,yes: 0% unique phrasing,yes: building-kpi-scorecards-for-executives (1.00),,no: informational title,no: 0% unique phrasing,yes,has 1; check it is topic-specific,no,no,yes,yes: no external source,yes,verify on rewrite,"yes: 6 unsourced salary, percentage or demand claims",not verified automatically,yes: opening shared with 49 other articles,yes: heading outline shared with 417 other articles,no: none in the body,none,partly: the body is template text with the title substituted,no,DEEP REWRITE,Template body: 100% of its phrasing is shared with 10+ articles; 0% is its own.,None. Queue order in BLOG_REWRITE_QUEUE.csv.,DEEP REWRITE,true,roadmap diagram,"Stage-by-stage diagram of the Data Analyst Career Path learning path: each stage, the skills in it, and the proof (project) that closes it.",analyzed
4ec9bd80-4b35-4b93-b9a0-6ed9b73caf8a,data-analyst-interview-questions-and-answers-2,Data Analyst Interview Questions and Answers,data-analytics,data analyst interview questions and answers,data analyst interview questions for freshers; data analyst scenario based questions,,core concepts; scenario questions; follow-up questions; common wrong answers,,derived from title and intent; no search-volume data,interview,"What does an interviewer ask about Data Analyst, and what does a strong answer contain?",interview,interview preparation,data analyst interview questions and answers,core concepts; scenario questions; follow-up questions; common wrong answers,Needs to prepare for interview questions on Data Analyst,no: 94% of its phrasing is shared template text,"no: 532 words, 3% specific to the topic",94% boilerplate,yes: 3% unique phrasing,no: nearest data-engineering-interview-questions-and-answers-2 (0.74),,no: informational title,no: 3% unique phrasing,yes,yes,no,no,no,yes: no external source,yes,verify on rewrite,"yes: 3 unsourced salary, percentage or demand claims",not verified automatically,yes: opening shared with 49 other articles,no,no: none in the body,none,partly: the body is template text with the title substituted,no,REDIRECT,Identical title and excerpt; duplicate of the interview-questions copy.,Done in Phase 1 (301).,REDIRECT,false,none,No image needed; the value is in the questions and answers. Optional: one diagram for the hardest concept explained.,redirected
d4e69b05-c67e-4356-875b-a353ec336620,data-analyst-roadmap-2026-skills-tools-and-timeline,"Data Analyst Roadmap 2026: Skills, Tools and Timeline",data-analytics,data analyst roadmap,data analyst learning path; how to become data analyst; data analyst skills,,prerequisites; stages and order; projects; what to skip; pacing,,derived from title and intent; no search-volume data,career,"What should I learn, and in what order, to become job-ready in Data Analyst?",career,career / roadmap,data analyst roadmap,prerequisites; stages and order; projects; what to skip; pacing,Needs a learning or career path for Data Analyst,no: 96% of its phrasing is shared template text,"no: 668 words, 0% specific to the topic",96% boilerplate,yes: 0% unique phrasing,yes: data-analytics-roadmap-for-non-tech-backgrounds (1.00),,no: informational title,no: 0% unique phrasing,yes,has 1; check it is topic-specific,no,no,yes,yes: no external source,yes,yes: fast-moving topic or dated title,"yes: 6 unsourced salary, percentage or demand claims",likely: dated or fast-moving; not verified automatically,yes: opening shared with 49 other articles,yes: heading outline shared with 18 other articles,no: none in the body,none,partly: the body is template text with the title substituted,no,DEEP REWRITE,Template body: 96% of its phrasing is shared with 10+ articles; 0% is its own.,None. Queue order in BLOG_REWRITE_QUEUE.csv.,DEEP REWRITE,true,roadmap diagram,"Stage-by-stage diagram of the Data Analyst Roadmap 2026 learning path: each stage, the skills in it, and the proof (project) that closes it.",analyzed
f6cb42bb-1814-4a35-80f4-158669fdc47e,data-analyst-salary-in-hyderabad-2026,Data Analyst Salary in Hyderabad 2026,data-analytics,data analyst salary in hyderabad,data analyst salary; data analyst salary for freshers; data analyst pay by experience,,sourced pay data; what moves pay; role differences,,derived from title and intent; no search-volume data,salary,"What does Data Analyst work pay, and what moves the number?",salary,salary,data analyst salary in hyderabad,sourced pay data; what moves pay; role differences,"Needs realistic, sourced pay expectations for Data Analyst",no: 91% of its phrasing is shared template text,"no: 538 words, 7% specific to the topic",91% boilerplate,yes: 7% unique phrasing,no: nearest salary-negotiation-how-to-get-paid-what-you-re-worth (0.64),,no: informational title,no: 7% unique phrasing,yes,optional,no,no,no,yes: no external source,yes,yes: fast-moving topic or dated title,"yes: 11 unsourced salary, percentage or demand claims",likely: dated or fast-moving; not verified automatically,yes: opening shared with 49 other articles,yes: heading outline shared with 10 other articles,no: none in the body,none,partly: the body is template text with the title substituted,no,MANUAL REVIEW,"Salary figures with no cited source. A rewrite needs a dated, citable salary dataset; without one the figures must go.","Source a salary dataset, or rewrite without figures.",MANUAL REVIEW,false,none,No image. A chart is only appropriate once the figures are sourced; then chart the cited data with the source in the caption.,needs_review
1c16821a-373d-4355-b5c7-431df23822fc,data-analyst-vs-business-analyst-key-differences,Data Analyst vs Business Analyst: Key Differences,data-analytics,data analyst vs business analyst,data analyst vs business analyst comparison; data analyst vs business analyst differences; data analyst vs business analyst which is better,,decision criteria; where each wins; migration or learning cost,,derived from title and intent; no search-volume data,comparison,"Should I use business analytics or data analytics, and in which situations does each one win?",comparison,comparison (commercial investigation),data analyst vs business analyst,decision criteria; where each wins; migration or learning cost,"Needs to choose between the options in ""Data Analyst vs Business Analyst""",no: 99% of its phrasing is shared template text,"no: 479 words, 1% specific to the topic",99% boilerplate,yes: 1% unique phrasing,yes: correlation-vs-causation-a-must-know-for-analysts (0.99),,no: informational title,no: 1% unique phrasing,yes,has 1; check it is topic-specific,no,no,yes,yes: no external source,yes,verify on rewrite,"yes: 3 unsourced salary, percentage or demand claims",not verified automatically,yes: opening shared with 49 other articles,no,no: none in the body,none,partly: the body is template text with the title substituted,no,DEEP REWRITE,Template body: 99% of its phrasing is shared with 10+ articles; 1% is its own.,None. Queue order in BLOG_REWRITE_QUEUE.csv.,DEEP REWRITE,true,comparison diagram,"Side-by-side diagram of where each option in ""Data Analyst vs Business Analyst"" sits in a typical workflow, with the deciding differences labelled.",analyzed
edfc9ba3-9801-4400-a188-755efe377054,data-analytics-projects-for-your-resume,Data Analytics Projects for Your Resume,data-analytics,data analytics projects for your resume,data analytics for your resume project ideas; data analytics for your resume projects for beginners; data analytics for your resume portfolio,,project list by skill; datasets; deliverables; how to present,,derived from title and intent; no search-volume data,project,"Which Data Analytics for Your Resume projects show employers real skill, and how do I build them?",project,project,data analytics projects for your resume,project list by skill; datasets; deliverables; how to present,Needs portfolio projects that prove Data Analytics for Your Resume skill,no: 99% of its phrasing is shared template text,"no: 566 words, 0% specific to the topic",99% boilerplate,yes: 0% unique phrasing,yes: building-a-sales-dashboard-a-hands-on-project (1.00),,no: informational title,no: 0% unique phrasing,yes,yes,no,yes: step-by-step,yes,yes: no external source,yes,verify on rewrite,"yes: 3 unsourced salary, percentage or demand claims",not verified automatically,yes: opening shared with 49 other articles,yes: heading outline shared with 16 other articles,no: none in the body,none,partly: the body is template text with the title substituted,no,DEEP REWRITE,Template body: 99% of its phrasing is shared with 10+ articles; 0% is its own.,None. Queue order in BLOG_REWRITE_QUEUE.csv.,DEEP REWRITE,true,architecture diagram,"Architecture sketch of one project from ""Data Analytics Projects for Your Resume"": data source, processing steps, output.",analyzed
8dc99bba-d522-4b95-8b66-883df971ac7a,data-analytics-roadmap-for-non-tech-backgrounds,Data Analytics Roadmap for Non-Tech Backgrounds,data-analytics,data analytics roadmap for non-tech backgrounds,data analytics for non-tech backgrounds learning path; how to become data analytics for non-tech backgrounds; data analytics for non-tech backgrounds skills,,prerequisites; stages and order; projects; what to skip; pacing,,derived from title and intent; no search-volume data,career,"What should I learn, and in what order, to become job-ready in Data Analytics for Non-Tech Backgrounds?",career,career / roadmap,data analytics roadmap for non-tech backgrounds,prerequisites; stages and order; projects; what to skip; pacing,Needs a learning or career path for Data Analytics for Non-Tech Backgrounds,no: 96% of its phrasing is shared template text,"no: 668 words, 0% specific to the topic",96% boilerplate,yes: 0% unique phrasing,yes: data-analyst-roadmap-2026-skills-tools-and-timeline (1.00),,no: informational title,no: 0% unique phrasing,yes,has 1; check it is topic-specific,no,no,yes,yes: no external source,yes,verify on rewrite,"yes: 6 unsourced salary, percentage or demand claims",not verified automatically,yes: opening shared with 49 other articles,yes: heading outline shared with 18 other articles,no: none in the body,none,partly: the body is template text with the title substituted,no,DEEP REWRITE,Template body: 96% of its phrasing is shared with 10+ articles; 0% is its own.,None. Queue order in BLOG_REWRITE_QUEUE.csv.,DEEP REWRITE,true,roadmap diagram,"Stage-by-stage diagram of the Data Analytics Roadmap for Non-Tech Backgrounds learning path: each stage, the skills in it, and the proof (project) that closes it.",analyzed
89abac70-82f9-4201-829c-db690950c247,data-cleaning-a-practical-step-by-step-guide,Data Cleaning: A Practical Step-by-Step Guide,data-analytics,data cleaning,data cleaning tutorial; data cleaning explained; how to use data cleaning,,concept and mental model; worked example; common mistakes; when not to use it,,derived from title and intent; no search-volume data,tutorial,"How does Data Cleaning work, and how do I apply it in practice?",tutorial,educational / tutorial,data cleaning,concept and mental model; worked example; common mistakes; when not to use it,Needs to understand and use Data Cleaning,no: 99% of its phrasing is shared template text,"no: 665 words, 1% specific to the topic",99% boilerplate,yes: 1% unique phrasing,yes: building-kpi-scorecards-for-executives (0.98),,no: informational title,no: 1% unique phrasing,yes,optional,no,yes: step-by-step,yes,yes: no external source,yes,verify on rewrite,"yes: 6 unsourced salary, percentage or demand claims",not verified automatically,yes: opening shared with 49 other articles,yes: heading outline shared with 417 other articles,no: none in the body,none,partly: the body is template text with the title substituted,no,DEEP REWRITE,Template body: 99% of its phrasing is shared with 10+ articles; 1% is its own.,None. Queue order in BLOG_REWRITE_QUEUE.csv.,DEEP REWRITE,true,concept diagram,"One diagram that explains the central idea of ""Data Cleaning"" — the parts and how they relate.",analyzed
e9bf5b6b-f249-4848-83cd-45dbc3115f77,data-governance-basics-every-analyst-should-know,Data Governance Basics Every Analyst Should Know,data-analytics,data governance basics every analyst should know,data governance basics every analyst should know tutorial; data governance basics every analyst should know explained; how to use data governance basics every analyst should know,,concept and mental model; worked example; common mistakes; when not to use it,,derived from title and intent; no search-volume data,tutorial,"What is Data Governance, and how does it work?",tutorial,educational / tutorial,data governance basics every analyst should know,concept and mental model; worked example; common mistakes; when not to use it,Needs to understand and use Data Governance Basics Every Analyst Should Know,no: 100% of its phrasing is shared template text,"no: 676 words, 0% specific to the topic",100% boilerplate,yes: 0% unique phrasing,yes: building-kpi-scorecards-for-executives (1.00),,no: informational title,no: 0% unique phrasing,yes,optional,no,yes: step-by-step,yes,yes: no external source,yes,verify on rewrite,"yes: 6 unsourced salary, percentage or demand claims",not verified automatically,yes: opening shared with 49 other articles,yes: heading outline shared with 417 other articles,no: none in the body,none,partly: the body is template text with the title substituted,no,DEEP REWRITE,Template body: 100% of its phrasing is shared with 10+ articles; 0% is its own.,None. Queue order in BLOG_REWRITE_QUEUE.csv.,DEEP REWRITE,true,concept diagram,"One diagram that explains the central idea of ""Data Governance Basics Every Analyst Should Know"" — the parts and how they relate.",analyzed
1bbe015f-4e54-4de6-9a60-2877984b7675,data-visualization-best-practices-and-common-mistakes,Data Visualization Best Practices and Common Mistakes,data-analytics,data visualization best practices and common mistakes,data visualization best practices and common mistakes tutorial; data visualization best practices and common mistakes explained; how to use data visualization best practices and common mistakes,,concept and mental model; worked example; common mistakes; when not to use it,,derived from title and intent; no search-volume data,tutorial,"What are the best practices for Data Visualization, and why?",tutorial,educational / tutorial,data visualization best practices and common mistakes,concept and mental model; worked example; common mistakes; when not to use it,Needs to understand and use Data Visualization Best Practices and Common Mistakes,no: 100% of its phrasing is shared template text,"no: 676 words, 0% specific to the topic",100% boilerplate,yes: 0% unique phrasing,yes: building-kpi-scorecards-for-executives (1.00),,no: informational title,no: 0% unique phrasing,yes,optional,no,yes: step-by-step,yes,yes: no external source,yes,verify on rewrite,"yes: 6 unsourced salary, percentage or demand claims",not verified automatically,yes: opening shared with 49 other articles,yes: heading outline shared with 417 other articles,no: none in the body,none,partly: the body is template text with the title substituted,no,DEEP REWRITE,Template body: 100% of its phrasing is shared with 10+ articles; 0% is its own.,None. Queue order in BLOG_REWRITE_QUEUE.csv.,DEEP REWRITE,true,concept diagram,"One diagram that explains the central idea of ""Data Visualization Best Practices and Common Mistakes"" — the parts and how they relate.",analyzed
8fb0cd10-53bc-47da-8d3e-b7bf0c5d5823,descriptive-vs-diagnostic-vs-predictive-analytics,Descriptive vs Diagnostic vs Predictive Analytics,data-analytics,descriptive vs diagnostic vs predictive analytics,descriptive vs diagnostic vs predictive analytics comparison; descriptive vs diagnostic vs predictive analytics differences; descriptive vs diagnostic vs predictive analytics which is better,,decision criteria; where each wins; migration or learning cost,,derived from title and intent; no search-volume data,comparison,"Should I use descriptive or diagnostic or predictive analytics, and in which situations does each one win?",comparison,comparison (commercial investigation),descriptive vs diagnostic vs predictive analytics,decision criteria; where each wins; migration or learning cost,"Needs to choose between the options in ""Descriptive vs Diagnostic vs Predictive Analytics""",no: 99% of its phrasing is shared template text,"no: 479 words, 1% specific to the topic",99% boilerplate,yes: 1% unique phrasing,yes: correlation-vs-causation-a-must-know-for-analysts (0.98),,no: informational title,no: 1% unique phrasing,yes,has 1; check it is topic-specific,"yes: runnable, verified code",no,yes,yes: no external source,yes,verify on rewrite,"yes: 3 unsourced salary, percentage or demand claims",not verified automatically,yes: opening shared with 49 other articles,no,no: none in the body,none,partly: the body is template text with the title substituted,no,DEEP REWRITE,Template body: 99% of its phrasing is shared with 10+ articles; 1% is its own.,None. Queue order in BLOG_REWRITE_QUEUE.csv.,DEEP REWRITE,true,comparison diagram,"Side-by-side diagram of where each option in ""Descriptive vs Diagnostic vs Predictive Analytics"" sits in a typical workflow, with the deciding differences labelled.",analyzed
6bb829cb-8e0d-49ad-93a5-d05b9ad576ec,excel-for-data-analysis-formulas-that-matter,Excel for Data Analysis: Formulas That Matter,data-analytics,excel for data analysis,excel for data analysis tutorial; excel for data analysis explained; how to use excel for data analysis,,concept and mental model; worked example; common mistakes; when not to use it,Excel,derived from title and intent; no search-volume data,tutorial,"How does Excel for Data Analysis work, and how do I apply it in practice?",tutorial,educational / tutorial,excel for data analysis,concept and mental model; worked example; common mistakes; when not to use it,Needs to understand and use Excel for Data Analysis,no: 100% of its phrasing is shared template text,"no: 670 words, 0% specific to the topic",100% boilerplate,yes: 0% unique phrasing,yes: building-kpi-scorecards-for-executives (1.00),,no: informational title,no: 0% unique phrasing,yes,optional,no,yes: step-by-step,yes,yes: no external source,yes,verify on rewrite,"yes: 6 unsourced salary, percentage or demand claims",not verified automatically,yes: opening shared with 49 other articles,yes: heading outline shared with 417 other articles,no: none in the body,none,partly: the body is template text with the title substituted,no,DEEP REWRITE,Template body: 100% of its phrasing is shared with 10+ articles; 0% is its own.,None. Queue order in BLOG_REWRITE_QUEUE.csv.,DEEP REWRITE,true,annotated screenshot,"Annotated screenshot of the feature in ""Excel for Data Analysis"" in the product UI, taken from a demo file (no client data).",analyzed
3bf72922-6d87-444c-a336-e906d69de9be,excel-power-query-cleaning-data-without-code,Excel Power Query: Cleaning Data Without Code,data-analytics,excel power query,excel power query tutorial; excel power query explained; how to use excel power query,,concept and mental model; worked example; common mistakes; when not to use it,Power Query; Excel,derived from title and intent; no search-volume data,tutorial,"How does Excel Power Query work, and how do I apply it in practice?",tutorial,educational / tutorial,excel power query,concept and mental model; worked example; common mistakes; when not to use it,Needs to understand and use Excel Power Query,no: 100% of its phrasing is shared template text,"no: 668 words, 0% specific to the topic",100% boilerplate,yes: 0% unique phrasing,yes: building-kpi-scorecards-for-executives (1.00),,no: informational title,no: 0% unique phrasing,yes,optional,"yes: runnable, verified code",yes: step-by-step,yes,yes: no external source,yes,verify on rewrite,"yes: 6 unsourced salary, percentage or demand claims",not verified automatically,yes: opening shared with 49 other articles,yes: heading outline shared with 417 other articles,no: none in the body,none,partly: the body is template text with the title substituted,no,DEEP REWRITE,Template body: 100% of its phrasing is shared with 10+ articles; 0% is its own.,None. Queue order in BLOG_REWRITE_QUEUE.csv.,DEEP REWRITE,true,annotated screenshot,"Annotated screenshot of the feature in ""Excel Power Query"" in the product UI, taken from a demo file (no client data).",analyzed
536b47d0-5b7c-470b-977d-6860c8fccd58,excel-vs-power-bi-which-should-you-learn-first,Excel vs Power BI: Which Should You Learn First?,data-analytics,excel vs power bi,excel vs power bi comparison; excel vs power bi differences; excel vs power bi which is better,,decision criteria; where each wins; migration or learning cost,Power BI; Excel,derived from title and intent; no search-volume data,comparison,"Should I use excel or power bi, and in which situations does each one win?",comparison,comparison (commercial investigation),excel vs power bi,decision criteria; where each wins; migration or learning cost,"Needs to choose between the options in ""Excel vs Power BI""",no: 99% of its phrasing is shared template text,"no: 480 words, 0% specific to the topic",99% boilerplate,yes: 0% unique phrasing,yes: power-bi-vs-tableau-vs-looker-a-2026-comparison (0.99),,no: informational title,no: 0% unique phrasing,yes,has 1; check it is topic-specific,no,no,yes,yes: no external source,yes,verify on rewrite,"yes: 3 unsourced salary, percentage or demand claims",not verified automatically,yes: opening shared with 49 other articles,no,no: none in the body,none,partly: the body is template text with the title substituted,no,DEEP REWRITE,Template body: 99% of its phrasing is shared with 10+ articles; 0% is its own.,None. Queue order in BLOG_REWRITE_QUEUE.csv.,DEEP REWRITE,true,comparison diagram,"Side-by-side diagram of where each option in ""Excel vs Power BI"" sits in a typical workflow, with the deciding differences labelled.",needs_review
e82540e3-48e8-48ce-bf1e-8073bf7286dd,forecasting-in-excel-simple-methods-that-work,Forecasting in Excel: Simple Methods That Work,data-analytics,forecasting in excel,forecasting in excel tutorial; forecasting in excel explained; how to use forecasting in excel,,concept and mental model; worked example; common mistakes; when not to use it,Excel,derived from title and intent; no search-volume data,tutorial,"How does Forecasting in Excel work, and how do I apply it in practice?",tutorial,educational / tutorial,forecasting in excel,concept and mental model; worked example; common mistakes; when not to use it,Needs to understand and use Forecasting in Excel,no: 100% of its phrasing is shared template text,"no: 668 words, 0% specific to the topic",100% boilerplate,yes: 0% unique phrasing,yes: building-kpi-scorecards-for-executives (1.00),,no: informational title,no: 0% unique phrasing,yes,optional,no,yes: step-by-step,yes,yes: no external source,yes,verify on rewrite,"yes: 6 unsourced salary, percentage or demand claims",not verified automatically,yes: opening shared with 49 other articles,yes: heading outline shared with 417 other articles,no: none in the body,none,partly: the body is template text with the title substituted,no,DEEP REWRITE,Template body: 100% of its phrasing is shared with 10+ articles; 0% is its own.,None. Queue order in BLOG_REWRITE_QUEUE.csv.,DEEP REWRITE,true,annotated screenshot,"Annotated screenshot of the feature in ""Forecasting in Excel"" in the product UI, taken from a demo file (no client data).",analyzed
a763d95b-f2d9-44b9-a6a7-82f8d2a64721,from-excel-to-sql-a-smooth-transition-guide,From Excel to SQL: A Smooth Transition Guide,data-analytics,from excel to sql,from excel to sql tutorial; from excel to sql explained; how to use from excel to sql,,concept and mental model; worked example; common mistakes; when not to use it,Excel; SQL,derived from title and intent; no search-volume data,tutorial,"How does From Excel to SQL work, and how do I apply it in practice?",tutorial,educational / tutorial,from excel to sql,concept and mental model; worked example; common mistakes; when not to use it,Needs to understand and use From Excel to SQL,no: 100% of its phrasing is shared template text,"no: 671 words, 0% specific to the topic",100% boilerplate,yes: 0% unique phrasing,yes: building-kpi-scorecards-for-executives (1.00),,no: informational title,no: 0% unique phrasing,yes,optional,"yes: runnable, verified code",yes: step-by-step,yes,yes: no external source,yes,verify on rewrite,"yes: 6 unsourced salary, percentage or demand claims",not verified automatically,yes: opening shared with 49 other articles,yes: heading outline shared with 417 other articles,no: none in the body,none,partly: the body is template text with the title substituted,no,DEEP REWRITE,Template body: 100% of its phrasing is shared with 10+ articles; 0% is its own.,None. Queue order in BLOG_REWRITE_QUEUE.csv.,DEEP REWRITE,true,annotated screenshot,"Annotated screenshot of the feature in ""From Excel to SQL"" in the product UI, taken from a demo file (no client data).",analyzed
cb67551d-e33a-438f-9a5e-ed925419f863,funnel-analysis-measuring-conversion-step-by-step,Funnel Analysis: Measuring Conversion Step by Step,data-analytics,funnel analysis,funnel analysis tutorial; funnel analysis explained; how to use funnel analysis,,concept and mental model; worked example; common mistakes; when not to use it,,derived from title and intent; no search-volume data,tutorial,"How does Funnel Analysis work, and how do I apply it in practice?",tutorial,educational / tutorial,funnel analysis,concept and mental model; worked example; common mistakes; when not to use it,Needs to understand and use Funnel Analysis,no: 100% of its phrasing is shared template text,"no: 666 words, 0% specific to the topic",100% boilerplate,yes: 0% unique phrasing,yes: building-kpi-scorecards-for-executives (1.00),,no: informational title,no: 0% unique phrasing,yes,optional,no,yes: step-by-step,yes,yes: no external source,yes,verify on rewrite,"yes: 6 unsourced salary, percentage or demand claims",not verified automatically,yes: opening shared with 49 other articles,yes: heading outline shared with 417 other articles,no: none in the body,none,partly: the body is template text with the title substituted,no,DEEP REWRITE,Template body: 100% of its phrasing is shared with 10+ articles; 0% is its own.,None. Queue order in BLOG_REWRITE_QUEUE.csv.,DEEP REWRITE,true,concept diagram,"One diagram that explains the central idea of ""Funnel Analysis"" — the parts and how they relate.",analyzed
4f4ab792-b571-451a-94f8-3a56b5771523,google-sheets-for-data-analysis-underrated-power-tools,Google Sheets for Data Analysis: Underrated Power Tools,data-analytics,google sheets for data analysis,google sheets for data analysis tutorial; google sheets for data analysis explained; how to use google sheets for data analysis,,concept and mental model; worked example; common mistakes; when not to use it,,derived from title and intent; no search-volume data,tutorial,"How does Google Sheets for Data Analysis work, and how do I apply it in practice?",tutorial,educational / tutorial,google sheets for data analysis,concept and mental model; worked example; common mistakes; when not to use it,Needs to understand and use Google Sheets for Data Analysis,no: 100% of its phrasing is shared template text,"no: 673 words, 0% specific to the topic",100% boilerplate,yes: 0% unique phrasing,yes: building-kpi-scorecards-for-executives (1.00),,no: informational title,no: 0% unique phrasing,yes,optional,no,yes: step-by-step,yes,yes: no external source,yes,verify on rewrite,"yes: 6 unsourced salary, percentage or demand claims",not verified automatically,yes: opening shared with 49 other articles,yes: heading outline shared with 417 other articles,no: none in the body,none,partly: the body is template text with the title substituted,no,DEEP REWRITE,Template body: 100% of its phrasing is shared with 10+ articles; 0% is its own.,None. Queue order in BLOG_REWRITE_QUEUE.csv.,DEEP REWRITE,true,concept diagram,"One diagram that explains the central idea of ""Google Sheets for Data Analysis"" — the parts and how they relate.",analyzed
5eeb562c-7607-4f19-9081-614df57b3b57,how-data-analysts-add-real-business-value,How Data Analysts Add Real Business Value,data-analytics,how data analysts add real business value,how data analysts add real business value tutorial; how data analysts add real business value explained; how to use how data analysts add real business value,,concept and mental model; worked example; common mistakes; when not to use it,,derived from title and intent; no search-volume data,tutorial,"How does How Data Analysts Add Real Business Value work, and how do I apply it in practice?",tutorial,educational / tutorial,how data analysts add real business value,concept and mental model; worked example; common mistakes; when not to use it,Needs to understand and use How Data Analysts Add Real Business Value,no: 100% of its phrasing is shared template text,"no: 676 words, 0% specific to the topic",100% boilerplate,yes: 0% unique phrasing,yes: building-kpi-scorecards-for-executives (1.00),,no: informational title,no: 0% unique phrasing,yes,optional,no,yes: step-by-step,yes,yes: no external source,yes,verify on rewrite,"yes: 6 unsourced salary, percentage or demand claims",not verified automatically,yes: opening shared with 49 other articles,yes: heading outline shared with 417 other articles,no: none in the body,none,partly: the body is template text with the title substituted,no,DEEP REWRITE,Template body: 100% of its phrasing is shared with 10+ articles; 0% is its own.,None. Queue order in BLOG_REWRITE_QUEUE.csv.,DEEP REWRITE,true,concept diagram,"One diagram that explains the central idea of ""How Data Analysts Add Real Business Value"" — the parts and how they relate.",analyzed
4deb6465-7417-46e9-b653-fc5d243a5f90,how-to-audit-a-messy-dataset-before-analysis,How to Audit a Messy Dataset Before Analysis,data-analytics,how to audit a messy dataset before analysis,how to audit a messy dataset before analysis tutorial; how to audit a messy dataset before analysis explained; how to use how to audit a messy dataset before analysis,,concept and mental model; worked example; common mistakes; when not to use it,,derived from title and intent; no search-volume data,tutorial,How do I Audit a Messy Dataset Before Analysis?,tutorial,educational / tutorial,how to audit a messy dataset before analysis,concept and mental model; worked example; common mistakes; when not to use it,Needs to understand and use How to Audit a Messy Dataset Before Analysis,no: 100% of its phrasing is shared template text,"no: 679 words, 0% specific to the topic",100% boilerplate,yes: 0% unique phrasing,yes: building-kpi-scorecards-for-executives (1.00),,no: informational title,no: 0% unique phrasing,yes,optional,no,yes: step-by-step,yes,yes: no external source,yes,verify on rewrite,"yes: 6 unsourced salary, percentage or demand claims",not verified automatically,yes: opening shared with 49 other articles,yes: heading outline shared with 417 other articles,no: none in the body,none,partly: the body is template text with the title substituted,no,DEEP REWRITE,Template body: 100% of its phrasing is shared with 10+ articles; 0% is its own.,None. Queue order in BLOG_REWRITE_QUEUE.csv.,DEEP REWRITE,true,concept diagram,"One diagram that explains the central idea of ""How to Audit a Messy Dataset Before Analysis"" — the parts and how they relate.",analyzed
42fa332c-199e-4033-bf0a-484dfbca4f6c,how-to-become-a-data-analyst-with-no-experience,How to Become a Data Analyst with No Experience,data-analytics,how to become a data analyst with no experience,how to become a data analyst with no experience learning path; how to become how to become a data analyst with no experience; how to become a data analyst with no experience skills,,prerequisites; stages and order; projects; what to skip; pacing,,derived from title and intent; no search-volume data,career,How do I Become a Data Analyst with No Experience?,career,career / roadmap,how to become a data analyst with no experience,prerequisites; stages and order; projects; what to skip; pacing,Needs a learning or career path for How to Become a Data Analyst with No Experience,no: 100% of its phrasing is shared template text,"no: 682 words, 0% specific to the topic",100% boilerplate,yes: 0% unique phrasing,yes: building-kpi-scorecards-for-executives (1.00),,no: informational title,no: 0% unique phrasing,yes,has 1; check it is topic-specific,no,no,yes,yes: no external source,yes,verify on rewrite,"yes: 6 unsourced salary, percentage or demand claims",not verified automatically,yes: opening shared with 49 other articles,yes: heading outline shared with 417 other articles,no: none in the body,none,partly: the body is template text with the title substituted,no,DEEP REWRITE,Template body: 100% of its phrasing is shared with 10+ articles; 0% is its own.,None. Queue order in BLOG_REWRITE_QUEUE.csv.,DEEP REWRITE,true,roadmap diagram,"Stage-by-stage diagram of the How to Become a Data Analyst with No Experience learning path: each stage, the skills in it, and the proof (project) that closes it.",analyzed
cc3aecdc-0897-4887-858d-ad034676c797,how-to-build-a-data-analyst-portfolio-in-2026,How to Build a Data Analyst Portfolio in 2026,data-analytics,how to build a data analyst portfolio in,how to build a data analyst portfolio tutorial; how to build a data analyst portfolio explained; how to use how to build a data analyst portfolio,,concept and mental model; worked example; common mistakes; when not to use it,,derived from title and intent; no search-volume data,tutorial,How do I Build a Data Analyst Portfolio in?,tutorial,educational / tutorial,how to build a data analyst portfolio in,concept and mental model; worked example; common mistakes; when not to use it,Needs to understand and use How to Build a Data Analyst Portfolio,no: 100% of its phrasing is shared template text,"no: 682 words, 0% specific to the topic",100% boilerplate,yes: 0% unique phrasing,yes: building-kpi-scorecards-for-executives (1.00),,no: informational title,no: 0% unique phrasing,yes,optional,no,yes: step-by-step,yes,yes: no external source,yes,yes: fast-moving topic or dated title,"yes: 6 unsourced salary, percentage or demand claims",likely: dated or fast-moving; not verified automatically,yes: opening shared with 49 other articles,yes: heading outline shared with 417 other articles,no: none in the body,none,partly: the body is template text with the title substituted,no,DEEP REWRITE,Template body: 100% of its phrasing is shared with 10+ articles; 0% is its own.,None. Queue order in BLOG_REWRITE_QUEUE.csv.,DEEP REWRITE,true,concept diagram,"One diagram that explains the central idea of ""How to Build a Data Analyst Portfolio in 2026"" — the parts and how they relate.",analyzed
bf2f35ac-4845-4e4e-8562-ccdad92336ff,how-to-create-effective-kpis-for-any-business,How to Create Effective KPIs for Any Business,data-analytics,how to create effective kpis for any business,how to create effective kpis for any business tutorial; how to create effective kpis for any business explained; how to use how to create effective kpis for any business,,concept and mental model; worked example; common mistakes; when not to use it,,derived from title and intent; no search-volume data,tutorial,How do I Create Effective KPIs for Any Business?,tutorial,educational / tutorial,how to create effective kpis for any business,concept and mental model; worked example; common mistakes; when not to use it,Needs to understand and use How to Create Effective KPIs for Any Business,no: 100% of its phrasing is shared template text,"no: 679 words, 0% specific to the topic",100% boilerplate,yes: 0% unique phrasing,yes: building-kpi-scorecards-for-executives (1.00),,no: informational title,no: 0% unique phrasing,yes,optional,no,yes: step-by-step,yes,yes: no external source,yes,verify on rewrite,"yes: 6 unsourced salary, percentage or demand claims",not verified automatically,yes: opening shared with 49 other articles,yes: heading outline shared with 417 other articles,no: none in the body,none,partly: the body is template text with the title substituted,no,DEEP REWRITE,Template body: 100% of its phrasing is shared with 10+ articles; 0% is its own.,None. Queue order in BLOG_REWRITE_QUEUE.csv.,DEEP REWRITE,true,concept diagram,"One diagram that explains the central idea of ""How to Create Effective KPIs for Any Business"" — the parts and how they relate.",analyzed
d0c7160b-d8cf-45a6-ac00-a1d349e279a4,how-to-handle-missing-data-in-analytics,How to Handle Missing Data in Analytics,data-analytics,how to handle missing data in analytics,how to handle missing data in analytics tutorial; how to handle missing data in analytics explained; how to use how to handle missing data in analytics,,concept and mental model; worked example; common mistakes; when not to use it,,derived from title and intent; no search-volume data,tutorial,How do I Handle Missing Data in Analytics?,tutorial,educational / tutorial,how to handle missing data in analytics,concept and mental model; worked example; common mistakes; when not to use it,Needs to understand and use How to Handle Missing Data in Analytics,no: 100% of its phrasing is shared template text,"no: 676 words, 0% specific to the topic",100% boilerplate,yes: 0% unique phrasing,yes: building-kpi-scorecards-for-executives (1.00),,no: informational title,no: 0% unique phrasing,yes,optional,no,yes: step-by-step,yes,yes: no external source,yes,verify on rewrite,"yes: 6 unsourced salary, percentage or demand claims",not verified automatically,yes: opening shared with 49 other articles,yes: heading outline shared with 417 other articles,no: none in the body,none,partly: the body is template text with the title substituted,no,DEEP REWRITE,Template body: 100% of its phrasing is shared with 10+ articles; 0% is its own.,None. Queue order in BLOG_REWRITE_QUEUE.csv.,DEEP REWRITE,true,concept diagram,"One diagram that explains the central idea of ""How to Handle Missing Data in Analytics"" — the parts and how they relate.",analyzed
130aeb07-a012-4a7a-b534-88da59592824,how-to-present-data-to-non-technical-stakeholders,How to Present Data to Non-Technical Stakeholders,data-analytics,how to present data to non-technical stakeholders,how to present data to non-technical stakeholders tutorial; how to present data to non-technical stakeholders explained; how to use how to present data to non-technical stakeholders,,concept and mental model; worked example; common mistakes; when not to use it,,derived from title and intent; no search-volume data,tutorial,How do I Present Data to Non-Technical Stakeholders?,tutorial,educational / tutorial,how to present data to non-technical stakeholders,concept and mental model; worked example; common mistakes; when not to use it,Needs to understand and use How to Present Data to Non-Technical Stakeholders,no: 100% of its phrasing is shared template text,"no: 676 words, 0% specific to the topic",100% boilerplate,yes: 0% unique phrasing,yes: building-kpi-scorecards-for-executives (1.00),,no: informational title,no: 0% unique phrasing,yes,optional,no,yes: step-by-step,yes,yes: no external source,yes,verify on rewrite,"yes: 6 unsourced salary, percentage or demand claims",not verified automatically,yes: opening shared with 49 other articles,yes: heading outline shared with 417 other articles,no: none in the body,none,partly: the body is template text with the title substituted,no,DEEP REWRITE,Template body: 100% of its phrasing is shared with 10+ articles; 0% is its own.,None. Queue order in BLOG_REWRITE_QUEUE.csv.,DEEP REWRITE,true,concept diagram,"One diagram that explains the central idea of ""How to Present Data to Non-Technical Stakeholders"" — the parts and how they relate.",analyzed
0f91d9e0-9355-4520-9ad7-6533c737f1af,how-to-tell-a-story-with-data-a-practical-framework,How to Tell a Story with Data: A Practical Framework,data-analytics,how to tell a story with data,how to tell a story with data tutorial; how to tell a story with data explained; how to use how to tell a story with data,,concept and mental model; worked example; common mistakes; when not to use it,,derived from title and intent; no search-volume data,tutorial,How do I Tell a Story with Data?,tutorial,educational / tutorial,how to tell a story with data,concept and mental model; worked example; common mistakes; when not to use it,Needs to understand and use How to Tell a Story with Data,no: 100% of its phrasing is shared template text,"no: 679 words, 0% specific to the topic",100% boilerplate,yes: 0% unique phrasing,yes: building-kpi-scorecards-for-executives (1.00),,no: informational title,no: 0% unique phrasing,yes,optional,no,yes: step-by-step,yes,yes: no external source,yes,verify on rewrite,"yes: 6 unsourced salary, percentage or demand claims",not verified automatically,yes: opening shared with 49 other articles,yes: heading outline shared with 417 other articles,no: none in the body,none,partly: the body is template text with the title substituted,no,DEEP REWRITE,Template body: 100% of its phrasing is shared with 10+ articles; 0% is its own.,None. Queue order in BLOG_REWRITE_QUEUE.csv.,DEEP REWRITE,true,concept diagram,"One diagram that explains the central idea of ""How to Tell a Story with Data"" — the parts and how they relate.",analyzed
3aef54d1-39f7-419e-aa5d-a71209829732,how-to-write-a-data-analysis-report-that-gets-read,How to Write a Data Analysis Report That Gets Read,data-analytics,how to write a data analysis report that gets read,how to write a data analysis report that gets read tutorial; how to write a data analysis report that gets read explained; how to use how to write a data analysis report that gets read,,concept and mental model; worked example; common mistakes; when not to use it,,derived from title and intent; no search-volume data,tutorial,How do I Write a Data Analysis Report That Gets Read?,tutorial,educational / tutorial,how to write a data analysis report that gets read,concept and mental model; worked example; common mistakes; when not to use it,Needs to understand and use How to Write a Data Analysis Report That Gets Read,no: 100% of its phrasing is shared template text,"no: 685 words, 0% specific to the topic",100% boilerplate,yes: 0% unique phrasing,yes: building-kpi-scorecards-for-executives (1.00),,no: informational title,no: 0% unique phrasing,yes,optional,no,yes: step-by-step,yes,yes: no external source,yes,verify on rewrite,"yes: 6 unsourced salary, percentage or demand claims",not verified automatically,yes: opening shared with 49 other articles,yes: heading outline shared with 417 other articles,no: none in the body,none,partly: the body is template text with the title substituted,no,DEEP REWRITE,Template body: 100% of its phrasing is shared with 10+ articles; 0% is its own.,None. Queue order in BLOG_REWRITE_QUEUE.csv.,DEEP REWRITE,true,concept diagram,"One diagram that explains the central idea of ""How to Write a Data Analysis Report That Gets Read"" — the parts and how they relate.",analyzed
c60523ec-8b64-4ffd-b61f-29cebb764ea5,looker-studio-tutorial-free-dashboards-for-beginners,Looker Studio Tutorial: Free Dashboards for Beginners,data-analytics,looker studio tutorial,looker studio explained; how to use looker studio,,concept and mental model; worked example; common mistakes; when not to use it,Looker Studio,derived from title and intent; no search-volume data,tutorial,"How does Looker Studio Tutorial work, and how do I apply it in practice?",tutorial,educational / tutorial,looker studio tutorial,concept and mental model; worked example; common mistakes; when not to use it,Needs to understand and use Looker Studio,no: 100% of its phrasing is shared template text,"no: 668 words, 0% specific to the topic",100% boilerplate,yes: 0% unique phrasing,yes: building-kpi-scorecards-for-executives (1.00),,no: informational title,no: 0% unique phrasing,yes,optional,no,yes: step-by-step,yes,yes: no external source,yes,verify on rewrite,"yes: 6 unsourced salary, percentage or demand claims",not verified automatically,yes: opening shared with 49 other articles,yes: heading outline shared with 417 other articles,no: none in the body,none,partly: the body is template text with the title substituted,no,DEEP REWRITE,Template body: 100% of its phrasing is shared with 10+ articles; 0% is its own.,None. Queue order in BLOG_REWRITE_QUEUE.csv.,DEEP REWRITE,true,annotated screenshot,"Annotated screenshot of the feature in ""Looker Studio Tutorial"" in the product UI, taken from a demo file (no client data).",analyzed
62e80fbc-7155-45c9-801d-5f959fd6180a,marketing-analytics-metrics-and-dashboards-that-matter,Marketing Analytics: Metrics and Dashboards That Matter,data-analytics,marketing analytics,marketing analytics tutorial; marketing analytics explained; how to use marketing analytics,,concept and mental model; worked example; common mistakes; when not to use it,,derived from title and intent; no search-volume data,tutorial,"How does Marketing Analytics work, and how do I apply it in practice?",tutorial,educational / tutorial,marketing analytics,concept and mental model; worked example; common mistakes; when not to use it,Needs to understand and use Marketing Analytics,no: 100% of its phrasing is shared template text,"no: 666 words, 0% specific to the topic",100% boilerplate,yes: 0% unique phrasing,yes: building-kpi-scorecards-for-executives (1.00),,no: informational title,no: 0% unique phrasing,yes,optional,no,yes: step-by-step,yes,yes: no external source,yes,verify on rewrite,"yes: 6 unsourced salary, percentage or demand claims",not verified automatically,yes: opening shared with 49 other articles,yes: heading outline shared with 417 other articles,no: none in the body,none,partly: the body is template text with the title substituted,no,DEEP REWRITE,Template body: 100% of its phrasing is shared with 10+ articles; 0% is its own.,None. Queue order in BLOG_REWRITE_QUEUE.csv.,DEEP REWRITE,true,concept diagram,"One diagram that explains the central idea of ""Marketing Analytics"" — the parts and how they relate.",analyzed
6bbe6d3a-0fa3-4d15-8f8b-692bb40aa8ac,metrics-that-matter-vanity-vs-actionable-metrics,Metrics That Matter: Vanity vs Actionable Metrics,data-analytics,metrics that matter,metrics that matter comparison; metrics that matter differences; metrics that matter which is better,,decision criteria; where each wins; migration or learning cost,,derived from title and intent; no search-volume data,comparison,"Should I use actionable metrics or vanity, and in which situations does each one win?",comparison,comparison (commercial investigation),metrics that matter,decision criteria; where each wins; migration or learning cost,"Needs to choose between the options in ""Metrics That Matter""",no: 99% of its phrasing is shared template text,"no: 477 words, 1% specific to the topic",99% boilerplate,yes: 1% unique phrasing,yes: correlation-vs-causation-a-must-know-for-analysts (0.99),,no: informational title,no: 1% unique phrasing,yes,has 1; check it is topic-specific,no,no,yes,yes: no external source,yes,verify on rewrite,"yes: 3 unsourced salary, percentage or demand claims",not verified automatically,yes: opening shared with 49 other articles,no,no: none in the body,none,partly: the body is template text with the title substituted,no,DEEP REWRITE,Template body: 99% of its phrasing is shared with 10+ articles; 1% is its own.,None. Queue order in BLOG_REWRITE_QUEUE.csv.,DEEP REWRITE,true,comparison diagram,"Side-by-side diagram of where each option in ""Metrics That Matter"" sits in a typical workflow, with the deciding differences labelled.",analyzed
e1faf93a-3d0a-4db2-ae57-4e68b6202862,outlier-detection-for-analysts-methods-and-tools,Outlier Detection for Analysts: Methods and Tools,data-analytics,outlier detection for analysts,outlier detection for analysts tutorial; outlier detection for analysts explained; how to use outlier detection for analysts,,concept and mental model; worked example; common mistakes; when not to use it,,derived from title and intent; no search-volume data,tutorial,"How does Outlier Detection for Analysts work, and how do I apply it in practice?",tutorial,educational / tutorial,outlier detection for analysts,concept and mental model; worked example; common mistakes; when not to use it,Needs to understand and use Outlier Detection for Analysts,no: 100% of its phrasing is shared template text,"no: 670 words, 0% specific to the topic",100% boilerplate,yes: 0% unique phrasing,yes: building-kpi-scorecards-for-executives (1.00),,no: informational title,no: 0% unique phrasing,yes,optional,no,yes: step-by-step,yes,yes: no external source,yes,verify on rewrite,"yes: 6 unsourced salary, percentage or demand claims",not verified automatically,yes: opening shared with 49 other articles,yes: heading outline shared with 417 other articles,no: none in the body,none,partly: the body is template text with the title substituted,no,DEEP REWRITE,Template body: 100% of its phrasing is shared with 10+ articles; 0% is its own.,None. Queue order in BLOG_REWRITE_QUEUE.csv.,DEEP REWRITE,true,concept diagram,"One diagram that explains the central idea of ""Outlier Detection for Analysts"" — the parts and how they relate.",analyzed
7acfdae6-955f-4cdb-b65a-c962bee798e9,pivot-tables-in-excel-a-complete-tutorial,Pivot Tables in Excel: A Complete Tutorial,data-analytics,pivot tables in excel,pivot tables in excel tutorial; pivot tables in excel explained; how to use pivot tables in excel,,concept and mental model; worked example; common mistakes; when not to use it,Excel,derived from title and intent; no search-volume data,tutorial,"How does Pivot Tables in Excel work, and how do I apply it in practice?",tutorial,educational / tutorial,pivot tables in excel,concept and mental model; worked example; common mistakes; when not to use it,Needs to understand and use Pivot Tables in Excel,no: 100% of its phrasing is shared template text,"no: 670 words, 0% specific to the topic",100% boilerplate,yes: 0% unique phrasing,yes: building-kpi-scorecards-for-executives (1.00),,no: informational title,no: 0% unique phrasing,yes,optional,no,yes: step-by-step,yes,yes: no external source,yes,verify on rewrite,"yes: 6 unsourced salary, percentage or demand claims",not verified automatically,yes: opening shared with 49 other articles,yes: heading outline shared with 417 other articles,no: none in the body,none,partly: the body is template text with the title substituted,no,DEEP REWRITE,Template body: 100% of its phrasing is shared with 10+ articles; 0% is its own.,None. Queue order in BLOG_REWRITE_QUEUE.csv.,DEEP REWRITE,true,annotated screenshot,"Annotated screenshot of the feature in ""Pivot Tables in Excel"" in the product UI, taken from a demo file (no client data).",analyzed
a1896117-62a9-4924-b95d-4e498c7fe074,power-bi-vs-tableau-vs-looker-a-2026-comparison,Power BI vs Tableau vs Looker: A 2026 Comparison,data-analytics,power bi vs tableau vs looker,power bi vs tableau vs looker comparison; power bi vs tableau vs looker differences; power bi vs tableau vs looker which is better,,decision criteria; where each wins; migration or learning cost,Power BI; Tableau,derived from title and intent; no search-volume data,comparison,"Should I use looker or power bi or tableau, and in which situations does each one win?",comparison,comparison (commercial investigation),power bi vs tableau vs looker,decision criteria; where each wins; migration or learning cost,"Needs to choose between the options in ""Power BI vs Tableau vs Looker""",no: 99% of its phrasing is shared template text,"no: 482 words, 1% specific to the topic",99% boilerplate,yes: 1% unique phrasing,yes: excel-vs-power-bi-which-should-you-learn-first (0.99),,no: informational title,no: 1% unique phrasing,yes,has 1; check it is topic-specific,no,no,yes,yes: no external source,yes,yes: fast-moving topic or dated title,"yes: 3 unsourced salary, percentage or demand claims",likely: dated or fast-moving; not verified automatically,yes: opening shared with 49 other articles,no,no: none in the body,none,partly: the body is template text with the title substituted,no,DEEP REWRITE,Template body: 99% of its phrasing is shared with 10+ articles; 1% is its own.,None. Queue order in BLOG_REWRITE_QUEUE.csv.,DEEP REWRITE,true,comparison diagram,"Side-by-side diagram of where each option in ""Power BI vs Tableau vs Looker"" sits in a typical workflow, with the deciding differences labelled.",analyzed
3d5bfd24-48f2-44ff-a61e-1b8d15240792,product-analytics-101-events-funnels-and-retention,"Product Analytics 101: Events, Funnels and Retention",data-analytics,product analytics 101,product analytics 101 tutorial; product analytics 101 explained; how to use product analytics 101,,concept and mental model; worked example; common mistakes; when not to use it,,derived from title and intent; no search-volume data,tutorial,"How does Product Analytics 101 work, and how do I apply it in practice?",tutorial,educational / tutorial,product analytics 101,concept and mental model; worked example; common mistakes; when not to use it,Needs to understand and use Product Analytics 101,no: 100% of its phrasing is shared template text,"no: 668 words, 0% specific to the topic",100% boilerplate,yes: 0% unique phrasing,yes: building-kpi-scorecards-for-executives (1.00),,no: informational title,no: 0% unique phrasing,yes,optional,no,yes: step-by-step,yes,yes: no external source,yes,verify on rewrite,"yes: 6 unsourced salary, percentage or demand claims",not verified automatically,yes: opening shared with 49 other articles,yes: heading outline shared with 417 other articles,no: none in the body,none,partly: the body is template text with the title substituted,no,DEEP REWRITE,Template body: 100% of its phrasing is shared with 10+ articles; 0% is its own.,None. Queue order in BLOG_REWRITE_QUEUE.csv.,DEEP REWRITE,true,concept diagram,"One diagram that explains the central idea of ""Product Analytics 101"" — the parts and how they relate.",analyzed
2e763d01-50de-4ff7-92a1-7c9a6ffe7ec5,self-service-analytics-empowering-business-teams,Self-Service Analytics: Empowering Business Teams,data-analytics,self-service analytics,self-service analytics tutorial; self-service analytics explained; how to use self-service analytics,,concept and mental model; worked example; common mistakes; when not to use it,,derived from title and intent; no search-volume data,tutorial,"How does Self-Service Analytics work, and how do I apply it in practice?",tutorial,educational / tutorial,self-service analytics,concept and mental model; worked example; common mistakes; when not to use it,Needs to understand and use Self-Service Analytics,no: 100% of its phrasing is shared template text,"no: 664 words, 0% specific to the topic",100% boilerplate,yes: 0% unique phrasing,yes: building-kpi-scorecards-for-executives (1.00),,no: informational title,no: 0% unique phrasing,yes,optional,no,yes: step-by-step,yes,yes: no external source,yes,verify on rewrite,"yes: 6 unsourced salary, percentage or demand claims",not verified automatically,yes: opening shared with 49 other articles,yes: heading outline shared with 417 other articles,no: none in the body,none,partly: the body is template text with the title substituted,no,DEEP REWRITE,Template body: 100% of its phrasing is shared with 10+ articles; 0% is its own.,None. Queue order in BLOG_REWRITE_QUEUE.csv.,DEEP REWRITE,true,concept diagram,"One diagram that explains the central idea of ""Self-Service Analytics"" — the parts and how they relate.",analyzed
8b5c40d8-c7d1-40e0-ae62-9f7702e89aee,spreadsheet-to-insight-a-repeatable-analysis-workflow,Spreadsheet to Insight: A Repeatable Analysis Workflow,data-analytics,spreadsheet to insight,spreadsheet to insight tutorial; spreadsheet to insight explained; how to use spreadsheet to insight,,concept and mental model; worked example; common mistakes; when not to use it,,derived from title and intent; no search-volume data,tutorial,"How does Spreadsheet to Insight work, and how do I apply it in practice?",tutorial,educational / tutorial,spreadsheet to insight,concept and mental model; worked example; common mistakes; when not to use it,Needs to understand and use Spreadsheet to Insight,no: 100% of its phrasing is shared template text,"no: 668 words, 0% specific to the topic",100% boilerplate,yes: 0% unique phrasing,yes: building-kpi-scorecards-for-executives (1.00),,no: informational title,no: 0% unique phrasing,yes,optional,no,yes: step-by-step,yes,yes: no external source,yes,verify on rewrite,"yes: 6 unsourced salary, percentage or demand claims",not verified automatically,yes: opening shared with 49 other articles,yes: heading outline shared with 417 other articles,no: none in the body,none,partly: the body is template text with the title substituted,no,DEEP REWRITE,Template body: 100% of its phrasing is shared with 10+ articles; 0% is its own.,None. Queue order in BLOG_REWRITE_QUEUE.csv.,DEEP REWRITE,true,concept diagram,"One diagram that explains the central idea of ""Spreadsheet to Insight"" — the parts and how they relate.",analyzed
0581ad5a-b57a-463d-8c46-0ab6cbe1f516,sql-for-data-analysts-the-queries-you-need-daily,SQL for Data Analysts: The Queries You Need Daily,data-analytics,sql for data analysts,sql for data analysts tutorial; sql for data analysts explained; how to use sql for data analysts,,concept and mental model; worked example; common mistakes; when not to use it,SQL,derived from title and intent; no search-volume data,tutorial,"How does SQL for Data Analysts work, and how do I apply it in practice?",tutorial,educational / tutorial,sql for data analysts,concept and mental model; worked example; common mistakes; when not to use it,Needs to understand and use SQL for Data Analysts,no: 100% of its phrasing is shared template text,"no: 672 words, 0% specific to the topic",100% boilerplate,yes: 0% unique phrasing,yes: building-kpi-scorecards-for-executives (1.00),,no: informational title,no: 0% unique phrasing,yes,optional,"yes: runnable, verified code",yes: step-by-step,yes,yes: no external source,yes,verify on rewrite,"yes: 6 unsourced salary, percentage or demand claims",not verified automatically,yes: opening shared with 49 other articles,yes: heading outline shared with 417 other articles,no: none in the body,none,partly: the body is template text with the title substituted,no,DEEP REWRITE,Template body: 100% of its phrasing is shared with 10+ articles; 0% is its own.,None. Queue order in BLOG_REWRITE_QUEUE.csv.,DEEP REWRITE,true,code output screenshot or diagram,"Worked example for ""SQL for Data Analysts"": the input, the code's key step, and the resulting output side by side.",analyzed
17a007b7-1add-4bc0-a83d-bccdab58f616,statistical-concepts-every-data-analyst-must-know,Statistical Concepts Every Data Analyst Must Know,data-analytics,statistical concepts every data analyst must know,statistical concepts every data analyst must know tutorial; statistical concepts every data analyst must know explained; how to use statistical concepts every data analyst must know,,concept and mental model; worked example; common mistakes; when not to use it,,derived from title and intent; no search-volume data,tutorial,"How does Statistical Concepts Every Data Analyst Must Know work, and how do I apply it in practice?",tutorial,educational / tutorial,statistical concepts every data analyst must know,concept and mental model; worked example; common mistakes; when not to use it,Needs to understand and use Statistical Concepts Every Data Analyst Must Know,no: 100% of its phrasing is shared template text,"no: 676 words, 0% specific to the topic",100% boilerplate,yes: 0% unique phrasing,yes: building-kpi-scorecards-for-executives (1.00),,no: informational title,no: 0% unique phrasing,yes,optional,no,yes: step-by-step,yes,yes: no external source,yes,verify on rewrite,"yes: 6 unsourced salary, percentage or demand claims",not verified automatically,yes: opening shared with 49 other articles,yes: heading outline shared with 417 other articles,no: none in the body,none,partly: the body is template text with the title substituted,no,DEEP REWRITE,Template body: 100% of its phrasing is shared with 10+ articles; 0% is its own.,None. Queue order in BLOG_REWRITE_QUEUE.csv.,DEEP REWRITE,true,concept diagram,"One diagram that explains the central idea of ""Statistical Concepts Every Data Analyst Must Know"" — the parts and how they relate.",analyzed
f8c255e9-0c20-4acd-89a3-83d292960c03,the-modern-data-analytics-stack-explained,The Modern Data Analytics Stack Explained,data-analytics,the modern data analytics stack explained,the modern data analytics stack tutorial; how to use the modern data analytics stack,,concept and mental model; worked example; common mistakes; when not to use it,,derived from title and intent; no search-volume data,tutorial,"What is The Modern Data Analytics Stack, and how does it work?",tutorial,educational / tutorial,the modern data analytics stack explained,concept and mental model; worked example; common mistakes; when not to use it,Needs to understand and use The Modern Data Analytics Stack,no: 100% of its phrasing is shared template text,"no: 673 words, 0% specific to the topic",100% boilerplate,yes: 0% unique phrasing,yes: building-kpi-scorecards-for-executives (1.00),,no: informational title,no: 0% unique phrasing,yes,optional,no,yes: step-by-step,yes,yes: no external source,yes,verify on rewrite,"yes: 6 unsourced salary, percentage or demand claims",not verified automatically,yes: opening shared with 49 other articles,yes: heading outline shared with 417 other articles,no: none in the body,none,partly: the body is template text with the title substituted,no,DEEP REWRITE,Template body: 100% of its phrasing is shared with 10+ articles; 0% is its own.,None. Queue order in BLOG_REWRITE_QUEUE.csv.,DEEP REWRITE,true,concept diagram,"One diagram that explains the central idea of ""The Modern Data Analytics Stack Explained"" — the parts and how they relate.",analyzed
69a49f00-34ea-45fd-8cfc-efbf2f99a786,time-intelligence-in-analytics-trends-and-seasonality,Time Intelligence in Analytics: Trends and Seasonality,data-analytics,time intelligence in analytics,time intelligence in analytics tutorial; time intelligence in analytics explained; how to use time intelligence in analytics,,concept and mental model; worked example; common mistakes; when not to use it,,derived from title and intent; no search-volume data,tutorial,"How does Time Intelligence in Analytics work, and how do I apply it in practice?",tutorial,educational / tutorial,time intelligence in analytics,concept and mental model; worked example; common mistakes; when not to use it,Needs to understand and use Time Intelligence in Analytics,no: 100% of its phrasing is shared template text,"no: 670 words, 0% specific to the topic",100% boilerplate,yes: 0% unique phrasing,yes: building-kpi-scorecards-for-executives (1.00),,no: informational title,no: 0% unique phrasing,yes,optional,no,yes: step-by-step,yes,yes: no external source,yes,verify on rewrite,"yes: 6 unsourced salary, percentage or demand claims",not verified automatically,yes: opening shared with 49 other articles,yes: heading outline shared with 417 other articles,no: none in the body,none,partly: the body is template text with the title substituted,no,DEEP REWRITE,Template body: 100% of its phrasing is shared with 10+ articles; 0% is its own.,None. Queue order in BLOG_REWRITE_QUEUE.csv.,DEEP REWRITE,true,concept diagram,"One diagram that explains the central idea of ""Time Intelligence in Analytics"" — the parts and how they relate.",analyzed
27ce0eee-5eac-4485-b75c-b8673dc05135,top-free-tools-for-data-analysts-in-2026,Top Free Tools for Data Analysts in 2026,data-analytics,top free tools for data analysts in,top free tools for data analysts tutorial; top free tools for data analysts explained; how to use top free tools for data analysts,,concept and mental model; worked example; common mistakes; when not to use it,,derived from title and intent; no search-volume data,tutorial,"How does Top Free Tools for Data Analysts in work, and how do I apply it in practice?",tutorial,educational / tutorial,top free tools for data analysts in,concept and mental model; worked example; common mistakes; when not to use it,Needs to understand and use Top Free Tools for Data Analysts,no: 100% of its phrasing is shared template text,"no: 679 words, 0% specific to the topic",100% boilerplate,yes: 0% unique phrasing,yes: building-kpi-scorecards-for-executives (1.00),,no: informational title,no: 0% unique phrasing,yes,optional,no,yes: step-by-step,yes,yes: no external source,yes,yes: fast-moving topic or dated title,"yes: 6 unsourced salary, percentage or demand claims",likely: dated or fast-moving; not verified automatically,yes: opening shared with 49 other articles,yes: heading outline shared with 417 other articles,no: none in the body,none,partly: the body is template text with the title substituted,no,DEEP REWRITE,Template body: 100% of its phrasing is shared with 10+ articles; 0% is its own.,None. Queue order in BLOG_REWRITE_QUEUE.csv.,DEEP REWRITE,true,concept diagram,"One diagram that explains the central idea of ""Top Free Tools for Data Analysts in 2026"" — the parts and how they relate.",analyzed
f8737f14-2bf4-4217-8e01-9818fb608ae3,web-analytics-basics-understanding-user-behavior,Web Analytics Basics: Understanding User Behavior,data-analytics,web analytics basics,web analytics basics tutorial; web analytics basics explained; how to use web analytics basics,,concept and mental model; worked example; common mistakes; when not to use it,,derived from title and intent; no search-volume data,tutorial,"What is Web Analytics, and how does it work?",tutorial,educational / tutorial,web analytics basics,concept and mental model; worked example; common mistakes; when not to use it,Needs to understand and use Web Analytics Basics,no: 100% of its phrasing is shared template text,"no: 667 words, 0% specific to the topic",100% boilerplate,yes: 0% unique phrasing,yes: building-kpi-scorecards-for-executives (1.00),,no: informational title,no: 0% unique phrasing,yes,optional,no,yes: step-by-step,yes,yes: no external source,yes,verify on rewrite,"yes: 6 unsourced salary, percentage or demand claims",not verified automatically,yes: opening shared with 49 other articles,yes: heading outline shared with 417 other articles,no: none in the body,none,partly: the body is template text with the title substituted,no,DEEP REWRITE,Template body: 100% of its phrasing is shared with 10+ articles; 0% is its own.,None. Queue order in BLOG_REWRITE_QUEUE.csv.,DEEP REWRITE,true,concept diagram,"One diagram that explains the central idea of ""Web Analytics Basics"" — the parts and how they relate.",analyzed
5d57b451-b542-4e96-9cee-2ea19f961d27,airflow-tutorial-orchestrating-data-pipelines,Airflow Tutorial: Orchestrating Data Pipelines,data-engineering,airflow tutorial,airflow explained; how to use airflow,,concept and mental model; worked example; common mistakes; when not to use it,Airflow,derived from title and intent; no search-volume data,tutorial,"How does Airflow Tutorial work, and how do I apply it in practice?",tutorial,educational / tutorial,airflow tutorial,concept and mental model; worked example; common mistakes; when not to use it,Needs to understand and use Airflow,no: 100% of its phrasing is shared template text,"no: 670 words, 0% specific to the topic",100% boilerplate,yes: 0% unique phrasing,yes: apache-kafka-explained-streaming-data-basics (1.00),,no: informational title,no: 0% unique phrasing,yes,optional,"yes: runnable, verified code",yes: step-by-step,yes,yes: no external source,yes,verify on rewrite,"yes: 6 unsourced salary, percentage or demand claims",not verified automatically,yes: opening shared with 49 other articles,yes: heading outline shared with 417 other articles,no: none in the body,none,partly: the body is template text with the title substituted,no,DEEP REWRITE,Template body: 100% of its phrasing is shared with 10+ articles; 0% is its own.,None. Queue order in BLOG_REWRITE_QUEUE.csv.,DEEP REWRITE,true,architecture diagram,"Diagram of the components in ""Airflow Tutorial"" and how data or requests flow between them.",analyzed
663d55df-fc74-45f8-bde8-b1f62492fc11,apache-iceberg-vs-delta-lake-vs-hudi,Apache Iceberg vs Delta Lake vs Hudi,data-engineering,apache iceberg vs delta lake vs hudi,apache iceberg vs delta lake vs hudi comparison; apache iceberg vs delta lake vs hudi differences; apache iceberg vs delta lake vs hudi which is better,,decision criteria; where each wins; migration or learning cost,Delta Lake; Iceberg,derived from title and intent; no search-volume data,comparison,"Should I use apache iceberg or delta lake or hudi, and in which situations does each one win?",comparison,comparison (commercial investigation),apache iceberg vs delta lake vs hudi,decision criteria; where each wins; migration or learning cost,"Needs to choose between the options in ""Apache Iceberg vs Delta Lake vs Hudi""",no: 99% of its phrasing is shared template text,"no: 478 words, 1% specific to the topic",99% boilerplate,yes: 1% unique phrasing,yes: data-engineering-vs-data-science-roles-compared (0.98),,no: informational title,no: 1% unique phrasing,yes,has 1; check it is topic-specific,no,no,yes,yes: no external source,yes,verify on rewrite,"yes: 3 unsourced salary, percentage or demand claims",not verified automatically,yes: opening shared with 49 other articles,no,no: none in the body,none,partly: the body is template text with the title substituted,no,DEEP REWRITE,Template body: 99% of its phrasing is shared with 10+ articles; 1% is its own.,None. Queue order in BLOG_REWRITE_QUEUE.csv.,DEEP REWRITE,true,comparison diagram,"Side-by-side diagram of where each option in ""Apache Iceberg vs Delta Lake vs Hudi"" sits in a typical workflow, with the deciding differences labelled.",analyzed
e73532ca-6c20-4b39-b190-b8d3e3243ac8,apache-kafka-explained-streaming-data-basics,Apache Kafka Explained: Streaming Data Basics,data-engineering,apache kafka explained,apache kafka tutorial; how to use apache kafka,,concept and mental model; worked example; common mistakes; when not to use it,Kafka,derived from title and intent; no search-volume data,tutorial,"What is Apache Kafka, and how does it work?",tutorial,educational / tutorial,apache kafka explained,concept and mental model; worked example; common mistakes; when not to use it,Needs to understand and use Apache Kafka,no: 100% of its phrasing is shared template text,"no: 673 words, 0% specific to the topic",100% boilerplate,yes: 0% unique phrasing,yes: airflow-tutorial-orchestrating-data-pipelines (1.00),,no: informational title,no: 0% unique phrasing,yes,optional,"yes: runnable, verified code",yes: step-by-step,yes,yes: no external source,yes,verify on rewrite,"yes: 6 unsourced salary, percentage or demand claims",not verified automatically,yes: opening shared with 49 other articles,yes: heading outline shared with 417 other articles,no: none in the body,none,partly: the body is template text with the title substituted,no,DEEP REWRITE,Template body: 100% of its phrasing is shared with 10+ articles; 0% is its own.,None. Queue order in BLOG_REWRITE_QUEUE.csv.,DEEP REWRITE,true,architecture diagram,"Diagram of the components in ""Apache Kafka Explained"" and how data or requests flow between them.",analyzed
4ebc971b-8e9d-467c-a277-1af051bda29b,apache-spark-explained-for-beginners,Apache Spark Explained for Beginners,data-engineering,apache spark explained for beginners,apache spark for beginners tutorial; apache spark for beginners explained; how to use apache spark for beginners,,concept and mental model; worked example; common mistakes; when not to use it,Apache Spark; Spark,derived from title and intent; no search-volume data,tutorial,"What is Apache Spark, and how does it work?",tutorial,educational / tutorial,apache spark explained for beginners,concept and mental model; worked example; common mistakes; when not to use it,Needs to understand and use Apache Spark for Beginners,no: 100% of its phrasing is shared template text,"no: 676 words, 0% specific to the topic",100% boilerplate,yes: 0% unique phrasing,yes: airflow-tutorial-orchestrating-data-pipelines (1.00),,no: informational title,no: 0% unique phrasing,yes,optional,"yes: runnable, verified code",yes: step-by-step,yes,yes: no external source,yes,verify on rewrite,"yes: 6 unsourced salary, percentage or demand claims",not verified automatically,yes: opening shared with 49 other articles,yes: heading outline shared with 417 other articles,no: none in the body,none,partly: the body is template text with the title substituted,no,DEEP REWRITE,Template body: 100% of its phrasing is shared with 10+ articles; 0% is its own.,None. Queue order in BLOG_REWRITE_QUEUE.csv.,DEEP REWRITE,true,code output screenshot or diagram,"Worked example for ""Apache Spark Explained for Beginners"": the input, the code's key step, and the resulting output side by side.",analyzed
fb9c9772-df13-4071-ae31-00e932fba319,batch-vs-streaming-data-processing-a-clear-comparison,Batch vs Streaming Data Processing: A Clear Comparison,data-engineering,batch vs streaming data processing,batch vs streaming data processing comparison; batch vs streaming data processing differences; batch vs streaming data processing which is better,,decision criteria; where each wins; migration or learning cost,,derived from title and intent; no search-volume data,comparison,"Should I use batch or streaming data processing, and in which situations does each one win?",comparison,comparison (commercial investigation),batch vs streaming data processing,decision criteria; where each wins; migration or learning cost,"Needs to choose between the options in ""Batch vs Streaming Data Processing""",no: 99% of its phrasing is shared template text,"no: 477 words, 1% specific to the topic",99% boilerplate,yes: 1% unique phrasing,yes: data-engineering-vs-data-science-roles-compared (0.99),,no: informational title,no: 1% unique phrasing,yes,has 1; check it is topic-specific,no,no,yes,yes: no external source,yes,verify on rewrite,"yes: 3 unsourced salary, percentage or demand claims",not verified automatically,yes: opening shared with 49 other articles,no,no: none in the body,none,partly: the body is template text with the title substituted,no,DEEP REWRITE,Template body: 99% of its phrasing is shared with 10+ articles; 1% is its own.,None. Queue order in BLOG_REWRITE_QUEUE.csv.,DEEP REWRITE,true,comparison diagram,"Side-by-side diagram of where each option in ""Batch vs Streaming Data Processing"" sits in a typical workflow, with the deciding differences labelled.",analyzed
69913a9c-53e8-4caa-abe4-3cf11ca9b30b,building-a-data-warehouse-a-step-by-step-guide,Building a Data Warehouse: A Step-by-Step Guide,data-engineering,building a data warehouse,building a data warehouse tutorial; building a data warehouse explained; how to use building a data warehouse,,concept and mental model; worked example; common mistakes; when not to use it,,derived from title and intent; no search-volume data,tutorial,"How does Building a Data Warehouse work, and how do I apply it in practice?",tutorial,educational / tutorial,building a data warehouse,concept and mental model; worked example; common mistakes; when not to use it,Needs to understand and use Building a Data Warehouse,no: 100% of its phrasing is shared template text,"no: 676 words, 0% specific to the topic",100% boilerplate,yes: 0% unique phrasing,yes: airflow-tutorial-orchestrating-data-pipelines (1.00),,no: informational title,no: 0% unique phrasing,yes,optional,no,yes: step-by-step,yes,yes: no external source,yes,verify on rewrite,"yes: 6 unsourced salary, percentage or demand claims",not verified automatically,yes: opening shared with 49 other articles,yes: heading outline shared with 417 other articles,no: none in the body,none,partly: the body is template text with the title substituted,no,DEEP REWRITE,Template body: 100% of its phrasing is shared with 10+ articles; 0% is its own.,None. Queue order in BLOG_REWRITE_QUEUE.csv.,DEEP REWRITE,true,architecture diagram,"Diagram of the components in ""Building a Data Warehouse"" and how data or requests flow between them.",analyzed
747abbc1-4071-4aaf-84af-3bbcc7f62ff1,building-a-streaming-pipeline-with-kafka-and-spark,Building a Streaming Pipeline with Kafka and Spark,data-engineering,building a streaming pipeline with kafka and spark,building a streaming pipeline with kafka and spark tutorial; building a streaming pipeline with kafka and spark explained; how to use building a streaming pipeline with kafka and spark,,concept and mental model; worked example; common mistakes; when not to use it,Spark; Kafka,derived from title and intent; no search-volume data,tutorial,"How does Building a Streaming Pipeline with Kafka and Spark work, and how do I apply it in practice?",tutorial,educational / tutorial,building a streaming pipeline with kafka and spark,concept and mental model; worked example; common mistakes; when not to use it,Needs to understand and use Building a Streaming Pipeline with Kafka and Spark,no: 100% of its phrasing is shared template text,"no: 685 words, 0% specific to the topic",100% boilerplate,yes: 0% unique phrasing,yes: airflow-tutorial-orchestrating-data-pipelines (1.00),,no: informational title,no: 0% unique phrasing,yes,optional,"yes: runnable, verified code",yes: step-by-step,yes,yes: no external source,yes,verify on rewrite,"yes: 6 unsourced salary, percentage or demand claims",not verified automatically,yes: opening shared with 49 other articles,yes: heading outline shared with 417 other articles,no: none in the body,none,partly: the body is template text with the title substituted,no,DEEP REWRITE,Template body: 100% of its phrasing is shared with 10+ articles; 0% is its own.,None. Queue order in BLOG_REWRITE_QUEUE.csv.,DEEP REWRITE,true,architecture diagram,"Diagram of the components in ""Building a Streaming Pipeline with Kafka and Spark"" and how data or requests flow between them.",analyzed
bead229f-3b4b-42ea-8fd3-07d44b415a1d,building-incremental-data-loads-that-scale,Building Incremental Data Loads That Scale,data-engineering,building incremental data loads that scale,building incremental data loads that scale tutorial; building incremental data loads that scale explained; how to use building incremental data loads that scale,,concept and mental model; worked example; common mistakes; when not to use it,,derived from title and intent; no search-volume data,tutorial,"How does Building Incremental Data Loads That Scale work, and how do I apply it in practice?",tutorial,educational / tutorial,building incremental data loads that scale,concept and mental model; worked example; common mistakes; when not to use it,Needs to understand and use Building Incremental Data Loads That Scale,no: 100% of its phrasing is shared template text,"no: 679 words, 0% specific to the topic",100% boilerplate,yes: 0% unique phrasing,yes: airflow-tutorial-orchestrating-data-pipelines (1.00),,no: informational title,no: 0% unique phrasing,yes,optional,no,yes: step-by-step,yes,yes: no external source,yes,verify on rewrite,"yes: 6 unsourced salary, percentage or demand claims",not verified automatically,yes: opening shared with 49 other articles,yes: heading outline shared with 417 other articles,no: none in the body,none,partly: the body is template text with the title substituted,no,DEEP REWRITE,Template body: 100% of its phrasing is shared with 10+ articles; 0% is its own.,None. Queue order in BLOG_REWRITE_QUEUE.csv.,DEEP REWRITE,true,concept diagram,"One diagram that explains the central idea of ""Building Incremental Data Loads That Scale"" — the parts and how they relate.",analyzed
df25f830-9e0f-469c-b913-552ae161ace8,building-your-first-data-pipeline-a-walkthrough,Building Your First Data Pipeline: A Walkthrough,data-engineering,building your first data pipeline,building your first data pipeline tutorial; building your first data pipeline explained; how to use building your first data pipeline,,concept and mental model; worked example; common mistakes; when not to use it,,derived from title and intent; no search-volume data,tutorial,"How does Building Your First Data Pipeline work, and how do I apply it in practice?",tutorial,educational / tutorial,building your first data pipeline,concept and mental model; worked example; common mistakes; when not to use it,Needs to understand and use Building Your First Data Pipeline,no: 100% of its phrasing is shared template text,"no: 678 words, 0% specific to the topic",100% boilerplate,yes: 0% unique phrasing,yes: airflow-tutorial-orchestrating-data-pipelines (1.00),,no: informational title,no: 0% unique phrasing,yes,optional,"yes: runnable, verified code",yes: step-by-step,yes,yes: no external source,yes,verify on rewrite,"yes: 6 unsourced salary, percentage or demand claims",not verified automatically,yes: opening shared with 49 other articles,yes: heading outline shared with 417 other articles,no: none in the body,none,partly: the body is template text with the title substituted,no,DEEP REWRITE,Template body: 100% of its phrasing is shared with 10+ articles; 0% is its own.,None. Queue order in BLOG_REWRITE_QUEUE.csv.,DEEP REWRITE,true,architecture diagram,"Diagram of the components in ""Building Your First Data Pipeline"" and how data or requests flow between them.",analyzed
07e8b86d-4546-4062-82e7-a772e4c8174f,cdc-change-data-capture-explained-with-examples,CDC (Change Data Capture) Explained with Examples,data-engineering,cdc (change data capture) explained with examples,cdc (change data capture) with examples tutorial; cdc (change data capture) with examples explained; how to use cdc (change data capture) with examples,,concept and mental model; worked example; common mistakes; when not to use it,,derived from title and intent; no search-volume data,tutorial,"What is CDC (Change Data Capture), and how does it work?",tutorial,educational / tutorial,cdc (change data capture) explained with examples,concept and mental model; worked example; common mistakes; when not to use it,Needs to understand and use CDC (Change Data Capture) with Examples,no: 100% of its phrasing is shared template text,"no: 682 words, 0% specific to the topic",100% boilerplate,yes: 0% unique phrasing,yes: airflow-tutorial-orchestrating-data-pipelines (1.00),,no: informational title,no: 0% unique phrasing,yes,optional,no,yes: step-by-step,yes,yes: no external source,yes,yes: fast-moving topic or dated title,"yes: 6 unsourced salary, percentage or demand claims",likely: dated or fast-moving; not verified automatically,yes: opening shared with 49 other articles,yes: heading outline shared with 417 other articles,no: none in the body,none,partly: the body is template text with the title substituted,no,DEEP REWRITE,Template body: 100% of its phrasing is shared with 10+ articles; 0% is its own.,None. Queue order in BLOG_REWRITE_QUEUE.csv.,DEEP REWRITE,true,concept diagram,"One diagram that explains the central idea of ""CDC (Change Data Capture) Explained with Examples"" — the parts and how they relate.",analyzed
b812f849-6d75-4828-a2a5-1299ddabb85f,cloud-data-warehouses-compared-snowflake-vs-bigquery-vs-redshift,Cloud Data Warehouses Compared: Snowflake vs BigQuery vs Redshift,data-engineering,cloud data warehouses compared,cloud data warehouses compared comparison; cloud data warehouses compared differences; cloud data warehouses compared which is better,snowflake; bigquery,decision criteria; where each wins; migration or learning cost,Snowflake; BigQuery,derived from title and intent; no search-volume data,comparison,"Should I use bigquery or redshift or snowflake, and in which situations does each one win?",comparison,comparison (commercial investigation),cloud data warehouses compared,decision criteria; where each wins; migration or learning cost,"Needs to choose between the options in ""Cloud Data Warehouses Compared""",no: 99% of its phrasing is shared template text,"no: 477 words, 1% specific to the topic",99% boilerplate,yes: 1% unique phrasing,yes: data-engineering-vs-data-science-roles-compared (0.99),snowflake-explained-the-cloud-data-warehouse,no: informational title,no: 1% unique phrasing,yes,has 1; check it is topic-specific,"yes: runnable, verified code",no,yes,yes: no external source,yes,verify on rewrite,"yes: 3 unsourced salary, percentage or demand claims",not verified automatically,yes: opening shared with 49 other articles,no,no: none in the body,none,partly: the body is template text with the title substituted,no,MERGE,"Phase 3: Three posts compare the same three warehouses in a different order. Keep one, 308 the others once GSC confirms which earns the impressions.","Search Console check, then 301 to the owner.",MERGE,true,comparison diagram,"Side-by-side diagram of where each option in ""Cloud Data Warehouses Compared"" sits in a typical workflow, with the deciding differences labelled.",merge_candidate
50cd4f22-ea78-4a29-b3b1-7aea85eb9d82,data-contracts-reliable-pipelines-between-teams,Data Contracts: Reliable Pipelines Between Teams,data-engineering,data contracts,data contracts tutorial; data contracts explained; how to use data contracts,,concept and mental model; worked example; common mistakes; when not to use it,,derived from title and intent; no search-volume data,tutorial,"How does Data Contracts work, and how do I apply it in practice?",tutorial,educational / tutorial,data contracts,concept and mental model; worked example; common mistakes; when not to use it,Needs to understand and use Data Contracts,no: 100% of its phrasing is shared template text,"no: 671 words, 0% specific to the topic",100% boilerplate,yes: 0% unique phrasing,yes: airflow-tutorial-orchestrating-data-pipelines (1.00),,no: informational title,no: 0% unique phrasing,yes,optional,"yes: runnable, verified code",yes: step-by-step,yes,yes: no external source,yes,verify on rewrite,"yes: 6 unsourced salary, percentage or demand claims",not verified automatically,yes: opening shared with 49 other articles,yes: heading outline shared with 417 other articles,no: none in the body,none,partly: the body is template text with the title substituted,no,DEEP REWRITE,Template body: 100% of its phrasing is shared with 10+ articles; 0% is its own.,None. Queue order in BLOG_REWRITE_QUEUE.csv.,DEEP REWRITE,true,architecture diagram,"Diagram of the components in ""Data Contracts"" and how data or requests flow between them.",analyzed
55a1b6e1-679f-4d59-a2ae-87c1ce863dff,data-engineer-salary-in-hyderabad-2026,Data Engineer Salary in Hyderabad 2026,data-engineering,data engineer salary in hyderabad,data engineer salary; data engineer salary for freshers; data engineer pay by experience,,sourced pay data; what moves pay; role differences,,derived from title and intent; no search-volume data,salary,"What does Data Engineer work pay, and what moves the number?",salary,salary,data engineer salary in hyderabad,sourced pay data; what moves pay; role differences,"Needs realistic, sourced pay expectations for Data Engineer",no: 90% of its phrasing is shared template text,"no: 538 words, 3% specific to the topic",90% boilerplate,yes: 3% unique phrasing,no: nearest data-scientist-salary-in-hyderabad-2026-freshers-to-senior (0.67),,no: informational title,no: 3% unique phrasing,yes,optional,no,no,no,yes: no external source,yes,yes: fast-moving topic or dated title,"yes: 11 unsourced salary, percentage or demand claims",likely: dated or fast-moving; not verified automatically,yes: opening shared with 49 other articles,yes: heading outline shared with 10 other articles,no: none in the body,none,partly: the body is template text with the title substituted,no,MANUAL REVIEW,"Salary figures with no cited source. A rewrite needs a dated, citable salary dataset; without one the figures must go.","Source a salary dataset, or rewrite without figures.",MANUAL REVIEW,false,none,No image. A chart is only appropriate once the figures are sourced; then chart the cited data with the source in the caption.,needs_review
cbb7e717-6fcb-400e-bc2f-d979b607d658,data-engineering-interview-questions-and-answers-2,Data Engineering Interview Questions and Answers,data-engineering,data engineering interview questions and answers,data engineering interview questions for freshers; data engineering scenario based questions,,core concepts; scenario questions; follow-up questions; common wrong answers,,derived from title and intent; no search-volume data,interview,"What does an interviewer ask about Data Engineering, and what does a strong answer contain?",interview,interview preparation,data engineering interview questions and answers,core concepts; scenario questions; follow-up questions; common wrong answers,Needs to prepare for interview questions on Data Engineering,no: 94% of its phrasing is shared template text,"no: 532 words, 3% specific to the topic",94% boilerplate,yes: 3% unique phrasing,no: nearest gcp-interview-questions-for-data-engineers-2 (0.74),,no: informational title,no: 3% unique phrasing,yes,yes,no,no,no,yes: no external source,yes,verify on rewrite,"yes: 3 unsourced salary, percentage or demand claims",not verified automatically,yes: opening shared with 49 other articles,no,no: none in the body,none,partly: the body is template text with the title substituted,no,REDIRECT,Identical title and excerpt; duplicate of the interview-questions copy.,Done in Phase 1 (301).,REDIRECT,false,none,No image needed; the value is in the questions and answers. Optional: one diagram for the hardest concept explained.,redirected
7688d79a-0f96-4d11-ad3e-9f100f7c4d40,data-engineering-projects-for-your-portfolio,Data Engineering Projects for Your Portfolio,data-engineering,data engineering projects for your portfolio,data engineering for your portfolio project ideas; data engineering for your portfolio projects for beginners; data engineering for your portfolio portfolio,,project list by skill; datasets; deliverables; how to present,,derived from title and intent; no search-volume data,project,"Which Data Engineering for Your Portfolio projects show employers real skill, and how do I build them?",project,project,data engineering projects for your portfolio,project list by skill; datasets; deliverables; how to present,Needs portfolio projects that prove Data Engineering for Your Portfolio skill,no: 98% of its phrasing is shared template text,"no: 573 words, 1% specific to the topic",98% boilerplate,yes: 1% unique phrasing,no: nearest data-science-projects-for-freshers-12-ideas-with-datasets (0.70),,no: informational title,no: 1% unique phrasing,yes,yes,no,yes: step-by-step,yes,yes: no external source,yes,verify on rewrite,"yes: 3 unsourced salary, percentage or demand claims",not verified automatically,yes: opening shared with 49 other articles,yes: heading outline shared with 16 other articles,no: none in the body,none,partly: the body is template text with the title substituted,no,DEEP REWRITE,Template body: 98% of its phrasing is shared with 10+ articles; 1% is its own.,None. Queue order in BLOG_REWRITE_QUEUE.csv.,DEEP REWRITE,true,architecture diagram,"Architecture sketch of one project from ""Data Engineering Projects for Your Portfolio"": data source, processing steps, output.",analyzed
fe0843d2-54f6-4334-beef-58606bd4d1ef,data-engineering-roadmap-2026-a-complete-guide,Data Engineering Roadmap 2026: A Complete Guide,data-engineering,data engineering roadmap,data engineering learning path; how to become data engineering; data engineering skills,,prerequisites; stages and order; projects; what to skip; pacing,,derived from title and intent; no search-volume data,career,"What should I learn, and in what order, to become job-ready in Data Engineering?",career,career / roadmap,data engineering roadmap,prerequisites; stages and order; projects; what to skip; pacing,Needs a learning or career path for Data Engineering,no: 96% of its phrasing is shared template text,"no: 675 words, 0% specific to the topic",96% boilerplate,yes: 0% unique phrasing,yes: from-backend-developer-to-data-engineer-a-roadmap (1.00),,no: informational title,no: 0% unique phrasing,yes,has 1; check it is topic-specific,no,no,yes,yes: no external source,yes,yes: fast-moving topic or dated title,"yes: 6 unsourced salary, percentage or demand claims",likely: dated or fast-moving; not verified automatically,yes: opening shared with 49 other articles,yes: heading outline shared with 18 other articles,no: none in the body,none,partly: the body is template text with the title substituted,no,DEEP REWRITE,Template body: 96% of its phrasing is shared with 10+ articles; 0% is its own.,None. Queue order in BLOG_REWRITE_QUEUE.csv.,DEEP REWRITE,true,roadmap diagram,"Stage-by-stage diagram of the Data Engineering Roadmap 2026 learning path: each stage, the skills in it, and the proof (project) that closes it.",analyzed
ad6c6db4-7122-40af-8016-86960a506c49,data-engineering-tools-you-must-learn-in-2026,Data Engineering Tools You Must Learn in 2026,data-engineering,data engineering tools you must learn in,data engineering tools you must learn tutorial; data engineering tools you must learn explained; how to use data engineering tools you must learn,,concept and mental model; worked example; common mistakes; when not to use it,,derived from title and intent; no search-volume data,tutorial,"How does Data Engineering Tools You Must Learn in work, and how do I apply it in practice?",tutorial,educational / tutorial,data engineering tools you must learn in,concept and mental model; worked example; common mistakes; when not to use it,Needs to understand and use Data Engineering Tools You Must Learn,no: 100% of its phrasing is shared template text,"no: 685 words, 0% specific to the topic",100% boilerplate,yes: 0% unique phrasing,yes: airflow-tutorial-orchestrating-data-pipelines (1.00),,no: informational title,no: 0% unique phrasing,yes,optional,no,yes: step-by-step,yes,yes: no external source,yes,yes: fast-moving topic or dated title,"yes: 6 unsourced salary, percentage or demand claims",likely: dated or fast-moving; not verified automatically,yes: opening shared with 49 other articles,yes: heading outline shared with 417 other articles,no: none in the body,none,partly: the body is template text with the title substituted,no,DEEP REWRITE,Template body: 100% of its phrasing is shared with 10+ articles; 0% is its own.,None. Queue order in BLOG_REWRITE_QUEUE.csv.,DEEP REWRITE,true,concept diagram,"One diagram that explains the central idea of ""Data Engineering Tools You Must Learn in 2026"" — the parts and how they relate.",analyzed
528ab0f5-ce67-4c9f-8e7c-32028224fb63,data-engineering-vs-data-science-roles-compared,Data Engineering vs Data Science: Roles Compared,data-engineering,data engineering vs data science,data engineering vs data science comparison; data engineering vs data science differences; data engineering vs data science which is better,,decision criteria; where each wins; migration or learning cost,,derived from title and intent; no search-volume data,comparison,"Should I use data engineering or data science, and in which situations does each one win?",comparison,comparison (commercial investigation),data engineering vs data science,decision criteria; where each wins; migration or learning cost,"Needs to choose between the options in ""Data Engineering vs Data Science""",no: 99% of its phrasing is shared template text,"no: 476 words, 0% specific to the topic",99% boilerplate,yes: 0% unique phrasing,yes: etl-vs-elt-differences-and-when-to-use-each (0.99),,no: informational title,no: 0% unique phrasing,yes,has 1; check it is topic-specific,no,no,yes,yes: no external source,yes,verify on rewrite,"yes: 3 unsourced salary, percentage or demand claims",not verified automatically,yes: opening shared with 49 other articles,no,no: none in the body,none,partly: the body is template text with the title substituted,no,DEEP REWRITE,Template body: 99% of its phrasing is shared with 10+ articles; 0% is its own.,None. Queue order in BLOG_REWRITE_QUEUE.csv.,DEEP REWRITE,true,comparison diagram,"Side-by-side diagram of where each option in ""Data Engineering vs Data Science"" sits in a typical workflow, with the deciding differences labelled.",analyzed
9b30f136-ca6a-43c2-be4d-ee6d6f7e192d,data-lake-vs-data-warehouse-vs-lakehouse,Data Lake vs Data Warehouse vs Lakehouse,data-engineering,data lake vs data warehouse vs lakehouse,data lake vs data warehouse vs lakehouse comparison; data lake vs data warehouse vs lakehouse differences; data lake vs data warehouse vs lakehouse which is better,,decision criteria; where each wins; migration or learning cost,,derived from title and intent; no search-volume data,comparison,"Should I use data lake or data warehouse or lakehouse, and in which situations does each one win?",comparison,comparison (commercial investigation),data lake vs data warehouse vs lakehouse,decision criteria; where each wins; migration or learning cost,"Needs to choose between the options in ""Data Lake vs Data Warehouse vs Lakehouse""",no: 99% of its phrasing is shared template text,"no: 478 words, 1% specific to the topic",99% boilerplate,yes: 1% unique phrasing,yes: data-engineering-vs-data-science-roles-compared (0.98),,no: informational title,no: 1% unique phrasing,yes,has 1; check it is topic-specific,no,no,yes,yes: no external source,yes,verify on rewrite,"yes: 3 unsourced salary, percentage or demand claims",not verified automatically,yes: opening shared with 49 other articles,no,no: none in the body,none,partly: the body is template text with the title substituted,no,DEEP REWRITE,Template body: 99% of its phrasing is shared with 10+ articles; 1% is its own.,None. Queue order in BLOG_REWRITE_QUEUE.csv.,DEEP REWRITE,true,comparison diagram,"Side-by-side diagram of where each option in ""Data Lake vs Data Warehouse vs Lakehouse"" sits in a typical workflow, with the deciding differences labelled.",analyzed
d3cc84b7-ca6c-4f99-a198-d99035480b18,data-modeling-star-schema-snowflake-and-data-vault,"Data Modeling: Star Schema, Snowflake and Data Vault",data-engineering,data modeling,data modeling tutorial; data modeling explained; how to use data modeling,snowflake,concept and mental model; worked example; common mistakes; when not to use it,Snowflake,derived from title and intent; no search-volume data,tutorial,"How does Data Modeling work, and how do I apply it in practice?",tutorial,educational / tutorial,data modeling,concept and mental model; worked example; common mistakes; when not to use it,Needs to understand and use Data Modeling,no: 100% of its phrasing is shared template text,"no: 673 words, 0% specific to the topic",100% boilerplate,yes: 0% unique phrasing,yes: airflow-tutorial-orchestrating-data-pipelines (1.00),,no: informational title,no: 0% unique phrasing,yes,optional,"yes: runnable, verified code",yes: step-by-step,yes,yes: no external source,yes,verify on rewrite,"yes: 6 unsourced salary, percentage or demand claims",not verified automatically,yes: opening shared with 49 other articles,yes: heading outline shared with 417 other articles,no: none in the body,none,partly: the body is template text with the title substituted,no,DEEP REWRITE,Template body: 100% of its phrasing is shared with 10+ articles; 0% is its own.,None. Queue order in BLOG_REWRITE_QUEUE.csv.,DEEP REWRITE,true,concept diagram,"One diagram that explains the central idea of ""Data Modeling"" — the parts and how they relate.",analyzed
40ef6920-5fa8-4eb3-a79f-93a58b864e04,data-quality-testing-and-validation-in-pipelines,Data Quality: Testing and Validation in Pipelines,data-engineering,data quality,data quality tutorial; data quality explained; how to use data quality,,concept and mental model; worked example; common mistakes; when not to use it,,derived from title and intent; no search-volume data,tutorial,"How does Data Quality work, and how do I apply it in practice?",tutorial,educational / tutorial,data quality,concept and mental model; worked example; common mistakes; when not to use it,Needs to understand and use Data Quality,no: 100% of its phrasing is shared template text,"no: 672 words, 0% specific to the topic",100% boilerplate,yes: 0% unique phrasing,yes: airflow-tutorial-orchestrating-data-pipelines (1.00),,no: informational title,no: 0% unique phrasing,yes,optional,"yes: runnable, verified code",yes: step-by-step,yes,yes: no external source,yes,verify on rewrite,"yes: 6 unsourced salary, percentage or demand claims",not verified automatically,yes: opening shared with 49 other articles,yes: heading outline shared with 417 other articles,no: none in the body,none,partly: the body is template text with the title substituted,no,DEEP REWRITE,Template body: 100% of its phrasing is shared with 10+ articles; 0% is its own.,None. Queue order in BLOG_REWRITE_QUEUE.csv.,DEEP REWRITE,true,architecture diagram,"Diagram of the components in ""Data Quality"" and how data or requests flow between them.",analyzed
fa556191-c716-47e5-8742-41ccd92ced2b,data-warehouse-explained-concepts-and-architecture,Data Warehouse Explained: Concepts and Architecture,data-engineering,data warehouse explained,data warehouse tutorial; how to use data warehouse,,concept and mental model; worked example; common mistakes; when not to use it,,derived from title and intent; no search-volume data,tutorial,"What is Data Warehouse, and how does it work?",tutorial,educational / tutorial,data warehouse explained,concept and mental model; worked example; common mistakes; when not to use it,Needs to understand and use Data Warehouse,no: 100% of its phrasing is shared template text,"no: 673 words, 0% specific to the topic",100% boilerplate,yes: 0% unique phrasing,yes: airflow-tutorial-orchestrating-data-pipelines (1.00),,no: informational title,no: 0% unique phrasing,yes,optional,no,yes: step-by-step,yes,yes: no external source,yes,verify on rewrite,"yes: 6 unsourced salary, percentage or demand claims",not verified automatically,yes: opening shared with 49 other articles,yes: heading outline shared with 417 other articles,no: none in the body,none,partly: the body is template text with the title substituted,no,DEEP REWRITE,Template body: 100% of its phrasing is shared with 10+ articles; 0% is its own.,None. Queue order in BLOG_REWRITE_QUEUE.csv.,DEEP REWRITE,true,architecture diagram,"Diagram of the components in ""Data Warehouse Explained"" and how data or requests flow between them.",analyzed
f82e181d-ac01-49be-beae-19a1ea358f60,databricks-tutorial-a-beginner-s-guide,Databricks Tutorial: A Beginner's Guide,data-engineering,databricks tutorial,databricks explained; how to use databricks,,concept and mental model; worked example; common mistakes; when not to use it,Databricks,derived from title and intent; no search-volume data,tutorial,"How does Databricks Tutorial work, and how do I apply it in practice?",tutorial,educational / tutorial,databricks tutorial,concept and mental model; worked example; common mistakes; when not to use it,Needs to understand and use Databricks,no: 100% of its phrasing is shared template text,"no: 670 words, 0% specific to the topic",100% boilerplate,yes: 0% unique phrasing,yes: airflow-tutorial-orchestrating-data-pipelines (1.00),,no: informational title,no: 0% unique phrasing,yes,optional,"yes: runnable, verified code",yes: step-by-step,yes,yes: no external source,yes,verify on rewrite,"yes: 6 unsourced salary, percentage or demand claims",not verified automatically,yes: opening shared with 49 other articles,yes: heading outline shared with 417 other articles,no: none in the body,none,partly: the body is template text with the title substituted,no,DEEP REWRITE,Template body: 100% of its phrasing is shared with 10+ articles; 0% is its own.,None. Queue order in BLOG_REWRITE_QUEUE.csv.,DEEP REWRITE,true,concept diagram,"One diagram that explains the central idea of ""Databricks Tutorial"" — the parts and how they relate.",analyzed
1d22fc41-7822-4da0-b930-3fb492f53d3a,dbt-tutorial-transformations-in-the-modern-data-stack,dbt Tutorial: Transformations in the Modern Data Stack,data-engineering,dbt tutorial,dbt explained; how to use dbt,,concept and mental model; worked example; common mistakes; when not to use it,dbt,derived from title and intent; no search-volume data,tutorial,"How does dbt Tutorial work, and how do I apply it in practice?",tutorial,educational / tutorial,dbt tutorial,concept and mental model; worked example; common mistakes; when not to use it,Needs to understand and use dbt,no: 100% of its phrasing is shared template text,"no: 673 words, 0% specific to the topic",100% boilerplate,yes: 0% unique phrasing,yes: airflow-tutorial-orchestrating-data-pipelines (1.00),,no: informational title,no: 0% unique phrasing,yes,optional,no,yes: step-by-step,yes,yes: no external source,yes,verify on rewrite,"yes: 6 unsourced salary, percentage or demand claims",not verified automatically,yes: opening shared with 49 other articles,yes: heading outline shared with 417 other articles,no: none in the body,none,partly: the body is template text with the title substituted,no,DEEP REWRITE,Template body: 100% of its phrasing is shared with 10+ articles; 0% is its own.,None. Queue order in BLOG_REWRITE_QUEUE.csv.,DEEP REWRITE,true,concept diagram,"One diagram that explains the central idea of ""dbt Tutorial"" — the parts and how they relate.",analyzed
d14ca241-79af-44c8-b0ec-c36463b23f4e,delta-lake-explained-reliable-lakes-with-acid,Delta Lake Explained: Reliable Lakes with ACID,data-engineering,delta lake explained,delta lake tutorial; how to use delta lake,,concept and mental model; worked example; common mistakes; when not to use it,Delta Lake,derived from title and intent; no search-volume data,tutorial,"What is Delta Lake, and how does it work?",tutorial,educational / tutorial,delta lake explained,concept and mental model; worked example; common mistakes; when not to use it,Needs to understand and use Delta Lake,no: 100% of its phrasing is shared template text,"no: 674 words, 0% specific to the topic",100% boilerplate,yes: 0% unique phrasing,yes: airflow-tutorial-orchestrating-data-pipelines (1.00),,no: informational title,no: 0% unique phrasing,yes,optional,no,yes: step-by-step,yes,yes: no external source,yes,verify on rewrite,"yes: 6 unsourced salary, percentage or demand claims",not verified automatically,yes: opening shared with 49 other articles,yes: heading outline shared with 417 other articles,no: none in the body,none,partly: the body is template text with the title substituted,no,DEEP REWRITE,Template body: 100% of its phrasing is shared with 10+ articles; 0% is its own.,None. Queue order in BLOG_REWRITE_QUEUE.csv.,DEEP REWRITE,true,architecture diagram,"Diagram of the components in ""Delta Lake Explained"" and how data or requests flow between them.",analyzed
6d99b234-3768-4d44-a80b-09f0071c027b,designing-fact-and-dimension-tables,Designing Fact and Dimension Tables,data-engineering,designing fact and dimension tables,designing fact and dimension tables tutorial; designing fact and dimension tables explained; how to use designing fact and dimension tables,,concept and mental model; worked example; common mistakes; when not to use it,,derived from title and intent; no search-volume data,tutorial,"How does Designing Fact and Dimension Tables work, and how do I apply it in practice?",tutorial,educational / tutorial,designing fact and dimension tables,concept and mental model; worked example; common mistakes; when not to use it,Needs to understand and use Designing Fact and Dimension Tables,no: 100% of its phrasing is shared template text,"no: 676 words, 0% specific to the topic",100% boilerplate,yes: 0% unique phrasing,yes: airflow-tutorial-orchestrating-data-pipelines (1.00),,no: informational title,no: 0% unique phrasing,yes,optional,no,yes: step-by-step,yes,yes: no external source,yes,verify on rewrite,"yes: 6 unsourced salary, percentage or demand claims",not verified automatically,yes: opening shared with 49 other articles,yes: heading outline shared with 417 other articles,no: none in the body,none,partly: the body is template text with the title substituted,no,DEEP REWRITE,Template body: 100% of its phrasing is shared with 10+ articles; 0% is its own.,None. Queue order in BLOG_REWRITE_QUEUE.csv.,DEEP REWRITE,true,concept diagram,"One diagram that explains the central idea of ""Designing Fact and Dimension Tables"" — the parts and how they relate.",analyzed
522f166c-4611-42e9-8a7a-c071f08f2993,distributed-systems-basics-for-data-engineers,Distributed Systems Basics for Data Engineers,data-engineering,distributed systems basics for data engineers,distributed systems basics for data engineers tutorial; distributed systems basics for data engineers explained; how to use distributed systems basics for data engineers,,concept and mental model; worked example; common mistakes; when not to use it,,derived from title and intent; no search-volume data,tutorial,"What is Distributed Systems, and how does it work?",tutorial,educational / tutorial,distributed systems basics for data engineers,concept and mental model; worked example; common mistakes; when not to use it,Needs to understand and use Distributed Systems Basics for Data Engineers,no: 100% of its phrasing is shared template text,"no: 679 words, 0% specific to the topic",100% boilerplate,yes: 0% unique phrasing,yes: airflow-tutorial-orchestrating-data-pipelines (1.00),,no: informational title,no: 0% unique phrasing,yes,optional,no,yes: step-by-step,yes,yes: no external source,yes,verify on rewrite,"yes: 6 unsourced salary, percentage or demand claims",not verified automatically,yes: opening shared with 49 other articles,yes: heading outline shared with 417 other articles,no: none in the body,none,partly: the body is template text with the title substituted,no,DEEP REWRITE,Template body: 100% of its phrasing is shared with 10+ articles; 0% is its own.,None. Queue order in BLOG_REWRITE_QUEUE.csv.,DEEP REWRITE,true,concept diagram,"One diagram that explains the central idea of ""Distributed Systems Basics for Data Engineers"" — the parts and how they relate.",analyzed
4d5339c3-b07c-4fb4-87b0-5c7772773e9e,etl-vs-elt-differences-and-when-to-use-each,ETL vs ELT: Differences and When to Use Each,data-engineering,etl vs elt,etl vs elt comparison; etl vs elt differences; etl vs elt which is better,,decision criteria; where each wins; migration or learning cost,,derived from title and intent; no search-volume data,comparison,"Should I use elt or etl, and in which situations does each one win?",comparison,comparison (commercial investigation),etl vs elt,decision criteria; where each wins; migration or learning cost,"Needs to choose between the options in ""ETL vs ELT""",no: 99% of its phrasing is shared template text,"no: 476 words, 1% specific to the topic",99% boilerplate,yes: 1% unique phrasing,yes: data-engineering-vs-data-science-roles-compared (0.99),,no: informational title,no: 1% unique phrasing,yes,has 1; check it is topic-specific,"yes: runnable, verified code",no,yes,yes: no external source,yes,verify on rewrite,"yes: 3 unsourced salary, percentage or demand claims",not verified automatically,yes: opening shared with 49 other articles,no,no: none in the body,none,partly: the body is template text with the title substituted,no,DEEP REWRITE,Template body: 99% of its phrasing is shared with 10+ articles; 1% is its own.,None. Queue order in BLOG_REWRITE_QUEUE.csv.,DEEP REWRITE,true,comparison diagram,"Side-by-side diagram of where each option in ""ETL vs ELT"" sits in a typical workflow, with the deciding differences labelled.",analyzed
6b381aa5-df4b-4d95-bc0f-8f497ab9d6b9,from-backend-developer-to-data-engineer-a-roadmap,From Backend Developer to Data Engineer: A Roadmap,data-engineering,from backend developer to data engineer,from backend developer to data engineer learning path; how to become from backend developer to data engineer; from backend developer to data engineer skills,,prerequisites; stages and order; projects; what to skip; pacing,,derived from title and intent; no search-volume data,career,"What should I learn, and in what order, to become job-ready in From Backend Developer to Data Engineer?",career,career / roadmap,from backend developer to data engineer,prerequisites; stages and order; projects; what to skip; pacing,Needs a learning or career path for From Backend Developer to Data Engineer,no: 96% of its phrasing is shared template text,"no: 678 words, 0% specific to the topic",96% boilerplate,yes: 0% unique phrasing,yes: data-engineering-roadmap-2026-a-complete-guide (1.00),,no: informational title,no: 0% unique phrasing,yes,has 1; check it is topic-specific,no,no,yes,yes: no external source,yes,verify on rewrite,"yes: 6 unsourced salary, percentage or demand claims",not verified automatically,yes: opening shared with 49 other articles,yes: heading outline shared with 18 other articles,no: none in the body,none,partly: the body is template text with the title substituted,no,DEEP REWRITE,Template body: 96% of its phrasing is shared with 10+ articles; 0% is its own.,None. Queue order in BLOG_REWRITE_QUEUE.csv.,DEEP REWRITE,true,roadmap diagram,"Stage-by-stage diagram of the From Backend Developer to Data Engineer learning path: each stage, the skills in it, and the proof (project) that closes it.",analyzed
8e24f914-032a-466a-b6ba-1157d670978d,handling-late-arriving-data-in-pipelines,Handling Late-Arriving Data in Pipelines,data-engineering,handling late-arriving data in pipelines,handling late-arriving data in pipelines tutorial; handling late-arriving data in pipelines explained; how to use handling late-arriving data in pipelines,,concept and mental model; worked example; common mistakes; when not to use it,,derived from title and intent; no search-volume data,tutorial,"How does Handling Late-Arriving Data in Pipelines work, and how do I apply it in practice?",tutorial,educational / tutorial,handling late-arriving data in pipelines,concept and mental model; worked example; common mistakes; when not to use it,Needs to understand and use Handling Late-Arriving Data in Pipelines,no: 100% of its phrasing is shared template text,"no: 676 words, 0% specific to the topic",100% boilerplate,yes: 0% unique phrasing,yes: airflow-tutorial-orchestrating-data-pipelines (1.00),,no: informational title,no: 0% unique phrasing,yes,optional,"yes: runnable, verified code",yes: step-by-step,yes,yes: no external source,yes,verify on rewrite,"yes: 6 unsourced salary, percentage or demand claims",not verified automatically,yes: opening shared with 49 other articles,yes: heading outline shared with 417 other articles,no: none in the body,none,partly: the body is template text with the title substituted,no,DEEP REWRITE,Template body: 100% of its phrasing is shared with 10+ articles; 0% is its own.,None. Queue order in BLOG_REWRITE_QUEUE.csv.,DEEP REWRITE,true,architecture diagram,"Diagram of the components in ""Handling Late-Arriving Data in Pipelines"" and how data or requests flow between them.",analyzed
b9fbae04-d29a-4a8e-a16f-3f23b53cd221,how-to-become-a-data-engineer-in-2026,How to Become a Data Engineer in 2026,data-engineering,how to become a data engineer in,how to become a data engineer learning path; how to become how to become a data engineer; how to become a data engineer skills,,prerequisites; stages and order; projects; what to skip; pacing,,derived from title and intent; no search-volume data,career,How do I Become a Data Engineer in?,career,career / roadmap,how to become a data engineer in,prerequisites; stages and order; projects; what to skip; pacing,Needs a learning or career path for How to Become a Data Engineer,no: 100% of its phrasing is shared template text,"no: 685 words, 0% specific to the topic",100% boilerplate,yes: 0% unique phrasing,yes: airflow-tutorial-orchestrating-data-pipelines (1.00),,no: informational title,no: 0% unique phrasing,yes,has 1; check it is topic-specific,no,no,yes,yes: no external source,yes,yes: fast-moving topic or dated title,"yes: 6 unsourced salary, percentage or demand claims",likely: dated or fast-moving; not verified automatically,yes: opening shared with 49 other articles,yes: heading outline shared with 417 other articles,no: none in the body,none,partly: the body is template text with the title substituted,no,DEEP REWRITE,Template body: 100% of its phrasing is shared with 10+ articles; 0% is its own.,None. Queue order in BLOG_REWRITE_QUEUE.csv.,DEEP REWRITE,true,roadmap diagram,"Stage-by-stage diagram of the How to Become a Data Engineer in 2026 learning path: each stage, the skills in it, and the proof (project) that closes it.",analyzed
8797d685-cfa2-4c42-b713-b989639d4417,idempotency-in-data-pipelines-why-it-matters,Idempotency in Data Pipelines: Why It Matters,data-engineering,idempotency in data pipelines,idempotency in data pipelines tutorial; idempotency in data pipelines explained; how to use idempotency in data pipelines,,concept and mental model; worked example; common mistakes; when not to use it,,derived from title and intent; no search-volume data,tutorial,"How does Idempotency in Data Pipelines work, and how do I apply it in practice?",tutorial,educational / tutorial,idempotency in data pipelines,concept and mental model; worked example; common mistakes; when not to use it,Needs to understand and use Idempotency in Data Pipelines,no: 100% of its phrasing is shared template text,"no: 676 words, 0% specific to the topic",100% boilerplate,yes: 0% unique phrasing,yes: airflow-tutorial-orchestrating-data-pipelines (1.00),,no: informational title,no: 0% unique phrasing,yes,optional,"yes: runnable, verified code",yes: step-by-step,yes,yes: no external source,yes,verify on rewrite,"yes: 6 unsourced salary, percentage or demand claims",not verified automatically,yes: opening shared with 49 other articles,yes: heading outline shared with 417 other articles,no: none in the body,none,partly: the body is template text with the title substituted,no,DEEP REWRITE,Template body: 100% of its phrasing is shared with 10+ articles; 0% is its own.,None. Queue order in BLOG_REWRITE_QUEUE.csv.,DEEP REWRITE,true,architecture diagram,"Diagram of the components in ""Idempotency in Data Pipelines"" and how data or requests flow between them.",analyzed
ea96d1e8-01dc-4c4f-9a01-037a1b1f961b,kafka-vs-rabbitmq-vs-pulsar-a-comparison,Kafka vs RabbitMQ vs Pulsar: A Comparison,data-engineering,kafka vs rabbitmq vs pulsar,kafka vs rabbitmq vs pulsar comparison; kafka vs rabbitmq vs pulsar differences; kafka vs rabbitmq vs pulsar which is better,,decision criteria; where each wins; migration or learning cost,Kafka,derived from title and intent; no search-volume data,comparison,"Should I use kafka or pulsar or rabbitmq, and in which situations does each one win?",comparison,comparison (commercial investigation),kafka vs rabbitmq vs pulsar,decision criteria; where each wins; migration or learning cost,"Needs to choose between the options in ""Kafka vs RabbitMQ vs Pulsar""",no: 99% of its phrasing is shared template text,"no: 476 words, 1% specific to the topic",99% boilerplate,yes: 1% unique phrasing,yes: data-engineering-vs-data-science-roles-compared (0.99),,no: informational title,no: 1% unique phrasing,yes,has 1; check it is topic-specific,"yes: runnable, verified code",no,yes,yes: no external source,yes,verify on rewrite,"yes: 3 unsourced salary, percentage or demand claims",not verified automatically,yes: opening shared with 49 other articles,no,no: none in the body,none,partly: the body is template text with the title substituted,no,DEEP REWRITE,Template body: 99% of its phrasing is shared with 10+ articles; 1% is its own.,None. Queue order in BLOG_REWRITE_QUEUE.csv.,DEEP REWRITE,true,comparison diagram,"Side-by-side diagram of where each option in ""Kafka vs RabbitMQ vs Pulsar"" sits in a typical workflow, with the deciding differences labelled.",analyzed
8ba7805d-9e58-483f-9b23-4f261c9b40c5,lambda-vs-kappa-architecture-explained,Lambda vs Kappa Architecture Explained,data-engineering,lambda vs kappa architecture explained,lambda vs kappa architecture comparison; lambda vs kappa architecture differences; lambda vs kappa architecture which is better,,decision criteria; where each wins; migration or learning cost,,derived from title and intent; no search-volume data,comparison,"Should I use kappa architecture or lambda, and in which situations does each one win?",comparison,comparison (commercial investigation),lambda vs kappa architecture explained,decision criteria; where each wins; migration or learning cost,"Needs to choose between the options in ""Lambda vs Kappa Architecture""",no: 99% of its phrasing is shared template text,"no: 474 words, 1% specific to the topic",99% boilerplate,yes: 1% unique phrasing,yes: data-engineering-vs-data-science-roles-compared (0.99),,no: informational title,no: 1% unique phrasing,yes,has 1; check it is topic-specific,"yes: runnable, verified code",no,yes,yes: no external source,yes,verify on rewrite,"yes: 3 unsourced salary, percentage or demand claims",not verified automatically,yes: opening shared with 49 other articles,no,no: none in the body,none,partly: the body is template text with the title substituted,no,DEEP REWRITE,Template body: 99% of its phrasing is shared with 10+ articles; 1% is its own.,None. Queue order in BLOG_REWRITE_QUEUE.csv.,DEEP REWRITE,true,comparison diagram,"Side-by-side diagram of where each option in ""Lambda vs Kappa Architecture Explained"" sits in a typical workflow, with the deciding differences labelled.",analyzed
ed385058-9ad5-4a1d-a1af-68f915c51b0b,medallion-architecture-bronze-silver-and-gold-layers,"Medallion Architecture: Bronze, Silver and Gold Layers",data-engineering,medallion architecture,medallion architecture tutorial; medallion architecture explained; how to use medallion architecture,,concept and mental model; worked example; common mistakes; when not to use it,,derived from title and intent; no search-volume data,tutorial,"How does Medallion Architecture work, and how do I apply it in practice?",tutorial,educational / tutorial,medallion architecture,concept and mental model; worked example; common mistakes; when not to use it,Needs to understand and use Medallion Architecture,no: 100% of its phrasing is shared template text,"no: 672 words, 0% specific to the topic",100% boilerplate,yes: 0% unique phrasing,yes: airflow-tutorial-orchestrating-data-pipelines (1.00),,no: informational title,no: 0% unique phrasing,yes,optional,no,yes: step-by-step,yes,yes: no external source,yes,verify on rewrite,"yes: 6 unsourced salary, percentage or demand claims",not verified automatically,yes: opening shared with 49 other articles,yes: heading outline shared with 417 other articles,no: none in the body,none,partly: the body is template text with the title substituted,no,DEEP REWRITE,Template body: 100% of its phrasing is shared with 10+ articles; 0% is its own.,None. Queue order in BLOG_REWRITE_QUEUE.csv.,DEEP REWRITE,true,architecture diagram,"Diagram of the components in ""Medallion Architecture"" and how data or requests flow between them.",analyzed
46a5c35f-62e6-47dd-a3e4-39be726a0f80,oltp-vs-olap-transactional-vs-analytical-systems,OLTP vs OLAP: Transactional vs Analytical Systems,data-engineering,oltp vs olap,oltp vs olap comparison; oltp vs olap differences; oltp vs olap which is better,,decision criteria; where each wins; migration or learning cost,,derived from title and intent; no search-volume data,comparison,"Should I use olap or oltp, and in which situations does each one win?",comparison,comparison (commercial investigation),oltp vs olap,decision criteria; where each wins; migration or learning cost,"Needs to choose between the options in ""OLTP vs OLAP""",no: 99% of its phrasing is shared template text,"no: 474 words, 1% specific to the topic",99% boilerplate,yes: 1% unique phrasing,yes: data-engineering-vs-data-science-roles-compared (0.99),,no: informational title,no: 1% unique phrasing,yes,has 1; check it is topic-specific,no,no,yes,yes: no external source,yes,verify on rewrite,"yes: 3 unsourced salary, percentage or demand claims",not verified automatically,yes: opening shared with 49 other articles,no,no: none in the body,none,partly: the body is template text with the title substituted,no,DEEP REWRITE,Template body: 99% of its phrasing is shared with 10+ articles; 1% is its own.,None. Queue order in BLOG_REWRITE_QUEUE.csv.,DEEP REWRITE,true,comparison diagram,"Side-by-side diagram of where each option in ""OLTP vs OLAP"" sits in a typical workflow, with the deciding differences labelled.",analyzed
a6a0eaa1-b568-4541-b5d2-922a84dab321,orchestration-airflow-vs-dagster-vs-prefect,Orchestration: Airflow vs Dagster vs Prefect,data-engineering,orchestration,orchestration comparison; orchestration differences; orchestration which is better,airflow,decision criteria; where each wins; migration or learning cost,Airflow,derived from title and intent; no search-volume data,comparison,"Should I use airflow or dagster or prefect, and in which situations does each one win?",comparison,comparison (commercial investigation),orchestration,decision criteria; where each wins; migration or learning cost,"Needs to choose between the options in ""Orchestration""",no: 99% of its phrasing is shared template text,"no: 471 words, 1% specific to the topic",99% boilerplate,yes: 1% unique phrasing,yes: data-engineering-vs-data-science-roles-compared (0.99),,no: informational title,no: 1% unique phrasing,yes,has 1; check it is topic-specific,"yes: runnable, verified code",no,yes,yes: no external source,yes,verify on rewrite,"yes: 3 unsourced salary, percentage or demand claims",not verified automatically,yes: opening shared with 49 other articles,no,no: none in the body,none,partly: the body is template text with the title substituted,no,DEEP REWRITE,Template body: 99% of its phrasing is shared with 10+ articles; 1% is its own.,None. Queue order in BLOG_REWRITE_QUEUE.csv.,DEEP REWRITE,true,comparison diagram,"Side-by-side diagram of where each option in ""Orchestration"" sits in a typical workflow, with the deciding differences labelled.",analyzed
e3bbfea1-1393-400c-b732-946dc65fdecf,parquet-vs-orc-vs-avro-file-formats-compared,Parquet vs ORC vs Avro: File Formats Compared,data-engineering,parquet vs orc vs avro,parquet vs orc vs avro comparison; parquet vs orc vs avro differences; parquet vs orc vs avro which is better,,decision criteria; where each wins; migration or learning cost,,derived from title and intent; no search-volume data,comparison,"Should I use avro or orc or parquet, and in which situations does each one win?",comparison,comparison (commercial investigation),parquet vs orc vs avro,decision criteria; where each wins; migration or learning cost,"Needs to choose between the options in ""Parquet vs ORC vs Avro""",no: 99% of its phrasing is shared template text,"no: 477 words, 1% specific to the topic",99% boilerplate,yes: 1% unique phrasing,yes: data-engineering-vs-data-science-roles-compared (0.99),,no: informational title,no: 1% unique phrasing,yes,has 1; check it is topic-specific,no,no,yes,yes: no external source,yes,verify on rewrite,"yes: 3 unsourced salary, percentage or demand claims",not verified automatically,yes: opening shared with 49 other articles,no,no: none in the body,none,partly: the body is template text with the title substituted,no,DEEP REWRITE,Template body: 99% of its phrasing is shared with 10+ articles; 1% is its own.,None. Queue order in BLOG_REWRITE_QUEUE.csv.,DEEP REWRITE,true,comparison diagram,"Side-by-side diagram of where each option in ""Parquet vs ORC vs Avro"" sits in a typical workflow, with the deciding differences labelled.",analyzed
2bd4e975-fbf9-4721-b99e-40d86e2f9187,partitioning-and-bucketing-in-spark-explained,Partitioning and Bucketing in Spark Explained,data-engineering,partitioning and bucketing in spark explained,partitioning and bucketing in spark tutorial; how to use partitioning and bucketing in spark,,concept and mental model; worked example; common mistakes; when not to use it,Spark,derived from title and intent; no search-volume data,tutorial,"What is Partitioning and Bucketing in Spark, and how does it work?",tutorial,educational / tutorial,partitioning and bucketing in spark explained,concept and mental model; worked example; common mistakes; when not to use it,Needs to understand and use Partitioning and Bucketing in Spark,no: 100% of its phrasing is shared template text,"no: 679 words, 0% specific to the topic",100% boilerplate,yes: 0% unique phrasing,yes: airflow-tutorial-orchestrating-data-pipelines (1.00),,no: informational title,no: 0% unique phrasing,yes,optional,"yes: runnable, verified code",yes: step-by-step,yes,yes: no external source,yes,verify on rewrite,"yes: 6 unsourced salary, percentage or demand claims",not verified automatically,yes: opening shared with 49 other articles,yes: heading outline shared with 417 other articles,no: none in the body,none,partly: the body is template text with the title substituted,no,DEEP REWRITE,Template body: 100% of its phrasing is shared with 10+ articles; 0% is its own.,None. Queue order in BLOG_REWRITE_QUEUE.csv.,DEEP REWRITE,true,code output screenshot or diagram,"Worked example for ""Partitioning and Bucketing in Spark Explained"": the input, the code's key step, and the resulting output side by side.",needs_review
b63e7d74-670c-45b9-9235-f8a40ba07cab,pyspark-tutorial-dataframes-transformations-and-actions,"PySpark Tutorial: DataFrames, Transformations and Actions",data-engineering,pyspark tutorial,pyspark explained; how to use pyspark,,concept and mental model; worked example; common mistakes; when not to use it,PySpark,derived from title and intent; no search-volume data,tutorial,"How does PySpark Tutorial work, and how do I apply it in practice?",tutorial,educational / tutorial,pyspark tutorial,concept and mental model; worked example; common mistakes; when not to use it,Needs to understand and use PySpark,no: 100% of its phrasing is shared template text,"no: 671 words, 0% specific to the topic",100% boilerplate,yes: 0% unique phrasing,yes: airflow-tutorial-orchestrating-data-pipelines (1.00),,no: informational title,no: 0% unique phrasing,yes,optional,"yes: runnable, verified code",yes: step-by-step,yes,yes: no external source,yes,verify on rewrite,"yes: 6 unsourced salary, percentage or demand claims",not verified automatically,yes: opening shared with 49 other articles,yes: heading outline shared with 417 other articles,no: none in the body,none,partly: the body is template text with the title substituted,no,DEEP REWRITE,Template body: 100% of its phrasing is shared with 10+ articles; 0% is its own.,None. Queue order in BLOG_REWRITE_QUEUE.csv.,DEEP REWRITE,true,code output screenshot or diagram,"Worked example for ""PySpark Tutorial"": the input, the code's key step, and the resulting output side by side.",analyzed
0db55933-b6b8-47b3-9a74-cd0d530a678c,pyspark-vs-pandas-when-to-use-which,PySpark vs Pandas: When to Use Which,data-engineering,pyspark vs pandas,pyspark vs pandas comparison; pyspark vs pandas differences; pyspark vs pandas which is better,,decision criteria; where each wins; migration or learning cost,PySpark; pandas,derived from title and intent; no search-volume data,comparison,"Should I use pandas or pyspark, and in which situations does each one win?",comparison,comparison (commercial investigation),pyspark vs pandas,decision criteria; where each wins; migration or learning cost,"Needs to choose between the options in ""PySpark vs Pandas""",no: 99% of its phrasing is shared template text,"no: 474 words, 0% specific to the topic",99% boilerplate,yes: 0% unique phrasing,yes: data-engineering-vs-data-science-roles-compared (0.99),,no: informational title,no: 0% unique phrasing,yes,has 1; check it is topic-specific,"yes: runnable, verified code",no,yes,yes: no external source,yes,verify on rewrite,"yes: 3 unsourced salary, percentage or demand claims",not verified automatically,yes: opening shared with 49 other articles,no,no: none in the body,none,partly: the body is template text with the title substituted,no,DEEP REWRITE,Template body: 99% of its phrasing is shared with 10+ articles; 0% is its own.,None. Queue order in BLOG_REWRITE_QUEUE.csv.,DEEP REWRITE,true,comparison diagram,"Side-by-side diagram of where each option in ""PySpark vs Pandas"" sits in a typical workflow, with the deciding differences labelled.",analyzed
94ae6a42-36ac-42ff-b4b7-e8bf99caf3b0,real-time-analytics-architecture-and-tools,Real-Time Analytics: Architecture and Tools,data-engineering,real-time analytics,real-time analytics tutorial; real-time analytics explained; how to use real-time analytics,,concept and mental model; worked example; common mistakes; when not to use it,,derived from title and intent; no search-volume data,tutorial,"How does Real-Time Analytics work, and how do I apply it in practice?",tutorial,educational / tutorial,real-time analytics,concept and mental model; worked example; common mistakes; when not to use it,Needs to understand and use Real-Time Analytics,no: 100% of its phrasing is shared template text,"no: 670 words, 0% specific to the topic",100% boilerplate,yes: 0% unique phrasing,yes: airflow-tutorial-orchestrating-data-pipelines (1.00),,no: informational title,no: 0% unique phrasing,yes,optional,no,yes: step-by-step,yes,yes: no external source,yes,verify on rewrite,"yes: 6 unsourced salary, percentage or demand claims",not verified automatically,yes: opening shared with 49 other articles,yes: heading outline shared with 417 other articles,no: none in the body,none,partly: the body is template text with the title substituted,no,DEEP REWRITE,Template body: 100% of its phrasing is shared with 10+ articles; 0% is its own.,None. Queue order in BLOG_REWRITE_QUEUE.csv.,DEEP REWRITE,true,architecture diagram,"Diagram of the components in ""Real-Time Analytics"" and how data or requests flow between them.",analyzed
16247e73-2517-4f0f-996d-bf38a858ccc1,schema-evolution-handling-changing-data-structures,Schema Evolution: Handling Changing Data Structures,data-engineering,schema evolution,schema evolution tutorial; schema evolution explained; how to use schema evolution,,concept and mental model; worked example; common mistakes; when not to use it,,derived from title and intent; no search-volume data,tutorial,"How does Schema Evolution work, and how do I apply it in practice?",tutorial,educational / tutorial,schema evolution,concept and mental model; worked example; common mistakes; when not to use it,Needs to understand and use Schema Evolution,no: 100% of its phrasing is shared template text,"no: 671 words, 0% specific to the topic",100% boilerplate,yes: 0% unique phrasing,yes: airflow-tutorial-orchestrating-data-pipelines (1.00),,no: informational title,no: 0% unique phrasing,yes,optional,no,yes: step-by-step,yes,yes: no external source,yes,verify on rewrite,"yes: 6 unsourced salary, percentage or demand claims",not verified automatically,yes: opening shared with 49 other articles,yes: heading outline shared with 417 other articles,no: none in the body,none,partly: the body is template text with the title substituted,no,DEEP REWRITE,Template body: 100% of its phrasing is shared with 10+ articles; 0% is its own.,None. Queue order in BLOG_REWRITE_QUEUE.csv.,DEEP REWRITE,true,concept diagram,"One diagram that explains the central idea of ""Schema Evolution"" — the parts and how they relate.",analyzed
6e3bb926-8c77-4478-920e-a235cf7e0a3d,slowly-changing-dimensions-scd-types-explained,Slowly Changing Dimensions (SCD) Types Explained,data-engineering,slowly changing dimensions (scd) types explained,slowly changing dimensions (scd) types tutorial; how to use slowly changing dimensions (scd) types,,concept and mental model; worked example; common mistakes; when not to use it,,derived from title and intent; no search-volume data,tutorial,"What is Slowly Changing Dimensions (SCD) Types, and how does it work?",tutorial,educational / tutorial,slowly changing dimensions (scd) types explained,concept and mental model; worked example; common mistakes; when not to use it,Needs to understand and use Slowly Changing Dimensions (SCD) Types,no: 100% of its phrasing is shared template text,"no: 679 words, 0% specific to the topic",100% boilerplate,yes: 0% unique phrasing,yes: airflow-tutorial-orchestrating-data-pipelines (1.00),,no: informational title,no: 0% unique phrasing,yes,optional,no,yes: step-by-step,yes,yes: no external source,yes,verify on rewrite,"yes: 6 unsourced salary, percentage or demand claims",not verified automatically,yes: opening shared with 49 other articles,yes: heading outline shared with 417 other articles,no: none in the body,none,partly: the body is template text with the title substituted,no,DEEP REWRITE,Template body: 100% of its phrasing is shared with 10+ articles; 0% is its own.,None. Queue order in BLOG_REWRITE_QUEUE.csv.,DEEP REWRITE,true,concept diagram,"One diagram that explains the central idea of ""Slowly Changing Dimensions (SCD) Types Explained"" — the parts and how they relate.",analyzed
5467e7b0-3db3-463a-8fa8-b7fe5b3565c7,snowflake-explained-the-cloud-data-warehouse,Snowflake Explained: The Cloud Data Warehouse,data-engineering,snowflake explained,snowflake tutorial; how to use snowflake,,concept and mental model; worked example; common mistakes; when not to use it,Snowflake,derived from title and intent; no search-volume data,tutorial,"What is Snowflake, and how does it work?",tutorial,educational / tutorial,snowflake explained,concept and mental model; worked example; common mistakes; when not to use it,Needs to understand and use Snowflake,no: 100% of its phrasing is shared template text,"no: 671 words, 0% specific to the topic",100% boilerplate,yes: 0% unique phrasing,yes: airflow-tutorial-orchestrating-data-pipelines (1.00),,no: informational title,no: 0% unique phrasing,yes,optional,"yes: runnable, verified code",yes: step-by-step,yes,yes: no external source,yes,verify on rewrite,"yes: 6 unsourced salary, percentage or demand claims",not verified automatically,yes: opening shared with 49 other articles,yes: heading outline shared with 417 other articles,no: none in the body,none,partly: the body is template text with the title substituted,no,DEEP REWRITE,Template body: 100% of its phrasing is shared with 10+ articles; 0% is its own.,None. Queue order in BLOG_REWRITE_QUEUE.csv.,DEEP REWRITE,true,architecture diagram,"Diagram of the components in ""Snowflake Explained"" and how data or requests flow between them.",analyzed
ae52065a-5346-47db-83bf-08c044606f55,spark-performance-tuning-shuffles-joins-and-caching,"Spark Performance Tuning: Shuffles, Joins and Caching",data-engineering,spark performance tuning,spark performance tuning tutorial; spark performance tuning explained; how to use spark performance tuning,,concept and mental model; worked example; common mistakes; when not to use it,Spark,derived from title and intent; no search-volume data,tutorial,"How does Spark Performance Tuning work, and how do I apply it in practice?",tutorial,educational / tutorial,spark performance tuning,concept and mental model; worked example; common mistakes; when not to use it,Needs to understand and use Spark Performance Tuning,no: 100% of its phrasing is shared template text,"no: 674 words, 0% specific to the topic",100% boilerplate,yes: 0% unique phrasing,yes: airflow-tutorial-orchestrating-data-pipelines (1.00),,no: informational title,no: 0% unique phrasing,yes,optional,"yes: runnable, verified code",yes: step-by-step,yes,yes: no external source,yes,verify on rewrite,"yes: 6 unsourced salary, percentage or demand claims",not verified automatically,yes: opening shared with 49 other articles,yes: heading outline shared with 417 other articles,no: none in the body,none,partly: the body is template text with the title substituted,no,DEEP REWRITE,Template body: 100% of its phrasing is shared with 10+ articles; 0% is its own.,None. Queue order in BLOG_REWRITE_QUEUE.csv.,DEEP REWRITE,true,code output screenshot or diagram,"Worked example for ""Spark Performance Tuning"": the input, the code's key step, and the resulting output side by side.",analyzed
22dc0ab8-b604-40ad-9e5e-ff4fb7bfdb84,spark-vs-hadoop-what-changed-and-why,Spark vs Hadoop: What Changed and Why,data-engineering,spark vs hadoop,spark vs hadoop comparison; spark vs hadoop differences; spark vs hadoop which is better,,decision criteria; where each wins; migration or learning cost,Hadoop; Spark,derived from title and intent; no search-volume data,comparison,"Should I use hadoop or spark, and in which situations does each one win?",comparison,comparison (commercial investigation),spark vs hadoop,decision criteria; where each wins; migration or learning cost,"Needs to choose between the options in ""Spark vs Hadoop""",no: 99% of its phrasing is shared template text,"no: 474 words, 1% specific to the topic",99% boilerplate,yes: 1% unique phrasing,yes: data-engineering-vs-data-science-roles-compared (0.99),,no: informational title,no: 1% unique phrasing,yes,has 1; check it is topic-specific,"yes: runnable, verified code",no,yes,yes: no external source,yes,verify on rewrite,"yes: 3 unsourced salary, percentage or demand claims",not verified automatically,yes: opening shared with 49 other articles,no,no: none in the body,none,partly: the body is template text with the title substituted,no,DEEP REWRITE,Template body: 99% of its phrasing is shared with 10+ articles; 1% is its own.,None. Queue order in BLOG_REWRITE_QUEUE.csv.,DEEP REWRITE,true,comparison diagram,"Side-by-side diagram of where each option in ""Spark vs Hadoop"" sits in a typical workflow, with the deciding differences labelled.",analyzed
bdec5416-d332-4027-8859-0a0af5b167e1,sql-optimization-for-data-engineers,SQL Optimization for Data Engineers,data-engineering,sql optimization for data engineers,sql optimization for data engineers tutorial; sql optimization for data engineers explained; how to use sql optimization for data engineers,,concept and mental model; worked example; common mistakes; when not to use it,SQL,derived from title and intent; no search-volume data,tutorial,"How does SQL Optimization for Data Engineers work, and how do I apply it in practice?",tutorial,educational / tutorial,sql optimization for data engineers,concept and mental model; worked example; common mistakes; when not to use it,Needs to understand and use SQL Optimization for Data Engineers,no: 100% of its phrasing is shared template text,"no: 676 words, 0% specific to the topic",100% boilerplate,yes: 0% unique phrasing,yes: airflow-tutorial-orchestrating-data-pipelines (1.00),,no: informational title,no: 0% unique phrasing,yes,optional,"yes: runnable, verified code",yes: step-by-step,yes,yes: no external source,yes,verify on rewrite,"yes: 6 unsourced salary, percentage or demand claims",not verified automatically,yes: opening shared with 49 other articles,yes: heading outline shared with 417 other articles,no: none in the body,none,partly: the body is template text with the title substituted,no,DEEP REWRITE,Template body: 100% of its phrasing is shared with 10+ articles; 0% is its own.,None. Queue order in BLOG_REWRITE_QUEUE.csv.,DEEP REWRITE,true,code output screenshot or diagram,"Worked example for ""SQL Optimization for Data Engineers"": the input, the code's key step, and the resulting output side by side.",analyzed
adda97ca-0c6a-4b1a-93f3-73ab2c4b9e56,window-functions-in-sql-for-data-engineers,Window Functions in SQL for Data Engineers,data-engineering,window functions in sql for data engineers,window functions in sql for data engineers tutorial; window functions in sql for data engineers explained; how to use window functions in sql for data engineers,,concept and mental model; worked example; common mistakes; when not to use it,SQL,derived from title and intent; no search-volume data,tutorial,"How does Window Functions in SQL for Data Engineers work, and how do I apply it in practice?",tutorial,educational / tutorial,window functions in sql for data engineers,concept and mental model; worked example; common mistakes; when not to use it,Needs to understand and use Window Functions in SQL for Data Engineers,no: 100% of its phrasing is shared template text,"no: 682 words, 0% specific to the topic",100% boilerplate,yes: 0% unique phrasing,yes: airflow-tutorial-orchestrating-data-pipelines (1.00),,no: informational title,no: 0% unique phrasing,yes,optional,"yes: runnable, verified code",yes: step-by-step,yes,yes: no external source,yes,verify on rewrite,"yes: 6 unsourced salary, percentage or demand claims",not verified automatically,yes: opening shared with 49 other articles,yes: heading outline shared with 417 other articles,no: none in the body,none,partly: the body is template text with the title substituted,no,DEEP REWRITE,Template body: 100% of its phrasing is shared with 10+ articles; 0% is its own.,None. Queue order in BLOG_REWRITE_QUEUE.csv.,DEEP REWRITE,true,code output screenshot or diagram,"Worked example for ""Window Functions in SQL for Data Engineers"": the input, the code's key step, and the resulting output side by side.",analyzed
b23df0ec-f12d-4e01-b766-925c41a39f6a,workflow-orchestration-with-apache-airflow-dags,Workflow Orchestration with Apache Airflow DAGs,data-engineering,workflow orchestration with apache airflow dags,workflow orchestration with apache airflow dags tutorial; workflow orchestration with apache airflow dags explained; how to use workflow orchestration with apache airflow dags,,concept and mental model; worked example; common mistakes; when not to use it,Airflow,derived from title and intent; no search-volume data,tutorial,"How does Workflow Orchestration with Apache Airflow DAGs work, and how do I apply it in practice?",tutorial,educational / tutorial,workflow orchestration with apache airflow dags,concept and mental model; worked example; common mistakes; when not to use it,Needs to understand and use Workflow Orchestration with Apache Airflow DAGs,no: 100% of its phrasing is shared template text,"no: 679 words, 0% specific to the topic",100% boilerplate,yes: 0% unique phrasing,yes: airflow-tutorial-orchestrating-data-pipelines (1.00),airflow-tutorial-orchestrating-data-pipelines,no: informational title,no: 0% unique phrasing,yes,optional,"yes: runnable, verified code",yes: step-by-step,yes,yes: no external source,yes,verify on rewrite,"yes: 6 unsourced salary, percentage or demand claims",not verified automatically,yes: opening shared with 49 other articles,yes: heading outline shared with 417 other articles,no: none in the body,none,partly: the body is template text with the title substituted,no,MERGE,"Same intent as airflow-tutorial-orchestrating-data-pipelines (phase5-topical): Two Airflow introductions. Merge the DAGs post into the tutorial, or refocus it on DAG design patterns.",Search Console: merge only if this article earns no distinct queries; otherwise rewrite it to the distinct angle in the note.,DEEP REWRITE,true,architecture diagram,"Diagram of the components in ""Workflow Orchestration with Apache Airflow DAGs"" and how data or requests flow between them.",merge_candidate
98c04fbf-a4db-4a88-8658-70e7ffa2e5c1,a-b-testing-for-data-scientists-a-practical-guide,A/B Testing for Data Scientists: A Practical Guide,data-science,a/b testing for data scientists,a/b testing for data scientists tutorial; a/b testing for data scientists explained; how to use a/b testing for data scientists,,concept and mental model; worked example; common mistakes; when not to use it,,derived from title and intent; no search-volume data,tutorial,"How does A/B Testing for Data Scientists work, and how do I apply it in practice?",tutorial,educational / tutorial,a/b testing for data scientists,concept and mental model; worked example; common mistakes; when not to use it,Needs to understand and use A/B Testing for Data Scientists,no: 100% of its phrasing is shared template text,"no: 682 words, 0% specific to the topic",100% boilerplate,yes: 0% unique phrasing,yes: anomaly-detection-techniques-and-real-world-use-cases (1.00),,no: informational title,no: 0% unique phrasing,yes,optional,no,yes: step-by-step,yes,yes: no external source,yes,verify on rewrite,"yes: 6 unsourced salary, percentage or demand claims",not verified automatically,yes: opening shared with 49 other articles,yes: heading outline shared with 417 other articles,no: none in the body,none,partly: the body is template text with the title substituted,no,DEEP REWRITE,Template body: 100% of its phrasing is shared with 10+ articles; 0% is its own.,None. Queue order in BLOG_REWRITE_QUEUE.csv.,DEEP REWRITE,true,concept diagram,"One diagram that explains the central idea of ""A/B Testing for Data Scientists"" — the parts and how they relate.",analyzed
616adf5f-11dd-4e72-8455-0ca6747fbd50,anomaly-detection-techniques-and-real-world-use-cases,Anomaly Detection: Techniques and Real-World Use Cases,data-science,anomaly detection,anomaly detection tutorial; anomaly detection explained; how to use anomaly detection,,concept and mental model; worked example; common mistakes; when not to use it,,derived from title and intent; no search-volume data,tutorial,"How does Anomaly Detection work, and how do I apply it in practice?",tutorial,educational / tutorial,anomaly detection,concept and mental model; worked example; common mistakes; when not to use it,Needs to understand and use Anomaly Detection,no: 100% of its phrasing is shared template text,"no: 672 words, 0% specific to the topic",100% boilerplate,yes: 0% unique phrasing,yes: a-b-testing-for-data-scientists-a-practical-guide (1.00),,no: informational title,no: 0% unique phrasing,yes,optional,no,yes: step-by-step,yes,yes: no external source,yes,verify on rewrite,"yes: 6 unsourced salary, percentage or demand claims",not verified automatically,yes: opening shared with 49 other articles,yes: heading outline shared with 417 other articles,no: none in the body,none,partly: the body is template text with the title substituted,no,DEEP REWRITE,Template body: 100% of its phrasing is shared with 10+ articles; 0% is its own.,None. Queue order in BLOG_REWRITE_QUEUE.csv.,DEEP REWRITE,true,concept diagram,"One diagram that explains the central idea of ""Anomaly Detection"" — the parts and how they relate.",analyzed
10d1a8b9-b501-4130-9112-501faa2224aa,best-free-datasets-for-data-science-practice-in-2026,Best Free Datasets for Data Science Practice in 2026,data-science,best free datasets for data science practice in,best free datasets for data science practice tutorial; best free datasets for data science practice explained; how to use best free datasets for data science practice,,concept and mental model; worked example; common mistakes; when not to use it,,derived from title and intent; no search-volume data,tutorial,"How does Best Free Datasets for Data Science Practice in work, and how do I apply it in practice?",tutorial,educational / tutorial,best free datasets for data science practice in,concept and mental model; worked example; common mistakes; when not to use it,Needs to understand and use Best Free Datasets for Data Science Practice,no: 100% of its phrasing is shared template text,"no: 688 words, 0% specific to the topic",100% boilerplate,yes: 0% unique phrasing,yes: a-b-testing-for-data-scientists-a-practical-guide (1.00),,no: informational title,no: 0% unique phrasing,yes,optional,no,yes: step-by-step,yes,yes: no external source,yes,yes: fast-moving topic or dated title,"yes: 6 unsourced salary, percentage or demand claims",likely: dated or fast-moving; not verified automatically,yes: opening shared with 49 other articles,yes: heading outline shared with 417 other articles,no: none in the body,none,partly: the body is template text with the title substituted,no,DEEP REWRITE,Template body: 100% of its phrasing is shared with 10+ articles; 0% is its own.,None. Queue order in BLOG_REWRITE_QUEUE.csv.,DEEP REWRITE,true,concept diagram,"One diagram that explains the central idea of ""Best Free Datasets for Data Science Practice in 2026"" — the parts and how they relate.",analyzed
bdc682e8-b409-456d-9f59-c18dbfb1a0ce,best-programming-languages-for-data-science-in-2026,Best Programming Languages for Data Science in 2026,data-science,best programming languages for data science in,best programming languages for data science tutorial; best programming languages for data science explained; how to use best programming languages for data science,,concept and mental model; worked example; common mistakes; when not to use it,,derived from title and intent; no search-volume data,tutorial,"How does Best Programming Languages for Data Science in work, and how do I apply it in practice?",tutorial,educational / tutorial,best programming languages for data science in,concept and mental model; worked example; common mistakes; when not to use it,Needs to understand and use Best Programming Languages for Data Science,no: 100% of its phrasing is shared template text,"no: 685 words, 0% specific to the topic",100% boilerplate,yes: 0% unique phrasing,yes: a-b-testing-for-data-scientists-a-practical-guide (1.00),,no: informational title,no: 0% unique phrasing,yes,optional,no,yes: step-by-step,yes,yes: no external source,yes,yes: fast-moving topic or dated title,"yes: 6 unsourced salary, percentage or demand claims",likely: dated or fast-moving; not verified automatically,yes: opening shared with 49 other articles,yes: heading outline shared with 417 other articles,no: none in the body,none,partly: the body is template text with the title substituted,no,DEEP REWRITE,Template body: 100% of its phrasing is shared with 10+ articles; 0% is its own.,None. Queue order in BLOG_REWRITE_QUEUE.csv.,DEEP REWRITE,true,concept diagram,"One diagram that explains the central idea of ""Best Programming Languages for Data Science in 2026"" — the parts and how they relate.",analyzed
61ba3737-0357-4ff1-a4b1-85e605217fea,bias-variance-tradeoff-explained-with-real-examples,Bias-Variance Tradeoff Explained with Real Examples,data-science,bias-variance tradeoff explained with real examples,bias-variance tradeoff with real examples tutorial; bias-variance tradeoff with real examples explained; how to use bias-variance tradeoff with real examples,,concept and mental model; worked example; common mistakes; when not to use it,,derived from title and intent; no search-volume data,tutorial,"What is Bias-Variance Tradeoff, and how does it work?",tutorial,educational / tutorial,bias-variance tradeoff explained with real examples,concept and mental model; worked example; common mistakes; when not to use it,Needs to understand and use Bias-Variance Tradeoff with Real Examples,no: 100% of its phrasing is shared template text,"no: 679 words, 0% specific to the topic",100% boilerplate,yes: 0% unique phrasing,yes: a-b-testing-for-data-scientists-a-practical-guide (1.00),,no: informational title,no: 0% unique phrasing,yes,optional,no,yes: step-by-step,yes,yes: no external source,yes,yes: fast-moving topic or dated title,"yes: 6 unsourced salary, percentage or demand claims",likely: dated or fast-moving; not verified automatically,yes: opening shared with 49 other articles,yes: heading outline shared with 417 other articles,no: none in the body,none,partly: the body is template text with the title substituted,no,DEEP REWRITE,Template body: 100% of its phrasing is shared with 10+ articles; 0% is its own.,None. Queue order in BLOG_REWRITE_QUEUE.csv.,DEEP REWRITE,true,concept diagram,"One diagram that explains the central idea of ""Bias-Variance Tradeoff Explained with Real Examples"" — the parts and how they relate.",analyzed
97fdb896-9e3c-4c99-a0fa-30875ca2fd06,clustering-algorithms-k-means-dbscan-and-hierarchical,"Clustering Algorithms: K-Means, DBSCAN and Hierarchical",data-science,clustering algorithms,clustering algorithms tutorial; clustering algorithms explained; how to use clustering algorithms,,concept and mental model; worked example; common mistakes; when not to use it,,derived from title and intent; no search-volume data,tutorial,"How does Clustering Algorithms work, and how do I apply it in practice?",tutorial,educational / tutorial,clustering algorithms,concept and mental model; worked example; common mistakes; when not to use it,Needs to understand and use Clustering Algorithms,no: 100% of its phrasing is shared template text,"no: 671 words, 0% specific to the topic",100% boilerplate,yes: 0% unique phrasing,yes: a-b-testing-for-data-scientists-a-practical-guide (1.00),,no: informational title,no: 0% unique phrasing,yes,optional,no,yes: step-by-step,yes,yes: no external source,yes,verify on rewrite,"yes: 6 unsourced salary, percentage or demand claims",not verified automatically,yes: opening shared with 49 other articles,yes: heading outline shared with 417 other articles,no: none in the body,none,partly: the body is template text with the title substituted,no,DEEP REWRITE,Template body: 100% of its phrasing is shared with 10+ articles; 0% is its own.,None. Queue order in BLOG_REWRITE_QUEUE.csv.,DEEP REWRITE,true,concept diagram,"One diagram that explains the central idea of ""Clustering Algorithms"" — the parts and how they relate.",analyzed
f4e59a0c-c96b-45f5-b81b-4ebae254a706,computer-vision-basics-from-pixels-to-predictions,Computer Vision Basics: From Pixels to Predictions,data-science,computer vision basics,computer vision basics tutorial; computer vision basics explained; how to use computer vision basics,,concept and mental model; worked example; common mistakes; when not to use it,Computer Vision,derived from title and intent; no search-volume data,tutorial,"What is Computer Vision, and how does it work?",tutorial,educational / tutorial,computer vision basics,concept and mental model; worked example; common mistakes; when not to use it,Needs to understand and use Computer Vision Basics,no: 100% of its phrasing is shared template text,"no: 674 words, 0% specific to the topic",100% boilerplate,yes: 0% unique phrasing,yes: a-b-testing-for-data-scientists-a-practical-guide (1.00),,no: informational title,no: 0% unique phrasing,yes,optional,no,yes: step-by-step,yes,yes: no external source,yes,verify on rewrite,"yes: 6 unsourced salary, percentage or demand claims",not verified automatically,yes: opening shared with 49 other articles,yes: heading outline shared with 417 other articles,no: none in the body,none,partly: the body is template text with the title substituted,no,DEEP REWRITE,Template body: 100% of its phrasing is shared with 10+ articles; 0% is its own.,None. Queue order in BLOG_REWRITE_QUEUE.csv.,DEEP REWRITE,true,concept diagram,"One diagram that explains the central idea of ""Computer Vision Basics"" — the parts and how they relate.",analyzed
266da73c-25b7-496e-9c82-3bbae4d31c62,confusion-matrix-explained-reading-it-correctly,Confusion Matrix Explained: Reading It Correctly,data-science,confusion matrix explained,confusion matrix tutorial; how to use confusion matrix,,concept and mental model; worked example; common mistakes; when not to use it,,derived from title and intent; no search-volume data,tutorial,"What is Confusion Matrix, and how does it work?",tutorial,educational / tutorial,confusion matrix explained,concept and mental model; worked example; common mistakes; when not to use it,Needs to understand and use Confusion Matrix,no: 100% of its phrasing is shared template text,"no: 673 words, 0% specific to the topic",100% boilerplate,yes: 0% unique phrasing,yes: a-b-testing-for-data-scientists-a-practical-guide (1.00),,no: informational title,no: 0% unique phrasing,yes,optional,no,yes: step-by-step,yes,yes: no external source,yes,verify on rewrite,"yes: 6 unsourced salary, percentage or demand claims",not verified automatically,yes: opening shared with 49 other articles,yes: heading outline shared with 417 other articles,no: none in the body,none,partly: the body is template text with the title substituted,no,DEEP REWRITE,Template body: 100% of its phrasing is shared with 10+ articles; 0% is its own.,None. Queue order in BLOG_REWRITE_QUEUE.csv.,DEEP REWRITE,true,concept diagram,"One diagram that explains the central idea of ""Confusion Matrix Explained"" — the parts and how they relate.",analyzed
fd3c250d-914c-4989-a2cc-f99e964fb93a,cross-validation-in-machine-learning-a-practical-guide,Cross-Validation in Machine Learning: A Practical Guide,data-science,cross-validation in machine learning,cross-validation in machine learning tutorial; cross-validation in machine learning explained; how to use cross-validation in machine learning,,concept and mental model; worked example; common mistakes; when not to use it,Machine Learning,derived from title and intent; no search-volume data,tutorial,"How does Cross-Validation in Machine Learning work, and how do I apply it in practice?",tutorial,educational / tutorial,cross-validation in machine learning,concept and mental model; worked example; common mistakes; when not to use it,Needs to understand and use Cross-Validation in Machine Learning,no: 100% of its phrasing is shared template text,"no: 676 words, 0% specific to the topic",100% boilerplate,yes: 0% unique phrasing,yes: a-b-testing-for-data-scientists-a-practical-guide (1.00),,no: informational title,no: 0% unique phrasing,yes,optional,no,yes: step-by-step,yes,yes: no external source,yes,verify on rewrite,"yes: 6 unsourced salary, percentage or demand claims",not verified automatically,yes: opening shared with 49 other articles,yes: heading outline shared with 417 other articles,no: none in the body,none,partly: the body is template text with the title substituted,no,DEEP REWRITE,Template body: 100% of its phrasing is shared with 10+ articles; 0% is its own.,None. Queue order in BLOG_REWRITE_QUEUE.csv.,DEEP REWRITE,true,concept diagram,"One diagram that explains the central idea of ""Cross-Validation in Machine Learning"" — the parts and how they relate.",needs_review
983192f9-4044-467b-b0b2-c199d506ce15,data-preprocessing-cleaning-data-the-right-way,Data Preprocessing: Cleaning Data the Right Way,data-science,data preprocessing,data preprocessing tutorial; data preprocessing explained; how to use data preprocessing,,concept and mental model; worked example; common mistakes; when not to use it,,derived from title and intent; no search-volume data,tutorial,"How does Data Preprocessing work, and how do I apply it in practice?",tutorial,educational / tutorial,data preprocessing,concept and mental model; worked example; common mistakes; when not to use it,Needs to understand and use Data Preprocessing,no: 100% of its phrasing is shared template text,"no: 672 words, 0% specific to the topic",100% boilerplate,yes: 0% unique phrasing,yes: a-b-testing-for-data-scientists-a-practical-guide (1.00),,no: informational title,no: 0% unique phrasing,yes,optional,no,yes: step-by-step,yes,yes: no external source,yes,verify on rewrite,"yes: 6 unsourced salary, percentage or demand claims",not verified automatically,yes: opening shared with 49 other articles,yes: heading outline shared with 417 other articles,no: none in the body,none,partly: the body is template text with the title substituted,no,DEEP REWRITE,Template body: 100% of its phrasing is shared with 10+ articles; 0% is its own.,None. Queue order in BLOG_REWRITE_QUEUE.csv.,DEEP REWRITE,true,concept diagram,"One diagram that explains the central idea of ""Data Preprocessing"" — the parts and how they relate.",analyzed
0cb9e77c-f716-4288-96ad-f8c822122679,data-science-career-guide-roles-skills-and-growth-path,"Data Science Career Guide: Roles, Skills and Growth Path",data-science,data science career guide,data science career guide tutorial; data science career guide explained; how to use data science career guide,,concept and mental model; worked example; common mistakes; when not to use it,,derived from title and intent; no search-volume data,tutorial,"How does Data Science Career Guide work, and how do I apply it in practice?",tutorial,educational / tutorial,data science career guide,concept and mental model; worked example; common mistakes; when not to use it,Needs to understand and use Data Science Career Guide,no: 100% of its phrasing is shared template text,"no: 678 words, 0% specific to the topic",100% boilerplate,yes: 0% unique phrasing,yes: a-b-testing-for-data-scientists-a-practical-guide (1.00),,no: informational title,no: 0% unique phrasing,yes,optional,no,yes: step-by-step,yes,yes: no external source,yes,verify on rewrite,"yes: 6 unsourced salary, percentage or demand claims",not verified automatically,yes: opening shared with 49 other articles,yes: heading outline shared with 417 other articles,no: none in the body,none,partly: the body is template text with the title substituted,no,DEEP REWRITE,Template body: 100% of its phrasing is shared with 10+ articles; 0% is its own.,None. Queue order in BLOG_REWRITE_QUEUE.csv.,DEEP REWRITE,true,concept diagram,"One diagram that explains the central idea of ""Data Science Career Guide"" — the parts and how they relate.",analyzed
8b7baa4a-9a6c-40e7-89f5-8aa5fd3ebf58,data-science-internships-in-hyderabad-how-to-land-one,Data Science Internships in Hyderabad: How to Land One,data-science,data science internships in hyderabad,data science internships in hyderabad tutorial; data science internships in hyderabad explained; how to use data science internships in hyderabad,,concept and mental model; worked example; common mistakes; when not to use it,,derived from title and intent; no search-volume data,tutorial,"How does Data Science Internships in Hyderabad work, and how do I apply it in practice?",tutorial,educational / tutorial,data science internships in hyderabad,concept and mental model; worked example; common mistakes; when not to use it,Needs to understand and use Data Science Internships in Hyderabad,no: 100% of its phrasing is shared template text,"no: 680 words, 0% specific to the topic",100% boilerplate,yes: 0% unique phrasing,yes: a-b-testing-for-data-scientists-a-practical-guide (1.00),,no: informational title,no: 0% unique phrasing,yes,optional,no,yes: step-by-step,yes,yes: no external source,yes,verify on rewrite,"yes: 6 unsourced salary, percentage or demand claims",not verified automatically,yes: opening shared with 49 other articles,yes: heading outline shared with 417 other articles,no: none in the body,none,partly: the body is template text with the title substituted,no,DEEP REWRITE,Template body: 100% of its phrasing is shared with 10+ articles; 0% is its own.,None. Queue order in BLOG_REWRITE_QUEUE.csv.,DEEP REWRITE,true,concept diagram,"One diagram that explains the central idea of ""Data Science Internships in Hyderabad"" — the parts and how they relate.",analyzed
f6042b0b-7118-4f5c-85e3-ba84aaf52efd,data-science-projects-for-freshers-12-ideas-with-datasets,Data Science Projects for Freshers: 12 Ideas with Datasets,data-science,data science projects for freshers,data science for freshers project ideas; data science for freshers projects for beginners; data science for freshers portfolio,,project list by skill; datasets; deliverables; how to present,,derived from title and intent; no search-volume data,project,"Which Data Science for Freshers projects show employers real skill, and how do I build them?",project,project,data science projects for freshers,project list by skill; datasets; deliverables; how to present,Needs portfolio projects that prove Data Science for Freshers skill,no: 99% of its phrasing is shared template text,"no: 571 words, 0% specific to the topic",99% boilerplate,yes: 0% unique phrasing,yes: end-to-end-machine-learning-project-a-complete-walkthrough (1.00),,no: informational title,no: 0% unique phrasing,yes,yes,no,yes: step-by-step,yes,yes: no external source,yes,verify on rewrite,"yes: 3 unsourced salary, percentage or demand claims",not verified automatically,yes: opening shared with 49 other articles,yes: heading outline shared with 16 other articles,no: none in the body,none,"no: title promises 12, body has at most 10",no,DEEP REWRITE,Template body: 99% of its phrasing is shared with 10+ articles; 0% is its own.,None. Queue order in BLOG_REWRITE_QUEUE.csv.,DEEP REWRITE,true,architecture diagram,"Architecture sketch of one project from ""Data Science Projects for Freshers"": data source, processing steps, output.",analyzed
4423b7cc-2752-439e-8a78-60746423e95a,data-science-roadmap-2026-a-complete-step-by-step-guide,Data Science Roadmap 2026: A Complete Step-by-Step Guide,data-science,data science roadmap,data science learning path; how to become data science; data science skills,,prerequisites; stages and order; projects; what to skip; pacing,,derived from title and intent; no search-volume data,career,"What should I learn, and in what order, to become job-ready in Data Science?",career,career / roadmap,data science roadmap,prerequisites; stages and order; projects; what to skip; pacing,Needs a learning or career path for Data Science,no: 97% of its phrasing is shared template text,"no: 673 words, 0% specific to the topic",97% boilerplate,yes: 0% unique phrasing,yes: from-data-analyst-to-data-scientist-a-transition-roadmap (1.00),,no: informational title,no: 0% unique phrasing,yes,has 1; check it is topic-specific,no,no,yes,yes: no external source,yes,yes: fast-moving topic or dated title,"yes: 6 unsourced salary, percentage or demand claims",likely: dated or fast-moving; not verified automatically,yes: opening shared with 49 other articles,yes: heading outline shared with 18 other articles,no: none in the body,none,partly: the body is template text with the title substituted,no,DEEP REWRITE,Template body: 97% of its phrasing is shared with 10+ articles; 0% is its own.,None. Queue order in BLOG_REWRITE_QUEUE.csv.,DEEP REWRITE,true,roadmap diagram,"Stage-by-stage diagram of the Data Science Roadmap 2026 learning path: each stage, the skills in it, and the proof (project) that closes it.",needs_review
ded4f3b2-9da3-4214-83ee-ed356c855727,data-science-vs-data-analytics-which-career-is-right-for-you,Data Science vs Data Analytics: Which Career Is Right for You?,data-science,data science vs data analytics,data science vs data analytics comparison; data science vs data analytics differences; data science vs data analytics which is better,,decision criteria; where each wins; migration or learning cost,,derived from title and intent; no search-volume data,comparison,"Should I use data analytics or data science, and in which situations does each one win?",comparison,comparison (commercial investigation),data science vs data analytics,decision criteria; where each wins; migration or learning cost,"Needs to choose between the options in ""Data Science vs Data Analytics""",no: 99% of its phrasing is shared template text,"no: 485 words, 0% specific to the topic",99% boilerplate,yes: 0% unique phrasing,yes: data-science-vs-machine-learning-vs-ai-what-s-the-difference (0.99),,no: informational title,no: 0% unique phrasing,yes,has 1; check it is topic-specific,no,no,yes,yes: no external source,yes,verify on rewrite,"yes: 3 unsourced salary, percentage or demand claims",not verified automatically,yes: opening shared with 49 other articles,no,no: none in the body,none,partly: the body is template text with the title substituted,no,DEEP REWRITE,"Phase 3 REWRITE INTENT: Two /compare pages ask one question. Keep the field comparison as the owner and refocus the analyst-vs-scientist page on the job roles (duties, hiring, pay). The blog post supports the owner.",Rewrite to a distinct intent; link to the owner.,DEEP REWRITE,true,comparison diagram,"Side-by-side diagram of where each option in ""Data Science vs Data Analytics"" sits in a typical workflow, with the deciding differences labelled.",analyzed
7d33dee8-9547-4349-a379-c57a33577e5d,data-science-vs-machine-learning-vs-ai-what-s-the-difference,Data Science vs Machine Learning vs AI: What's the Difference?,data-science,data science vs machine learning vs ai,data science vs machine learning vs ai comparison; data science vs machine learning vs ai differences; data science vs machine learning vs ai which is better,,decision criteria; where each wins; migration or learning cost,Machine Learning,derived from title and intent; no search-volume data,comparison,"Should I use ai or data science or machine learning, and in which situations does each one win?",comparison,comparison (commercial investigation),data science vs machine learning vs ai,decision criteria; where each wins; migration or learning cost,"Needs to choose between the options in ""Data Science vs Machine Learning vs AI""",no: 99% of its phrasing is shared template text,"no: 486 words, 1% specific to the topic",99% boilerplate,yes: 1% unique phrasing,yes: data-science-vs-data-analytics-which-career-is-right-for-you (0.99),,no: informational title,no: 1% unique phrasing,yes,has 1; check it is topic-specific,no,no,yes,yes: no external source,yes,verify on rewrite,"yes: 3 unsourced salary, percentage or demand claims",not verified automatically,yes: opening shared with 49 other articles,no,no: none in the body,none,partly: the body is template text with the title substituted,no,DEEP REWRITE,Template body: 99% of its phrasing is shared with 10+ articles; 1% is its own.,None. Queue order in BLOG_REWRITE_QUEUE.csv.,DEEP REWRITE,true,comparison diagram,"Side-by-side diagram of where each option in ""Data Science vs Machine Learning vs AI"" sits in a typical workflow, with the deciding differences labelled.",analyzed
3fff247f-29a3-4de8-a469-2af7400da633,data-science-without-a-degree-is-it-possible-in-2026,Data Science Without a Degree: Is It Possible in 2026?,data-science,data science without a degree,data science without a degree tutorial; data science without a degree explained; how to use data science without a degree,,concept and mental model; worked example; common mistakes; when not to use it,,derived from title and intent; no search-volume data,tutorial,"How does Data Science Without a Degree work, and how do I apply it in practice?",tutorial,educational / tutorial,data science without a degree,concept and mental model; worked example; common mistakes; when not to use it,Needs to understand and use Data Science Without a Degree,no: 100% of its phrasing is shared template text,"no: 681 words, 0% specific to the topic",100% boilerplate,yes: 0% unique phrasing,yes: a-b-testing-for-data-scientists-a-practical-guide (1.00),data-science-roadmap-2026-a-complete-step-by-step-guide,no: informational title,no: 0% unique phrasing,yes,optional,no,yes: step-by-step,yes,yes: no external source,yes,yes: fast-moving topic or dated title,"yes: 6 unsourced salary, percentage or demand claims",likely: dated or fast-moving; not verified automatically,yes: opening shared with 49 other articles,yes: heading outline shared with 417 other articles,no: none in the body,none,partly: the body is template text with the title substituted,no,MERGE,"Same intent as data-science-roadmap-2026-a-complete-step-by-step-guide (phase5-topical): The two transition roadmaps have distinct audiences (analysts, career switchers) and stay. ""How to become … with no experience"" and ""without a degree"" answer the roadmap question again: merge candidates, pending Search Console.",Search Console: merge only if this article earns no distinct queries; otherwise rewrite it to the distinct angle in the note.,DEEP REWRITE,true,concept diagram,"One diagram that explains the central idea of ""Data Science Without a Degree"" — the parts and how they relate.",merge_candidate
400513d0-289e-4522-b6f1-950df8a2df00,data-scientist-salary-in-hyderabad-2026-freshers-to-senior,Data Scientist Salary in Hyderabad 2026: Freshers to Senior,data-science,data scientist salary in hyderabad,data scientist salary; data scientist salary for freshers; data scientist pay by experience,,sourced pay data; what moves pay; role differences,,derived from title and intent; no search-volume data,salary,"What does Data Scientist work pay, and what moves the number?",salary,salary,data scientist salary in hyderabad,sourced pay data; what moves pay; role differences,"Needs realistic, sourced pay expectations for Data Scientist",no: 91% of its phrasing is shared template text,"no: 545 words, 3% specific to the topic",91% boilerplate,yes: 3% unique phrasing,no: nearest data-engineer-salary-in-hyderabad-2026 (0.67),,no: informational title,no: 3% unique phrasing,yes,optional,no,no,no,yes: no external source,yes,yes: fast-moving topic or dated title,"yes: 11 unsourced salary, percentage or demand claims",likely: dated or fast-moving; not verified automatically,yes: opening shared with 49 other articles,yes: heading outline shared with 10 other articles,no: none in the body,none,partly: the body is template text with the title substituted,no,MANUAL REVIEW,"Salary figures with no cited source. A rewrite needs a dated, citable salary dataset; without one the figures must go.","Source a salary dataset, or rewrite without figures.",MANUAL REVIEW,false,none,No image. A chart is only appropriate once the figures are sourced; then chart the cited data with the source in the caption.,needs_review
1ef92364-5766-44b6-b812-375cfe61afc2,deep-learning-guide-neural-networks-explained-simply,Deep Learning Guide: Neural Networks Explained Simply,data-science,deep learning guide,deep learning guide tutorial; deep learning guide explained; how to use deep learning guide,,concept and mental model; worked example; common mistakes; when not to use it,Deep Learning,derived from title and intent; no search-volume data,tutorial,"What is Deep Learning Guide, and how does it work?",tutorial,educational / tutorial,deep learning guide,concept and mental model; worked example; common mistakes; when not to use it,Needs to understand and use Deep Learning Guide,no: 100% of its phrasing is shared template text,"no: 674 words, 0% specific to the topic",100% boilerplate,yes: 0% unique phrasing,yes: a-b-testing-for-data-scientists-a-practical-guide (1.00),,no: informational title,no: 0% unique phrasing,yes,optional,no,yes: step-by-step,yes,yes: no external source,yes,verify on rewrite,"yes: 6 unsourced salary, percentage or demand claims",not verified automatically,yes: opening shared with 49 other articles,yes: heading outline shared with 417 other articles,no: none in the body,none,partly: the body is template text with the title substituted,no,DEEP REWRITE,Template body: 100% of its phrasing is shared with 10+ articles; 0% is its own.,None. Queue order in BLOG_REWRITE_QUEUE.csv.,DEEP REWRITE,true,concept diagram,"One diagram that explains the central idea of ""Deep Learning Guide"" — the parts and how they relate.",analyzed
c6d532f4-75cc-4af3-9e07-b2802f671fad,dimensionality-reduction-pca-and-t-sne-explained,Dimensionality Reduction: PCA and t-SNE Explained,data-science,dimensionality reduction,dimensionality reduction tutorial; dimensionality reduction explained; how to use dimensionality reduction,,concept and mental model; worked example; common mistakes; when not to use it,,derived from title and intent; no search-volume data,tutorial,"What is Dimensionality Reduction, and how does it work?",tutorial,educational / tutorial,dimensionality reduction,concept and mental model; worked example; common mistakes; when not to use it,Needs to understand and use Dimensionality Reduction,no: 100% of its phrasing is shared template text,"no: 671 words, 0% specific to the topic",100% boilerplate,yes: 0% unique phrasing,yes: a-b-testing-for-data-scientists-a-practical-guide (1.00),,no: informational title,no: 0% unique phrasing,yes,optional,no,yes: step-by-step,yes,yes: no external source,yes,verify on rewrite,"yes: 6 unsourced salary, percentage or demand claims",not verified automatically,yes: opening shared with 49 other articles,yes: heading outline shared with 417 other articles,no: none in the body,none,partly: the body is template text with the title substituted,no,DEEP REWRITE,Template body: 100% of its phrasing is shared with 10+ articles; 0% is its own.,None. Queue order in BLOG_REWRITE_QUEUE.csv.,DEEP REWRITE,true,concept diagram,"One diagram that explains the central idea of ""Dimensionality Reduction"" — the parts and how they relate.",analyzed
b9313879-f717-4644-bbfe-c98992a7ce72,end-to-end-machine-learning-project-a-complete-walkthrough,End-to-End Machine Learning Project: A Complete Walkthrough,data-science,end-to-end machine learning project,end-to-end machine learning project ideas; end-to-end machine learning projects for beginners; end-to-end machine learning portfolio,,project list by skill; datasets; deliverables; how to present,Machine Learning,derived from title and intent; no search-volume data,project,"Which End-to-End Machine Learning projects show employers real skill, and how do I build them?",project,project,end-to-end machine learning project,project list by skill; datasets; deliverables; how to present,Needs portfolio projects that prove End-to-End Machine Learning skill,no: 99% of its phrasing is shared template text,"no: 568 words, 0% specific to the topic",99% boilerplate,yes: 0% unique phrasing,yes: data-science-projects-for-freshers-12-ideas-with-datasets (1.00),,no: informational title,no: 0% unique phrasing,yes,yes,no,yes: step-by-step,yes,yes: no external source,yes,verify on rewrite,"yes: 3 unsourced salary, percentage or demand claims",not verified automatically,yes: opening shared with 49 other articles,yes: heading outline shared with 16 other articles,no: none in the body,none,partly: the body is template text with the title substituted,no,DEEP REWRITE,Template body: 99% of its phrasing is shared with 10+ articles; 0% is its own.,None. Queue order in BLOG_REWRITE_QUEUE.csv.,DEEP REWRITE,true,architecture diagram,"Architecture sketch of one project from ""End-to-End Machine Learning Project"": data source, processing steps, output.",analyzed
7af3452b-010b-49e4-b978-1426046850f3,ensemble-learning-bagging-boosting-and-stacking-explained,"Ensemble Learning: Bagging, Boosting and Stacking Explained",data-science,ensemble learning,ensemble learning tutorial; ensemble learning explained; how to use ensemble learning,,concept and mental model; worked example; common mistakes; when not to use it,,derived from title and intent; no search-volume data,tutorial,"What is Ensemble Learning, and how does it work?",tutorial,educational / tutorial,ensemble learning,concept and mental model; worked example; common mistakes; when not to use it,Needs to understand and use Ensemble Learning,no: 100% of its phrasing is shared template text,"no: 672 words, 0% specific to the topic",100% boilerplate,yes: 0% unique phrasing,yes: a-b-testing-for-data-scientists-a-practical-guide (1.00),,no: informational title,no: 0% unique phrasing,yes,optional,no,yes: step-by-step,yes,yes: no external source,yes,verify on rewrite,"yes: 6 unsourced salary, percentage or demand claims",not verified automatically,yes: opening shared with 49 other articles,yes: heading outline shared with 417 other articles,no: none in the body,none,partly: the body is template text with the title substituted,no,DEEP REWRITE,Template body: 100% of its phrasing is shared with 10+ articles; 0% is its own.,None. Queue order in BLOG_REWRITE_QUEUE.csv.,DEEP REWRITE,true,concept diagram,"One diagram that explains the central idea of ""Ensemble Learning"" — the parts and how they relate.",analyzed
9572efd1-fa21-4652-a526-22a7a8289a6f,evaluation-metrics-accuracy-precision-recall-and-f1-demystified,"Evaluation Metrics: Accuracy, Precision, Recall and F1 Demystified",data-science,evaluation metrics,evaluation metrics tutorial; evaluation metrics explained; how to use evaluation metrics,,concept and mental model; worked example; common mistakes; when not to use it,,derived from title and intent; no search-volume data,tutorial,"How does Evaluation Metrics work, and how do I apply it in practice?",tutorial,educational / tutorial,evaluation metrics,concept and mental model; worked example; common mistakes; when not to use it,Needs to understand and use Evaluation Metrics,no: 100% of its phrasing is shared template text,"no: 673 words, 0% specific to the topic",100% boilerplate,yes: 0% unique phrasing,yes: a-b-testing-for-data-scientists-a-practical-guide (1.00),,no: informational title,no: 0% unique phrasing,yes,optional,no,yes: step-by-step,yes,yes: no external source,yes,verify on rewrite,"yes: 6 unsourced salary, percentage or demand claims",not verified automatically,yes: opening shared with 49 other articles,yes: heading outline shared with 417 other articles,no: none in the body,none,partly: the body is template text with the title substituted,no,DEEP REWRITE,Template body: 100% of its phrasing is shared with 10+ articles; 0% is its own.,None. Queue order in BLOG_REWRITE_QUEUE.csv.,DEEP REWRITE,true,concept diagram,"One diagram that explains the central idea of ""Evaluation Metrics"" — the parts and how they relate.",analyzed
5866df9b-552b-4225-b19f-c581a8c7a186,exploratory-data-analysis-eda-a-step-by-step-walkthrough,Exploratory Data Analysis (EDA): A Step-by-Step Walkthrough,data-science,exploratory data analysis (eda),exploratory data analysis (eda) tutorial; exploratory data analysis (eda) explained; how to use exploratory data analysis (eda),,concept and mental model; worked example; common mistakes; when not to use it,,derived from title and intent; no search-volume data,tutorial,"How does Exploratory Data Analysis (EDA) work, and how do I apply it in practice?",tutorial,educational / tutorial,exploratory data analysis (eda),concept and mental model; worked example; common mistakes; when not to use it,Needs to understand and use Exploratory Data Analysis (EDA),no: 100% of its phrasing is shared template text,"no: 676 words, 0% specific to the topic",100% boilerplate,yes: 0% unique phrasing,yes: a-b-testing-for-data-scientists-a-practical-guide (1.00),,no: informational title,no: 0% unique phrasing,yes,optional,no,yes: step-by-step,yes,yes: no external source,yes,verify on rewrite,"yes: 6 unsourced salary, percentage or demand claims",not verified automatically,yes: opening shared with 49 other articles,yes: heading outline shared with 417 other articles,no: none in the body,none,partly: the body is template text with the title substituted,no,DEEP REWRITE,Template body: 100% of its phrasing is shared with 10+ articles; 0% is its own.,None. Queue order in BLOG_REWRITE_QUEUE.csv.,DEEP REWRITE,true,concept diagram,"One diagram that explains the central idea of ""Exploratory Data Analysis (EDA)"" — the parts and how they relate.",analyzed
d7af685c-f97b-4cf9-b4f6-5a74f8549f75,feature-engineering-a-practical-guide-with-examples,Feature Engineering: A Practical Guide with Examples,data-science,feature engineering,feature engineering tutorial; feature engineering explained; how to use feature engineering,,concept and mental model; worked example; common mistakes; when not to use it,,derived from title and intent; no search-volume data,tutorial,"How does Feature Engineering work, and how do I apply it in practice?",tutorial,educational / tutorial,feature engineering,concept and mental model; worked example; common mistakes; when not to use it,Needs to understand and use Feature Engineering,no: 100% of its phrasing is shared template text,"no: 672 words, 0% specific to the topic",100% boilerplate,yes: 0% unique phrasing,yes: a-b-testing-for-data-scientists-a-practical-guide (1.00),,no: informational title,no: 0% unique phrasing,yes,optional,no,yes: step-by-step,yes,yes: no external source,yes,yes: fast-moving topic or dated title,"yes: 6 unsourced salary, percentage or demand claims",likely: dated or fast-moving; not verified automatically,yes: opening shared with 49 other articles,yes: heading outline shared with 417 other articles,no: none in the body,none,partly: the body is template text with the title substituted,no,DEEP REWRITE,Template body: 100% of its phrasing is shared with 10+ articles; 0% is its own.,None. Queue order in BLOG_REWRITE_QUEUE.csv.,DEEP REWRITE,true,concept diagram,"One diagram that explains the central idea of ""Feature Engineering"" — the parts and how they relate.",analyzed
554f025e-b1d6-4977-83bb-7a7b91ee1a74,from-data-analyst-to-data-scientist-a-transition-roadmap,From Data Analyst to Data Scientist: A Transition Roadmap,data-science,from data analyst to data scientist,from data analyst to data scientist learning path; how to become from data analyst to data scientist; from data analyst to data scientist skills,,prerequisites; stages and order; projects; what to skip; pacing,,derived from title and intent; no search-volume data,career,"What should I learn, and in what order, to become job-ready in From Data Analyst to Data Scientist?",career,career / roadmap,from data analyst to data scientist,prerequisites; stages and order; projects; what to skip; pacing,Needs a learning or career path for From Data Analyst to Data Scientist,no: 97% of its phrasing is shared template text,"no: 676 words, 0% specific to the topic",97% boilerplate,yes: 0% unique phrasing,yes: data-science-roadmap-2026-a-complete-step-by-step-guide (1.00),,no: informational title,no: 0% unique phrasing,yes,has 1; check it is topic-specific,no,no,yes,yes: no external source,yes,verify on rewrite,"yes: 6 unsourced salary, percentage or demand claims",not verified automatically,yes: opening shared with 49 other articles,yes: heading outline shared with 18 other articles,no: none in the body,none,partly: the body is template text with the title substituted,no,DEEP REWRITE,Template body: 97% of its phrasing is shared with 10+ articles; 0% is its own.,None. Queue order in BLOG_REWRITE_QUEUE.csv.,DEEP REWRITE,true,roadmap diagram,"Stage-by-stage diagram of the From Data Analyst to Data Scientist learning path: each stage, the skills in it, and the proof (project) that closes it.",analyzed
488edca3-7e7e-4151-bf01-06d9743f516f,gradient-descent-explained-the-engine-behind-ml,Gradient Descent Explained: The Engine Behind ML,data-science,gradient descent explained,gradient descent tutorial; how to use gradient descent,,concept and mental model; worked example; common mistakes; when not to use it,,derived from title and intent; no search-volume data,tutorial,"What is Gradient Descent, and how does it work?",tutorial,educational / tutorial,gradient descent explained,concept and mental model; worked example; common mistakes; when not to use it,Needs to understand and use Gradient Descent,no: 100% of its phrasing is shared template text,"no: 674 words, 0% specific to the topic",100% boilerplate,yes: 0% unique phrasing,yes: a-b-testing-for-data-scientists-a-practical-guide (1.00),,no: informational title,no: 0% unique phrasing,yes,optional,no,yes: step-by-step,yes,yes: no external source,yes,verify on rewrite,"yes: 6 unsourced salary, percentage or demand claims",not verified automatically,yes: opening shared with 49 other articles,yes: heading outline shared with 417 other articles,no: none in the body,none,partly: the body is template text with the title substituted,no,DEEP REWRITE,Template body: 100% of its phrasing is shared with 10+ articles; 0% is its own.,None. Queue order in BLOG_REWRITE_QUEUE.csv.,DEEP REWRITE,true,concept diagram,"One diagram that explains the central idea of ""Gradient Descent Explained"" — the parts and how they relate.",analyzed
7a88788d-029f-45dc-919e-6330716e6b5d,handling-imbalanced-datasets-techniques-that-work,Handling Imbalanced Datasets: Techniques That Work,data-science,handling imbalanced datasets,handling imbalanced datasets tutorial; handling imbalanced datasets explained; how to use handling imbalanced datasets,,concept and mental model; worked example; common mistakes; when not to use it,,derived from title and intent; no search-volume data,tutorial,"How does Handling Imbalanced Datasets work, and how do I apply it in practice?",tutorial,educational / tutorial,handling imbalanced datasets,concept and mental model; worked example; common mistakes; when not to use it,Needs to understand and use Handling Imbalanced Datasets,no: 100% of its phrasing is shared template text,"no: 673 words, 0% specific to the topic",100% boilerplate,yes: 0% unique phrasing,yes: a-b-testing-for-data-scientists-a-practical-guide (1.00),,no: informational title,no: 0% unique phrasing,yes,optional,no,yes: step-by-step,yes,yes: no external source,yes,verify on rewrite,"yes: 6 unsourced salary, percentage or demand claims",not verified automatically,yes: opening shared with 49 other articles,yes: heading outline shared with 417 other articles,no: none in the body,none,partly: the body is template text with the title substituted,no,DEEP REWRITE,Template body: 100% of its phrasing is shared with 10+ articles; 0% is its own.,None. Queue order in BLOG_REWRITE_QUEUE.csv.,DEEP REWRITE,true,concept diagram,"One diagram that explains the central idea of ""Handling Imbalanced Datasets"" — the parts and how they relate.",analyzed
b9981a86-e8a7-4851-b00f-3a348bf7e8a1,how-much-math-do-you-really-need-for-data-science,How Much Math Do You Really Need for Data Science?,data-science,how much math do you really need for data science,how much math do you really need for data science? tutorial; how much math do you really need for data science? explained; how to use how much math do you really need for data science?,,concept and mental model; worked example; common mistakes; when not to use it,,derived from title and intent; no search-volume data,tutorial,"How does How Much Math Do You Really Need for Data Science? work, and how do I apply it in practice?",tutorial,educational / tutorial,how much math do you really need for data science,concept and mental model; worked example; common mistakes; when not to use it,Needs to understand and use How Much Math Do You Really Need for Data Science?,no: 100% of its phrasing is shared template text,"no: 691 words, 0% specific to the topic",100% boilerplate,yes: 0% unique phrasing,yes: a-b-testing-for-data-scientists-a-practical-guide (1.00),statistics-for-data-science-the-20-you-actually-need,no: informational title,no: 0% unique phrasing,yes,optional,no,yes: step-by-step,yes,yes: no external source,yes,verify on rewrite,"yes: 6 unsourced salary, percentage or demand claims",not verified automatically,yes: opening shared with 49 other articles,yes: heading outline shared with 417 other articles,no: none in the body,none,partly: the body is template text with the title substituted,no,MERGE,"Same intent as statistics-for-data-science-the-20-you-actually-need (phase5-topical): ""How much maths"" overlaps the statistics owner; refocus it on the maths (linear algebra, calculus) or merge.",Search Console: merge only if this article earns no distinct queries; otherwise rewrite it to the distinct angle in the note.,DEEP REWRITE,true,concept diagram,"One diagram that explains the central idea of ""How Much Math Do You Really Need for Data Science?"" — the parts and how they relate.",merge_candidate
2657b2bb-b314-43da-ad9a-c6cfd801f492,how-to-become-a-data-scientist-in-2026-with-no-experience,How to Become a Data Scientist in 2026 with No Experience,data-science,how to become a data scientist in with no experience,how to become a data scientist in with no experience learning path; how to become how to become a data scientist in with no experience; how to become a data scientist in with no experience skills,,prerequisites; stages and order; projects; what to skip; pacing,,derived from title and intent; no search-volume data,career,How do I Become a Data Scientist in with No Experience?,career,career / roadmap,how to become a data scientist in with no experience,prerequisites; stages and order; projects; what to skip; pacing,Needs a learning or career path for How to Become a Data Scientist in with No Experience,no: 100% of its phrasing is shared template text,"no: 694 words, 0% specific to the topic",100% boilerplate,yes: 0% unique phrasing,yes: a-b-testing-for-data-scientists-a-practical-guide (1.00),data-science-roadmap-2026-a-complete-step-by-step-guide,no: informational title,no: 0% unique phrasing,yes,has 1; check it is topic-specific,no,no,yes,yes: no external source,yes,yes: fast-moving topic or dated title,"yes: 6 unsourced salary, percentage or demand claims",likely: dated or fast-moving; not verified automatically,yes: opening shared with 49 other articles,yes: heading outline shared with 417 other articles,no: none in the body,none,partly: the body is template text with the title substituted,no,MERGE,"Same intent as data-science-roadmap-2026-a-complete-step-by-step-guide (phase5-topical): The two transition roadmaps have distinct audiences (analysts, career switchers) and stay. ""How to become … with no experience"" and ""without a degree"" answer the roadmap question again: merge candidates, pending Search Console.",Search Console: merge only if this article earns no distinct queries; otherwise rewrite it to the distinct angle in the note.,DEEP REWRITE,true,roadmap diagram,"Stage-by-stage diagram of the How to Become a Data Scientist in 2026 with No Experience learning path: each stage, the skills in it, and the proof (project) that closes it.",merge_candidate
bb7fc367-7d77-4644-b147-bcedb786cb89,how-to-build-a-data-science-portfolio-that-gets-interviews,How to Build a Data Science Portfolio That Gets Interviews,data-science,how to build a data science portfolio that gets interviews,how to build a data science portfolio that gets interviews tutorial; how to build a data science portfolio that gets interviews explained; how to use how to build a data science portfolio that gets interviews,,concept and mental model; worked example; common mistakes; when not to use it,,derived from title and intent; no search-volume data,tutorial,How do I Build a Data Science Portfolio That Gets Interviews?,tutorial,educational / tutorial,how to build a data science portfolio that gets interviews,concept and mental model; worked example; common mistakes; when not to use it,Needs to understand and use How to Build a Data Science Portfolio That Gets Interviews,no: 100% of its phrasing is shared template text,"no: 691 words, 0% specific to the topic",100% boilerplate,yes: 0% unique phrasing,yes: a-b-testing-for-data-scientists-a-practical-guide (1.00),,no: informational title,no: 0% unique phrasing,yes,optional,no,yes: step-by-step,yes,yes: no external source,yes,verify on rewrite,"yes: 6 unsourced salary, percentage or demand claims",not verified automatically,yes: opening shared with 49 other articles,yes: heading outline shared with 417 other articles,no: none in the body,none,partly: the body is template text with the title substituted,no,DEEP REWRITE,Template body: 100% of its phrasing is shared with 10+ articles; 0% is its own.,None. Queue order in BLOG_REWRITE_QUEUE.csv.,DEEP REWRITE,true,concept diagram,"One diagram that explains the central idea of ""How to Build a Data Science Portfolio That Gets Interviews"" — the parts and how they relate.",analyzed
43d5850f-b445-472f-93a5-a3d6c108e9b5,how-to-read-a-machine-learning-research-paper,How to Read a Machine Learning Research Paper,data-science,how to read a machine learning research paper,how to read a machine learning research paper tutorial; how to read a machine learning research paper explained; how to use how to read a machine learning research paper,,concept and mental model; worked example; common mistakes; when not to use it,Machine Learning,derived from title and intent; no search-volume data,tutorial,How do I Read a Machine Learning Research Paper?,tutorial,educational / tutorial,how to read a machine learning research paper,concept and mental model; worked example; common mistakes; when not to use it,Needs to understand and use How to Read a Machine Learning Research Paper,no: 100% of its phrasing is shared template text,"no: 685 words, 0% specific to the topic",100% boilerplate,yes: 0% unique phrasing,yes: a-b-testing-for-data-scientists-a-practical-guide (1.00),,no: informational title,no: 0% unique phrasing,yes,optional,no,yes: step-by-step,yes,yes: no external source,yes,verify on rewrite,"yes: 6 unsourced salary, percentage or demand claims",not verified automatically,yes: opening shared with 49 other articles,yes: heading outline shared with 417 other articles,no: none in the body,none,partly: the body is template text with the title substituted,no,DEEP REWRITE,Template body: 100% of its phrasing is shared with 10+ articles; 0% is its own.,None. Queue order in BLOG_REWRITE_QUEUE.csv.,DEEP REWRITE,true,concept diagram,"One diagram that explains the central idea of ""How to Read a Machine Learning Research Paper"" — the parts and how they relate.",analyzed
481de930-9098-4ba9-b9c0-9d18bbe08b85,hyperparameter-tuning-grid-search-vs-random-search-vs-bayesian,Hyperparameter Tuning: Grid Search vs Random Search vs Bayesian,data-science,hyperparameter tuning,hyperparameter tuning comparison; hyperparameter tuning differences; hyperparameter tuning which is better,,decision criteria; where each wins; migration or learning cost,,derived from title and intent; no search-volume data,comparison,"Should I use bayesian or grid search or random search, and in which situations does each one win?",comparison,comparison (commercial investigation),hyperparameter tuning,decision criteria; where each wins; migration or learning cost,"Needs to choose between the options in ""Hyperparameter Tuning""",no: 99% of its phrasing is shared template text,"no: 480 words, 1% specific to the topic",99% boilerplate,yes: 1% unique phrasing,yes: data-science-vs-data-analytics-which-career-is-right-for-you (0.98),,no: informational title,no: 1% unique phrasing,yes,has 1; check it is topic-specific,no,no,yes,yes: no external source,yes,verify on rewrite,"yes: 3 unsourced salary, percentage or demand claims",not verified automatically,yes: opening shared with 49 other articles,no,no: none in the body,none,partly: the body is template text with the title substituted,no,DEEP REWRITE,Template body: 99% of its phrasing is shared with 10+ articles; 1% is its own.,None. Queue order in BLOG_REWRITE_QUEUE.csv.,DEEP REWRITE,true,comparison diagram,"Side-by-side diagram of where each option in ""Hyperparameter Tuning"" sits in a typical workflow, with the deciding differences labelled.",analyzed
98f34cb5-f169-42a0-ab26-872f08ec71b0,kaggle-for-beginners-how-to-start-and-win-medals,Kaggle for Beginners: How to Start and Win Medals,data-science,kaggle for beginners,kaggle for beginners tutorial; kaggle for beginners explained; how to use kaggle for beginners,,concept and mental model; worked example; common mistakes; when not to use it,,derived from title and intent; no search-volume data,tutorial,"How does Kaggle for Beginners work, and how do I apply it in practice?",tutorial,educational / tutorial,kaggle for beginners,concept and mental model; worked example; common mistakes; when not to use it,Needs to understand and use Kaggle for Beginners,no: 100% of its phrasing is shared template text,"no: 676 words, 0% specific to the topic",100% boilerplate,yes: 0% unique phrasing,yes: a-b-testing-for-data-scientists-a-practical-guide (1.00),,no: informational title,no: 0% unique phrasing,yes,optional,no,yes: step-by-step,yes,yes: no external source,yes,verify on rewrite,"yes: 6 unsourced salary, percentage or demand claims",not verified automatically,yes: opening shared with 49 other articles,yes: heading outline shared with 417 other articles,no: none in the body,none,partly: the body is template text with the title substituted,no,DEEP REWRITE,Template body: 100% of its phrasing is shared with 10+ articles; 0% is its own.,None. Queue order in BLOG_REWRITE_QUEUE.csv.,DEEP REWRITE,true,concept diagram,"One diagram that explains the central idea of ""Kaggle for Beginners"" — the parts and how they relate.",analyzed
ce868598-2bb0-47b5-831c-bab2ebb0888d,machine-learning-roadmap-for-beginners-in-2026,Machine Learning Roadmap for Beginners in 2026,data-science,machine learning roadmap for beginners in,machine learning for beginners learning path; how to become machine learning for beginners; machine learning for beginners skills,,prerequisites; stages and order; projects; what to skip; pacing,Machine Learning,derived from title and intent; no search-volume data,career,"What should I learn, and in what order, to become job-ready in Machine Learning for Beginners?",career,career / roadmap,machine learning roadmap for beginners in,prerequisites; stages and order; projects; what to skip; pacing,Needs a learning or career path for Machine Learning for Beginners,no: 97% of its phrasing is shared template text,"no: 675 words, 0% specific to the topic",97% boilerplate,yes: 0% unique phrasing,yes: data-science-roadmap-2026-a-complete-step-by-step-guide (1.00),,no: informational title,no: 0% unique phrasing,yes,has 1; check it is topic-specific,no,no,yes,yes: no external source,yes,yes: fast-moving topic or dated title,"yes: 6 unsourced salary, percentage or demand claims",likely: dated or fast-moving; not verified automatically,yes: opening shared with 49 other articles,yes: heading outline shared with 18 other articles,no: none in the body,none,partly: the body is template text with the title substituted,no,DEEP REWRITE,Template body: 97% of its phrasing is shared with 10+ articles; 0% is its own.,None. Queue order in BLOG_REWRITE_QUEUE.csv.,DEEP REWRITE,true,roadmap diagram,"Stage-by-stage diagram of the Machine Learning Roadmap for Beginners in 2026 learning path: each stage, the skills in it, and the proof (project) that closes it.",analyzed
5385983d-7dcc-4237-b804-77027282f3a4,mlflow-for-data-scientists-tracking-experiments,MLflow for Data Scientists: Tracking Experiments,data-science,mlflow for data scientists,mlflow for data scientists tutorial; mlflow for data scientists explained; how to use mlflow for data scientists,,concept and mental model; worked example; common mistakes; when not to use it,MLflow,derived from title and intent; no search-volume data,tutorial,"How does MLflow for Data Scientists work, and how do I apply it in practice?",tutorial,educational / tutorial,mlflow for data scientists,concept and mental model; worked example; common mistakes; when not to use it,Needs to understand and use MLflow for Data Scientists,no: 100% of its phrasing is shared template text,"no: 675 words, 0% specific to the topic",100% boilerplate,yes: 0% unique phrasing,yes: a-b-testing-for-data-scientists-a-practical-guide (1.00),mlflow-tutorial-tracking-experiments-and-models,no: informational title,no: 0% unique phrasing,yes,optional,no,yes: step-by-step,yes,yes: no external source,yes,verify on rewrite,"yes: 6 unsourced salary, percentage or demand claims",not verified automatically,yes: opening shared with 49 other articles,yes: heading outline shared with 417 other articles,no: none in the body,none,partly: the body is template text with the title substituted,no,MERGE,"Same intent as mlflow-tutorial-tracking-experiments-and-models (phase5-topical): The Data Science category has its own MLflow experiment-tracking post. MLOps owns MLflow; merge the DS post, or refocus it on the notebook workflow and link here.",Search Console: merge only if this article earns no distinct queries; otherwise rewrite it to the distinct angle in the note.,DEEP REWRITE,true,concept diagram,"One diagram that explains the central idea of ""MLflow for Data Scientists"" — the parts and how they relate.",merge_candidate
95703081-55df-4721-b839-ba2db6b81c19,model-deployment-from-notebook-to-production,Model Deployment: From Notebook to Production,data-science,model deployment,model deployment tutorial; model deployment explained; how to use model deployment,,concept and mental model; worked example; common mistakes; when not to use it,,derived from title and intent; no search-volume data,tutorial,"How does Model Deployment work, and how do I apply it in practice?",tutorial,educational / tutorial,model deployment,concept and mental model; worked example; common mistakes; when not to use it,Needs to understand and use Model Deployment,no: 100% of its phrasing is shared template text,"no: 671 words, 0% specific to the topic",100% boilerplate,yes: 0% unique phrasing,yes: a-b-testing-for-data-scientists-a-practical-guide (1.00),,no: informational title,no: 0% unique phrasing,yes,optional,no,yes: step-by-step,yes,yes: no external source,yes,verify on rewrite,"yes: 6 unsourced salary, percentage or demand claims",not verified automatically,yes: opening shared with 49 other articles,yes: heading outline shared with 417 other articles,no: none in the body,none,partly: the body is template text with the title substituted,no,DEEP REWRITE,Template body: 100% of its phrasing is shared with 10+ articles; 0% is its own.,None. Queue order in BLOG_REWRITE_QUEUE.csv.,DEEP REWRITE,true,architecture diagram,"Diagram of the components in ""Model Deployment"" and how data or requests flow between them.",analyzed
aec32cc5-44c3-43d8-b4b8-d35cd842b3a6,natural-language-processing-nlp-roadmap-for-2026,Natural Language Processing (NLP) Roadmap for 2026,data-science,natural language processing (nlp) roadmap for,natural language processing (nlp) learning path; how to become natural language processing (nlp); natural language processing (nlp) skills,,prerequisites; stages and order; projects; what to skip; pacing,NLP,derived from title and intent; no search-volume data,career,"What should I learn, and in what order, to become job-ready in Natural Language Processing (NLP)?",career,career / roadmap,natural language processing (nlp) roadmap for,prerequisites; stages and order; projects; what to skip; pacing,Needs a learning or career path for Natural Language Processing (NLP),no: 97% of its phrasing is shared template text,"no: 675 words, 0% specific to the topic",97% boilerplate,yes: 0% unique phrasing,yes: data-science-roadmap-2026-a-complete-step-by-step-guide (1.00),,no: informational title,no: 0% unique phrasing,yes,has 1; check it is topic-specific,no,no,yes,yes: no external source,yes,yes: fast-moving topic or dated title,"yes: 6 unsourced salary, percentage or demand claims",likely: dated or fast-moving; not verified automatically,yes: opening shared with 49 other articles,yes: heading outline shared with 18 other articles,no: none in the body,none,partly: the body is template text with the title substituted,no,DEEP REWRITE,Template body: 97% of its phrasing is shared with 10+ articles; 0% is its own.,None. Queue order in BLOG_REWRITE_QUEUE.csv.,DEEP REWRITE,true,roadmap diagram,"Stage-by-stage diagram of the Natural Language Processing (NLP) Roadmap for 2026 learning path: each stage, the skills in it, and the proof (project) that closes it.",analyzed
0744d8c6-1a4c-4c93-a7ba-590e5a7dd3fa,overfitting-and-underfitting-causes-and-fixes,Overfitting and Underfitting: Causes and Fixes,data-science,overfitting and underfitting,overfitting and underfitting tutorial; overfitting and underfitting explained; how to use overfitting and underfitting,,concept and mental model; worked example; common mistakes; when not to use it,,derived from title and intent; no search-volume data,tutorial,"How does Overfitting and Underfitting work, and how do I apply it in practice?",tutorial,educational / tutorial,overfitting and underfitting,concept and mental model; worked example; common mistakes; when not to use it,Needs to understand and use Overfitting and Underfitting,no: 100% of its phrasing is shared template text,"no: 673 words, 0% specific to the topic",100% boilerplate,yes: 0% unique phrasing,yes: a-b-testing-for-data-scientists-a-practical-guide (1.00),,no: informational title,no: 0% unique phrasing,yes,optional,no,yes: step-by-step,yes,yes: no external source,yes,verify on rewrite,"yes: 6 unsourced salary, percentage or demand claims",not verified automatically,yes: opening shared with 49 other articles,yes: heading outline shared with 417 other articles,no: none in the body,none,partly: the body is template text with the title substituted,no,DEEP REWRITE,Template body: 100% of its phrasing is shared with 10+ articles; 0% is its own.,None. Queue order in BLOG_REWRITE_QUEUE.csv.,DEEP REWRITE,true,concept diagram,"One diagram that explains the central idea of ""Overfitting and Underfitting"" — the parts and how they relate.",analyzed
6604ee3c-d43d-47cc-893c-cbb8a522acce,pandas-vs-sql-for-data-analysis-when-to-use-which,Pandas vs SQL for Data Analysis: When to Use Which,data-science,pandas vs sql for data analysis,pandas vs sql for data analysis comparison; pandas vs sql for data analysis differences; pandas vs sql for data analysis which is better,,decision criteria; where each wins; migration or learning cost,pandas; SQL,derived from title and intent; no search-volume data,comparison,"Should I use pandas or sql, and in which situations does each one win?",comparison,comparison (commercial investigation),pandas vs sql for data analysis,decision criteria; where each wins; migration or learning cost,"Needs to choose between the options in ""Pandas vs SQL for Data Analysis""",no: 99% of its phrasing is shared template text,"no: 485 words, 1% specific to the topic",99% boilerplate,yes: 1% unique phrasing,yes: data-science-vs-data-analytics-which-career-is-right-for-you (0.98),,no: informational title,no: 1% unique phrasing,yes,has 1; check it is topic-specific,"yes: runnable, verified code",no,yes,yes: no external source,yes,verify on rewrite,"yes: 3 unsourced salary, percentage or demand claims",not verified automatically,yes: opening shared with 49 other articles,no,no: none in the body,none,partly: the body is template text with the title substituted,no,DEEP REWRITE,Template body: 99% of its phrasing is shared with 10+ articles; 1% is its own.,None. Queue order in BLOG_REWRITE_QUEUE.csv.,DEEP REWRITE,true,comparison diagram,"Side-by-side diagram of where each option in ""Pandas vs SQL for Data Analysis"" sits in a typical workflow, with the deciding differences labelled.",analyzed
459b4ba1-10c5-4900-9ee3-017a6dde20d0,probability-for-data-science-concepts-you-must-know,Probability for Data Science: Concepts You Must Know,data-science,probability for data science,probability for data science tutorial; probability for data science explained; how to use probability for data science,,concept and mental model; worked example; common mistakes; when not to use it,,derived from title and intent; no search-volume data,tutorial,"How does Probability for Data Science work, and how do I apply it in practice?",tutorial,educational / tutorial,probability for data science,concept and mental model; worked example; common mistakes; when not to use it,Needs to understand and use Probability for Data Science,no: 100% of its phrasing is shared template text,"no: 677 words, 0% specific to the topic",100% boilerplate,yes: 0% unique phrasing,yes: a-b-testing-for-data-scientists-a-practical-guide (1.00),,no: informational title,no: 0% unique phrasing,yes,optional,no,yes: step-by-step,yes,yes: no external source,yes,verify on rewrite,"yes: 6 unsourced salary, percentage or demand claims",not verified automatically,yes: opening shared with 49 other articles,yes: heading outline shared with 417 other articles,no: none in the body,none,partly: the body is template text with the title substituted,no,DEEP REWRITE,Template body: 100% of its phrasing is shared with 10+ articles; 0% is its own.,None. Queue order in BLOG_REWRITE_QUEUE.csv.,DEEP REWRITE,true,concept diagram,"One diagram that explains the central idea of ""Probability for Data Science"" — the parts and how they relate.",analyzed
691b82b8-7451-48db-bec7-0d1819005919,recommendation-systems-how-netflix-and-amazon-suggest-items,Recommendation Systems: How Netflix and Amazon Suggest Items,data-science,recommendation systems,recommendation systems tutorial; recommendation systems explained; how to use recommendation systems,,concept and mental model; worked example; common mistakes; when not to use it,,derived from title and intent; no search-volume data,tutorial,"How does Recommendation Systems work, and how do I apply it in practice?",tutorial,educational / tutorial,recommendation systems,concept and mental model; worked example; common mistakes; when not to use it,Needs to understand and use Recommendation Systems,no: 100% of its phrasing is shared template text,"no: 673 words, 0% specific to the topic",100% boilerplate,yes: 0% unique phrasing,yes: a-b-testing-for-data-scientists-a-practical-guide (1.00),,no: informational title,no: 0% unique phrasing,yes,optional,no,yes: step-by-step,yes,yes: no external source,yes,verify on rewrite,"yes: 6 unsourced salary, percentage or demand claims",not verified automatically,yes: opening shared with 49 other articles,yes: heading outline shared with 417 other articles,no: none in the body,none,partly: the body is template text with the title substituted,no,DEEP REWRITE,Template body: 100% of its phrasing is shared with 10+ articles; 0% is its own.,None. Queue order in BLOG_REWRITE_QUEUE.csv.,DEEP REWRITE,true,concept diagram,"One diagram that explains the central idea of ""Recommendation Systems"" — the parts and how they relate.",analyzed
e6b30108-46f6-435c-866d-1b4454ffce97,regression-vs-classification-when-to-use-each,Regression vs Classification: When to Use Each,data-science,regression vs classification,regression vs classification comparison; regression vs classification differences; regression vs classification which is better,,decision criteria; where each wins; migration or learning cost,,derived from title and intent; no search-volume data,comparison,"Should I use classification or regression, and in which situations does each one win?",comparison,comparison (commercial investigation),regression vs classification,decision criteria; where each wins; migration or learning cost,"Needs to choose between the options in ""Regression vs Classification""",no: 99% of its phrasing is shared template text,"no: 479 words, 1% specific to the topic",99% boilerplate,yes: 1% unique phrasing,yes: data-science-vs-data-analytics-which-career-is-right-for-you (0.99),,no: informational title,no: 1% unique phrasing,yes,has 1; check it is topic-specific,no,no,yes,yes: no external source,yes,verify on rewrite,"yes: 3 unsourced salary, percentage or demand claims",not verified automatically,yes: opening shared with 49 other articles,no,no: none in the body,none,partly: the body is template text with the title substituted,no,DEEP REWRITE,Template body: 99% of its phrasing is shared with 10+ articles; 1% is its own.,None. Queue order in BLOG_REWRITE_QUEUE.csv.,DEEP REWRITE,true,comparison diagram,"Side-by-side diagram of where each option in ""Regression vs Classification"" sits in a typical workflow, with the deciding differences labelled.",analyzed
332063e1-f1d8-4a26-9b57-d7528115da52,sql-for-data-science-queries-every-data-scientist-must-know,SQL for Data Science: Queries Every Data Scientist Must Know,data-science,sql for data science,sql for data science tutorial; sql for data science explained; how to use sql for data science,,concept and mental model; worked example; common mistakes; when not to use it,SQL,derived from title and intent; no search-volume data,tutorial,"How does SQL for Data Science work, and how do I apply it in practice?",tutorial,educational / tutorial,sql for data science,concept and mental model; worked example; common mistakes; when not to use it,Needs to understand and use SQL for Data Science,no: 100% of its phrasing is shared template text,"no: 679 words, 0% specific to the topic",100% boilerplate,yes: 0% unique phrasing,yes: a-b-testing-for-data-scientists-a-practical-guide (1.00),,no: informational title,no: 0% unique phrasing,yes,optional,"yes: runnable, verified code",yes: step-by-step,yes,yes: no external source,yes,verify on rewrite,"yes: 6 unsourced salary, percentage or demand claims",not verified automatically,yes: opening shared with 49 other articles,yes: heading outline shared with 417 other articles,no: none in the body,none,partly: the body is template text with the title substituted,no,DEEP REWRITE,Template body: 100% of its phrasing is shared with 10+ articles; 0% is its own.,None. Queue order in BLOG_REWRITE_QUEUE.csv.,DEEP REWRITE,true,code output screenshot or diagram,"Worked example for ""SQL for Data Science"": the input, the code's key step, and the resulting output side by side.",analyzed
1fa0de07-5d61-4389-bf15-c59e53cca95e,statistics-for-data-science-the-20-you-actually-need,Statistics for Data Science: The 20% You Actually Need,data-science,statistics for data science,statistics for data science tutorial; statistics for data science explained; how to use statistics for data science,,concept and mental model; worked example; common mistakes; when not to use it,Statistics,derived from title and intent; no search-volume data,tutorial,"How does Statistics for Data Science work, and how do I apply it in practice?",tutorial,educational / tutorial,statistics for data science,concept and mental model; worked example; common mistakes; when not to use it,Needs to understand and use Statistics for Data Science,no: 100% of its phrasing is shared template text,"no: 678 words, 0% specific to the topic",100% boilerplate,yes: 0% unique phrasing,yes: a-b-testing-for-data-scientists-a-practical-guide (1.00),,no: informational title,no: 0% unique phrasing,yes,optional,no,yes: step-by-step,yes,yes: no external source,yes,verify on rewrite,"yes: 7 unsourced salary, percentage or demand claims",not verified automatically,yes: opening shared with 49 other articles,yes: heading outline shared with 417 other articles,no: none in the body,none,partly: the body is template text with the title substituted,no,DEEP REWRITE,Template body: 100% of its phrasing is shared with 10+ articles; 0% is its own.,None. Queue order in BLOG_REWRITE_QUEUE.csv.,DEEP REWRITE,true,concept diagram,"One diagram that explains the central idea of ""Statistics for Data Science"" — the parts and how they relate.",analyzed
77b9be0e-1abc-4266-85bf-09cf7877874f,supervised-vs-unsupervised-learning-a-clear-comparison,Supervised vs Unsupervised Learning: A Clear Comparison,data-science,supervised vs unsupervised learning,supervised vs unsupervised learning comparison; supervised vs unsupervised learning differences; supervised vs unsupervised learning which is better,,decision criteria; where each wins; migration or learning cost,,derived from title and intent; no search-volume data,comparison,"Should I use supervised or unsupervised learning, and in which situations does each one win?",comparison,comparison (commercial investigation),supervised vs unsupervised learning,decision criteria; where each wins; migration or learning cost,"Needs to choose between the options in ""Supervised vs Unsupervised Learning""",no: 99% of its phrasing is shared template text,"no: 480 words, 1% specific to the topic",99% boilerplate,yes: 1% unique phrasing,yes: data-science-vs-data-analytics-which-career-is-right-for-you (0.99),,no: informational title,no: 1% unique phrasing,yes,has 1; check it is topic-specific,no,no,yes,yes: no external source,yes,verify on rewrite,"yes: 3 unsourced salary, percentage or demand claims",not verified automatically,yes: opening shared with 49 other articles,no,no: none in the body,none,partly: the body is template text with the title substituted,no,DEEP REWRITE,Template body: 99% of its phrasing is shared with 10+ articles; 1% is its own.,None. Queue order in BLOG_REWRITE_QUEUE.csv.,DEEP REWRITE,true,comparison diagram,"Side-by-side diagram of where each option in ""Supervised vs Unsupervised Learning"" sits in a typical workflow, with the deciding differences labelled.",analyzed
e4525ea5-abdc-4aeb-affb-ca76482cd1eb,time-series-forecasting-a-beginner-friendly-introduction,Time Series Forecasting: A Beginner-Friendly Introduction,data-science,time series forecasting,time series forecasting tutorial; time series forecasting explained; how to use time series forecasting,,concept and mental model; worked example; common mistakes; when not to use it,,derived from title and intent; no search-volume data,tutorial,"What is Time Series Forecasting, and how does it work?",tutorial,educational / tutorial,time series forecasting,concept and mental model; worked example; common mistakes; when not to use it,Needs to understand and use Time Series Forecasting,no: 100% of its phrasing is shared template text,"no: 673 words, 0% specific to the topic",100% boilerplate,yes: 0% unique phrasing,yes: a-b-testing-for-data-scientists-a-practical-guide (1.00),,no: informational title,no: 0% unique phrasing,yes,optional,no,yes: step-by-step,yes,yes: no external source,yes,verify on rewrite,"yes: 6 unsourced salary, percentage or demand claims",not verified automatically,yes: opening shared with 49 other articles,yes: heading outline shared with 417 other articles,no: none in the body,none,partly: the body is template text with the title substituted,no,DEEP REWRITE,Template body: 100% of its phrasing is shared with 10+ articles; 0% is its own.,None. Queue order in BLOG_REWRITE_QUEUE.csv.,DEEP REWRITE,true,concept diagram,"One diagram that explains the central idea of ""Time Series Forecasting"" — the parts and how they relate.",analyzed
4c14f85c-c39e-42e1-9134-75ad45182e79,top-10-machine-learning-algorithms-explained-for-beginners,Top 10 Machine Learning Algorithms Explained for Beginners,data-science,top 10 machine learning algorithms explained for beginners,machine learning algorithms for beginners tutorial; machine learning algorithms for beginners explained; how to use machine learning algorithms for beginners,,concept and mental model; worked example; common mistakes; when not to use it,Machine Learning,derived from title and intent; no search-volume data,tutorial,"What is Top 10 Machine Learning Algorithms, and how does it work?",tutorial,educational / tutorial,top 10 machine learning algorithms explained for beginners,concept and mental model; worked example; common mistakes; when not to use it,Needs to understand and use Machine Learning Algorithms for Beginners,no: 100% of its phrasing is shared template text,"no: 685 words, 0% specific to the topic",100% boilerplate,yes: 0% unique phrasing,yes: a-b-testing-for-data-scientists-a-practical-guide (1.00),,no: informational title,no: 0% unique phrasing,yes,optional,no,yes: step-by-step,yes,yes: no external source,yes,verify on rewrite,"yes: 6 unsourced salary, percentage or demand claims",not verified automatically,yes: opening shared with 49 other articles,yes: heading outline shared with 417 other articles,no: none in the body,none,partly: the body is template text with the title substituted,no,DEEP REWRITE,Template body: 100% of its phrasing is shared with 10+ articles; 0% is its own.,None. Queue order in BLOG_REWRITE_QUEUE.csv.,DEEP REWRITE,true,concept diagram,"One diagram that explains the central idea of ""Top 10 Machine Learning Algorithms Explained for Beginners"" — the parts and how they relate.",analyzed
16beecb3-547b-484f-9960-dd5e6f1f1b99,top-data-science-companies-hiring-in-hyderabad,Top Data Science Companies Hiring in Hyderabad,data-science,top data science companies hiring in hyderabad,top data science companies hiring in hyderabad tutorial; top data science companies hiring in hyderabad explained; how to use top data science companies hiring in hyderabad,,concept and mental model; worked example; common mistakes; when not to use it,,derived from title and intent; no search-volume data,tutorial,"How does Top Data Science Companies Hiring in Hyderabad work, and how do I apply it in practice?",tutorial,educational / tutorial,top data science companies hiring in hyderabad,concept and mental model; worked example; common mistakes; when not to use it,Needs to understand and use Top Data Science Companies Hiring in Hyderabad,no: 100% of its phrasing is shared template text,"no: 682 words, 0% specific to the topic",100% boilerplate,yes: 0% unique phrasing,yes: a-b-testing-for-data-scientists-a-practical-guide (1.00),,no: informational title,no: 0% unique phrasing,yes,optional,no,yes: step-by-step,yes,yes: no external source,yes,verify on rewrite,"yes: 6 unsourced salary, percentage or demand claims",not verified automatically,yes: opening shared with 49 other articles,yes: heading outline shared with 417 other articles,no: none in the body,none,partly: the body is template text with the title substituted,no,DEEP REWRITE,Template body: 100% of its phrasing is shared with 10+ articles; 0% is its own.,None. Queue order in BLOG_REWRITE_QUEUE.csv.,DEEP REWRITE,true,concept diagram,"One diagram that explains the central idea of ""Top Data Science Companies Hiring in Hyderabad"" — the parts and how they relate.",analyzed
9dfbfb82-193a-43f6-83f0-fa77b8145d0d,xgboost-explained-why-it-wins-kaggle-competitions,XGBoost Explained: Why It Wins Kaggle Competitions,data-science,xgboost explained,xgboost tutorial; how to use xgboost,,concept and mental model; worked example; common mistakes; when not to use it,,derived from title and intent; no search-volume data,tutorial,"What is XGBoost, and how does it work?",tutorial,educational / tutorial,xgboost explained,concept and mental model; worked example; common mistakes; when not to use it,Needs to understand and use XGBoost,no: 100% of its phrasing is shared template text,"no: 672 words, 0% specific to the topic",100% boilerplate,yes: 0% unique phrasing,yes: a-b-testing-for-data-scientists-a-practical-guide (1.00),,no: informational title,no: 0% unique phrasing,yes,optional,no,yes: step-by-step,yes,yes: no external source,yes,verify on rewrite,"yes: 6 unsourced salary, percentage or demand claims",not verified automatically,yes: opening shared with 49 other articles,yes: heading outline shared with 417 other articles,no: none in the body,none,partly: the body is template text with the title substituted,no,DEEP REWRITE,Template body: 100% of its phrasing is shared with 10+ articles; 0% is its own.,None. Queue order in BLOG_REWRITE_QUEUE.csv.,DEEP REWRITE,true,concept diagram,"One diagram that explains the central idea of ""XGBoost Explained"" — the parts and how they relate.",analyzed
c37d8e1f-39b1-41b3-9188-22680beb2891,biglake-and-external-tables-in-bigquery,BigLake and External Tables in BigQuery,gcp,biglake and external tables in bigquery,biglake and external tables in bigquery tutorial; biglake and external tables in bigquery explained; how to use biglake and external tables in bigquery,gcp,concept and mental model; worked example; common mistakes; when not to use it,BigQuery; GCP,derived from title and intent; no search-volume data,tutorial,"How does BigLake and External Tables in BigQuery work, and how do I apply it in practice?",tutorial,educational / tutorial,biglake and external tables in bigquery,concept and mental model; worked example; common mistakes; when not to use it,Needs to understand and use BigLake and External Tables in BigQuery,no: 100% of its phrasing is shared template text,"no: 664 words, 0% specific to the topic",100% boilerplate,yes: 0% unique phrasing,yes: bigquery-best-practices-for-analysts (1.00),,no: informational title,no: 0% unique phrasing,yes,optional,"yes: runnable, verified code",yes: step-by-step,yes,yes: no external source,yes,verify on rewrite,"yes: 6 unsourced salary, percentage or demand claims",not verified automatically,yes: opening shared with 49 other articles,yes: heading outline shared with 417 other articles,no: none in the body,none,partly: the body is template text with the title substituted,no,DEEP REWRITE,Template body: 100% of its phrasing is shared with 10+ articles; 0% is its own.,None. Queue order in BLOG_REWRITE_QUEUE.csv.,DEEP REWRITE,true,code output screenshot or diagram,"Worked example for ""BigLake and External Tables in BigQuery"": the input, the code's key step, and the resulting output side by side.",analyzed
e233c2ec-2a91-47ff-99b1-858f94a86797,bigquery-best-practices-for-analysts,BigQuery Best Practices for Analysts,gcp,bigquery best practices for analysts,bigquery best practices for analysts tutorial; bigquery best practices for analysts explained; how to use bigquery best practices for analysts,gcp,concept and mental model; worked example; common mistakes; when not to use it,BigQuery; GCP,derived from title and intent; no search-volume data,tutorial,"What are the best practices for BigQuery, and why?",tutorial,educational / tutorial,bigquery best practices for analysts,concept and mental model; worked example; common mistakes; when not to use it,Needs to understand and use BigQuery Best Practices for Analysts,no: 100% of its phrasing is shared template text,"no: 661 words, 0% specific to the topic",100% boilerplate,yes: 0% unique phrasing,yes: biglake-and-external-tables-in-bigquery (1.00),,no: informational title,no: 0% unique phrasing,yes,optional,"yes: runnable, verified code",yes: step-by-step,yes,yes: no external source,yes,verify on rewrite,"yes: 6 unsourced salary, percentage or demand claims",not verified automatically,yes: opening shared with 49 other articles,yes: heading outline shared with 417 other articles,no: none in the body,none,partly: the body is template text with the title substituted,no,DEEP REWRITE,Template body: 100% of its phrasing is shared with 10+ articles; 0% is its own.,None. Queue order in BLOG_REWRITE_QUEUE.csv.,DEEP REWRITE,true,code output screenshot or diagram,"Worked example for ""BigQuery Best Practices for Analysts"": the input, the code's key step, and the resulting output side by side.",analyzed
52bd5ba6-4872-4c52-995d-a1ae1e770ef7,bigquery-cost-optimization-slots-pricing-and-tips,"BigQuery Cost Optimization: Slots, Pricing and Tips",gcp,bigquery cost optimization,bigquery cost optimization tutorial; bigquery cost optimization explained; how to use bigquery cost optimization,gcp,concept and mental model; worked example; common mistakes; when not to use it,BigQuery; GCP,derived from title and intent; no search-volume data,tutorial,"How does BigQuery Cost Optimization work, and how do I apply it in practice?",tutorial,educational / tutorial,bigquery cost optimization,concept and mental model; worked example; common mistakes; when not to use it,Needs to understand and use BigQuery Cost Optimization,no: 100% of its phrasing is shared template text,"no: 659 words, 0% specific to the topic",100% boilerplate,yes: 0% unique phrasing,yes: biglake-and-external-tables-in-bigquery (1.00),,no: informational title,no: 0% unique phrasing,yes,optional,"yes: runnable, verified code",yes: step-by-step,yes,yes: no external source,yes,yes: fast-moving topic or dated title,"yes: 6 unsourced salary, percentage or demand claims",likely: dated or fast-moving; not verified automatically,yes: opening shared with 49 other articles,yes: heading outline shared with 417 other articles,no: none in the body,none,partly: the body is template text with the title substituted,no,DEEP REWRITE,Template body: 100% of its phrasing is shared with 10+ articles; 0% is its own.,None. Queue order in BLOG_REWRITE_QUEUE.csv.,DEEP REWRITE,true,code output screenshot or diagram,"Worked example for ""BigQuery Cost Optimization"": the input, the code's key step, and the resulting output side by side.",analyzed
a6054653-d331-4113-a56e-ec3299744386,bigquery-explained-google-s-serverless-data-warehouse,BigQuery Explained: Google's Serverless Data Warehouse,gcp,bigquery explained,bigquery tutorial; how to use bigquery,gcp,concept and mental model; worked example; common mistakes; when not to use it,BigQuery; GCP,derived from title and intent; no search-volume data,tutorial,"What is BigQuery, and how does it work?",tutorial,educational / tutorial,bigquery explained,concept and mental model; worked example; common mistakes; when not to use it,Needs to understand and use BigQuery,no: 100% of its phrasing is shared template text,"no: 656 words, 0% specific to the topic",100% boilerplate,yes: 0% unique phrasing,yes: biglake-and-external-tables-in-bigquery (1.00),,no: informational title,no: 0% unique phrasing,yes,optional,"yes: runnable, verified code",yes: step-by-step,yes,yes: no external source,yes,verify on rewrite,"yes: 6 unsourced salary, percentage or demand claims",not verified automatically,yes: opening shared with 49 other articles,yes: heading outline shared with 417 other articles,no: none in the body,none,partly: the body is template text with the title substituted,no,DEEP REWRITE,Template body: 100% of its phrasing is shared with 10+ articles; 0% is its own.,None. Queue order in BLOG_REWRITE_QUEUE.csv.,DEEP REWRITE,true,architecture diagram,"Diagram of the components in ""BigQuery Explained"" and how data or requests flow between them.",needs_review
e2275476-1f18-49da-9a73-13fd16f6acfc,bigquery-federated-queries-explained,BigQuery Federated Queries Explained,gcp,bigquery federated queries explained,bigquery federated queries tutorial; how to use bigquery federated queries,gcp,concept and mental model; worked example; common mistakes; when not to use it,BigQuery; GCP,derived from title and intent; no search-volume data,tutorial,"What is BigQuery Federated Queries, and how does it work?",tutorial,educational / tutorial,bigquery federated queries explained,concept and mental model; worked example; common mistakes; when not to use it,Needs to understand and use BigQuery Federated Queries,no: 100% of its phrasing is shared template text,"no: 658 words, 0% specific to the topic",100% boilerplate,yes: 0% unique phrasing,yes: biglake-and-external-tables-in-bigquery (1.00),,no: informational title,no: 0% unique phrasing,yes,optional,"yes: runnable, verified code",yes: step-by-step,yes,yes: no external source,yes,verify on rewrite,"yes: 6 unsourced salary, percentage or demand claims",not verified automatically,yes: opening shared with 49 other articles,yes: heading outline shared with 417 other articles,no: none in the body,none,partly: the body is template text with the title substituted,no,DEEP REWRITE,Template body: 100% of its phrasing is shared with 10+ articles; 0% is its own.,None. Queue order in BLOG_REWRITE_QUEUE.csv.,DEEP REWRITE,true,code output screenshot or diagram,"Worked example for ""BigQuery Federated Queries Explained"": the input, the code's key step, and the resulting output side by side.",analyzed
6ad5314f-9cc3-40cc-9d22-6bb4e14a9e74,bigquery-ml-machine-learning-with-sql,BigQuery ML: Machine Learning with SQL,gcp,bigquery ml,bigquery ml tutorial; bigquery ml explained; how to use bigquery ml,machine learning; sql; gcp,concept and mental model; worked example; common mistakes; when not to use it,Machine Learning; BigQuery; SQL; GCP,derived from title and intent; no search-volume data,tutorial,"How does BigQuery ML work, and how do I apply it in practice?",tutorial,educational / tutorial,bigquery ml,concept and mental model; worked example; common mistakes; when not to use it,Needs to understand and use BigQuery ML,no: 100% of its phrasing is shared template text,"no: 656 words, 0% specific to the topic",100% boilerplate,yes: 0% unique phrasing,yes: biglake-and-external-tables-in-bigquery (1.00),,no: informational title,no: 0% unique phrasing,yes,optional,"yes: runnable, verified code",yes: step-by-step,yes,yes: no external source,yes,verify on rewrite,"yes: 6 unsourced salary, percentage or demand claims",not verified automatically,yes: opening shared with 49 other articles,yes: heading outline shared with 417 other articles,no: none in the body,none,partly: the body is template text with the title substituted,no,DEEP REWRITE,Template body: 100% of its phrasing is shared with 10+ articles; 0% is its own.,None. Queue order in BLOG_REWRITE_QUEUE.csv.,DEEP REWRITE,true,code output screenshot or diagram,"Worked example for ""BigQuery ML"": the input, the code's key step, and the resulting output side by side.",analyzed
efbb8e32-f7f1-49a8-8c13-382124987b3d,bigquery-sql-tips-tricks-and-optimization,"BigQuery SQL: Tips, Tricks and Optimization",gcp,bigquery sql,bigquery sql tutorial; bigquery sql explained; how to use bigquery sql,gcp,concept and mental model; worked example; common mistakes; when not to use it,BigQuery; SQL; GCP,derived from title and intent; no search-volume data,tutorial,"How does BigQuery SQL work, and how do I apply it in practice?",tutorial,educational / tutorial,bigquery sql,concept and mental model; worked example; common mistakes; when not to use it,Needs to understand and use BigQuery SQL,no: 99% of its phrasing is shared template text,"no: 656 words, 1% specific to the topic",99% boilerplate,yes: 1% unique phrasing,yes: biglake-and-external-tables-in-bigquery (0.98),,no: informational title,no: 1% unique phrasing,yes,optional,"yes: runnable, verified code",yes: step-by-step,yes,yes: no external source,yes,verify on rewrite,"yes: 6 unsourced salary, percentage or demand claims",not verified automatically,yes: opening shared with 49 other articles,yes: heading outline shared with 417 other articles,no: none in the body,none,partly: the body is template text with the title substituted,no,DEEP REWRITE,Template body: 99% of its phrasing is shared with 10+ articles; 1% is its own.,None. Queue order in BLOG_REWRITE_QUEUE.csv.,DEEP REWRITE,true,code output screenshot or diagram,"Worked example for ""BigQuery SQL"": the input, the code's key step, and the resulting output side by side.",analyzed
c1b0fd3c-408b-4aed-b3ab-a7b068bbbff0,bigquery-vs-snowflake-vs-redshift-a-comparison,BigQuery vs Snowflake vs Redshift: A Comparison,gcp,bigquery vs snowflake vs redshift,bigquery vs snowflake vs redshift comparison; bigquery vs snowflake vs redshift differences; bigquery vs snowflake vs redshift which is better,gcp,decision criteria; where each wins; migration or learning cost,Snowflake; BigQuery; GCP,derived from title and intent; no search-volume data,comparison,"Should I use bigquery or redshift or snowflake, and in which situations does each one win?",comparison,comparison (commercial investigation),bigquery vs snowflake vs redshift,decision criteria; where each wins; migration or learning cost,"Needs to choose between the options in ""BigQuery vs Snowflake vs Redshift""",no: 99% of its phrasing is shared template text,"no: 474 words, 1% specific to the topic",99% boilerplate,yes: 1% unique phrasing,yes: dataproc-vs-dataflow-which-to-choose (0.99),,no: informational title,no: 1% unique phrasing,yes,has 1; check it is topic-specific,"yes: runnable, verified code",no,yes,yes: no external source,yes,verify on rewrite,"yes: 3 unsourced salary, percentage or demand claims",not verified automatically,yes: opening shared with 49 other articles,no,no: none in the body,none,partly: the body is template text with the title substituted,no,DEEP REWRITE,Template body: 99% of its phrasing is shared with 10+ articles; 1% is its own.,None. Queue order in BLOG_REWRITE_QUEUE.csv.,DEEP REWRITE,true,comparison diagram,"Side-by-side diagram of where each option in ""BigQuery vs Snowflake vs Redshift"" sits in a typical workflow, with the deciding differences labelled.",analyzed
1e779601-80f9-4ff7-a261-522153a8166e,bigquery-window-functions-and-analytic-sql,BigQuery Window Functions and Analytic SQL,gcp,bigquery window functions and analytic sql,bigquery window functions and analytic sql tutorial; bigquery window functions and analytic sql explained; how to use bigquery window functions and analytic sql,gcp,concept and mental model; worked example; common mistakes; when not to use it,BigQuery; SQL; GCP,derived from title and intent; no search-volume data,tutorial,"How does BigQuery Window Functions and Analytic SQL work, and how do I apply it in practice?",tutorial,educational / tutorial,bigquery window functions and analytic sql,concept and mental model; worked example; common mistakes; when not to use it,Needs to understand and use BigQuery Window Functions and Analytic SQL,no: 100% of its phrasing is shared template text,"no: 664 words, 0% specific to the topic",100% boilerplate,yes: 0% unique phrasing,yes: biglake-and-external-tables-in-bigquery (1.00),,no: informational title,no: 0% unique phrasing,yes,optional,"yes: runnable, verified code",yes: step-by-step,yes,yes: no external source,yes,verify on rewrite,"yes: 6 unsourced salary, percentage or demand claims",not verified automatically,yes: opening shared with 49 other articles,yes: heading outline shared with 417 other articles,no: none in the body,none,partly: the body is template text with the title substituted,no,DEEP REWRITE,Template body: 100% of its phrasing is shared with 10+ articles; 0% is its own.,None. Queue order in BLOG_REWRITE_QUEUE.csv.,DEEP REWRITE,true,code output screenshot or diagram,"Worked example for ""BigQuery Window Functions and Analytic SQL"": the input, the code's key step, and the resulting output side by side.",analyzed
e7be8204-552d-4409-8f68-a5748629519e,building-a-data-pipeline-on-gcp-end-to-end,Building a Data Pipeline on GCP End to End,gcp,building a data pipeline on gcp end to end,building a data pipeline on gcp end to end tutorial; building a data pipeline on gcp end to end explained; how to use building a data pipeline on gcp end to end,,concept and mental model; worked example; common mistakes; when not to use it,GCP,derived from title and intent; no search-volume data,tutorial,"How does Building a Data Pipeline on GCP End to End work, and how do I apply it in practice?",tutorial,educational / tutorial,building a data pipeline on gcp end to end,concept and mental model; worked example; common mistakes; when not to use it,Needs to understand and use Building a Data Pipeline on GCP End to End,no: 100% of its phrasing is shared template text,"no: 673 words, 0% specific to the topic",100% boilerplate,yes: 0% unique phrasing,yes: biglake-and-external-tables-in-bigquery (1.00),,no: informational title,no: 0% unique phrasing,yes,optional,"yes: runnable, verified code",yes: step-by-step,yes,yes: no external source,yes,verify on rewrite,"yes: 6 unsourced salary, percentage or demand claims",not verified automatically,yes: opening shared with 49 other articles,yes: heading outline shared with 417 other articles,no: none in the body,none,partly: the body is template text with the title substituted,no,DEEP REWRITE,Template body: 100% of its phrasing is shared with 10+ articles; 0% is its own.,None. Queue order in BLOG_REWRITE_QUEUE.csv.,DEEP REWRITE,true,architecture diagram,"Diagram of the components in ""Building a Data Pipeline on GCP End to End"" and how data or requests flow between them.",analyzed
694bf3b2-1c32-499d-8636-67aaca53a94d,building-a-real-time-dashboard-with-gcp,Building a Real-Time Dashboard with GCP,gcp,building a real-time dashboard with gcp,building a real-time dashboard with gcp tutorial; building a real-time dashboard with gcp explained; how to use building a real-time dashboard with gcp,,concept and mental model; worked example; common mistakes; when not to use it,GCP,derived from title and intent; no search-volume data,tutorial,"How does Building a Real-Time Dashboard with GCP work, and how do I apply it in practice?",tutorial,educational / tutorial,building a real-time dashboard with gcp,concept and mental model; worked example; common mistakes; when not to use it,Needs to understand and use Building a Real-Time Dashboard with GCP,no: 100% of its phrasing is shared template text,"no: 664 words, 0% specific to the topic",100% boilerplate,yes: 0% unique phrasing,yes: biglake-and-external-tables-in-bigquery (1.00),,no: informational title,no: 0% unique phrasing,yes,optional,no,yes: step-by-step,yes,yes: no external source,yes,verify on rewrite,"yes: 6 unsourced salary, percentage or demand claims",not verified automatically,yes: opening shared with 49 other articles,yes: heading outline shared with 417 other articles,no: none in the body,none,partly: the body is template text with the title substituted,no,DEEP REWRITE,Template body: 100% of its phrasing is shared with 10+ articles; 0% is its own.,None. Queue order in BLOG_REWRITE_QUEUE.csv.,DEEP REWRITE,true,concept diagram,"One diagram that explains the central idea of ""Building a Real-Time Dashboard with GCP"" — the parts and how they relate.",analyzed
9afa4cf6-4a16-4cb4-8f88-da9a90a8f924,cloud-composer-airflow-on-gcp-explained,Cloud Composer (Airflow) on GCP Explained,gcp,cloud composer (airflow) on gcp explained,cloud composer (airflow) on gcp tutorial; how to use cloud composer (airflow) on gcp,,concept and mental model; worked example; common mistakes; when not to use it,Airflow; GCP,derived from title and intent; no search-volume data,tutorial,"What is Cloud Composer (Airflow) on GCP, and how does it work?",tutorial,educational / tutorial,cloud composer (airflow) on gcp explained,concept and mental model; worked example; common mistakes; when not to use it,Needs to understand and use Cloud Composer (Airflow) on GCP,no: 100% of its phrasing is shared template text,"no: 664 words, 0% specific to the topic",100% boilerplate,yes: 0% unique phrasing,yes: biglake-and-external-tables-in-bigquery (1.00),,no: informational title,no: 0% unique phrasing,yes,optional,"yes: runnable, verified code",yes: step-by-step,yes,yes: no external source,yes,verify on rewrite,"yes: 6 unsourced salary, percentage or demand claims",not verified automatically,yes: opening shared with 49 other articles,yes: heading outline shared with 417 other articles,no: none in the body,none,partly: the body is template text with the title substituted,no,DEEP REWRITE,Template body: 100% of its phrasing is shared with 10+ articles; 0% is its own.,None. Queue order in BLOG_REWRITE_QUEUE.csv.,DEEP REWRITE,true,architecture diagram,"Diagram of the components in ""Cloud Composer (Airflow) on GCP Explained"" and how data or requests flow between them.",analyzed
3049df3e-995e-4bcd-95b1-df14eb18361f,cloud-functions-on-gcp-serverless-explained,Cloud Functions on GCP: Serverless Explained,gcp,cloud functions on gcp,cloud functions on gcp tutorial; cloud functions on gcp explained; how to use cloud functions on gcp,,concept and mental model; worked example; common mistakes; when not to use it,GCP,derived from title and intent; no search-volume data,tutorial,"What is Cloud Functions on GCP, and how does it work?",tutorial,educational / tutorial,cloud functions on gcp,concept and mental model; worked example; common mistakes; when not to use it,Needs to understand and use Cloud Functions on GCP,no: 100% of its phrasing is shared template text,"no: 660 words, 0% specific to the topic",100% boilerplate,yes: 0% unique phrasing,yes: biglake-and-external-tables-in-bigquery (1.00),,no: informational title,no: 0% unique phrasing,yes,optional,"yes: runnable, verified code",yes: step-by-step,yes,yes: no external source,yes,verify on rewrite,"yes: 6 unsourced salary, percentage or demand claims",not verified automatically,yes: opening shared with 49 other articles,yes: heading outline shared with 417 other articles,no: none in the body,none,partly: the body is template text with the title substituted,no,DEEP REWRITE,Template body: 100% of its phrasing is shared with 10+ articles; 0% is its own.,None. Queue order in BLOG_REWRITE_QUEUE.csv.,DEEP REWRITE,true,code output screenshot or diagram,"Worked example for ""Cloud Functions on GCP"": the input, the code's key step, and the resulting output side by side.",analyzed
0f0a07e1-c8d0-4959-b2cc-113f4cfb2a6c,cloud-run-vs-cloud-functions-vs-app-engine,Cloud Run vs Cloud Functions vs App Engine,gcp,cloud run vs cloud functions vs app engine,cloud run vs cloud functions vs app engine comparison; cloud run vs cloud functions vs app engine differences; cloud run vs cloud functions vs app engine which is better,gcp,decision criteria; where each wins; migration or learning cost,GCP,derived from title and intent; no search-volume data,comparison,"Should I use app engine or cloud functions or cloud run, and in which situations does each one win?",comparison,comparison (commercial investigation),cloud run vs cloud functions vs app engine,decision criteria; where each wins; migration or learning cost,"Needs to choose between the options in ""Cloud Run vs Cloud Functions vs App Engine""",no: 99% of its phrasing is shared template text,"no: 478 words, 1% specific to the topic",99% boilerplate,yes: 1% unique phrasing,yes: dataproc-vs-dataflow-which-to-choose (0.98),,no: informational title,no: 1% unique phrasing,yes,has 1; check it is topic-specific,"yes: runnable, verified code",no,yes,yes: no external source,yes,verify on rewrite,"yes: 3 unsourced salary, percentage or demand claims",not verified automatically,yes: opening shared with 49 other articles,no,no: none in the body,none,partly: the body is template text with the title substituted,no,DEEP REWRITE,Template body: 99% of its phrasing is shared with 10+ articles; 1% is its own.,None. Queue order in BLOG_REWRITE_QUEUE.csv.,DEEP REWRITE,true,comparison diagram,"Side-by-side diagram of where each option in ""Cloud Run vs Cloud Functions vs App Engine"" sits in a typical workflow, with the deciding differences labelled.",analyzed
8ea0df09-f083-4c11-ac50-13937fb46e64,cloud-sql-vs-spanner-vs-bigtable-when-to-use-each,Cloud SQL vs Spanner vs Bigtable: When to Use Each,gcp,cloud sql vs spanner vs bigtable,cloud sql vs spanner vs bigtable comparison; cloud sql vs spanner vs bigtable differences; cloud sql vs spanner vs bigtable which is better,gcp,decision criteria; where each wins; migration or learning cost,SQL; GCP,derived from title and intent; no search-volume data,comparison,"Should I use bigtable or cloud sql or spanner, and in which situations does each one win?",comparison,comparison (commercial investigation),cloud sql vs spanner vs bigtable,decision criteria; where each wins; migration or learning cost,"Needs to choose between the options in ""Cloud SQL vs Spanner vs Bigtable""",no: 99% of its phrasing is shared template text,"no: 478 words, 1% specific to the topic",99% boilerplate,yes: 1% unique phrasing,yes: dataproc-vs-dataflow-which-to-choose (0.99),,no: informational title,no: 1% unique phrasing,yes,has 1; check it is topic-specific,"yes: runnable, verified code",no,yes,yes: no external source,yes,verify on rewrite,"yes: 3 unsourced salary, percentage or demand claims",not verified automatically,yes: opening shared with 49 other articles,no,no: none in the body,none,partly: the body is template text with the title substituted,no,DEEP REWRITE,Template body: 99% of its phrasing is shared with 10+ articles; 1% is its own.,None. Queue order in BLOG_REWRITE_QUEUE.csv.,DEEP REWRITE,true,comparison diagram,"Side-by-side diagram of where each option in ""Cloud SQL vs Spanner vs Bigtable"" sits in a typical workflow, with the deciding differences labelled.",analyzed
fa590765-7e16-4d50-ba0f-3ad20c5ee9e3,cloud-storage-to-bigquery-building-an-ingestion-layer,Cloud Storage to BigQuery: Building an Ingestion Layer,gcp,cloud storage to bigquery,cloud storage to bigquery tutorial; cloud storage to bigquery explained; how to use cloud storage to bigquery,gcp,concept and mental model; worked example; common mistakes; when not to use it,Cloud Storage; BigQuery; GCP,derived from title and intent; no search-volume data,tutorial,"How does Cloud Storage to BigQuery work, and how do I apply it in practice?",tutorial,educational / tutorial,cloud storage to bigquery,concept and mental model; worked example; common mistakes; when not to use it,Needs to understand and use Cloud Storage to BigQuery,no: 100% of its phrasing is shared template text,"no: 662 words, 0% specific to the topic",100% boilerplate,yes: 0% unique phrasing,yes: biglake-and-external-tables-in-bigquery (1.00),,no: informational title,no: 0% unique phrasing,yes,optional,"yes: runnable, verified code",yes: step-by-step,yes,yes: no external source,yes,yes: fast-moving topic or dated title,"yes: 6 unsourced salary, percentage or demand claims",likely: dated or fast-moving; not verified automatically,yes: opening shared with 49 other articles,yes: heading outline shared with 417 other articles,no: none in the body,none,partly: the body is template text with the title substituted,no,DEEP REWRITE,Template body: 100% of its phrasing is shared with 10+ articles; 0% is its own.,None. Queue order in BLOG_REWRITE_QUEUE.csv.,DEEP REWRITE,true,architecture diagram,"Diagram of the components in ""Cloud Storage to BigQuery"" and how data or requests flow between them.",analyzed
01b812e1-7779-48a5-a431-7e592f41a035,cost-controls-and-budgets-on-google-cloud,Cost Controls and Budgets on Google Cloud,gcp,cost controls and budgets on google cloud,cost controls and budgets on google cloud tutorial; cost controls and budgets on google cloud explained; how to use cost controls and budgets on google cloud,gcp,concept and mental model; worked example; common mistakes; when not to use it,Google Cloud; GCP,derived from title and intent; no search-volume data,tutorial,"How does Cost Controls and Budgets on Google Cloud work, and how do I apply it in practice?",tutorial,educational / tutorial,cost controls and budgets on google cloud,concept and mental model; worked example; common mistakes; when not to use it,Needs to understand and use Cost Controls and Budgets on Google Cloud,no: 100% of its phrasing is shared template text,"no: 667 words, 0% specific to the topic",100% boilerplate,yes: 0% unique phrasing,yes: biglake-and-external-tables-in-bigquery (1.00),,no: informational title,no: 0% unique phrasing,yes,optional,no,yes: step-by-step,yes,yes: no external source,yes,verify on rewrite,"yes: 6 unsourced salary, percentage or demand claims",not verified automatically,yes: opening shared with 49 other articles,yes: heading outline shared with 417 other articles,no: none in the body,none,partly: the body is template text with the title substituted,no,DEEP REWRITE,Template body: 100% of its phrasing is shared with 10+ articles; 0% is its own.,None. Queue order in BLOG_REWRITE_QUEUE.csv.,DEEP REWRITE,true,concept diagram,"One diagram that explains the central idea of ""Cost Controls and Budgets on Google Cloud"" — the parts and how they relate.",analyzed
b122788d-3345-47bf-b70b-83911b9c6f27,data-catalog-and-governance-on-gcp,Data Catalog and Governance on GCP,gcp,data catalog and governance on gcp,data catalog and governance on gcp tutorial; data catalog and governance on gcp explained; how to use data catalog and governance on gcp,,concept and mental model; worked example; common mistakes; when not to use it,GCP,derived from title and intent; no search-volume data,tutorial,"How does Data Catalog and Governance on GCP work, and how do I apply it in practice?",tutorial,educational / tutorial,data catalog and governance on gcp,concept and mental model; worked example; common mistakes; when not to use it,Needs to understand and use Data Catalog and Governance on GCP,no: 100% of its phrasing is shared template text,"no: 664 words, 0% specific to the topic",100% boilerplate,yes: 0% unique phrasing,yes: biglake-and-external-tables-in-bigquery (1.00),,no: informational title,no: 0% unique phrasing,yes,optional,no,yes: step-by-step,yes,yes: no external source,yes,verify on rewrite,"yes: 6 unsourced salary, percentage or demand claims",not verified automatically,yes: opening shared with 49 other articles,yes: heading outline shared with 417 other articles,no: none in the body,none,partly: the body is template text with the title substituted,no,DEEP REWRITE,Template body: 100% of its phrasing is shared with 10+ articles; 0% is its own.,None. Queue order in BLOG_REWRITE_QUEUE.csv.,DEEP REWRITE,true,concept diagram,"One diagram that explains the central idea of ""Data Catalog and Governance on GCP"" — the parts and how they relate.",analyzed
dc06e3a2-3301-420f-9904-df486d84e207,dataflow-tutorial-stream-and-batch-processing-on-gcp,Dataflow Tutorial: Stream and Batch Processing on GCP,gcp,dataflow tutorial,dataflow explained; how to use dataflow,gcp,concept and mental model; worked example; common mistakes; when not to use it,Dataflow; GCP,derived from title and intent; no search-volume data,tutorial,"How does Dataflow Tutorial work, and how do I apply it in practice?",tutorial,educational / tutorial,dataflow tutorial,concept and mental model; worked example; common mistakes; when not to use it,Needs to understand and use Dataflow,no: 100% of its phrasing is shared template text,"no: 658 words, 0% specific to the topic",100% boilerplate,yes: 0% unique phrasing,yes: biglake-and-external-tables-in-bigquery (1.00),,no: informational title,no: 0% unique phrasing,yes,optional,no,yes: step-by-step,yes,yes: no external source,yes,verify on rewrite,"yes: 6 unsourced salary, percentage or demand claims",not verified automatically,yes: opening shared with 49 other articles,yes: heading outline shared with 417 other articles,no: none in the body,none,partly: the body is template text with the title substituted,no,DEEP REWRITE,Template body: 100% of its phrasing is shared with 10+ articles; 0% is its own.,None. Queue order in BLOG_REWRITE_QUEUE.csv.,DEEP REWRITE,true,architecture diagram,"Diagram of the components in ""Dataflow Tutorial"" and how data or requests flow between them.",analyzed
4bb43a6d-35d4-4d8d-aae3-91af49594a9e,dataform-vs-dbt-on-gcp-a-comparison,Dataform vs dbt on GCP: A Comparison,gcp,dataform vs dbt on gcp,dataform vs dbt on gcp comparison; dataform vs dbt on gcp differences; dataform vs dbt on gcp which is better,,decision criteria; where each wins; migration or learning cost,dbt; GCP,derived from title and intent; no search-volume data,comparison,"Should I use dataform or dbt gcp, and in which situations does each one win?",comparison,comparison (commercial investigation),dataform vs dbt on gcp,decision criteria; where each wins; migration or learning cost,"Needs to choose between the options in ""Dataform vs dbt on GCP""",no: 99% of its phrasing is shared template text,"no: 474 words, 1% specific to the topic",99% boilerplate,yes: 1% unique phrasing,yes: dataproc-vs-dataflow-which-to-choose (0.99),,no: informational title,no: 1% unique phrasing,yes,has 1; check it is topic-specific,no,no,yes,yes: no external source,yes,verify on rewrite,"yes: 3 unsourced salary, percentage or demand claims",not verified automatically,yes: opening shared with 49 other articles,no,no: none in the body,none,partly: the body is template text with the title substituted,no,DEEP REWRITE,Template body: 99% of its phrasing is shared with 10+ articles; 1% is its own.,None. Queue order in BLOG_REWRITE_QUEUE.csv.,DEEP REWRITE,true,comparison diagram,"Side-by-side diagram of where each option in ""Dataform vs dbt on GCP"" sits in a typical workflow, with the deciding differences labelled.",analyzed
f1ee09f0-dc8e-4a34-a2e3-c455493f7b6d,dataproc-vs-dataflow-which-to-choose,Dataproc vs Dataflow: Which to Choose,gcp,dataproc vs dataflow,dataproc vs dataflow comparison; dataproc vs dataflow differences; dataproc vs dataflow which is better,gcp,decision criteria; where each wins; migration or learning cost,Dataflow; GCP,derived from title and intent; no search-volume data,comparison,"Should I use dataflow or dataproc, and in which situations does each one win?",comparison,comparison (commercial investigation),dataproc vs dataflow,decision criteria; where each wins; migration or learning cost,"Needs to choose between the options in ""Dataproc vs Dataflow""",no: 99% of its phrasing is shared template text,"no: 471 words, 1% specific to the topic",99% boilerplate,yes: 1% unique phrasing,yes: bigquery-vs-snowflake-vs-redshift-a-comparison (0.99),,no: informational title,no: 1% unique phrasing,yes,has 1; check it is topic-specific,no,no,yes,yes: no external source,yes,verify on rewrite,"yes: 3 unsourced salary, percentage or demand claims",not verified automatically,yes: opening shared with 49 other articles,no,no: none in the body,none,partly: the body is template text with the title substituted,no,DEEP REWRITE,Template body: 99% of its phrasing is shared with 10+ articles; 1% is its own.,None. Queue order in BLOG_REWRITE_QUEUE.csv.,DEEP REWRITE,true,comparison diagram,"Side-by-side diagram of where each option in ""Dataproc vs Dataflow"" sits in a typical workflow, with the deciding differences labelled.",analyzed
3284d642-e46e-44fe-bdd3-62a5b35dd4e3,disaster-recovery-and-backups-on-gcp,Disaster Recovery and Backups on GCP,gcp,disaster recovery and backups on gcp,disaster recovery and backups on gcp tutorial; disaster recovery and backups on gcp explained; how to use disaster recovery and backups on gcp,,concept and mental model; worked example; common mistakes; when not to use it,GCP,derived from title and intent; no search-volume data,tutorial,"How does Disaster Recovery and Backups on GCP work, and how do I apply it in practice?",tutorial,educational / tutorial,disaster recovery and backups on gcp,concept and mental model; worked example; common mistakes; when not to use it,Needs to understand and use Disaster Recovery and Backups on GCP,no: 100% of its phrasing is shared template text,"no: 664 words, 0% specific to the topic",100% boilerplate,yes: 0% unique phrasing,yes: biglake-and-external-tables-in-bigquery (1.00),,no: informational title,no: 0% unique phrasing,yes,optional,no,yes: step-by-step,yes,yes: no external source,yes,verify on rewrite,"yes: 6 unsourced salary, percentage or demand claims",not verified automatically,yes: opening shared with 49 other articles,yes: heading outline shared with 417 other articles,no: none in the body,none,partly: the body is template text with the title substituted,no,DEEP REWRITE,Template body: 100% of its phrasing is shared with 10+ articles; 0% is its own.,None. Queue order in BLOG_REWRITE_QUEUE.csv.,DEEP REWRITE,true,concept diagram,"One diagram that explains the central idea of ""Disaster Recovery and Backups on GCP"" — the parts and how they relate.",analyzed
7ed99eca-251c-42d1-af62-27450d315fde,gcp-associate-cloud-engineer-certification-guide,GCP Associate Cloud Engineer Certification Guide,gcp,gcp associate cloud engineer certification guide,gcp associate cloud engineer exam; gcp associate cloud engineer preparation; gcp associate cloud engineer worth it,,exam scope; prerequisites; preparation plan; value,GCP,derived from title and intent; no search-volume data,certification,"Is GCP Associate Cloud Engineer Certification Guide worth it, and how do I prepare for it?",certification,certification,gcp associate cloud engineer certification guide,exam scope; prerequisites; preparation plan; value,"Needs to decide on, and prepare for, GCP Associate Cloud Engineer",no: 67% of its phrasing is shared template text,"no: 516 words, 0% specific to the topic",67% boilerplate,yes: 0% unique phrasing,yes: gcp-certification-path-which-one-to-pick-first (1.00),,no: informational title,no: 0% unique phrasing,yes,yes,no,no,yes,yes: no external source,yes,yes: fast-moving topic or dated title,"yes: 3 unsourced salary, percentage or demand claims",likely: dated or fast-moving; not verified automatically,yes: opening shared with 49 other articles,no,no: none in the body,none,partly: the body is template text with the title substituted,no,DEEP REWRITE,Template body: 67% of its phrasing is shared with 10+ articles; 0% is its own.,None. Queue order in BLOG_REWRITE_QUEUE.csv.,DEEP REWRITE,true,concept diagram,"One diagram that explains the central idea of ""GCP Associate Cloud Engineer Certification Guide"" — the parts and how they relate.",analyzed
6ac8d50b-4494-417a-990a-a1b7d02c7488,gcp-certification-path-which-one-to-pick-first,GCP Certification Path: Which One to Pick First,gcp,gcp certification path,gcp exam; gcp preparation; gcp worth it,,exam scope; prerequisites; preparation plan; value,GCP,derived from title and intent; no search-volume data,certification,"Is GCP Certification Path worth it, and how do I prepare for it?",certification,certification,gcp certification path,exam scope; prerequisites; preparation plan; value,"Needs to decide on, and prepare for, GCP",no: 67% of its phrasing is shared template text,"no: 515 words, 0% specific to the topic",67% boilerplate,yes: 0% unique phrasing,yes: gcp-associate-cloud-engineer-certification-guide (1.00),,no: informational title,no: 0% unique phrasing,yes,yes,no,no,yes,yes: no external source,yes,yes: fast-moving topic or dated title,"yes: 3 unsourced salary, percentage or demand claims",likely: dated or fast-moving; not verified automatically,yes: opening shared with 49 other articles,no,no: none in the body,none,partly: the body is template text with the title substituted,no,DEEP REWRITE,Template body: 67% of its phrasing is shared with 10+ articles; 0% is its own.,None. Queue order in BLOG_REWRITE_QUEUE.csv.,DEEP REWRITE,true,concept diagram,"One diagram that explains the central idea of ""GCP Certification Path"" — the parts and how they relate.",analyzed
66f37063-d9bd-4621-a57d-8e0f451b6dd1,gcp-data-engineer-salary-in-india-2026,GCP Data Engineer Salary in India 2026,gcp,gcp data engineer salary in india,gcp data engineer salary; gcp data engineer salary for freshers; gcp data engineer pay by experience,,sourced pay data; what moves pay; role differences,GCP,derived from title and intent; no search-volume data,salary,"What does GCP Data Engineer work pay, and what moves the number?",salary,salary,gcp data engineer salary in india,sourced pay data; what moves pay; role differences,"Needs realistic, sourced pay expectations for GCP Data Engineer",no: 91% of its phrasing is shared template text,"no: 535 words, 1% specific to the topic",91% boilerplate,yes: 1% unique phrasing,no: nearest aws-data-engineer-salary-in-india-2026 (0.70),data-engineer-salary-in-hyderabad-2026,no: informational title,no: 1% unique phrasing,yes,optional,no,no,no,yes: no external source,yes,yes: fast-moving topic or dated title,"yes: 11 unsourced salary, percentage or demand claims",likely: dated or fast-moving; not verified automatically,yes: opening shared with 49 other articles,yes: heading outline shared with 10 other articles,no: none in the body,none,partly: the body is template text with the title substituted,no,MANUAL REVIEW,"Salary figures with no cited source. A rewrite needs a dated, citable salary dataset; without one the figures must go.","Source a salary dataset, or rewrite without figures.",MANUAL REVIEW,false,none,No image. A chart is only appropriate once the figures are sourced; then chart the cited data with the source in the caption.,needs_review
55d42132-ad82-48e3-856b-da34261caeb5,gcp-data-engineering-projects-for-your-portfolio,GCP Data Engineering Projects for Your Portfolio,gcp,gcp data engineering projects for your portfolio,gcp data engineering for your portfolio project ideas; gcp data engineering for your portfolio projects for beginners; gcp data engineering for your portfolio portfolio,,project list by skill; datasets; deliverables; how to present,GCP,derived from title and intent; no search-volume data,project,"Which GCP Data Engineering for Your Portfolio projects show employers real skill, and how do I build them?",project,project,gcp data engineering projects for your portfolio,project list by skill; datasets; deliverables; how to present,Needs portfolio projects that prove GCP Data Engineering for Your Portfolio skill,no: 99% of its phrasing is shared template text,"no: 558 words, 1% specific to the topic",99% boilerplate,yes: 1% unique phrasing,no: nearest aws-data-engineering-projects-for-your-portfolio (0.72),,no: informational title,no: 1% unique phrasing,yes,yes,no,yes: step-by-step,yes,yes: no external source,yes,verify on rewrite,"yes: 3 unsourced salary, percentage or demand claims",not verified automatically,yes: opening shared with 49 other articles,yes: heading outline shared with 16 other articles,no: none in the body,none,partly: the body is template text with the title substituted,no,DEEP REWRITE,Template body: 99% of its phrasing is shared with 10+ articles; 1% is its own.,None. Queue order in BLOG_REWRITE_QUEUE.csv.,DEEP REWRITE,true,architecture diagram,"Architecture sketch of one project from ""GCP Data Engineering Projects for Your Portfolio"": data source, processing steps, output.",analyzed
08ad6f98-ce88-4ec4-8ead-f111d7eef56d,gcp-free-tier-what-you-can-build-without-paying,GCP Free Tier: What You Can Build Without Paying,gcp,gcp free tier,gcp free tier tutorial; gcp free tier explained; how to use gcp free tier,,concept and mental model; worked example; common mistakes; when not to use it,GCP,derived from title and intent; no search-volume data,tutorial,"How does GCP Free Tier work, and how do I apply it in practice?",tutorial,educational / tutorial,gcp free tier,concept and mental model; worked example; common mistakes; when not to use it,Needs to understand and use GCP Free Tier,no: 100% of its phrasing is shared template text,"no: 661 words, 0% specific to the topic",100% boilerplate,yes: 0% unique phrasing,yes: biglake-and-external-tables-in-bigquery (1.00),,no: informational title,no: 0% unique phrasing,yes,optional,no,yes: step-by-step,yes,yes: no external source,yes,yes: fast-moving topic or dated title,"yes: 6 unsourced salary, percentage or demand claims",likely: dated or fast-moving; not verified automatically,yes: opening shared with 49 other articles,yes: heading outline shared with 417 other articles,no: none in the body,none,partly: the body is template text with the title substituted,no,DEEP REWRITE,Template body: 100% of its phrasing is shared with 10+ articles; 0% is its own.,None. Queue order in BLOG_REWRITE_QUEUE.csv.,DEEP REWRITE,true,concept diagram,"One diagram that explains the central idea of ""GCP Free Tier"" — the parts and how they relate.",analyzed
4fa3d6e5-8914-4ff9-822f-86f44c007e4e,gcp-iam-explained-roles-policies-and-security,"GCP IAM Explained: Roles, Policies and Security",gcp,gcp iam explained,gcp iam tutorial; how to use gcp iam,,concept and mental model; worked example; common mistakes; when not to use it,GCP,derived from title and intent; no search-volume data,tutorial,"What is GCP IAM, and how does it work?",tutorial,educational / tutorial,gcp iam explained,concept and mental model; worked example; common mistakes; when not to use it,Needs to understand and use GCP IAM,no: 100% of its phrasing is shared template text,"no: 659 words, 0% specific to the topic",100% boilerplate,yes: 0% unique phrasing,yes: biglake-and-external-tables-in-bigquery (1.00),,no: informational title,no: 0% unique phrasing,yes,optional,no,yes: step-by-step,yes,yes: no external source,yes,verify on rewrite,"yes: 6 unsourced salary, percentage or demand claims",not verified automatically,yes: opening shared with 49 other articles,yes: heading outline shared with 417 other articles,no: none in the body,none,partly: the body is template text with the title substituted,no,DEEP REWRITE,Template body: 100% of its phrasing is shared with 10+ articles; 0% is its own.,None. Queue order in BLOG_REWRITE_QUEUE.csv.,DEEP REWRITE,true,concept diagram,"One diagram that explains the central idea of ""GCP IAM Explained"" — the parts and how they relate.",analyzed
cde58267-9256-4b50-9358-4c8ed46ba0ee,gcp-interview-questions-for-data-engineers-2,GCP Interview Questions for Data Engineers,gcp,gcp interview questions for data engineers,gcp for data engineers interview questions and answers; gcp for data engineers interview questions for freshers; gcp for data engineers scenario based questions,,core concepts; scenario questions; follow-up questions; common wrong answers,GCP,derived from title and intent; no search-volume data,interview,"What does an interviewer ask about GCP for Data Engineers, and what does a strong answer contain?",interview,interview preparation,gcp interview questions for data engineers,core concepts; scenario questions; follow-up questions; common wrong answers,Needs to prepare for interview questions on GCP for Data Engineers,no: 95% of its phrasing is shared template text,"no: 529 words, 3% specific to the topic",95% boilerplate,yes: 3% unique phrasing,no: nearest aws-interview-questions-for-data-engineers-2 (0.78),,no: informational title,no: 3% unique phrasing,yes,yes,no,no,no,yes: no external source,yes,verify on rewrite,"yes: 3 unsourced salary, percentage or demand claims",not verified automatically,yes: opening shared with 49 other articles,no,no: none in the body,none,partly: the body is template text with the title substituted,no,REDIRECT,Identical title and excerpt; duplicate of the interview-questions copy.,Done in Phase 1 (301).,REDIRECT,false,none,No image needed; the value is in the questions and answers. Optional: one diagram for the hardest concept explained.,redirected
ce7e7cc6-95d8-4497-b5b6-a43e6d5ee608,gcp-logging-and-monitoring-with-cloud-operations,GCP Logging and Monitoring with Cloud Operations,gcp,gcp logging and monitoring with cloud operations,gcp logging and monitoring with cloud operations tutorial; gcp logging and monitoring with cloud operations explained; how to use gcp logging and monitoring with cloud operations,,concept and mental model; worked example; common mistakes; when not to use it,GCP,derived from title and intent; no search-volume data,tutorial,"How does GCP Logging and Monitoring with Cloud Operations work, and how do I apply it in practice?",tutorial,educational / tutorial,gcp logging and monitoring with cloud operations,concept and mental model; worked example; common mistakes; when not to use it,Needs to understand and use GCP Logging and Monitoring with Cloud Operations,no: 100% of its phrasing is shared template text,"no: 667 words, 0% specific to the topic",100% boilerplate,yes: 0% unique phrasing,yes: biglake-and-external-tables-in-bigquery (1.00),,no: informational title,no: 0% unique phrasing,yes,optional,no,yes: step-by-step,yes,yes: no external source,yes,verify on rewrite,"yes: 6 unsourced salary, percentage or demand claims",not verified automatically,yes: opening shared with 49 other articles,yes: heading outline shared with 417 other articles,no: none in the body,none,partly: the body is template text with the title substituted,no,DEEP REWRITE,Template body: 100% of its phrasing is shared with 10+ articles; 0% is its own.,None. Queue order in BLOG_REWRITE_QUEUE.csv.,DEEP REWRITE,true,concept diagram,"One diagram that explains the central idea of ""GCP Logging and Monitoring with Cloud Operations"" — the parts and how they relate.",analyzed
ded66709-c53d-44d6-ad67-c02809fec6df,gcp-networking-basics-for-data-engineers,GCP Networking Basics for Data Engineers,gcp,gcp networking basics for data engineers,gcp networking basics for data engineers tutorial; gcp networking basics for data engineers explained; how to use gcp networking basics for data engineers,,concept and mental model; worked example; common mistakes; when not to use it,GCP,derived from title and intent; no search-volume data,tutorial,"What is GCP Networking, and how does it work?",tutorial,educational / tutorial,gcp networking basics for data engineers,concept and mental model; worked example; common mistakes; when not to use it,Needs to understand and use GCP Networking Basics for Data Engineers,no: 100% of its phrasing is shared template text,"no: 664 words, 0% specific to the topic",100% boilerplate,yes: 0% unique phrasing,yes: biglake-and-external-tables-in-bigquery (1.00),,no: informational title,no: 0% unique phrasing,yes,optional,no,yes: step-by-step,yes,yes: no external source,yes,verify on rewrite,"yes: 6 unsourced salary, percentage or demand claims",not verified automatically,yes: opening shared with 49 other articles,yes: heading outline shared with 417 other articles,no: none in the body,none,partly: the body is template text with the title substituted,no,DEEP REWRITE,Template body: 100% of its phrasing is shared with 10+ articles; 0% is its own.,None. Queue order in BLOG_REWRITE_QUEUE.csv.,DEEP REWRITE,true,concept diagram,"One diagram that explains the central idea of ""GCP Networking Basics for Data Engineers"" — the parts and how they relate.",analyzed
68fa2bc2-5386-48fa-905f-9e948c10736c,gcp-professional-data-engineer-certification-guide,GCP Professional Data Engineer Certification Guide,gcp,gcp professional data engineer certification guide,gcp professional data engineer exam; gcp professional data engineer preparation; gcp professional data engineer worth it,,exam scope; prerequisites; preparation plan; value,GCP,derived from title and intent; no search-volume data,certification,"Is GCP Professional Data Engineer Certification Guide worth it, and how do I prepare for it?",certification,certification,gcp professional data engineer certification guide,exam scope; prerequisites; preparation plan; value,"Needs to decide on, and prepare for, GCP Professional Data Engineer",no: 67% of its phrasing is shared template text,"no: 516 words, 0% specific to the topic",67% boilerplate,yes: 0% unique phrasing,yes: gcp-associate-cloud-engineer-certification-guide (1.00),,no: informational title,no: 0% unique phrasing,yes,yes,no,no,yes,yes: no external source,yes,yes: fast-moving topic or dated title,"yes: 3 unsourced salary, percentage or demand claims",likely: dated or fast-moving; not verified automatically,yes: opening shared with 49 other articles,no,no: none in the body,none,partly: the body is template text with the title substituted,no,DEEP REWRITE,Template body: 67% of its phrasing is shared with 10+ articles; 0% is its own.,None. Queue order in BLOG_REWRITE_QUEUE.csv.,DEEP REWRITE,true,concept diagram,"One diagram that explains the central idea of ""GCP Professional Data Engineer Certification Guide"" — the parts and how they relate.",analyzed
2c35233c-ec5a-4439-891d-afb62ace4b4e,gcp-roadmap-2026-for-data-engineers,GCP Roadmap 2026 for Data Engineers,gcp,gcp roadmap for data engineers,gcp for data engineers learning path; how to become gcp for data engineers; gcp for data engineers skills,,prerequisites; stages and order; projects; what to skip; pacing,GCP,derived from title and intent; no search-volume data,career,"What should I learn, and in what order, to become job-ready in GCP for Data Engineers?",career,career / roadmap,gcp roadmap for data engineers,prerequisites; stages and order; projects; what to skip; pacing,Needs a learning or career path for GCP for Data Engineers,no: 97% of its phrasing is shared template text,"no: 665 words, 2% specific to the topic",97% boilerplate,yes: 2% unique phrasing,no: nearest aws-roadmap-2026-for-data-engineers (0.66),,no: informational title,no: 2% unique phrasing,yes,has 1; check it is topic-specific,no,no,yes,yes: no external source,yes,yes: fast-moving topic or dated title,"yes: 6 unsourced salary, percentage or demand claims",likely: dated or fast-moving; not verified automatically,yes: opening shared with 49 other articles,yes: heading outline shared with 18 other articles,no: none in the body,none,partly: the body is template text with the title substituted,no,DEEP REWRITE,Template body: 97% of its phrasing is shared with 10+ articles; 2% is its own.,None. Queue order in BLOG_REWRITE_QUEUE.csv.,DEEP REWRITE,true,roadmap diagram,"Stage-by-stage diagram of the GCP Roadmap 2026 for Data Engineers learning path: each stage, the skills in it, and the proof (project) that closes it.",analyzed
c0518696-92c7-4659-af66-522bb15ca6ba,gcp-vs-aws-vs-azure-for-data-engineering,GCP vs AWS vs Azure for Data Engineering,gcp,gcp vs aws vs azure for data engineering,gcp vs aws vs azure for data engineering comparison; gcp vs aws vs azure for data engineering differences; gcp vs aws vs azure for data engineering which is better,,decision criteria; where each wins; migration or learning cost,Azure; AWS; GCP,derived from title and intent; no search-volume data,comparison,"Should I use aws or azure or gcp, and in which situations does each one win?",comparison,comparison (commercial investigation),gcp vs aws vs azure for data engineering,decision criteria; where each wins; migration or learning cost,"Needs to choose between the options in ""GCP vs AWS vs Azure for Data Engineering""",no: 98% of its phrasing is shared template text,"no: 478 words, 2% specific to the topic",98% boilerplate,yes: 2% unique phrasing,yes: dataproc-vs-dataflow-which-to-choose (0.97),,no: informational title,no: 2% unique phrasing,yes,has 1; check it is topic-specific,no,no,yes,yes: no external source,yes,verify on rewrite,"yes: 3 unsourced salary, percentage or demand claims",not verified automatically,yes: opening shared with 49 other articles,no,no: none in the body,none,partly: the body is template text with the title substituted,no,DEEP REWRITE,Template body: 98% of its phrasing is shared with 10+ articles; 2% is its own.,None. Queue order in BLOG_REWRITE_QUEUE.csv.,DEEP REWRITE,true,comparison diagram,"Side-by-side diagram of where each option in ""GCP vs AWS vs Azure for Data Engineering"" sits in a typical workflow, with the deciding differences labelled.",analyzed
b41fe965-a012-465a-a4b0-69a948297d05,google-cloud-storage-buckets-classes-and-best-practices,"Google Cloud Storage: Buckets, Classes and Best Practices",gcp,google cloud storage,google cloud storage tutorial; google cloud storage explained; how to use google cloud storage,gcp,concept and mental model; worked example; common mistakes; when not to use it,Cloud Storage; Google Cloud; GCP,derived from title and intent; no search-volume data,tutorial,"What are the best practices for Google Cloud Storage, and why?",tutorial,educational / tutorial,google cloud storage,concept and mental model; worked example; common mistakes; when not to use it,Needs to understand and use Google Cloud Storage,no: 100% of its phrasing is shared template text,"no: 660 words, 0% specific to the topic",100% boilerplate,yes: 0% unique phrasing,yes: biglake-and-external-tables-in-bigquery (1.00),,no: informational title,no: 0% unique phrasing,yes,optional,"yes: runnable, verified code",yes: step-by-step,yes,yes: no external source,yes,yes: fast-moving topic or dated title,"yes: 6 unsourced salary, percentage or demand claims",likely: dated or fast-moving; not verified automatically,yes: opening shared with 49 other articles,yes: heading outline shared with 417 other articles,no: none in the body,none,partly: the body is template text with the title substituted,no,DEEP REWRITE,Template body: 100% of its phrasing is shared with 10+ articles; 0% is its own.,None. Queue order in BLOG_REWRITE_QUEUE.csv.,DEEP REWRITE,true,architecture diagram,"Diagram of the components in ""Google Cloud Storage"" and how data or requests flow between them.",analyzed
5ce052bf-f4eb-4d92-81d9-8678b23fb228,how-to-start-a-career-in-google-cloud-in-2026,How to Start a Career in Google Cloud in 2026,gcp,how to start a career in google cloud in,how to start a career in google cloud learning path; how to become how to start a career in google cloud; how to start a career in google cloud skills,gcp,prerequisites; stages and order; projects; what to skip; pacing,Google Cloud; GCP,derived from title and intent; no search-volume data,career,"What should I learn, and in what order, to become job-ready in How to Start a Career in Google Cloud?",career,career / roadmap,how to start a career in google cloud in,prerequisites; stages and order; projects; what to skip; pacing,Needs a learning or career path for How to Start a Career in Google Cloud,no: 100% of its phrasing is shared template text,"no: 676 words, 0% specific to the topic",100% boilerplate,yes: 0% unique phrasing,yes: biglake-and-external-tables-in-bigquery (1.00),gcp-roadmap-2026-for-data-engineers,no: informational title,no: 0% unique phrasing,yes,has 1; check it is topic-specific,no,no,yes,yes: no external source,yes,yes: fast-moving topic or dated title,"yes: 6 unsourced salary, percentage or demand claims",likely: dated or fast-moving; not verified automatically,yes: opening shared with 49 other articles,yes: heading outline shared with 417 other articles,no: none in the body,none,partly: the body is template text with the title substituted,no,MERGE,"Same intent as gcp-roadmap-2026-for-data-engineers (phase5-topical): ""Start a career in Google Cloud"" repeats the roadmap. ""Streaming data into BigQuery"" overlaps ""loading data into BigQuery: batch and streaming""; keep one owner for BigQuery ingestion.",Search Console: merge only if this article earns no distinct queries; otherwise rewrite it to the distinct angle in the note.,DEEP REWRITE,true,roadmap diagram,"Stage-by-stage diagram of the How to Start a Career in Google Cloud in 2026 learning path: each stage, the skills in it, and the proof (project) that closes it.",merge_candidate
de23e560-4458-43a9-bc0e-288abb32dd59,loading-data-into-bigquery-batch-and-streaming,Loading Data into BigQuery: Batch and Streaming,gcp,loading data into bigquery,loading data into bigquery tutorial; loading data into bigquery explained; how to use loading data into bigquery,gcp,concept and mental model; worked example; common mistakes; when not to use it,BigQuery; GCP,derived from title and intent; no search-volume data,tutorial,"How does Loading Data into BigQuery work, and how do I apply it in practice?",tutorial,educational / tutorial,loading data into bigquery,concept and mental model; worked example; common mistakes; when not to use it,Needs to understand and use Loading Data into BigQuery,no: 100% of its phrasing is shared template text,"no: 661 words, 0% specific to the topic",100% boilerplate,yes: 0% unique phrasing,yes: biglake-and-external-tables-in-bigquery (1.00),,no: informational title,no: 0% unique phrasing,yes,optional,"yes: runnable, verified code",yes: step-by-step,yes,yes: no external source,yes,verify on rewrite,"yes: 6 unsourced salary, percentage or demand claims",not verified automatically,yes: opening shared with 49 other articles,yes: heading outline shared with 417 other articles,no: none in the body,none,partly: the body is template text with the title substituted,no,DEEP REWRITE,Template body: 100% of its phrasing is shared with 10+ articles; 0% is its own.,None. Queue order in BLOG_REWRITE_QUEUE.csv.,DEEP REWRITE,true,architecture diagram,"Diagram of the components in ""Loading Data into BigQuery"" and how data or requests flow between them.",analyzed
c9fcf5cd-00cd-45fa-adcb-24226dcf60e6,looker-and-looker-studio-on-gcp-explained,Looker and Looker Studio on GCP Explained,gcp,looker and looker studio on gcp explained,looker and looker studio on gcp tutorial; how to use looker and looker studio on gcp,,concept and mental model; worked example; common mistakes; when not to use it,Looker Studio; GCP,derived from title and intent; no search-volume data,tutorial,"What is Looker and Looker Studio on GCP, and how does it work?",tutorial,educational / tutorial,looker and looker studio on gcp explained,concept and mental model; worked example; common mistakes; when not to use it,Needs to understand and use Looker and Looker Studio on GCP,no: 100% of its phrasing is shared template text,"no: 667 words, 0% specific to the topic",100% boilerplate,yes: 0% unique phrasing,yes: biglake-and-external-tables-in-bigquery (1.00),,no: informational title,no: 0% unique phrasing,yes,optional,no,yes: step-by-step,yes,yes: no external source,yes,verify on rewrite,"yes: 6 unsourced salary, percentage or demand claims",not verified automatically,yes: opening shared with 49 other articles,yes: heading outline shared with 417 other articles,no: none in the body,none,partly: the body is template text with the title substituted,no,DEEP REWRITE,Template body: 100% of its phrasing is shared with 10+ articles; 0% is its own.,None. Queue order in BLOG_REWRITE_QUEUE.csv.,DEEP REWRITE,true,annotated screenshot,"Annotated screenshot of the feature in ""Looker and Looker Studio on GCP Explained"" in the product UI, taken from a demo file (no client data).",analyzed
6ae57b23-9d32-4288-8cfe-c0e2acf40913,materialized-views-in-bigquery-explained,Materialized Views in BigQuery Explained,gcp,materialized views in bigquery explained,materialized views in bigquery tutorial; how to use materialized views in bigquery,gcp,concept and mental model; worked example; common mistakes; when not to use it,BigQuery; GCP,derived from title and intent; no search-volume data,tutorial,"What is Materialized Views in BigQuery, and how does it work?",tutorial,educational / tutorial,materialized views in bigquery explained,concept and mental model; worked example; common mistakes; when not to use it,Needs to understand and use Materialized Views in BigQuery,no: 100% of its phrasing is shared template text,"no: 661 words, 0% specific to the topic",100% boilerplate,yes: 0% unique phrasing,yes: biglake-and-external-tables-in-bigquery (1.00),,no: informational title,no: 0% unique phrasing,yes,optional,"yes: runnable, verified code",yes: step-by-step,yes,yes: no external source,yes,verify on rewrite,"yes: 6 unsourced salary, percentage or demand claims",not verified automatically,yes: opening shared with 49 other articles,yes: heading outline shared with 417 other articles,no: none in the body,none,partly: the body is template text with the title substituted,no,DEEP REWRITE,Template body: 100% of its phrasing is shared with 10+ articles; 0% is its own.,None. Queue order in BLOG_REWRITE_QUEUE.csv.,DEEP REWRITE,true,code output screenshot or diagram,"Worked example for ""Materialized Views in BigQuery Explained"": the input, the code's key step, and the resulting output side by side.",analyzed
55417d3d-ac66-4e82-ae63-27a0ec60db49,migrating-to-bigquery-a-practical-playbook,Migrating to BigQuery: A Practical Playbook,gcp,migrating to bigquery,migrating to bigquery tutorial; migrating to bigquery explained; how to use migrating to bigquery,gcp,concept and mental model; worked example; common mistakes; when not to use it,BigQuery; GCP,derived from title and intent; no search-volume data,tutorial,"How does Migrating to BigQuery work, and how do I apply it in practice?",tutorial,educational / tutorial,migrating to bigquery,concept and mental model; worked example; common mistakes; when not to use it,Needs to understand and use Migrating to BigQuery,no: 100% of its phrasing is shared template text,"no: 658 words, 0% specific to the topic",100% boilerplate,yes: 0% unique phrasing,yes: biglake-and-external-tables-in-bigquery (1.00),,no: informational title,no: 0% unique phrasing,yes,optional,"yes: runnable, verified code",yes: step-by-step,yes,yes: no external source,yes,verify on rewrite,"yes: 6 unsourced salary, percentage or demand claims",not verified automatically,yes: opening shared with 49 other articles,yes: heading outline shared with 417 other articles,no: none in the body,none,partly: the body is template text with the title substituted,no,DEEP REWRITE,Template body: 100% of its phrasing is shared with 10+ articles; 0% is its own.,None. Queue order in BLOG_REWRITE_QUEUE.csv.,DEEP REWRITE,true,code output screenshot or diagram,"Worked example for ""Migrating to BigQuery"": the input, the code's key step, and the resulting output side by side.",analyzed
ea91d7e1-2fba-4cef-9417-d5fa4404775b,nested-and-repeated-fields-in-bigquery,Nested and Repeated Fields in BigQuery,gcp,nested and repeated fields in bigquery,nested and repeated fields in bigquery tutorial; nested and repeated fields in bigquery explained; how to use nested and repeated fields in bigquery,gcp,concept and mental model; worked example; common mistakes; when not to use it,BigQuery; GCP,derived from title and intent; no search-volume data,tutorial,"How does Nested and Repeated Fields in BigQuery work, and how do I apply it in practice?",tutorial,educational / tutorial,nested and repeated fields in bigquery,concept and mental model; worked example; common mistakes; when not to use it,Needs to understand and use Nested and Repeated Fields in BigQuery,no: 100% of its phrasing is shared template text,"no: 664 words, 0% specific to the topic",100% boilerplate,yes: 0% unique phrasing,yes: biglake-and-external-tables-in-bigquery (1.00),,no: informational title,no: 0% unique phrasing,yes,optional,"yes: runnable, verified code",yes: step-by-step,yes,yes: no external source,yes,verify on rewrite,"yes: 6 unsourced salary, percentage or demand claims",not verified automatically,yes: opening shared with 49 other articles,yes: heading outline shared with 417 other articles,no: none in the body,none,partly: the body is template text with the title substituted,no,DEEP REWRITE,Template body: 100% of its phrasing is shared with 10+ articles; 0% is its own.,None. Queue order in BLOG_REWRITE_QUEUE.csv.,DEEP REWRITE,true,code output screenshot or diagram,"Worked example for ""Nested and Repeated Fields in BigQuery"": the input, the code's key step, and the resulting output side by side.",analyzed
0b8f15c1-2e69-4233-a3db-8beca4501f1d,partitioning-and-clustering-in-bigquery,Partitioning and Clustering in BigQuery,gcp,partitioning and clustering in bigquery,partitioning and clustering in bigquery tutorial; partitioning and clustering in bigquery explained; how to use partitioning and clustering in bigquery,gcp,concept and mental model; worked example; common mistakes; when not to use it,BigQuery; GCP,derived from title and intent; no search-volume data,tutorial,"How does Partitioning and Clustering in BigQuery work, and how do I apply it in practice?",tutorial,educational / tutorial,partitioning and clustering in bigquery,concept and mental model; worked example; common mistakes; when not to use it,Needs to understand and use Partitioning and Clustering in BigQuery,no: 100% of its phrasing is shared template text,"no: 661 words, 0% specific to the topic",100% boilerplate,yes: 0% unique phrasing,yes: biglake-and-external-tables-in-bigquery (1.00),,no: informational title,no: 0% unique phrasing,yes,optional,"yes: runnable, verified code",yes: step-by-step,yes,yes: no external source,yes,verify on rewrite,"yes: 6 unsourced salary, percentage or demand claims",not verified automatically,yes: opening shared with 49 other articles,yes: heading outline shared with 417 other articles,no: none in the body,none,partly: the body is template text with the title substituted,no,DEEP REWRITE,Template body: 100% of its phrasing is shared with 10+ articles; 0% is its own.,None. Queue order in BLOG_REWRITE_QUEUE.csv.,DEEP REWRITE,true,code output screenshot or diagram,"Worked example for ""Partitioning and Clustering in BigQuery"": the input, the code's key step, and the resulting output side by side.",analyzed
656f84c8-c9ec-485b-85ee-161954054eeb,pub-sub-explained-messaging-and-streaming-on-gcp,Pub/Sub Explained: Messaging and Streaming on GCP,gcp,pub/sub explained,pub/sub tutorial; how to use pub/sub,gcp,concept and mental model; worked example; common mistakes; when not to use it,Pub/Sub; GCP,derived from title and intent; no search-volume data,tutorial,"What is Pub/Sub, and how does it work?",tutorial,educational / tutorial,pub/sub explained,concept and mental model; worked example; common mistakes; when not to use it,Needs to understand and use Pub/Sub,no: 100% of its phrasing is shared template text,"no: 660 words, 0% specific to the topic",100% boilerplate,yes: 0% unique phrasing,yes: biglake-and-external-tables-in-bigquery (1.00),,no: informational title,no: 0% unique phrasing,yes,optional,no,yes: step-by-step,yes,yes: no external source,yes,verify on rewrite,"yes: 6 unsourced salary, percentage or demand claims",not verified automatically,yes: opening shared with 49 other articles,yes: heading outline shared with 417 other articles,no: none in the body,none,partly: the body is template text with the title substituted,no,DEEP REWRITE,Template body: 100% of its phrasing is shared with 10+ articles; 0% is its own.,None. Queue order in BLOG_REWRITE_QUEUE.csv.,DEEP REWRITE,true,architecture diagram,"Diagram of the components in ""Pub/Sub Explained"" and how data or requests flow between them.",analyzed
d93f55a5-2d8c-4ad5-8b34-35ce4ab996b5,pub-sub-to-dataflow-to-bigquery-a-streaming-pattern,Pub/Sub to Dataflow to BigQuery: A Streaming Pattern,gcp,pub/sub to dataflow to bigquery,pub/sub to dataflow to bigquery tutorial; pub/sub to dataflow to bigquery explained; how to use pub/sub to dataflow to bigquery,gcp,concept and mental model; worked example; common mistakes; when not to use it,BigQuery; Dataflow; Pub/Sub; GCP,derived from title and intent; no search-volume data,tutorial,"How does Pub/Sub to Dataflow to BigQuery work, and how do I apply it in practice?",tutorial,educational / tutorial,pub/sub to dataflow to bigquery,concept and mental model; worked example; common mistakes; when not to use it,Needs to understand and use Pub/Sub to Dataflow to BigQuery,no: 100% of its phrasing is shared template text,"no: 667 words, 0% specific to the topic",100% boilerplate,yes: 0% unique phrasing,yes: biglake-and-external-tables-in-bigquery (1.00),,no: informational title,no: 0% unique phrasing,yes,optional,"yes: runnable, verified code",yes: step-by-step,yes,yes: no external source,yes,verify on rewrite,"yes: 6 unsourced salary, percentage or demand claims",not verified automatically,yes: opening shared with 49 other articles,yes: heading outline shared with 417 other articles,no: none in the body,none,partly: the body is template text with the title substituted,no,DEEP REWRITE,Template body: 100% of its phrasing is shared with 10+ articles; 0% is its own.,None. Queue order in BLOG_REWRITE_QUEUE.csv.,DEEP REWRITE,true,architecture diagram,"Diagram of the components in ""Pub/Sub to Dataflow to BigQuery"" and how data or requests flow between them.",analyzed
028b04ac-ee63-4d81-a2bd-5d2bf41f191e,scheduling-queries-in-bigquery,Scheduling Queries in BigQuery,gcp,scheduling queries in bigquery,scheduling queries in bigquery tutorial; scheduling queries in bigquery explained; how to use scheduling queries in bigquery,gcp,concept and mental model; worked example; common mistakes; when not to use it,BigQuery; GCP,derived from title and intent; no search-volume data,tutorial,"How does Scheduling Queries in BigQuery work, and how do I apply it in practice?",tutorial,educational / tutorial,scheduling queries in bigquery,concept and mental model; worked example; common mistakes; when not to use it,Needs to understand and use Scheduling Queries in BigQuery,no: 100% of its phrasing is shared template text,"no: 658 words, 0% specific to the topic",100% boilerplate,yes: 0% unique phrasing,yes: biglake-and-external-tables-in-bigquery (1.00),,no: informational title,no: 0% unique phrasing,yes,optional,"yes: runnable, verified code",yes: step-by-step,yes,yes: no external source,yes,verify on rewrite,"yes: 6 unsourced salary, percentage or demand claims",not verified automatically,yes: opening shared with 49 other articles,yes: heading outline shared with 417 other articles,no: none in the body,none,partly: the body is template text with the title substituted,no,DEEP REWRITE,Template body: 100% of its phrasing is shared with 10+ articles; 0% is its own.,None. Queue order in BLOG_REWRITE_QUEUE.csv.,DEEP REWRITE,true,code output screenshot or diagram,"Worked example for ""Scheduling Queries in BigQuery"": the input, the code's key step, and the resulting output side by side.",analyzed
348f8714-c6f2-457b-8924-098d9764f126,securing-data-on-gcp-encryption-and-dlp,Securing Data on GCP: Encryption and DLP,gcp,securing data on gcp,securing data on gcp tutorial; securing data on gcp explained; how to use securing data on gcp,,concept and mental model; worked example; common mistakes; when not to use it,GCP,derived from title and intent; no search-volume data,tutorial,"How does Securing Data on GCP work, and how do I apply it in practice?",tutorial,educational / tutorial,securing data on gcp,concept and mental model; worked example; common mistakes; when not to use it,Needs to understand and use Securing Data on GCP,no: 100% of its phrasing is shared template text,"no: 661 words, 0% specific to the topic",100% boilerplate,yes: 0% unique phrasing,yes: biglake-and-external-tables-in-bigquery (1.00),,no: informational title,no: 0% unique phrasing,yes,optional,no,yes: step-by-step,yes,yes: no external source,yes,verify on rewrite,"yes: 6 unsourced salary, percentage or demand claims",not verified automatically,yes: opening shared with 49 other articles,yes: heading outline shared with 417 other articles,no: none in the body,none,partly: the body is template text with the title substituted,no,DEEP REWRITE,Template body: 100% of its phrasing is shared with 10+ articles; 0% is its own.,None. Queue order in BLOG_REWRITE_QUEUE.csv.,DEEP REWRITE,true,concept diagram,"One diagram that explains the central idea of ""Securing Data on GCP"" — the parts and how they relate.",analyzed
65f035b7-4947-42ec-94a0-c5d21a9e2aaa,service-accounts-and-workload-identity-on-gcp,Service Accounts and Workload Identity on GCP,gcp,service accounts and workload identity on gcp,service accounts and workload identity on gcp tutorial; service accounts and workload identity on gcp explained; how to use service accounts and workload identity on gcp,,concept and mental model; worked example; common mistakes; when not to use it,GCP,derived from title and intent; no search-volume data,tutorial,"How does Service Accounts and Workload Identity on GCP work, and how do I apply it in practice?",tutorial,educational / tutorial,service accounts and workload identity on gcp,concept and mental model; worked example; common mistakes; when not to use it,Needs to understand and use Service Accounts and Workload Identity on GCP,no: 100% of its phrasing is shared template text,"no: 667 words, 0% specific to the topic",100% boilerplate,yes: 0% unique phrasing,yes: biglake-and-external-tables-in-bigquery (1.00),,no: informational title,no: 0% unique phrasing,yes,optional,no,yes: step-by-step,yes,yes: no external source,yes,verify on rewrite,"yes: 6 unsourced salary, percentage or demand claims",not verified automatically,yes: opening shared with 49 other articles,yes: heading outline shared with 417 other articles,no: none in the body,none,partly: the body is template text with the title substituted,no,DEEP REWRITE,Template body: 100% of its phrasing is shared with 10+ articles; 0% is its own.,None. Queue order in BLOG_REWRITE_QUEUE.csv.,DEEP REWRITE,true,concept diagram,"One diagram that explains the central idea of ""Service Accounts and Workload Identity on GCP"" — the parts and how they relate.",analyzed
54d19c99-686d-4dc9-80cb-417a13516335,streaming-data-into-bigquery-a-practical-guide,Streaming Data into BigQuery: A Practical Guide,gcp,streaming data into bigquery,streaming data into bigquery tutorial; streaming data into bigquery explained; how to use streaming data into bigquery,gcp,concept and mental model; worked example; common mistakes; when not to use it,BigQuery; GCP,derived from title and intent; no search-volume data,tutorial,"How does Streaming Data into BigQuery work, and how do I apply it in practice?",tutorial,educational / tutorial,streaming data into bigquery,concept and mental model; worked example; common mistakes; when not to use it,Needs to understand and use Streaming Data into BigQuery,no: 100% of its phrasing is shared template text,"no: 661 words, 0% specific to the topic",100% boilerplate,yes: 0% unique phrasing,yes: biglake-and-external-tables-in-bigquery (1.00),gcp-roadmap-2026-for-data-engineers,no: informational title,no: 0% unique phrasing,yes,optional,"yes: runnable, verified code",yes: step-by-step,yes,yes: no external source,yes,verify on rewrite,"yes: 6 unsourced salary, percentage or demand claims",not verified automatically,yes: opening shared with 49 other articles,yes: heading outline shared with 417 other articles,no: none in the body,none,partly: the body is template text with the title substituted,no,MERGE,"Same intent as gcp-roadmap-2026-for-data-engineers (phase5-topical): ""Start a career in Google Cloud"" repeats the roadmap. ""Streaming data into BigQuery"" overlaps ""loading data into BigQuery: batch and streaming""; keep one owner for BigQuery ingestion.",Search Console: merge only if this article earns no distinct queries; otherwise rewrite it to the distinct angle in the note.,DEEP REWRITE,true,architecture diagram,"Diagram of the components in ""Streaming Data into BigQuery"" and how data or requests flow between them.",merge_candidate
8e1bf19a-b347-49aa-9022-da41b44a5f02,vertex-ai-pipelines-for-mlops-on-gcp,Vertex AI Pipelines for MLOps on GCP,gcp,vertex ai pipelines for mlops on gcp,vertex ai pipelines for mlops on gcp tutorial; vertex ai pipelines for mlops on gcp explained; how to use vertex ai pipelines for mlops on gcp,,concept and mental model; worked example; common mistakes; when not to use it,Vertex AI; GCP,derived from title and intent; no search-volume data,tutorial,"How does Vertex AI Pipelines for MLOps on GCP work, and how do I apply it in practice?",tutorial,educational / tutorial,vertex ai pipelines for mlops on gcp,concept and mental model; worked example; common mistakes; when not to use it,Needs to understand and use Vertex AI Pipelines for MLOps on GCP,no: 100% of its phrasing is shared template text,"no: 667 words, 0% specific to the topic",100% boilerplate,yes: 0% unique phrasing,yes: biglake-and-external-tables-in-bigquery (1.00),,no: informational title,no: 0% unique phrasing,yes,optional,"yes: runnable, verified code",yes: step-by-step,yes,yes: no external source,yes,verify on rewrite,"yes: 6 unsourced salary, percentage or demand claims",not verified automatically,yes: opening shared with 49 other articles,yes: heading outline shared with 417 other articles,no: none in the body,none,partly: the body is template text with the title substituted,no,DEEP REWRITE,Template body: 100% of its phrasing is shared with 10+ articles; 0% is its own.,None. Queue order in BLOG_REWRITE_QUEUE.csv.,DEEP REWRITE,true,architecture diagram,"Diagram of the components in ""Vertex AI Pipelines for MLOps on GCP"" and how data or requests flow between them.",analyzed
eb5e4f5c-62cf-4cb1-9822-83941800294f,vertex-ai-tutorial-ml-on-google-cloud,Vertex AI Tutorial: ML on Google Cloud,gcp,vertex ai tutorial,vertex ai explained; how to use vertex ai,google cloud; gcp,concept and mental model; worked example; common mistakes; when not to use it,Google Cloud; Vertex AI; GCP,derived from title and intent; no search-volume data,tutorial,"How does Vertex AI Tutorial work, and how do I apply it in practice?",tutorial,educational / tutorial,vertex ai tutorial,concept and mental model; worked example; common mistakes; when not to use it,Needs to understand and use Vertex AI,no: 100% of its phrasing is shared template text,"no: 659 words, 0% specific to the topic",100% boilerplate,yes: 0% unique phrasing,yes: biglake-and-external-tables-in-bigquery (1.00),,no: informational title,no: 0% unique phrasing,yes,optional,no,yes: step-by-step,yes,yes: no external source,yes,verify on rewrite,"yes: 6 unsourced salary, percentage or demand claims",not verified automatically,yes: opening shared with 49 other articles,yes: heading outline shared with 417 other articles,no: none in the body,none,partly: the body is template text with the title substituted,no,DEEP REWRITE,Template body: 100% of its phrasing is shared with 10+ articles; 0% is its own.,None. Queue order in BLOG_REWRITE_QUEUE.csv.,DEEP REWRITE,true,concept diagram,"One diagram that explains the central idea of ""Vertex AI Tutorial"" — the parts and how they relate.",analyzed
4fdd5dcf-a04d-4174-a9e6-db0d5f2bc974,agentic-ai-roadmap-2026-from-prompts-to-autonomous-systems,Agentic AI Roadmap 2026: From Prompts to Autonomous Systems,generative-ai,agentic ai roadmap,agentic ai learning path; how to become agentic ai; agentic ai skills,generative ai,prerequisites; stages and order; projects; what to skip; pacing,Generative AI,derived from title and intent; no search-volume data,career,"What should I learn, and in what order, to become job-ready in Agentic AI?",career,career / roadmap,agentic ai roadmap,prerequisites; stages and order; projects; what to skip; pacing,Needs a learning or career path for Agentic AI,no: 97% of its phrasing is shared template text,"no: 694 words, 3% specific to the topic",97% boilerplate,yes: 3% unique phrasing,no: nearest ai-agents-guide-how-autonomous-agents-actually-work (0.66),,no: informational title,no: 3% unique phrasing,yes,has 1; check it is topic-specific,no,no,yes,yes: no external source,yes,yes: fast-moving topic or dated title,"yes: 6 unsourced salary, percentage or demand claims",likely: dated or fast-moving; not verified automatically,yes: opening shared with 49 other articles,yes: heading outline shared with 18 other articles,no: none in the body,none,partly: the body is template text with the title substituted,no,DEEP REWRITE,Template body: 97% of its phrasing is shared with 10+ articles; 3% is its own.,None. Queue order in BLOG_REWRITE_QUEUE.csv.,DEEP REWRITE,true,roadmap diagram,"Stage-by-stage diagram of the Agentic AI Roadmap 2026 learning path: each stage, the skills in it, and the proof (project) that closes it.",analyzed
dd1af33f-d841-4cfc-a47a-bac70283eb03,ai-agents-guide-how-autonomous-agents-actually-work,AI Agents Guide: How Autonomous Agents Actually Work,generative-ai,ai agents guide,ai agents guide tutorial; ai agents guide explained; how to use ai agents guide,generative ai,concept and mental model; worked example; common mistakes; when not to use it,Generative AI,derived from title and intent; no search-volume data,tutorial,"How does AI Agents Guide work, and how do I apply it in practice?",tutorial,educational / tutorial,ai agents guide,concept and mental model; worked example; common mistakes; when not to use it,Needs to understand and use AI Agents Guide,no: 100% of its phrasing is shared template text,"no: 690 words, 0% specific to the topic",100% boilerplate,yes: 0% unique phrasing,yes: ai-coding-assistants-how-to-use-them-effectively (1.00),,no: informational title,no: 0% unique phrasing,yes,optional,no,yes: step-by-step,yes,yes: no external source,yes,yes: fast-moving topic or dated title,"yes: 6 unsourced salary, percentage or demand claims",likely: dated or fast-moving; not verified automatically,yes: opening shared with 49 other articles,yes: heading outline shared with 417 other articles,no: none in the body,none,partly: the body is template text with the title substituted,no,DEEP REWRITE,Template body: 100% of its phrasing is shared with 10+ articles; 0% is its own.,None. Queue order in BLOG_REWRITE_QUEUE.csv.,DEEP REWRITE,true,architecture diagram,"Diagram of the components in ""AI Agents Guide"" and how data or requests flow between them.",analyzed
65b55718-fdbd-4334-bc3c-73882bdd0d78,ai-coding-assistants-how-to-use-them-effectively,AI Coding Assistants: How to Use Them Effectively,generative-ai,ai coding assistants,ai coding assistants tutorial; ai coding assistants explained; how to use ai coding assistants,generative ai,concept and mental model; worked example; common mistakes; when not to use it,Generative AI,derived from title and intent; no search-volume data,tutorial,"How does AI Coding Assistants work, and how do I apply it in practice?",tutorial,educational / tutorial,ai coding assistants,concept and mental model; worked example; common mistakes; when not to use it,Needs to understand and use AI Coding Assistants,no: 100% of its phrasing is shared template text,"no: 690 words, 0% specific to the topic",100% boilerplate,yes: 0% unique phrasing,yes: ai-agents-guide-how-autonomous-agents-actually-work (1.00),,no: informational title,no: 0% unique phrasing,yes,optional,no,yes: step-by-step,yes,yes: no external source,yes,yes: fast-moving topic or dated title,"yes: 6 unsourced salary, percentage or demand claims",not verified automatically,yes: opening shared with 49 other articles,yes: heading outline shared with 417 other articles,no: none in the body,none,partly: the body is template text with the title substituted,no,DEEP REWRITE,Template body: 100% of its phrasing is shared with 10+ articles; 0% is its own.,None. Queue order in BLOG_REWRITE_QUEUE.csv.,DEEP REWRITE,true,concept diagram,"One diagram that explains the central idea of ""AI Coding Assistants"" — the parts and how they relate.",analyzed
03331497-e78e-442a-9ce9-f99d866cd1e9,building-a-customer-support-bot-with-llms,Building a Customer Support Bot with LLMs,generative-ai,building a customer support bot with llms,building a customer support bot with llms tutorial; building a customer support bot with llms explained; how to use building a customer support bot with llms,generative ai,concept and mental model; worked example; common mistakes; when not to use it,Generative AI,derived from title and intent; no search-volume data,tutorial,"How does Building a Customer Support Bot with LLMs work, and how do I apply it in practice?",tutorial,educational / tutorial,building a customer support bot with llms,concept and mental model; worked example; common mistakes; when not to use it,Needs to understand and use Building a Customer Support Bot with LLMs,no: 100% of its phrasing is shared template text,"no: 697 words, 0% specific to the topic",100% boilerplate,yes: 0% unique phrasing,yes: ai-agents-guide-how-autonomous-agents-actually-work (1.00),,no: informational title,no: 0% unique phrasing,yes,optional,"yes: runnable, verified code",yes: step-by-step,yes,yes: no external source,yes,yes: fast-moving topic or dated title,"yes: 6 unsourced salary, percentage or demand claims",likely: dated or fast-moving; not verified automatically,yes: opening shared with 49 other articles,yes: heading outline shared with 417 other articles,no: none in the body,none,partly: the body is template text with the title substituted,no,DEEP REWRITE,Template body: 100% of its phrasing is shared with 10+ articles; 0% is its own.,None. Queue order in BLOG_REWRITE_QUEUE.csv.,DEEP REWRITE,true,concept diagram,"One diagram that explains the central idea of ""Building a Customer Support Bot with LLMs"" — the parts and how they relate.",analyzed
72a20872-37c4-49a1-813d-e0675a5c0a96,building-a-document-q-and-a-chatbot-with-rag,Building a Document Q&A Chatbot with RAG,generative-ai,building a document q&a chatbot with rag,building a document q&a chatbot with rag tutorial; building a document q&a chatbot with rag explained; how to use building a document q&a chatbot with rag,generative ai,concept and mental model; worked example; common mistakes; when not to use it,Generative AI; RAG,derived from title and intent; no search-volume data,tutorial,"How does Building a Document Q&A Chatbot with RAG work, and how do I apply it in practice?",tutorial,educational / tutorial,building a document q&a chatbot with rag,concept and mental model; worked example; common mistakes; when not to use it,Needs to understand and use Building a Document Q&A Chatbot with RAG,no: 100% of its phrasing is shared template text,"no: 700 words, 0% specific to the topic",100% boilerplate,yes: 0% unique phrasing,yes: ai-agents-guide-how-autonomous-agents-actually-work (1.00),,no: informational title,no: 0% unique phrasing,yes,optional,"yes: runnable, verified code",yes: step-by-step,yes,yes: no external source,yes,yes: fast-moving topic or dated title,"yes: 6 unsourced salary, percentage or demand claims",likely: dated or fast-moving; not verified automatically,yes: opening shared with 49 other articles,yes: heading outline shared with 417 other articles,no: none in the body,none,partly: the body is template text with the title substituted,no,DEEP REWRITE,Template body: 100% of its phrasing is shared with 10+ articles; 0% is its own.,None. Queue order in BLOG_REWRITE_QUEUE.csv.,DEEP REWRITE,true,architecture diagram,"Diagram of the components in ""Building a Document Q&A Chatbot with RAG"" and how data or requests flow between them.",analyzed
0f713792-a399-4270-a18a-c6a8afd148b3,building-a-multi-agent-system-patterns-and-pitfalls,Building a Multi-Agent System: Patterns and Pitfalls,generative-ai,building a multi-agent system,building a multi-agent system tutorial; building a multi-agent system explained; how to use building a multi-agent system,generative ai,concept and mental model; worked example; common mistakes; when not to use it,Generative AI,derived from title and intent; no search-volume data,tutorial,"How does Building a Multi-Agent System work, and how do I apply it in practice?",tutorial,educational / tutorial,building a multi-agent system,concept and mental model; worked example; common mistakes; when not to use it,Needs to understand and use Building a Multi-Agent System,no: 100% of its phrasing is shared template text,"no: 691 words, 0% specific to the topic",100% boilerplate,yes: 0% unique phrasing,yes: ai-agents-guide-how-autonomous-agents-actually-work (1.00),,no: informational title,no: 0% unique phrasing,yes,optional,no,yes: step-by-step,yes,yes: no external source,yes,yes: fast-moving topic or dated title,"yes: 6 unsourced salary, percentage or demand claims",likely: dated or fast-moving; not verified automatically,yes: opening shared with 49 other articles,yes: heading outline shared with 417 other articles,no: none in the body,none,partly: the body is template text with the title substituted,no,DEEP REWRITE,Template body: 100% of its phrasing is shared with 10+ articles; 0% is its own.,None. Queue order in BLOG_REWRITE_QUEUE.csv.,DEEP REWRITE,true,architecture diagram,"Diagram of the components in ""Building a Multi-Agent System"" and how data or requests flow between them.",analyzed
9e69c58c-0543-4b92-8299-0539e9e3af0d,building-ai-agents-with-langgraph-a-hands-on-tutorial,Building AI Agents with LangGraph: A Hands-On Tutorial,generative-ai,building ai agents with langgraph,building ai agents with langgraph tutorial; building ai agents with langgraph explained; how to use building ai agents with langgraph,generative ai,concept and mental model; worked example; common mistakes; when not to use it,Generative AI; LangGraph,derived from title and intent; no search-volume data,tutorial,"How does Building AI Agents with LangGraph work, and how do I apply it in practice?",tutorial,educational / tutorial,building ai agents with langgraph,concept and mental model; worked example; common mistakes; when not to use it,Needs to understand and use Building AI Agents with LangGraph,no: 100% of its phrasing is shared template text,"no: 694 words, 0% specific to the topic",100% boilerplate,yes: 0% unique phrasing,yes: ai-agents-guide-how-autonomous-agents-actually-work (1.00),langgraph-tutorial-building-stateful-ai-agents,no: informational title,no: 0% unique phrasing,yes,optional,"yes: runnable, verified code",yes: step-by-step,yes,yes: no external source,yes,yes: fast-moving topic or dated title,"yes: 6 unsourced salary, percentage or demand claims",likely: dated or fast-moving; not verified automatically,yes: opening shared with 49 other articles,yes: heading outline shared with 417 other articles,no: none in the body,none,partly: the body is template text with the title substituted,no,MANUAL REVIEW,Phase 3 MANUAL REVIEW: Two LangGraph agent tutorials in the same category. Merge is likely; needs an editor to confirm neither covers something the other does not.,"Editor decision: merge, or rewrite to a distinct angle.",MANUAL REVIEW,true,architecture diagram,"Diagram of the components in ""Building AI Agents with LangGraph"" and how data or requests flow between them.",needs_review
a13c4178-f865-46db-a7a8-188185cc40bd,chain-of-thought-prompting-making-llms-reason,Chain-of-Thought Prompting: Making LLMs Reason,generative-ai,chain-of-thought prompting,chain-of-thought prompting tutorial; chain-of-thought prompting explained; how to use chain-of-thought prompting,generative ai,concept and mental model; worked example; common mistakes; when not to use it,Generative AI,derived from title and intent; no search-volume data,tutorial,"How does Chain-of-Thought Prompting work, and how do I apply it in practice?",tutorial,educational / tutorial,chain-of-thought prompting,concept and mental model; worked example; common mistakes; when not to use it,Needs to understand and use Chain-of-Thought Prompting,no: 100% of its phrasing is shared template text,"no: 685 words, 0% specific to the topic",100% boilerplate,yes: 0% unique phrasing,yes: ai-agents-guide-how-autonomous-agents-actually-work (1.00),,no: informational title,no: 0% unique phrasing,yes,optional,"yes: runnable, verified code",yes: step-by-step,yes,yes: no external source,yes,yes: fast-moving topic or dated title,"yes: 6 unsourced salary, percentage or demand claims",likely: dated or fast-moving; not verified automatically,yes: opening shared with 49 other articles,yes: heading outline shared with 417 other articles,no: none in the body,none,partly: the body is template text with the title substituted,no,DEEP REWRITE,Template body: 100% of its phrasing is shared with 10+ articles; 0% is its own.,None. Queue order in BLOG_REWRITE_QUEUE.csv.,DEEP REWRITE,true,concept diagram,"One diagram that explains the central idea of ""Chain-of-Thought Prompting"" — the parts and how they relate.",analyzed
917e4f2d-08cd-4587-ae5e-e40029e7afc7,chatgpt-complete-guide-features-prompts-and-use-cases,"ChatGPT Complete Guide: Features, Prompts and Use Cases",generative-ai,chatgpt complete guide,chatgpt complete guide tutorial; chatgpt complete guide explained; how to use chatgpt complete guide,generative ai,concept and mental model; worked example; common mistakes; when not to use it,Generative AI; ChatGPT,derived from title and intent; no search-volume data,tutorial,"How does ChatGPT Complete Guide work, and how do I apply it in practice?",tutorial,educational / tutorial,chatgpt complete guide,concept and mental model; worked example; common mistakes; when not to use it,Needs to understand and use ChatGPT Complete Guide,no: 100% of its phrasing is shared template text,"no: 690 words, 0% specific to the topic",100% boilerplate,yes: 0% unique phrasing,yes: ai-agents-guide-how-autonomous-agents-actually-work (1.00),,no: informational title,no: 0% unique phrasing,yes,optional,no,yes: step-by-step,yes,yes: no external source,yes,yes: fast-moving topic or dated title,"yes: 6 unsourced salary, percentage or demand claims",likely: dated or fast-moving; not verified automatically,yes: opening shared with 49 other articles,yes: heading outline shared with 417 other articles,no: none in the body,none,partly: the body is template text with the title substituted,no,DEEP REWRITE,Template body: 100% of its phrasing is shared with 10+ articles; 0% is its own.,None. Queue order in BLOG_REWRITE_QUEUE.csv.,DEEP REWRITE,true,concept diagram,"One diagram that explains the central idea of ""ChatGPT Complete Guide"" — the parts and how they relate.",analyzed
dd5b32f3-2b2c-4289-9637-3df389d1332f,chunking-strategies-for-rag-getting-retrieval-right,Chunking Strategies for RAG: Getting Retrieval Right,generative-ai,chunking strategies for rag,chunking strategies for rag tutorial; chunking strategies for rag explained; how to use chunking strategies for rag,generative ai,concept and mental model; worked example; common mistakes; when not to use it,Generative AI; RAG,derived from title and intent; no search-volume data,tutorial,"How does Chunking Strategies for RAG work, and how do I apply it in practice?",tutorial,educational / tutorial,chunking strategies for rag,concept and mental model; worked example; common mistakes; when not to use it,Needs to understand and use Chunking Strategies for RAG,no: 100% of its phrasing is shared template text,"no: 691 words, 0% specific to the topic",100% boilerplate,yes: 0% unique phrasing,yes: ai-agents-guide-how-autonomous-agents-actually-work (1.00),,no: informational title,no: 0% unique phrasing,yes,optional,"yes: runnable, verified code",yes: step-by-step,yes,yes: no external source,yes,yes: fast-moving topic or dated title,"yes: 6 unsourced salary, percentage or demand claims",likely: dated or fast-moving; not verified automatically,yes: opening shared with 49 other articles,yes: heading outline shared with 417 other articles,no: none in the body,none,partly: the body is template text with the title substituted,no,DEEP REWRITE,Template body: 100% of its phrasing is shared with 10+ articles; 0% is its own.,None. Queue order in BLOG_REWRITE_QUEUE.csv.,DEEP REWRITE,true,architecture diagram,"Diagram of the components in ""Chunking Strategies for RAG"" and how data or requests flow between them.",analyzed
cc103472-38bf-4e41-ac62-3eb020762646,context-windows-explained-tokens-limits-and-costs,"Context Windows Explained: Tokens, Limits and Costs",generative-ai,context windows explained,context windows tutorial; how to use context windows,generative ai,concept and mental model; worked example; common mistakes; when not to use it,Generative AI,derived from title and intent; no search-volume data,tutorial,"What is Context Windows, and how does it work?",tutorial,educational / tutorial,context windows explained,concept and mental model; worked example; common mistakes; when not to use it,Needs to understand and use Context Windows,no: 100% of its phrasing is shared template text,"no: 689 words, 0% specific to the topic",100% boilerplate,yes: 0% unique phrasing,yes: ai-agents-guide-how-autonomous-agents-actually-work (1.00),,no: informational title,no: 0% unique phrasing,yes,optional,no,yes: step-by-step,yes,yes: no external source,yes,yes: fast-moving topic or dated title,"yes: 6 unsourced salary, percentage or demand claims",not verified automatically,yes: opening shared with 49 other articles,yes: heading outline shared with 417 other articles,no: none in the body,none,partly: the body is template text with the title substituted,no,DEEP REWRITE,Template body: 100% of its phrasing is shared with 10+ articles; 0% is its own.,None. Queue order in BLOG_REWRITE_QUEUE.csv.,DEEP REWRITE,true,concept diagram,"One diagram that explains the central idea of ""Context Windows Explained"" — the parts and how they relate.",analyzed
825b3a5a-7234-49ae-b739-cb31b8e97ef4,cost-optimization-for-llm-applications-in-production,Cost Optimization for LLM Applications in Production,generative-ai,cost optimization for llm applications in production,cost optimization for llm applications in production tutorial; cost optimization for llm applications in production explained; how to use cost optimization for llm applications in production,generative ai,concept and mental model; worked example; common mistakes; when not to use it,Generative AI; LLM,derived from title and intent; no search-volume data,tutorial,"How does Cost Optimization for LLM Applications in Production work, and how do I apply it in practice?",tutorial,educational / tutorial,cost optimization for llm applications in production,concept and mental model; worked example; common mistakes; when not to use it,Needs to understand and use Cost Optimization for LLM Applications in Production,no: 100% of its phrasing is shared template text,"no: 697 words, 0% specific to the topic",100% boilerplate,yes: 0% unique phrasing,yes: ai-agents-guide-how-autonomous-agents-actually-work (1.00),,no: informational title,no: 0% unique phrasing,yes,optional,"yes: runnable, verified code",yes: step-by-step,yes,yes: no external source,yes,yes: fast-moving topic or dated title,"yes: 6 unsourced salary, percentage or demand claims",likely: dated or fast-moving; not verified automatically,yes: opening shared with 49 other articles,yes: heading outline shared with 417 other articles,no: none in the body,none,partly: the body is template text with the title substituted,no,DEEP REWRITE,Template body: 100% of its phrasing is shared with 10+ articles; 0% is its own.,None. Queue order in BLOG_REWRITE_QUEUE.csv.,DEEP REWRITE,true,concept diagram,"One diagram that explains the central idea of ""Cost Optimization for LLM Applications in Production"" — the parts and how they relate.",analyzed
188a603c-cf59-4977-a558-e677a573312e,deploying-a-gen-ai-app-on-the-cloud-a-walkthrough,Deploying a Gen AI App on the Cloud: A Walkthrough,generative-ai,deploying a gen ai app on the cloud,deploying a gen ai app on the cloud tutorial; deploying a gen ai app on the cloud explained; how to use deploying a gen ai app on the cloud,generative ai,concept and mental model; worked example; common mistakes; when not to use it,Generative AI,derived from title and intent; no search-volume data,tutorial,"How does Deploying a Gen AI App on the Cloud work, and how do I apply it in practice?",tutorial,educational / tutorial,deploying a gen ai app on the cloud,concept and mental model; worked example; common mistakes; when not to use it,Needs to understand and use Deploying a Gen AI App on the Cloud,no: 100% of its phrasing is shared template text,"no: 702 words, 0% specific to the topic",100% boilerplate,yes: 0% unique phrasing,yes: ai-agents-guide-how-autonomous-agents-actually-work (1.00),,no: informational title,no: 0% unique phrasing,yes,optional,no,yes: step-by-step,yes,yes: no external source,yes,yes: fast-moving topic or dated title,"yes: 6 unsourced salary, percentage or demand claims",not verified automatically,yes: opening shared with 49 other articles,yes: heading outline shared with 417 other articles,no: none in the body,none,partly: the body is template text with the title substituted,no,DEEP REWRITE,Template body: 100% of its phrasing is shared with 10+ articles; 0% is its own.,None. Queue order in BLOG_REWRITE_QUEUE.csv.,DEEP REWRITE,true,architecture diagram,"Diagram of the components in ""Deploying a Gen AI App on the Cloud"" and how data or requests flow between them.",analyzed
33324384-3d3f-4b16-93cf-4b926bed29ce,embeddings-explained-the-foundation-of-modern-ai,Embeddings Explained: The Foundation of Modern AI,generative-ai,embeddings explained,embeddings tutorial; how to use embeddings,generative ai,concept and mental model; worked example; common mistakes; when not to use it,Generative AI; Embeddings,derived from title and intent; no search-volume data,tutorial,"What is Embeddings, and how does it work?",tutorial,educational / tutorial,embeddings explained,concept and mental model; worked example; common mistakes; when not to use it,Needs to understand and use Embeddings,no: 100% of its phrasing is shared template text,"no: 687 words, 0% specific to the topic",100% boilerplate,yes: 0% unique phrasing,yes: ai-agents-guide-how-autonomous-agents-actually-work (1.00),,no: informational title,no: 0% unique phrasing,yes,optional,no,yes: step-by-step,yes,yes: no external source,yes,yes: fast-moving topic or dated title,"yes: 6 unsourced salary, percentage or demand claims",not verified automatically,yes: opening shared with 49 other articles,yes: heading outline shared with 417 other articles,no: none in the body,none,partly: the body is template text with the title substituted,no,DEEP REWRITE,Template body: 100% of its phrasing is shared with 10+ articles; 0% is its own.,None. Queue order in BLOG_REWRITE_QUEUE.csv.,DEEP REWRITE,true,concept diagram,"One diagram that explains the central idea of ""Embeddings Explained"" — the parts and how they relate.",analyzed
6abc197f-b75a-44b8-8082-f08719c60124,evaluating-llm-outputs-metrics-tools-and-best-practices,"Evaluating LLM Outputs: Metrics, Tools and Best Practices",generative-ai,evaluating llm outputs,evaluating llm outputs tutorial; evaluating llm outputs explained; how to use evaluating llm outputs,generative ai,concept and mental model; worked example; common mistakes; when not to use it,Generative AI; LLM,derived from title and intent; no search-volume data,tutorial,"What are the best practices for Evaluating LLM Outputs, and why?",tutorial,educational / tutorial,evaluating llm outputs,concept and mental model; worked example; common mistakes; when not to use it,Needs to understand and use Evaluating LLM Outputs,no: 100% of its phrasing is shared template text,"no: 690 words, 0% specific to the topic",100% boilerplate,yes: 0% unique phrasing,yes: ai-agents-guide-how-autonomous-agents-actually-work (1.00),,no: informational title,no: 0% unique phrasing,yes,optional,"yes: runnable, verified code",yes: step-by-step,yes,yes: no external source,yes,yes: fast-moving topic or dated title,"yes: 6 unsourced salary, percentage or demand claims",likely: dated or fast-moving; not verified automatically,yes: opening shared with 49 other articles,yes: heading outline shared with 417 other articles,no: none in the body,none,partly: the body is template text with the title substituted,no,DEEP REWRITE,Template body: 100% of its phrasing is shared with 10+ articles; 0% is its own.,None. Queue order in BLOG_REWRITE_QUEUE.csv.,DEEP REWRITE,true,concept diagram,"One diagram that explains the central idea of ""Evaluating LLM Outputs"" — the parts and how they relate.",analyzed
ad1b9f26-5eba-4ea4-adf5-2fcf332d235f,few-shot-vs-zero-shot-prompting-a-practical-guide,Few-Shot vs Zero-Shot Prompting: A Practical Guide,generative-ai,few-shot vs zero-shot prompting,few-shot vs zero-shot prompting comparison; few-shot vs zero-shot prompting differences; few-shot vs zero-shot prompting which is better,generative ai,decision criteria; where each wins; migration or learning cost,Generative AI,derived from title and intent; no search-volume data,comparison,"Should I use few-shot or zero-shot prompting, and in which situations does each one win?",comparison,comparison (commercial investigation),few-shot vs zero-shot prompting,decision criteria; where each wins; migration or learning cost,"Needs to choose between the options in ""Few-Shot vs Zero-Shot Prompting""",no: 99% of its phrasing is shared template text,"no: 485 words, 1% specific to the topic",99% boilerplate,yes: 1% unique phrasing,yes: fine-tuning-vs-rag-which-should-you-choose (0.99),,no: informational title,no: 1% unique phrasing,yes,has 1; check it is topic-specific,no,no,yes,yes: no external source,yes,yes: fast-moving topic or dated title,"yes: 3 unsourced salary, percentage or demand claims",not verified automatically,yes: opening shared with 49 other articles,no,no: none in the body,none,partly: the body is template text with the title substituted,no,DEEP REWRITE,Template body: 99% of its phrasing is shared with 10+ articles; 1% is its own.,None. Queue order in BLOG_REWRITE_QUEUE.csv.,DEEP REWRITE,true,comparison diagram,"Side-by-side diagram of where each option in ""Few-Shot vs Zero-Shot Prompting"" sits in a typical workflow, with the deciding differences labelled.",analyzed
ea25d844-b2ca-44f5-a7a0-e5228eb9373a,fine-tuning-vs-rag-which-should-you-choose,Fine-Tuning vs RAG: Which Should You Choose?,generative-ai,fine-tuning vs rag,fine-tuning vs rag comparison; fine-tuning vs rag differences; fine-tuning vs rag which is better,generative ai,decision criteria; where each wins; migration or learning cost,Generative AI; RAG,derived from title and intent; no search-volume data,comparison,"Should I use fine-tuning or rag, and in which situations does each one win?",comparison,comparison (commercial investigation),fine-tuning vs rag,decision criteria; where each wins; migration or learning cost,"Needs to choose between the options in ""Fine-Tuning vs RAG""",no: 99% of its phrasing is shared template text,"no: 484 words, 1% specific to the topic",99% boilerplate,yes: 1% unique phrasing,yes: llamaindex-vs-langchain-which-framework-to-pick (0.99),,no: informational title,no: 1% unique phrasing,yes,has 1; check it is topic-specific,"yes: runnable, verified code",no,yes,yes: no external source,yes,yes: fast-moving topic or dated title,"yes: 3 unsourced salary, percentage or demand claims",likely: dated or fast-moving; not verified automatically,yes: opening shared with 49 other articles,no,no: none in the body,none,partly: the body is template text with the title substituted,no,DEEP REWRITE,Template body: 99% of its phrasing is shared with 10+ articles; 1% is its own.,None. Queue order in BLOG_REWRITE_QUEUE.csv.,DEEP REWRITE,true,comparison diagram,"Side-by-side diagram of where each option in ""Fine-Tuning vs RAG"" sits in a typical workflow, with the deciding differences labelled.",analyzed
febcf860-313b-4ee1-9e1a-a4bd6af1cc50,function-calling-and-tool-use-in-llms-explained,Function Calling and Tool Use in LLMs Explained,generative-ai,function calling and tool use in llms explained,function calling and tool use in llms tutorial; how to use function calling and tool use in llms,generative ai,concept and mental model; worked example; common mistakes; when not to use it,Generative AI,derived from title and intent; no search-volume data,tutorial,"What is Function Calling and Tool Use in LLMs, and how does it work?",tutorial,educational / tutorial,function calling and tool use in llms explained,concept and mental model; worked example; common mistakes; when not to use it,Needs to understand and use Function Calling and Tool Use in LLMs,no: 100% of its phrasing is shared template text,"no: 700 words, 0% specific to the topic",100% boilerplate,yes: 0% unique phrasing,yes: ai-agents-guide-how-autonomous-agents-actually-work (1.00),,no: informational title,no: 0% unique phrasing,yes,optional,"yes: runnable, verified code",yes: step-by-step,yes,yes: no external source,yes,yes: fast-moving topic or dated title,"yes: 6 unsourced salary, percentage or demand claims",likely: dated or fast-moving; not verified automatically,yes: opening shared with 49 other articles,yes: heading outline shared with 417 other articles,no: none in the body,none,partly: the body is template text with the title substituted,no,DEEP REWRITE,Template body: 100% of its phrasing is shared with 10+ articles; 0% is its own.,None. Queue order in BLOG_REWRITE_QUEUE.csv.,DEEP REWRITE,true,code output screenshot or diagram,"Worked example for ""Function Calling and Tool Use in LLMs Explained"": the input, the code's key step, and the resulting output side by side.",analyzed
ce541867-8f3d-497c-a960-d47813398c85,generative-ai-for-images-diffusion-models-explained,Generative AI for Images: Diffusion Models Explained,generative-ai,generative ai for images,generative ai for images tutorial; generative ai for images explained; how to use generative ai for images,,concept and mental model; worked example; common mistakes; when not to use it,Generative AI,derived from title and intent; no search-volume data,tutorial,"What is Generative AI for Images, and how does it work?",tutorial,educational / tutorial,generative ai for images,concept and mental model; worked example; common mistakes; when not to use it,Needs to understand and use Generative AI for Images,no: 100% of its phrasing is shared template text,"no: 691 words, 0% specific to the topic",100% boilerplate,yes: 0% unique phrasing,yes: ai-agents-guide-how-autonomous-agents-actually-work (1.00),,no: informational title,no: 0% unique phrasing,yes,optional,no,yes: step-by-step,yes,yes: no external source,yes,yes: fast-moving topic or dated title,"yes: 6 unsourced salary, percentage or demand claims",likely: dated or fast-moving; not verified automatically,yes: opening shared with 49 other articles,yes: heading outline shared with 417 other articles,no: none in the body,none,partly: the body is template text with the title substituted,no,DEEP REWRITE,Template body: 100% of its phrasing is shared with 10+ articles; 0% is its own.,None. Queue order in BLOG_REWRITE_QUEUE.csv.,DEEP REWRITE,true,concept diagram,"One diagram that explains the central idea of ""Generative AI for Images"" — the parts and how they relate.",analyzed
b305e6c3-4c73-4a89-9fb2-1ce2fd43515c,generative-ai-interview-questions-and-how-to-answer-them,Generative AI Interview Questions and How to Answer Them,generative-ai,generative ai interview questions and how to answer them,generative ai and how to answer them interview questions and answers; generative ai and how to answer them interview questions for freshers; generative ai and how to answer them scenario based questions,,core concepts; scenario questions; follow-up questions; common wrong answers,Generative AI,derived from title and intent; no search-volume data,interview,"What does an interviewer ask about Generative AI and How to Answer Them, and what does a strong answer contain?",interview,interview preparation,generative ai interview questions and how to answer them,core concepts; scenario questions; follow-up questions; common wrong answers,Needs to prepare for interview questions on Generative AI and How to Answer Them,no: 95% of its phrasing is shared template text,"no: 546 words, 3% specific to the topic",95% boilerplate,yes: 3% unique phrasing,no: nearest mlops-interview-questions-and-answers-2 (0.74),,no: informational title,no: 3% unique phrasing,yes,yes,no,no,no,yes: no external source,yes,yes: fast-moving topic or dated title,"yes: 3 unsourced salary, percentage or demand claims",likely: dated or fast-moving; not verified automatically,yes: opening shared with 49 other articles,no,no: none in the body,none,partly: the body is template text with the title substituted,no,DEEP REWRITE,Template body: 95% of its phrasing is shared with 10+ articles; 3% is its own.,None. Queue order in BLOG_REWRITE_QUEUE.csv.,DEEP REWRITE,false,none,No image needed; the value is in the questions and answers. Optional: one diagram for the hardest concept explained.,analyzed
a1a82bbf-bd01-4144-a3df-d3eb17fa9d81,generative-ai-salary-in-india-2026-roles-and-pay,Generative AI Salary in India 2026: Roles and Pay,generative-ai,generative ai salary in india,generative ai salary; generative ai salary for freshers; generative ai pay by experience,,sourced pay data; what moves pay; role differences,Generative AI,derived from title and intent; no search-volume data,salary,"What does Generative AI work pay, and what moves the number?",salary,salary,generative ai salary in india,sourced pay data; what moves pay; role differences,"Needs realistic, sourced pay expectations for Generative AI",no: 91% of its phrasing is shared template text,"no: 550 words, 9% specific to the topic",91% boilerplate,yes: 9% unique phrasing,no: nearest mlops-engineer-salary-in-india-2026 (0.59),,no: informational title,no: 9% unique phrasing,yes,optional,no,no,no,yes: no external source,yes,yes: fast-moving topic or dated title,"yes: 11 unsourced salary, percentage or demand claims",likely: dated or fast-moving; not verified automatically,yes: opening shared with 49 other articles,yes: heading outline shared with 10 other articles,no: none in the body,none,partly: the body is template text with the title substituted,no,MANUAL REVIEW,"Salary figures with no cited source. A rewrite needs a dated, citable salary dataset; without one the figures must go.","Source a salary dataset, or rewrite without figures.",MANUAL REVIEW,false,none,No image. A chart is only appropriate once the figures are sourced; then chart the cited data with the source in the caption.,needs_review
fe788dc5-61a7-4462-93f8-b73de5f3dffa,guardrails-for-llms-keeping-ai-apps-safe-and-on-topic,Guardrails for LLMs: Keeping AI Apps Safe and On-Topic,generative-ai,guardrails for llms,guardrails for llms tutorial; guardrails for llms explained; how to use guardrails for llms,generative ai,concept and mental model; worked example; common mistakes; when not to use it,Generative AI,derived from title and intent; no search-volume data,tutorial,"How does Guardrails for LLMs work, and how do I apply it in practice?",tutorial,educational / tutorial,guardrails for llms,concept and mental model; worked example; common mistakes; when not to use it,Needs to understand and use Guardrails for LLMs,no: 100% of its phrasing is shared template text,"no: 691 words, 0% specific to the topic",100% boilerplate,yes: 0% unique phrasing,yes: ai-agents-guide-how-autonomous-agents-actually-work (1.00),,no: informational title,no: 0% unique phrasing,yes,optional,"yes: runnable, verified code",yes: step-by-step,yes,yes: no external source,yes,yes: fast-moving topic or dated title,"yes: 6 unsourced salary, percentage or demand claims",likely: dated or fast-moving; not verified automatically,yes: opening shared with 49 other articles,yes: heading outline shared with 417 other articles,no: none in the body,none,partly: the body is template text with the title substituted,no,DEEP REWRITE,Template body: 100% of its phrasing is shared with 10+ articles; 0% is its own.,None. Queue order in BLOG_REWRITE_QUEUE.csv.,DEEP REWRITE,true,concept diagram,"One diagram that explains the central idea of ""Guardrails for LLMs"" — the parts and how they relate.",analyzed
fedc7a3a-de64-4891-a319-c286b7a1556d,how-large-language-models-llms-work-under-the-hood,How Large Language Models (LLMs) Work Under the Hood,generative-ai,how large language models (llms) work under the hood,how large language models (llms) work under the hood tutorial; how large language models (llms) work under the hood explained; how to use how large language models (llms) work under the hood,generative ai,concept and mental model; worked example; common mistakes; when not to use it,Generative AI,derived from title and intent; no search-volume data,tutorial,"How does How Large Language Models (LLMs) Work Under the Hood work, and how do I apply it in practice?",tutorial,educational / tutorial,how large language models (llms) work under the hood,concept and mental model; worked example; common mistakes; when not to use it,Needs to understand and use How Large Language Models (LLMs) Work Under the Hood,no: 100% of its phrasing is shared template text,"no: 703 words, 0% specific to the topic",100% boilerplate,yes: 0% unique phrasing,yes: ai-agents-guide-how-autonomous-agents-actually-work (1.00),,no: informational title,no: 0% unique phrasing,yes,optional,"yes: runnable, verified code",yes: step-by-step,yes,yes: no external source,yes,yes: fast-moving topic or dated title,"yes: 6 unsourced salary, percentage or demand claims",likely: dated or fast-moving; not verified automatically,yes: opening shared with 49 other articles,yes: heading outline shared with 417 other articles,no: none in the body,none,partly: the body is template text with the title substituted,no,DEEP REWRITE,Template body: 100% of its phrasing is shared with 10+ articles; 0% is its own.,None. Queue order in BLOG_REWRITE_QUEUE.csv.,DEEP REWRITE,true,concept diagram,"One diagram that explains the central idea of ""How Large Language Models (LLMs) Work Under the Hood"" — the parts and how they relate.",analyzed
6d8c9a6a-d793-4c3f-9b66-28af0be82561,how-to-become-a-generative-ai-engineer-in-2026,How to Become a Generative AI Engineer in 2026,generative-ai,how to become a generative ai engineer in,how to become a generative ai engineer learning path; how to become how to become a generative ai engineer; how to become a generative ai engineer skills,,prerequisites; stages and order; projects; what to skip; pacing,Generative AI,derived from title and intent; no search-volume data,career,How do I Become a Generative AI Engineer in?,career,career / roadmap,how to become a generative ai engineer in,prerequisites; stages and order; projects; what to skip; pacing,Needs a learning or career path for How to Become a Generative AI Engineer,no: 100% of its phrasing is shared template text,"no: 703 words, 0% specific to the topic",100% boilerplate,yes: 0% unique phrasing,yes: ai-agents-guide-how-autonomous-agents-actually-work (1.00),,no: informational title,no: 0% unique phrasing,yes,has 1; check it is topic-specific,no,no,yes,yes: no external source,yes,yes: fast-moving topic or dated title,"yes: 6 unsourced salary, percentage or demand claims",likely: dated or fast-moving; not verified automatically,yes: opening shared with 49 other articles,yes: heading outline shared with 417 other articles,no: none in the body,none,partly: the body is template text with the title substituted,no,DEEP REWRITE,Template body: 100% of its phrasing is shared with 10+ articles; 0% is its own.,None. Queue order in BLOG_REWRITE_QUEUE.csv.,DEEP REWRITE,true,roadmap diagram,"Stage-by-stage diagram of the How to Become a Generative AI Engineer in 2026 learning path: each stage, the skills in it, and the proof (project) that closes it.",analyzed
6f6ce1a2-6cc7-4d7e-b869-3d20b14f7159,how-to-reduce-llm-hallucinations-in-production,How to Reduce LLM Hallucinations in Production,generative-ai,how to reduce llm hallucinations in production,how to reduce llm hallucinations in production tutorial; how to reduce llm hallucinations in production explained; how to use how to reduce llm hallucinations in production,generative ai,concept and mental model; worked example; common mistakes; when not to use it,Generative AI; LLM,derived from title and intent; no search-volume data,tutorial,How do I Reduce LLM Hallucinations in Production?,tutorial,educational / tutorial,how to reduce llm hallucinations in production,concept and mental model; worked example; common mistakes; when not to use it,Needs to understand and use How to Reduce LLM Hallucinations in Production,no: 100% of its phrasing is shared template text,"no: 697 words, 0% specific to the topic",100% boilerplate,yes: 0% unique phrasing,yes: ai-agents-guide-how-autonomous-agents-actually-work (1.00),,no: informational title,no: 0% unique phrasing,yes,optional,"yes: runnable, verified code",yes: step-by-step,yes,yes: no external source,yes,yes: fast-moving topic or dated title,"yes: 6 unsourced salary, percentage or demand claims",likely: dated or fast-moving; not verified automatically,yes: opening shared with 49 other articles,yes: heading outline shared with 417 other articles,no: none in the body,none,partly: the body is template text with the title substituted,no,DEEP REWRITE,Template body: 100% of its phrasing is shared with 10+ articles; 0% is its own.,None. Queue order in BLOG_REWRITE_QUEUE.csv.,DEEP REWRITE,true,concept diagram,"One diagram that explains the central idea of ""How to Reduce LLM Hallucinations in Production"" — the parts and how they relate.",analyzed
85814e09-f73e-45b6-8687-c31556b4716f,how-transformers-changed-ai-attention-explained,How Transformers Changed AI: Attention Explained,generative-ai,how transformers changed ai,how transformers changed ai tutorial; how transformers changed ai explained; how to use how transformers changed ai,generative ai,concept and mental model; worked example; common mistakes; when not to use it,Generative AI; Transformers,derived from title and intent; no search-volume data,tutorial,"What is How Transformers Changed AI, and how does it work?",tutorial,educational / tutorial,how transformers changed ai,concept and mental model; worked example; common mistakes; when not to use it,Needs to understand and use How Transformers Changed AI,no: 100% of its phrasing is shared template text,"no: 690 words, 0% specific to the topic",100% boilerplate,yes: 0% unique phrasing,yes: ai-agents-guide-how-autonomous-agents-actually-work (1.00),,no: informational title,no: 0% unique phrasing,yes,optional,no,yes: step-by-step,yes,yes: no external source,yes,yes: fast-moving topic or dated title,"yes: 6 unsourced salary, percentage or demand claims",not verified automatically,yes: opening shared with 49 other articles,yes: heading outline shared with 417 other articles,no: none in the body,none,partly: the body is template text with the title substituted,no,DEEP REWRITE,Template body: 100% of its phrasing is shared with 10+ articles; 0% is its own.,None. Queue order in BLOG_REWRITE_QUEUE.csv.,DEEP REWRITE,true,concept diagram,"One diagram that explains the central idea of ""How Transformers Changed AI"" — the parts and how they relate.",analyzed
c46cf92e-84d8-4a2a-a1e8-1f7390d268b1,hugging-face-transformers-a-practical-getting-started-guide,Hugging Face Transformers: A Practical Getting-Started Guide,generative-ai,hugging face transformers,hugging face transformers tutorial; hugging face transformers explained; how to use hugging face transformers,generative ai,concept and mental model; worked example; common mistakes; when not to use it,Generative AI; Hugging Face; Transformers,derived from title and intent; no search-volume data,tutorial,"How does Hugging Face Transformers work, and how do I apply it in practice?",tutorial,educational / tutorial,hugging face transformers,concept and mental model; worked example; common mistakes; when not to use it,Needs to understand and use Hugging Face Transformers,no: 100% of its phrasing is shared template text,"no: 689 words, 0% specific to the topic",100% boilerplate,yes: 0% unique phrasing,yes: ai-agents-guide-how-autonomous-agents-actually-work (1.00),,no: informational title,no: 0% unique phrasing,yes,optional,no,yes: step-by-step,yes,yes: no external source,yes,yes: fast-moving topic or dated title,"yes: 6 unsourced salary, percentage or demand claims",not verified automatically,yes: opening shared with 49 other articles,yes: heading outline shared with 417 other articles,no: none in the body,none,partly: the body is template text with the title substituted,no,DEEP REWRITE,Template body: 100% of its phrasing is shared with 10+ articles; 0% is its own.,None. Queue order in BLOG_REWRITE_QUEUE.csv.,DEEP REWRITE,true,concept diagram,"One diagram that explains the central idea of ""Hugging Face Transformers"" — the parts and how they relate.",analyzed
42609781-0ed4-4d32-ba33-75bb19edaa6e,knowledge-graphs-and-rag-combining-structure-with-search,Knowledge Graphs and RAG: Combining Structure with Search,generative-ai,knowledge graphs and rag,knowledge graphs and rag tutorial; knowledge graphs and rag explained; how to use knowledge graphs and rag,generative ai,concept and mental model; worked example; common mistakes; when not to use it,Generative AI; RAG,derived from title and intent; no search-volume data,tutorial,"How does Knowledge Graphs and RAG work, and how do I apply it in practice?",tutorial,educational / tutorial,knowledge graphs and rag,concept and mental model; worked example; common mistakes; when not to use it,Needs to understand and use Knowledge Graphs and RAG,no: 100% of its phrasing is shared template text,"no: 692 words, 0% specific to the topic",100% boilerplate,yes: 0% unique phrasing,yes: ai-agents-guide-how-autonomous-agents-actually-work (1.00),,no: informational title,no: 0% unique phrasing,yes,optional,"yes: runnable, verified code",yes: step-by-step,yes,yes: no external source,yes,yes: fast-moving topic or dated title,"yes: 6 unsourced salary, percentage or demand claims",likely: dated or fast-moving; not verified automatically,yes: opening shared with 49 other articles,yes: heading outline shared with 417 other articles,no: none in the body,none,partly: the body is template text with the title substituted,no,DEEP REWRITE,Template body: 100% of its phrasing is shared with 10+ articles; 0% is its own.,None. Queue order in BLOG_REWRITE_QUEUE.csv.,DEEP REWRITE,true,architecture diagram,"Diagram of the components in ""Knowledge Graphs and RAG"" and how data or requests flow between them.",analyzed
9f745723-761c-4d15-a4c9-c633b10ad3c2,langchain-tutorial-build-your-first-llm-app,LangChain Tutorial: Build Your First LLM App,generative-ai,langchain tutorial,langchain explained; how to use langchain,generative ai; llm,concept and mental model; worked example; common mistakes; when not to use it,Generative AI; LangChain; LLM,derived from title and intent; no search-volume data,tutorial,"How does LangChain Tutorial work, and how do I apply it in practice?",tutorial,educational / tutorial,langchain tutorial,concept and mental model; worked example; common mistakes; when not to use it,Needs to understand and use LangChain,no: 100% of its phrasing is shared template text,"no: 687 words, 0% specific to the topic",100% boilerplate,yes: 0% unique phrasing,yes: ai-agents-guide-how-autonomous-agents-actually-work (1.00),,no: informational title,no: 0% unique phrasing,yes,optional,"yes: runnable, verified code",yes: step-by-step,yes,yes: no external source,yes,yes: fast-moving topic or dated title,"yes: 6 unsourced salary, percentage or demand claims",likely: dated or fast-moving; not verified automatically,yes: opening shared with 49 other articles,yes: heading outline shared with 417 other articles,no: none in the body,none,partly: the body is template text with the title substituted,no,DEEP REWRITE,Template body: 100% of its phrasing is shared with 10+ articles; 0% is its own.,None. Queue order in BLOG_REWRITE_QUEUE.csv.,DEEP REWRITE,true,concept diagram,"One diagram that explains the central idea of ""LangChain Tutorial"" — the parts and how they relate.",analyzed
c2a710dd-db6f-4119-b844-59bd08f77282,langgraph-tutorial-building-stateful-ai-agents,LangGraph Tutorial: Building Stateful AI Agents,generative-ai,langgraph tutorial,langgraph explained; how to use langgraph,generative ai,concept and mental model; worked example; common mistakes; when not to use it,Generative AI; LangGraph,derived from title and intent; no search-volume data,tutorial,"How does LangGraph Tutorial work, and how do I apply it in practice?",tutorial,educational / tutorial,langgraph tutorial,concept and mental model; worked example; common mistakes; when not to use it,Needs to understand and use LangGraph,no: 100% of its phrasing is shared template text,"no: 686 words, 0% specific to the topic",100% boilerplate,yes: 0% unique phrasing,yes: ai-agents-guide-how-autonomous-agents-actually-work (1.00),,no: informational title,no: 0% unique phrasing,yes,optional,"yes: runnable, verified code",yes: step-by-step,yes,yes: no external source,yes,yes: fast-moving topic or dated title,"yes: 6 unsourced salary, percentage or demand claims",likely: dated or fast-moving; not verified automatically,yes: opening shared with 49 other articles,yes: heading outline shared with 417 other articles,no: none in the body,none,partly: the body is template text with the title substituted,no,DEEP REWRITE,Template body: 100% of its phrasing is shared with 10+ articles; 0% is its own.,None. Queue order in BLOG_REWRITE_QUEUE.csv.,DEEP REWRITE,true,architecture diagram,"Diagram of the components in ""LangGraph Tutorial"" and how data or requests flow between them.",needs_review
febfa389-7f80-45fd-bde4-25b5ae7d0d6e,llamaindex-vs-langchain-which-framework-to-pick,LlamaIndex vs LangChain: Which Framework to Pick,generative-ai,llamaindex vs langchain,llamaindex vs langchain comparison; llamaindex vs langchain differences; llamaindex vs langchain which is better,generative ai,decision criteria; where each wins; migration or learning cost,Generative AI; LlamaIndex; LangChain,derived from title and intent; no search-volume data,comparison,"Should I use langchain or llamaindex, and in which situations does each one win?",comparison,comparison (commercial investigation),llamaindex vs langchain,decision criteria; where each wins; migration or learning cost,"Needs to choose between the options in ""LlamaIndex vs LangChain""",no: 99% of its phrasing is shared template text,"no: 484 words, 1% specific to the topic",99% boilerplate,yes: 1% unique phrasing,yes: fine-tuning-vs-rag-which-should-you-choose (0.99),,no: informational title,no: 1% unique phrasing,yes,has 1; check it is topic-specific,"yes: runnable, verified code",no,yes,yes: no external source,yes,yes: fast-moving topic or dated title,"yes: 3 unsourced salary, percentage or demand claims",likely: dated or fast-moving; not verified automatically,yes: opening shared with 49 other articles,no,no: none in the body,none,partly: the body is template text with the title substituted,no,DEEP REWRITE,Template body: 99% of its phrasing is shared with 10+ articles; 1% is its own.,None. Queue order in BLOG_REWRITE_QUEUE.csv.,DEEP REWRITE,true,comparison diagram,"Side-by-side diagram of where each option in ""LlamaIndex vs LangChain"" sits in a typical workflow, with the deciding differences labelled.",analyzed
20f9abf2-4641-4a3f-94cf-382079f3bd9c,lora-and-qlora-efficient-fine-tuning-explained,LoRA and QLoRA: Efficient Fine-Tuning Explained,generative-ai,lora and qlora,lora and qlora tutorial; lora and qlora explained; how to use lora and qlora,generative ai,concept and mental model; worked example; common mistakes; when not to use it,Generative AI,derived from title and intent; no search-volume data,tutorial,"What is LoRA and QLoRA, and how does it work?",tutorial,educational / tutorial,lora and qlora,concept and mental model; worked example; common mistakes; when not to use it,Needs to understand and use LoRA and QLoRA,no: 100% of its phrasing is shared template text,"no: 688 words, 0% specific to the topic",100% boilerplate,yes: 0% unique phrasing,yes: ai-agents-guide-how-autonomous-agents-actually-work (1.00),,no: informational title,no: 0% unique phrasing,yes,optional,no,yes: step-by-step,yes,yes: no external source,yes,yes: fast-moving topic or dated title,"yes: 6 unsourced salary, percentage or demand claims",not verified automatically,yes: opening shared with 49 other articles,yes: heading outline shared with 417 other articles,no: none in the body,none,partly: the body is template text with the title substituted,no,DEEP REWRITE,Template body: 100% of its phrasing is shared with 10+ articles; 0% is its own.,None. Queue order in BLOG_REWRITE_QUEUE.csv.,DEEP REWRITE,true,concept diagram,"One diagram that explains the central idea of ""LoRA and QLoRA"" — the parts and how they relate.",analyzed
dc6432a5-729c-4fca-b3ef-149ed2893472,model-context-protocol-mcp-explained-for-beginners,Model Context Protocol (MCP) Explained for Beginners,generative-ai,model context protocol (mcp) explained for beginners,model context protocol (mcp) for beginners tutorial; model context protocol (mcp) for beginners explained; how to use model context protocol (mcp) for beginners,generative ai,concept and mental model; worked example; common mistakes; when not to use it,Generative AI; MCP,derived from title and intent; no search-volume data,tutorial,"What is Model Context Protocol (MCP), and how does it work?",tutorial,educational / tutorial,model context protocol (mcp) explained for beginners,concept and mental model; worked example; common mistakes; when not to use it,Needs to understand and use Model Context Protocol (MCP) for Beginners,no: 100% of its phrasing is shared template text,"no: 697 words, 0% specific to the topic",100% boilerplate,yes: 0% unique phrasing,yes: ai-agents-guide-how-autonomous-agents-actually-work (1.00),,no: informational title,no: 0% unique phrasing,yes,optional,no,yes: step-by-step,yes,yes: no external source,yes,yes: fast-moving topic or dated title,"yes: 6 unsourced salary, percentage or demand claims",not verified automatically,yes: opening shared with 49 other articles,yes: heading outline shared with 417 other articles,no: none in the body,none,partly: the body is template text with the title substituted,no,DEEP REWRITE,Template body: 100% of its phrasing is shared with 10+ articles; 0% is its own.,None. Queue order in BLOG_REWRITE_QUEUE.csv.,DEEP REWRITE,true,concept diagram,"One diagram that explains the central idea of ""Model Context Protocol (MCP) Explained for Beginners"" — the parts and how they relate.",analyzed
4229a041-f228-47e3-b5ce-93e94a4df466,multimodal-ai-models-that-see-hear-and-speak,"Multimodal AI: Models That See, Hear and Speak",generative-ai,multimodal ai,multimodal ai tutorial; multimodal ai explained; how to use multimodal ai,generative ai,concept and mental model; worked example; common mistakes; when not to use it,Generative AI,derived from title and intent; no search-volume data,tutorial,"How does Multimodal AI work, and how do I apply it in practice?",tutorial,educational / tutorial,multimodal ai,concept and mental model; worked example; common mistakes; when not to use it,Needs to understand and use Multimodal AI,no: 100% of its phrasing is shared template text,"no: 688 words, 0% specific to the topic",100% boilerplate,yes: 0% unique phrasing,yes: ai-agents-guide-how-autonomous-agents-actually-work (1.00),,no: informational title,no: 0% unique phrasing,yes,optional,no,yes: step-by-step,yes,yes: no external source,yes,yes: fast-moving topic or dated title,"yes: 6 unsourced salary, percentage or demand claims",not verified automatically,yes: opening shared with 49 other articles,yes: heading outline shared with 417 other articles,no: none in the body,none,partly: the body is template text with the title substituted,no,DEEP REWRITE,Template body: 100% of its phrasing is shared with 10+ articles; 0% is its own.,None. Queue order in BLOG_REWRITE_QUEUE.csv.,DEEP REWRITE,true,concept diagram,"One diagram that explains the central idea of ""Multimodal AI"" — the parts and how they relate.",analyzed
168e48d7-4720-4d3a-81de-3e8e805905fd,ollama-tutorial-run-llms-locally-on-your-machine,Ollama Tutorial: Run LLMs Locally on Your Machine,generative-ai,ollama tutorial,ollama explained; how to use ollama,generative ai,concept and mental model; worked example; common mistakes; when not to use it,Generative AI; Ollama,derived from title and intent; no search-volume data,tutorial,"How does Ollama Tutorial work, and how do I apply it in practice?",tutorial,educational / tutorial,ollama tutorial,concept and mental model; worked example; common mistakes; when not to use it,Needs to understand and use Ollama,no: 100% of its phrasing is shared template text,"no: 688 words, 0% specific to the topic",100% boilerplate,yes: 0% unique phrasing,yes: ai-agents-guide-how-autonomous-agents-actually-work (1.00),,no: informational title,no: 0% unique phrasing,yes,optional,"yes: runnable, verified code",yes: step-by-step,yes,yes: no external source,yes,yes: fast-moving topic or dated title,"yes: 6 unsourced salary, percentage or demand claims",likely: dated or fast-moving; not verified automatically,yes: opening shared with 49 other articles,yes: heading outline shared with 417 other articles,no: none in the body,none,partly: the body is template text with the title substituted,no,DEEP REWRITE,Template body: 100% of its phrasing is shared with 10+ articles; 0% is its own.,None. Queue order in BLOG_REWRITE_QUEUE.csv.,DEEP REWRITE,true,concept diagram,"One diagram that explains the central idea of ""Ollama Tutorial"" — the parts and how they relate.",analyzed
9d55d0fa-b133-405e-ad2d-f3689df43731,open-source-llms-vs-closed-models-a-2026-comparison,Open-Source LLMs vs Closed Models: A 2026 Comparison,generative-ai,open-source llms vs closed models,open-source llms vs closed models comparison; open-source llms vs closed models differences; open-source llms vs closed models which is better,generative ai,decision criteria; where each wins; migration or learning cost,Generative AI,derived from title and intent; no search-volume data,comparison,"Should I use closed model or open-source llms, and in which situations does each one win?",comparison,comparison (commercial investigation),open-source llms vs closed models,decision criteria; where each wins; migration or learning cost,"Needs to choose between the options in ""Open-Source LLMs vs Closed Models""",no: 99% of its phrasing is shared template text,"no: 487 words, 1% specific to the topic",99% boilerplate,yes: 1% unique phrasing,yes: fine-tuning-vs-rag-which-should-you-choose (0.99),,no: informational title,no: 1% unique phrasing,yes,has 1; check it is topic-specific,"yes: runnable, verified code",no,yes,yes: no external source,yes,yes: fast-moving topic or dated title,"yes: 3 unsourced salary, percentage or demand claims",likely: dated or fast-moving; not verified automatically,yes: opening shared with 49 other articles,no,no: none in the body,none,partly: the body is template text with the title substituted,no,DEEP REWRITE,Template body: 99% of its phrasing is shared with 10+ articles; 1% is its own.,None. Queue order in BLOG_REWRITE_QUEUE.csv.,DEEP REWRITE,true,comparison diagram,"Side-by-side diagram of where each option in ""Open-Source LLMs vs Closed Models"" sits in a typical workflow, with the deciding differences labelled.",analyzed
24c38835-867c-4ff6-98c5-dd47ba77dcc8,prompt-engineering-techniques-that-actually-improve-output,Prompt Engineering: Techniques That Actually Improve Output,generative-ai,prompt engineering,prompt engineering tutorial; prompt engineering explained; how to use prompt engineering,generative ai,concept and mental model; worked example; common mistakes; when not to use it,Generative AI,derived from title and intent; no search-volume data,tutorial,"How does Prompt Engineering work, and how do I apply it in practice?",tutorial,educational / tutorial,prompt engineering,concept and mental model; worked example; common mistakes; when not to use it,Needs to understand and use Prompt Engineering,no: 99% of its phrasing is shared template text,"no: 687 words, 1% specific to the topic",99% boilerplate,yes: 1% unique phrasing,yes: ai-agents-guide-how-autonomous-agents-actually-work (0.98),,no: informational title,no: 1% unique phrasing,yes,optional,no,yes: step-by-step,yes,yes: no external source,yes,yes: fast-moving topic or dated title,"yes: 6 unsourced salary, percentage or demand claims",not verified automatically,yes: opening shared with 49 other articles,yes: heading outline shared with 417 other articles,no: none in the body,none,partly: the body is template text with the title substituted,no,DEEP REWRITE,Template body: 99% of its phrasing is shared with 10+ articles; 1% is its own.,None. Queue order in BLOG_REWRITE_QUEUE.csv.,DEEP REWRITE,true,concept diagram,"One diagram that explains the central idea of ""Prompt Engineering"" — the parts and how they relate.",analyzed
760a1f1f-962f-4426-a4db-1582af0025f4,prompt-injection-and-llm-security-what-you-need-to-know,Prompt Injection and LLM Security: What You Need to Know,generative-ai,prompt injection and llm security,prompt injection and llm security tutorial; prompt injection and llm security explained; how to use prompt injection and llm security,generative ai,concept and mental model; worked example; common mistakes; when not to use it,Generative AI; LLM,derived from title and intent; no search-volume data,tutorial,"How does Prompt Injection and LLM Security work, and how do I apply it in practice?",tutorial,educational / tutorial,prompt injection and llm security,concept and mental model; worked example; common mistakes; when not to use it,Needs to understand and use Prompt Injection and LLM Security,no: 100% of its phrasing is shared template text,"no: 696 words, 0% specific to the topic",100% boilerplate,yes: 0% unique phrasing,yes: ai-agents-guide-how-autonomous-agents-actually-work (1.00),,no: informational title,no: 0% unique phrasing,yes,optional,"yes: runnable, verified code",yes: step-by-step,yes,yes: no external source,yes,yes: fast-moving topic or dated title,"yes: 6 unsourced salary, percentage or demand claims",likely: dated or fast-moving; not verified automatically,yes: opening shared with 49 other articles,yes: heading outline shared with 417 other articles,no: none in the body,none,partly: the body is template text with the title substituted,no,DEEP REWRITE,Template body: 100% of its phrasing is shared with 10+ articles; 0% is its own.,None. Queue order in BLOG_REWRITE_QUEUE.csv.,DEEP REWRITE,true,concept diagram,"One diagram that explains the central idea of ""Prompt Injection and LLM Security"" — the parts and how they relate.",needs_review
5130f2dc-04fe-4df6-9d5c-db309461c983,prompt-templates-and-versioning-managing-prompts-at-scale,Prompt Templates and Versioning: Managing Prompts at Scale,generative-ai,prompt templates and versioning,prompt templates and versioning tutorial; prompt templates and versioning explained; how to use prompt templates and versioning,generative ai,concept and mental model; worked example; common mistakes; when not to use it,Generative AI,derived from title and intent; no search-volume data,tutorial,"How does Prompt Templates and Versioning work, and how do I apply it in practice?",tutorial,educational / tutorial,prompt templates and versioning,concept and mental model; worked example; common mistakes; when not to use it,Needs to understand and use Prompt Templates and Versioning,no: 100% of its phrasing is shared template text,"no: 692 words, 0% specific to the topic",100% boilerplate,yes: 0% unique phrasing,yes: ai-agents-guide-how-autonomous-agents-actually-work (1.00),,no: informational title,no: 0% unique phrasing,yes,optional,no,yes: step-by-step,yes,yes: no external source,yes,yes: fast-moving topic or dated title,"yes: 6 unsourced salary, percentage or demand claims",not verified automatically,yes: opening shared with 49 other articles,yes: heading outline shared with 417 other articles,no: none in the body,none,partly: the body is template text with the title substituted,no,DEEP REWRITE,Template body: 100% of its phrasing is shared with 10+ articles; 0% is its own.,None. Queue order in BLOG_REWRITE_QUEUE.csv.,DEEP REWRITE,true,concept diagram,"One diagram that explains the central idea of ""Prompt Templates and Versioning"" — the parts and how they relate.",analyzed
7c809a1c-1807-44a9-9e31-cadcefc8342b,rag-architecture-explained-retrieval-augmented-generation,RAG Architecture Explained: Retrieval-Augmented Generation,generative-ai,rag architecture explained,rag architecture tutorial; how to use rag architecture,generative ai,concept and mental model; worked example; common mistakes; when not to use it,Generative AI; RAG,derived from title and intent; no search-volume data,tutorial,"What is RAG Architecture, and how does it work?",tutorial,educational / tutorial,rag architecture explained,concept and mental model; worked example; common mistakes; when not to use it,Needs to understand and use RAG Architecture,no: 100% of its phrasing is shared template text,"no: 687 words, 0% specific to the topic",100% boilerplate,yes: 0% unique phrasing,yes: ai-agents-guide-how-autonomous-agents-actually-work (1.00),,no: informational title,no: 0% unique phrasing,yes,optional,"yes: runnable, verified code",yes: step-by-step,yes,yes: no external source,yes,yes: fast-moving topic or dated title,"yes: 6 unsourced salary, percentage or demand claims",likely: dated or fast-moving; not verified automatically,yes: opening shared with 49 other articles,yes: heading outline shared with 417 other articles,no: none in the body,none,partly: the body is template text with the title substituted,no,DEEP REWRITE,Template body: 100% of its phrasing is shared with 10+ articles; 0% is its own.,None. Queue order in BLOG_REWRITE_QUEUE.csv.,DEEP REWRITE,true,architecture diagram,"Diagram of the components in ""RAG Architecture Explained"" and how data or requests flow between them.",analyzed
4593aa92-6902-4d4a-aed6-443838ad5b01,retrieval-evaluation-measuring-rag-quality,Retrieval Evaluation: Measuring RAG Quality,generative-ai,retrieval evaluation,retrieval evaluation tutorial; retrieval evaluation explained; how to use retrieval evaluation,generative ai; rag,concept and mental model; worked example; common mistakes; when not to use it,Generative AI; RAG,derived from title and intent; no search-volume data,tutorial,"How does Retrieval Evaluation work, and how do I apply it in practice?",tutorial,educational / tutorial,retrieval evaluation,concept and mental model; worked example; common mistakes; when not to use it,Needs to understand and use Retrieval Evaluation,no: 100% of its phrasing is shared template text,"no: 685 words, 0% specific to the topic",100% boilerplate,yes: 0% unique phrasing,yes: ai-agents-guide-how-autonomous-agents-actually-work (1.00),,no: informational title,no: 0% unique phrasing,yes,optional,"yes: runnable, verified code",yes: step-by-step,yes,yes: no external source,yes,yes: fast-moving topic or dated title,"yes: 6 unsourced salary, percentage or demand claims",likely: dated or fast-moving; not verified automatically,yes: opening shared with 49 other articles,yes: heading outline shared with 417 other articles,no: none in the body,none,partly: the body is template text with the title substituted,no,DEEP REWRITE,Template body: 100% of its phrasing is shared with 10+ articles; 0% is its own.,None. Queue order in BLOG_REWRITE_QUEUE.csv.,DEEP REWRITE,true,architecture diagram,"Diagram of the components in ""Retrieval Evaluation"" and how data or requests flow between them.",analyzed
c777ccaa-54e0-4b68-9360-3d8cc77ba425,semantic-search-vs-keyword-search-what-changed-with-ai,Semantic Search vs Keyword Search: What Changed with AI,generative-ai,semantic search vs keyword search,semantic search vs keyword search comparison; semantic search vs keyword search differences; semantic search vs keyword search which is better,generative ai,decision criteria; where each wins; migration or learning cost,Generative AI,derived from title and intent; no search-volume data,comparison,"Should I use keyword search or semantic search, and in which situations does each one win?",comparison,comparison (commercial investigation),semantic search vs keyword search,decision criteria; where each wins; migration or learning cost,"Needs to choose between the options in ""Semantic Search vs Keyword Search""",no: 99% of its phrasing is shared template text,"no: 488 words, 1% specific to the topic",99% boilerplate,yes: 1% unique phrasing,yes: fine-tuning-vs-rag-which-should-you-choose (0.99),,no: informational title,no: 1% unique phrasing,yes,has 1; check it is topic-specific,no,no,yes,yes: no external source,yes,yes: fast-moving topic or dated title,"yes: 3 unsourced salary, percentage or demand claims",not verified automatically,yes: opening shared with 49 other articles,no,no: none in the body,none,partly: the body is template text with the title substituted,no,DEEP REWRITE,Template body: 99% of its phrasing is shared with 10+ articles; 1% is its own.,None. Queue order in BLOG_REWRITE_QUEUE.csv.,DEEP REWRITE,true,comparison diagram,"Side-by-side diagram of where each option in ""Semantic Search vs Keyword Search"" sits in a typical workflow, with the deciding differences labelled.",analyzed
e3689580-16df-46ba-91f5-4bb6fdf25da5,speech-to-text-and-text-to-speech-with-modern-ai,Speech-to-Text and Text-to-Speech with Modern AI,generative-ai,speech-to-text and text-to-speech with modern ai,speech-to-text and text-to-speech with modern ai tutorial; speech-to-text and text-to-speech with modern ai explained; how to use speech-to-text and text-to-speech with modern ai,generative ai,concept and mental model; worked example; common mistakes; when not to use it,Generative AI,derived from title and intent; no search-volume data,tutorial,"How does Speech-to-Text and Text-to-Speech with Modern AI work, and how do I apply it in practice?",tutorial,educational / tutorial,speech-to-text and text-to-speech with modern ai,concept and mental model; worked example; common mistakes; when not to use it,Needs to understand and use Speech-to-Text and Text-to-Speech with Modern AI,no: 100% of its phrasing is shared template text,"no: 694 words, 0% specific to the topic",100% boilerplate,yes: 0% unique phrasing,yes: ai-agents-guide-how-autonomous-agents-actually-work (1.00),,no: informational title,no: 0% unique phrasing,yes,optional,no,yes: step-by-step,yes,yes: no external source,yes,yes: fast-moving topic or dated title,"yes: 6 unsourced salary, percentage or demand claims",not verified automatically,yes: opening shared with 49 other articles,yes: heading outline shared with 417 other articles,no: none in the body,none,partly: the body is template text with the title substituted,no,DEEP REWRITE,Template body: 100% of its phrasing is shared with 10+ articles; 0% is its own.,None. Queue order in BLOG_REWRITE_QUEUE.csv.,DEEP REWRITE,true,concept diagram,"One diagram that explains the central idea of ""Speech-to-Text and Text-to-Speech with Modern AI"" — the parts and how they relate.",analyzed
18c24a13-bca9-454e-ae35-d9792cff2e40,synthetic-data-generation-with-llms-a-practical-guide,Synthetic Data Generation with LLMs: A Practical Guide,generative-ai,synthetic data generation with llms,synthetic data generation with llms tutorial; synthetic data generation with llms explained; how to use synthetic data generation with llms,generative ai,concept and mental model; worked example; common mistakes; when not to use it,Generative AI,derived from title and intent; no search-volume data,tutorial,"How does Synthetic Data Generation with LLMs work, and how do I apply it in practice?",tutorial,educational / tutorial,synthetic data generation with llms,concept and mental model; worked example; common mistakes; when not to use it,Needs to understand and use Synthetic Data Generation with LLMs,no: 100% of its phrasing is shared template text,"no: 694 words, 0% specific to the topic",100% boilerplate,yes: 0% unique phrasing,yes: ai-agents-guide-how-autonomous-agents-actually-work (1.00),,no: informational title,no: 0% unique phrasing,yes,optional,"yes: runnable, verified code",yes: step-by-step,yes,yes: no external source,yes,yes: fast-moving topic or dated title,"yes: 6 unsourced salary, percentage or demand claims",likely: dated or fast-moving; not verified automatically,yes: opening shared with 49 other articles,yes: heading outline shared with 417 other articles,no: none in the body,none,partly: the body is template text with the title substituted,no,DEEP REWRITE,Template body: 100% of its phrasing is shared with 10+ articles; 0% is its own.,None. Queue order in BLOG_REWRITE_QUEUE.csv.,DEEP REWRITE,true,concept diagram,"One diagram that explains the central idea of ""Synthetic Data Generation with LLMs"" — the parts and how they relate.",analyzed
e674e833-75fd-4a74-9f3a-1cd17454afce,tokenization-in-llms-why-it-matters-more-than-you-think,Tokenization in LLMs: Why It Matters More Than You Think,generative-ai,tokenization in llms,tokenization in llms tutorial; tokenization in llms explained; how to use tokenization in llms,generative ai,concept and mental model; worked example; common mistakes; when not to use it,Generative AI,derived from title and intent; no search-volume data,tutorial,"How does Tokenization in LLMs work, and how do I apply it in practice?",tutorial,educational / tutorial,tokenization in llms,concept and mental model; worked example; common mistakes; when not to use it,Needs to understand and use Tokenization in LLMs,no: 100% of its phrasing is shared template text,"no: 692 words, 0% specific to the topic",100% boilerplate,yes: 0% unique phrasing,yes: ai-agents-guide-how-autonomous-agents-actually-work (1.00),,no: informational title,no: 0% unique phrasing,yes,optional,"yes: runnable, verified code",yes: step-by-step,yes,yes: no external source,yes,yes: fast-moving topic or dated title,"yes: 6 unsourced salary, percentage or demand claims",likely: dated or fast-moving; not verified automatically,yes: opening shared with 49 other articles,yes: heading outline shared with 417 other articles,no: none in the body,none,partly: the body is template text with the title substituted,no,DEEP REWRITE,Template body: 100% of its phrasing is shared with 10+ articles; 0% is its own.,None. Queue order in BLOG_REWRITE_QUEUE.csv.,DEEP REWRITE,true,concept diagram,"One diagram that explains the central idea of ""Tokenization in LLMs"" — the parts and how they relate.",analyzed
539d8b10-b2b4-4f45-921c-df1bca3a0737,top-generative-ai-projects-to-build-for-your-portfolio,Top Generative AI Projects to Build for Your Portfolio,generative-ai,top generative ai projects to build for your portfolio,top generative ai to build for your portfolio project ideas; top generative ai to build for your portfolio projects for beginners; top generative ai to build for your portfolio portfolio,,project list by skill; datasets; deliverables; how to present,Generative AI,derived from title and intent; no search-volume data,project,"Which Top Generative AI to Build for Your Portfolio projects show employers real skill, and how do I build them?",project,project,top generative ai projects to build for your portfolio,project list by skill; datasets; deliverables; how to present,Needs portfolio projects that prove Top Generative AI to Build for Your Portfolio skill,no: 99% of its phrasing is shared template text,"no: 586 words, 1% specific to the topic",99% boilerplate,yes: 1% unique phrasing,no: nearest data-science-projects-for-freshers-12-ideas-with-datasets (0.69),,no: informational title,no: 1% unique phrasing,yes,yes,no,yes: step-by-step,yes,yes: no external source,yes,yes: fast-moving topic or dated title,"yes: 3 unsourced salary, percentage or demand claims",likely: dated or fast-moving; not verified automatically,yes: opening shared with 49 other articles,yes: heading outline shared with 16 other articles,no: none in the body,none,partly: the body is template text with the title substituted,no,DEEP REWRITE,Template body: 99% of its phrasing is shared with 10+ articles; 1% is its own.,None. Queue order in BLOG_REWRITE_QUEUE.csv.,DEEP REWRITE,true,architecture diagram,"Architecture sketch of one project from ""Top Generative AI Projects to Build for Your Portfolio"": data source, processing steps, output.",analyzed
eff04529-9a02-4bf9-9563-a4af242cf1ed,top-generative-ai-tools-every-developer-should-know-in-2026,Top Generative AI Tools Every Developer Should Know in 2026,generative-ai,top generative ai tools every developer should know in,top generative ai tools every developer should know tutorial; top generative ai tools every developer should know explained; how to use top generative ai tools every developer should know,,concept and mental model; worked example; common mistakes; when not to use it,Generative AI,derived from title and intent; no search-volume data,tutorial,"How does Top Generative AI Tools Every Developer Should Know in work, and how do I apply it in practice?",tutorial,educational / tutorial,top generative ai tools every developer should know in,concept and mental model; worked example; common mistakes; when not to use it,Needs to understand and use Top Generative AI Tools Every Developer Should Know,no: 100% of its phrasing is shared template text,"no: 706 words, 0% specific to the topic",100% boilerplate,yes: 0% unique phrasing,yes: ai-agents-guide-how-autonomous-agents-actually-work (1.00),,no: informational title,no: 0% unique phrasing,yes,optional,no,yes: step-by-step,yes,yes: no external source,yes,yes: fast-moving topic or dated title,"yes: 6 unsourced salary, percentage or demand claims",likely: dated or fast-moving; not verified automatically,yes: opening shared with 49 other articles,yes: heading outline shared with 417 other articles,no: none in the body,none,partly: the body is template text with the title substituted,no,DEEP REWRITE,Template body: 100% of its phrasing is shared with 10+ articles; 0% is its own.,None. Queue order in BLOG_REWRITE_QUEUE.csv.,DEEP REWRITE,true,concept diagram,"One diagram that explains the central idea of ""Top Generative AI Tools Every Developer Should Know in 2026"" — the parts and how they relate.",analyzed
3674820c-7224-4543-8958-ca92108595d1,vector-databases-explained-pinecone-faiss-and-chromadb,"Vector Databases Explained: Pinecone, FAISS and ChromaDB",generative-ai,vector databases explained,vector databases tutorial; how to use vector databases,generative ai,concept and mental model; worked example; common mistakes; when not to use it,Generative AI,derived from title and intent; no search-volume data,tutorial,"What is Vector Databases, and how does it work?",tutorial,educational / tutorial,vector databases explained,concept and mental model; worked example; common mistakes; when not to use it,Needs to understand and use Vector Databases,no: 100% of its phrasing is shared template text,"no: 689 words, 0% specific to the topic",100% boilerplate,yes: 0% unique phrasing,yes: ai-agents-guide-how-autonomous-agents-actually-work (1.00),,no: informational title,no: 0% unique phrasing,yes,optional,no,yes: step-by-step,yes,yes: no external source,yes,yes: fast-moving topic or dated title,"yes: 6 unsourced salary, percentage or demand claims",not verified automatically,yes: opening shared with 49 other articles,yes: heading outline shared with 417 other articles,no: none in the body,none,partly: the body is template text with the title substituted,no,DEEP REWRITE,Template body: 100% of its phrasing is shared with 10+ articles; 0% is its own.,None. Queue order in BLOG_REWRITE_QUEUE.csv.,DEEP REWRITE,true,concept diagram,"One diagram that explains the central idea of ""Vector Databases Explained"" — the parts and how they relate.",analyzed
94cd98f5-f32b-456a-bf7b-934283d95244,vllm-and-model-serving-scaling-llm-inference,vLLM and Model Serving: Scaling LLM Inference,generative-ai,vllm and model serving,vllm and model serving tutorial; vllm and model serving explained; how to use vllm and model serving,generative ai,concept and mental model; worked example; common mistakes; when not to use it,Generative AI; vLLM; LLM,derived from title and intent; no search-volume data,tutorial,"How does vLLM and Model Serving work, and how do I apply it in practice?",tutorial,educational / tutorial,vllm and model serving,concept and mental model; worked example; common mistakes; when not to use it,Needs to understand and use vLLM and Model Serving,no: 100% of its phrasing is shared template text,"no: 691 words, 0% specific to the topic",100% boilerplate,yes: 0% unique phrasing,yes: ai-agents-guide-how-autonomous-agents-actually-work (1.00),,no: informational title,no: 0% unique phrasing,yes,optional,"yes: runnable, verified code",yes: step-by-step,yes,yes: no external source,yes,yes: fast-moving topic or dated title,"yes: 6 unsourced salary, percentage or demand claims",likely: dated or fast-moving; not verified automatically,yes: opening shared with 49 other articles,yes: heading outline shared with 417 other articles,no: none in the body,none,partly: the body is template text with the title substituted,no,DEEP REWRITE,Template body: 100% of its phrasing is shared with 10+ articles; 0% is its own.,None. Queue order in BLOG_REWRITE_QUEUE.csv.,DEEP REWRITE,true,architecture diagram,"Diagram of the components in ""vLLM and Model Serving"" and how data or requests flow between them.",analyzed
d8136654-8ef6-4165-adbb-e7ef90167d60,what-is-generative-ai-a-complete-beginner-s-guide,What Is Generative AI? A Complete Beginner's Guide,generative-ai,what is generative ai,what is generative ai? a complete beginner's guide meaning; what is generative ai? a complete beginner's guide examples; what is generative ai? a complete beginner's guide for beginners,,definition; how it works; uses; limitations,Generative AI,derived from title and intent; no search-volume data,informational,What Is Generative AI? A Complete Beginner's Guide?,informational,informational,what is generative ai,definition; how it works; uses; limitations,Needs a clear explanation of What Is Generative AI? A Complete Beginner's Guide,no: 76% of its phrasing is shared template text,"no: 489 words, 6% specific to the topic",76% boilerplate,yes: 6% unique phrasing,no: nearest what-is-mlops-devops-for-machine-learning-explained (0.63),,no: informational title,no: 6% unique phrasing,yes,optional,no,no,yes,yes: no external source,yes,yes: fast-moving topic or dated title,"yes: 3 unsourced salary, percentage or demand claims",likely: dated or fast-moving; not verified automatically,yes: opening shared with 49 other articles,no,no: none in the body,none,partly: the body is template text with the title substituted,no,DEEP REWRITE,Template body: 76% of its phrasing is shared with 10+ articles; 6% is its own.,None. Queue order in BLOG_REWRITE_QUEUE.csv.,DEEP REWRITE,true,concept diagram,"One diagram that explains the central idea of ""What Is Generative AI? A Complete Beginner's Guide"" — the parts and how they relate.",needs_review
2e06b1e7-1562-4bb8-8eb5-56f7aba5c4a9,airflow-interview-questions-for-data-engineers,Airflow Interview Questions for Data Engineers,interview-questions,airflow interview questions for data engineers,airflow for data engineers interview questions and answers; airflow for data engineers interview questions for freshers; airflow for data engineers scenario based questions,,core concepts; scenario questions; follow-up questions; common wrong answers,Airflow,derived from title and intent; no search-volume data,interview,"What does an interviewer ask about Airflow for Data Engineers, and what does a strong answer contain?",interview,interview preparation,airflow interview questions for data engineers,core concepts; scenario questions; follow-up questions; common wrong answers,Needs to prepare for interview questions on Airflow for Data Engineers,no: 100% of its phrasing is shared template text,"no: 517 words, 0% specific to the topic",100% boilerplate,yes: 0% unique phrasing,yes: azure-data-factory-adf-interview-questions (1.00),,no: informational title,no: 0% unique phrasing,yes,yes,"yes: runnable, verified code",no,no,yes: no external source,yes,verify on rewrite,"yes: 3 unsourced salary, percentage or demand claims",not verified automatically,yes: opening shared with 48 other articles,no,no: none in the body,none,partly: the body is template text with the title substituted,no,DEEP REWRITE,Template body: 100% of its phrasing is shared with 10+ articles; 0% is its own.,None. Queue order in BLOG_REWRITE_QUEUE.csv.,DEEP REWRITE,false,none,No image needed; the value is in the questions and answers. Optional: one diagram for the hardest concept explained.,analyzed
91ec07f1-35b5-4283-985c-68c07bbdbad1,apache-spark-interview-questions-and-answers,Apache Spark Interview Questions and Answers,interview-questions,apache spark interview questions and answers,apache spark interview questions for freshers; apache spark scenario based questions,,core concepts; scenario questions; follow-up questions; common wrong answers,Apache Spark; Spark,derived from title and intent; no search-volume data,interview,"What does an interviewer ask about Apache Spark, and what does a strong answer contain?",interview,interview preparation,apache spark interview questions and answers,core concepts; scenario questions; follow-up questions; common wrong answers,Needs to prepare for interview questions on Apache Spark,no: 100% of its phrasing is shared template text,"no: 517 words, 0% specific to the topic",100% boilerplate,yes: 0% unique phrasing,yes: azure-data-factory-adf-interview-questions (1.00),,no: informational title,no: 0% unique phrasing,yes,yes,"yes: runnable, verified code",no,no,yes: no external source,yes,verify on rewrite,"yes: 3 unsourced salary, percentage or demand claims",not verified automatically,yes: opening shared with 48 other articles,no,no: none in the body,none,partly: the body is template text with the title substituted,no,DEEP REWRITE,Template body: 100% of its phrasing is shared with 10+ articles; 0% is its own.,None. Queue order in BLOG_REWRITE_QUEUE.csv.,DEEP REWRITE,false,none,No image needed; the value is in the questions and answers. Optional: one diagram for the hardest concept explained.,analyzed
fb36b6b8-8d57-43ad-a1c6-1961da1d47d3,aws-interview-questions-for-data-engineers,AWS Interview Questions for Data Engineers,interview-questions,aws interview questions for data engineers,aws for data engineers interview questions and answers; aws for data engineers interview questions for freshers; aws for data engineers scenario based questions,,core concepts; scenario questions; follow-up questions; common wrong answers,AWS,derived from title and intent; no search-volume data,interview,"What does an interviewer ask about AWS for Data Engineers, and what does a strong answer contain?",interview,interview preparation,aws interview questions for data engineers,core concepts; scenario questions; follow-up questions; common wrong answers,Needs to prepare for interview questions on AWS for Data Engineers,no: 100% of its phrasing is shared template text,"no: 517 words, 0% specific to the topic",100% boilerplate,yes: 0% unique phrasing,yes: azure-data-factory-adf-interview-questions (1.00),,no: informational title,no: 0% unique phrasing,yes,yes,no,no,no,yes: no external source,yes,verify on rewrite,"yes: 3 unsourced salary, percentage or demand claims",not verified automatically,yes: opening shared with 48 other articles,no,no: none in the body,none,partly: the body is template text with the title substituted,no,DEEP REWRITE,Template body: 100% of its phrasing is shared with 10+ articles; 0% is its own.,None. Queue order in BLOG_REWRITE_QUEUE.csv.,DEEP REWRITE,false,none,No image needed; the value is in the questions and answers. Optional: one diagram for the hardest concept explained.,needs_review
e96ec2d8-45ed-48de-b9ea-ffd1e5e1c3fd,azure-data-factory-adf-interview-questions,Azure Data Factory (ADF) Interview Questions,interview-questions,azure data factory (adf) interview questions,azure data factory (adf) interview questions and answers; azure data factory (adf) interview questions for freshers; azure data factory (adf) scenario based questions,,core concepts; scenario questions; follow-up questions; common wrong answers,Azure Data Factory; Azure,derived from title and intent; no search-volume data,interview,"What does an interviewer ask about Azure Data Factory (ADF), and what does a strong answer contain?",interview,interview preparation,azure data factory (adf) interview questions,core concepts; scenario questions; follow-up questions; common wrong answers,Needs to prepare for interview questions on Azure Data Factory (ADF),no: 100% of its phrasing is shared template text,"no: 517 words, 0% specific to the topic",100% boilerplate,yes: 0% unique phrasing,yes: feature-engineering-interview-questions (1.00),azure-data-factory-roadmap-2026-a-complete-guide,no: informational title,no: 0% unique phrasing,yes,yes,no,no,no,yes: no external source,yes,verify on rewrite,"yes: 3 unsourced salary, percentage or demand claims",not verified automatically,yes: opening shared with 48 other articles,yes: heading outline shared with 10 other articles,no: none in the body,none,partly: the body is template text with the title substituted,no,MERGE,Phase 3: Same rule as the Power BI pair: the Azure Data Factory category copy owns it; the interview-questions bucket copy is the merge candidate.,"Search Console check, then 301 to the owner.",MERGE,false,none,No image needed; the value is in the questions and answers. Optional: one diagram for the hardest concept explained.,merge_candidate
72c3f650-0df8-4772-bd7f-f750cdab4341,azure-interview-questions-for-data-engineers,Azure Interview Questions for Data Engineers,interview-questions,azure interview questions for data engineers,azure for data engineers interview questions and answers; azure for data engineers interview questions for freshers; azure for data engineers scenario based questions,,core concepts; scenario questions; follow-up questions; common wrong answers,Azure,derived from title and intent; no search-volume data,interview,"What does an interviewer ask about Azure for Data Engineers, and what does a strong answer contain?",interview,interview preparation,azure interview questions for data engineers,core concepts; scenario questions; follow-up questions; common wrong answers,Needs to prepare for interview questions on Azure for Data Engineers,no: 100% of its phrasing is shared template text,"no: 517 words, 0% specific to the topic",100% boilerplate,yes: 0% unique phrasing,yes: azure-data-factory-adf-interview-questions (1.00),,no: informational title,no: 0% unique phrasing,yes,yes,no,no,no,yes: no external source,yes,verify on rewrite,"yes: 3 unsourced salary, percentage or demand claims",not verified automatically,yes: opening shared with 48 other articles,no,no: none in the body,none,partly: the body is template text with the title substituted,no,DEEP REWRITE,Template body: 100% of its phrasing is shared with 10+ articles; 0% is its own.,None. Queue order in BLOG_REWRITE_QUEUE.csv.,DEEP REWRITE,false,none,No image needed; the value is in the questions and answers. Optional: one diagram for the hardest concept explained.,analyzed
33b74348-521e-4edd-8dd4-a36b7b482ae2,behavioral-interview-questions-for-data-roles,Behavioral Interview Questions for Data Roles,interview-questions,behavioral interview questions for data roles,behavioral for data roles interview questions and answers; behavioral for data roles interview questions for freshers; behavioral for data roles scenario based questions,,core concepts; scenario questions; follow-up questions; common wrong answers,,derived from title and intent; no search-volume data,interview,"What does an interviewer ask about Behavioral for Data Roles, and what does a strong answer contain?",interview,interview preparation,behavioral interview questions for data roles,core concepts; scenario questions; follow-up questions; common wrong answers,Needs to prepare for interview questions on Behavioral for Data Roles,no: 100% of its phrasing is shared template text,"no: 517 words, 0% specific to the topic",100% boilerplate,yes: 0% unique phrasing,yes: azure-data-factory-adf-interview-questions (1.00),,no: informational title,no: 0% unique phrasing,yes,yes,no,no,no,yes: no external source,yes,verify on rewrite,"yes: 3 unsourced salary, percentage or demand claims",not verified automatically,yes: opening shared with 48 other articles,no,no: none in the body,none,partly: the body is template text with the title substituted,no,DEEP REWRITE,Template body: 100% of its phrasing is shared with 10+ articles; 0% is its own.,None. Queue order in BLOG_REWRITE_QUEUE.csv.,DEEP REWRITE,false,none,No image needed; the value is in the questions and answers. Optional: one diagram for the hardest concept explained.,analyzed
2ea9a851-4aa0-4556-98b2-7fde44c6c725,bigquery-interview-questions-and-answers,BigQuery Interview Questions and Answers,interview-questions,bigquery interview questions and answers,bigquery interview questions for freshers; bigquery scenario based questions,,core concepts; scenario questions; follow-up questions; common wrong answers,BigQuery,derived from title and intent; no search-volume data,interview,"What does an interviewer ask about BigQuery, and what does a strong answer contain?",interview,interview preparation,bigquery interview questions and answers,core concepts; scenario questions; follow-up questions; common wrong answers,Needs to prepare for interview questions on BigQuery,no: 100% of its phrasing is shared template text,"no: 515 words, 0% specific to the topic",100% boilerplate,yes: 0% unique phrasing,yes: azure-data-factory-adf-interview-questions (1.00),,no: informational title,no: 0% unique phrasing,yes,yes,"yes: runnable, verified code",no,no,yes: no external source,yes,verify on rewrite,"yes: 3 unsourced salary, percentage or demand claims",not verified automatically,yes: opening shared with 48 other articles,no,no: none in the body,none,partly: the body is template text with the title substituted,no,DEEP REWRITE,Template body: 100% of its phrasing is shared with 10+ articles; 0% is its own.,None. Queue order in BLOG_REWRITE_QUEUE.csv.,DEEP REWRITE,false,none,No image needed; the value is in the questions and answers. Optional: one diagram for the hardest concept explained.,analyzed
f969569b-56de-47e2-8a5f-d3f4da8de529,computer-vision-interview-questions-and-answers,Computer Vision Interview Questions and Answers,interview-questions,computer vision interview questions and answers,computer vision interview questions for freshers; computer vision scenario based questions,,core concepts; scenario questions; follow-up questions; common wrong answers,Computer Vision,derived from title and intent; no search-volume data,interview,"What does an interviewer ask about Computer Vision, and what does a strong answer contain?",interview,interview preparation,computer vision interview questions and answers,core concepts; scenario questions; follow-up questions; common wrong answers,Needs to prepare for interview questions on Computer Vision,no: 100% of its phrasing is shared template text,"no: 517 words, 0% specific to the topic",100% boilerplate,yes: 0% unique phrasing,yes: azure-data-factory-adf-interview-questions (1.00),,no: informational title,no: 0% unique phrasing,yes,yes,no,no,no,yes: no external source,yes,verify on rewrite,"yes: 3 unsourced salary, percentage or demand claims",not verified automatically,yes: opening shared with 48 other articles,no,no: none in the body,none,partly: the body is template text with the title substituted,no,DEEP REWRITE,Template body: 100% of its phrasing is shared with 10+ articles; 0% is its own.,None. Queue order in BLOG_REWRITE_QUEUE.csv.,DEEP REWRITE,false,none,No image needed; the value is in the questions and answers. Optional: one diagram for the hardest concept explained.,analyzed
28258a22-d9d9-4d6a-8268-84a950122a18,data-analyst-interview-questions-and-answers,Data Analyst Interview Questions and Answers,interview-questions,data analyst interview questions and answers,data analyst interview questions for freshers; data analyst scenario based questions,,core concepts; scenario questions; follow-up questions; common wrong answers,,derived from title and intent; no search-volume data,interview,"What does an interviewer ask about Data Analyst, and what does a strong answer contain?",interview,interview preparation,data analyst interview questions and answers,core concepts; scenario questions; follow-up questions; common wrong answers,Needs to prepare for interview questions on Data Analyst,no: 100% of its phrasing is shared template text,"no: 517 words, 0% specific to the topic",100% boilerplate,yes: 0% unique phrasing,yes: azure-data-factory-adf-interview-questions (1.00),,no: informational title,no: 0% unique phrasing,yes,yes,no,no,no,yes: no external source,yes,verify on rewrite,"yes: 3 unsourced salary, percentage or demand claims",not verified automatically,yes: opening shared with 48 other articles,no,no: none in the body,none,partly: the body is template text with the title substituted,no,DEEP REWRITE,Template body: 100% of its phrasing is shared with 10+ articles; 0% is its own.,None. Queue order in BLOG_REWRITE_QUEUE.csv.,DEEP REWRITE,false,none,No image needed; the value is in the questions and answers. Optional: one diagram for the hardest concept explained.,analyzed
d378de89-5a04-49e3-beb5-faca70d91481,data-engineering-interview-questions-and-answers,Data Engineering Interview Questions and Answers,interview-questions,data engineering interview questions and answers,data engineering interview questions for freshers; data engineering scenario based questions,,core concepts; scenario questions; follow-up questions; common wrong answers,,derived from title and intent; no search-volume data,interview,"What does an interviewer ask about Data Engineering, and what does a strong answer contain?",interview,interview preparation,data engineering interview questions and answers,core concepts; scenario questions; follow-up questions; common wrong answers,Needs to prepare for interview questions on Data Engineering,no: 100% of its phrasing is shared template text,"no: 517 words, 0% specific to the topic",100% boilerplate,yes: 0% unique phrasing,yes: azure-data-factory-adf-interview-questions (1.00),,no: informational title,no: 0% unique phrasing,yes,yes,no,no,no,yes: no external source,yes,verify on rewrite,"yes: 3 unsourced salary, percentage or demand claims",not verified automatically,yes: opening shared with 48 other articles,no,no: none in the body,none,partly: the body is template text with the title substituted,no,DEEP REWRITE,Template body: 100% of its phrasing is shared with 10+ articles; 0% is its own.,None. Queue order in BLOG_REWRITE_QUEUE.csv.,DEEP REWRITE,false,none,No image needed; the value is in the questions and answers. Optional: one diagram for the hardest concept explained.,analyzed
3538b8fb-f0ce-4f9b-9dae-4eb95b41e7f5,data-modeling-interview-questions-explained,Data Modeling Interview Questions Explained,interview-questions,data modeling interview questions explained,data modeling interview questions and answers; data modeling interview questions for freshers; data modeling scenario based questions,,core concepts; scenario questions; follow-up questions; common wrong answers,,derived from title and intent; no search-volume data,interview,"What does an interviewer ask about Data Modeling, and what does a strong answer contain?",interview,interview preparation,data modeling interview questions explained,core concepts; scenario questions; follow-up questions; common wrong answers,Needs to prepare for interview questions on Data Modeling,no: 100% of its phrasing is shared template text,"no: 515 words, 0% specific to the topic",100% boilerplate,yes: 0% unique phrasing,yes: azure-data-factory-adf-interview-questions (1.00),,no: informational title,no: 0% unique phrasing,yes,yes,no,no,no,yes: no external source,yes,verify on rewrite,"yes: 3 unsourced salary, percentage or demand claims",not verified automatically,yes: opening shared with 48 other articles,no,no: none in the body,none,partly: the body is template text with the title substituted,no,DEEP REWRITE,Template body: 100% of its phrasing is shared with 10+ articles; 0% is its own.,None. Queue order in BLOG_REWRITE_QUEUE.csv.,DEEP REWRITE,false,none,No image needed; the value is in the questions and answers. Optional: one diagram for the hardest concept explained.,analyzed
ceeedef7-eee6-4812-82fd-9d0980553063,data-science-interview-questions-and-answers-2026,Data Science Interview Questions and Answers 2026,interview-questions,data science interview questions and answers,data science interview questions for freshers; data science scenario based questions,,core concepts; scenario questions; follow-up questions; common wrong answers,,derived from title and intent; no search-volume data,interview,"What does an interviewer ask about Data Science, and what does a strong answer contain?",interview,interview preparation,data science interview questions and answers,core concepts; scenario questions; follow-up questions; common wrong answers,Needs to prepare for interview questions on Data Science,no: 100% of its phrasing is shared template text,"no: 519 words, 0% specific to the topic",100% boilerplate,yes: 0% unique phrasing,yes: azure-data-factory-adf-interview-questions (1.00),,no: informational title,no: 0% unique phrasing,yes,yes,no,no,no,yes: no external source,yes,yes: fast-moving topic or dated title,"yes: 3 unsourced salary, percentage or demand claims",likely: dated or fast-moving; not verified automatically,yes: opening shared with 48 other articles,no,no: none in the body,none,partly: the body is template text with the title substituted,no,DEEP REWRITE,Template body: 100% of its phrasing is shared with 10+ articles; 0% is its own.,None. Queue order in BLOG_REWRITE_QUEUE.csv.,DEEP REWRITE,false,none,No image needed; the value is in the questions and answers. Optional: one diagram for the hardest concept explained.,analyzed
d65f1972-854c-4a7e-a393-f8b21f2d4301,data-warehouse-interview-questions-and-answers,Data Warehouse Interview Questions and Answers,interview-questions,data warehouse interview questions and answers,data warehouse interview questions for freshers; data warehouse scenario based questions,,core concepts; scenario questions; follow-up questions; common wrong answers,,derived from title and intent; no search-volume data,interview,"What does an interviewer ask about Data Warehouse, and what does a strong answer contain?",interview,interview preparation,data warehouse interview questions and answers,core concepts; scenario questions; follow-up questions; common wrong answers,Needs to prepare for interview questions on Data Warehouse,no: 100% of its phrasing is shared template text,"no: 517 words, 0% specific to the topic",100% boilerplate,yes: 0% unique phrasing,yes: azure-data-factory-adf-interview-questions (1.00),,no: informational title,no: 0% unique phrasing,yes,yes,no,no,no,yes: no external source,yes,verify on rewrite,"yes: 3 unsourced salary, percentage or demand claims",not verified automatically,yes: opening shared with 48 other articles,no,no: none in the body,none,partly: the body is template text with the title substituted,no,DEEP REWRITE,Template body: 100% of its phrasing is shared with 10+ articles; 0% is its own.,None. Queue order in BLOG_REWRITE_QUEUE.csv.,DEEP REWRITE,false,none,No image needed; the value is in the questions and answers. Optional: one diagram for the hardest concept explained.,analyzed
693e2cc1-4c16-495a-bd09-3dcb072bf57b,databricks-interview-questions-and-answers,Databricks Interview Questions and Answers,interview-questions,databricks interview questions and answers,databricks interview questions for freshers; databricks scenario based questions,,core concepts; scenario questions; follow-up questions; common wrong answers,Databricks,derived from title and intent; no search-volume data,interview,"What does an interviewer ask about Databricks, and what does a strong answer contain?",interview,interview preparation,databricks interview questions and answers,core concepts; scenario questions; follow-up questions; common wrong answers,Needs to prepare for interview questions on Databricks,no: 100% of its phrasing is shared template text,"no: 515 words, 0% specific to the topic",100% boilerplate,yes: 0% unique phrasing,yes: azure-data-factory-adf-interview-questions (1.00),,no: informational title,no: 0% unique phrasing,yes,yes,"yes: runnable, verified code",no,no,yes: no external source,yes,verify on rewrite,"yes: 3 unsourced salary, percentage or demand claims",not verified automatically,yes: opening shared with 48 other articles,no,no: none in the body,none,partly: the body is template text with the title substituted,no,DEEP REWRITE,Template body: 100% of its phrasing is shared with 10+ articles; 0% is its own.,None. Queue order in BLOG_REWRITE_QUEUE.csv.,DEEP REWRITE,false,none,No image needed; the value is in the questions and answers. Optional: one diagram for the hardest concept explained.,analyzed
d4b16ad8-8e08-4516-b3be-31e343134910,dax-interview-questions-for-power-bi-developers,DAX Interview Questions for Power BI Developers,interview-questions,dax interview questions for power bi developers,dax for power bi developers interview questions and answers; dax for power bi developers interview questions for freshers; dax for power bi developers scenario based questions,,core concepts; scenario questions; follow-up questions; common wrong answers,Power BI; DAX,derived from title and intent; no search-volume data,interview,"What does an interviewer ask about DAX for Power BI Developers, and what does a strong answer contain?",interview,interview preparation,dax interview questions for power bi developers,core concepts; scenario questions; follow-up questions; common wrong answers,Needs to prepare for interview questions on DAX for Power BI Developers,no: 100% of its phrasing is shared template text,"no: 519 words, 0% specific to the topic",100% boilerplate,yes: 0% unique phrasing,yes: azure-data-factory-adf-interview-questions (1.00),,no: informational title,no: 0% unique phrasing,yes,yes,"yes: runnable, verified code",no,no,yes: no external source,yes,verify on rewrite,"yes: 3 unsourced salary, percentage or demand claims",not verified automatically,yes: opening shared with 48 other articles,no,no: none in the body,none,partly: the body is template text with the title substituted,no,DEEP REWRITE,Template body: 100% of its phrasing is shared with 10+ articles; 0% is its own.,None. Queue order in BLOG_REWRITE_QUEUE.csv.,DEEP REWRITE,false,none,No image needed; the value is in the questions and answers. Optional: one diagram for the hardest concept explained.,analyzed
ef2fdaa6-042c-420f-a1f7-1b7d89740818,deep-learning-interview-questions-and-answers,Deep Learning Interview Questions and Answers,interview-questions,deep learning interview questions and answers,deep learning interview questions for freshers; deep learning scenario based questions,,core concepts; scenario questions; follow-up questions; common wrong answers,Deep Learning,derived from title and intent; no search-volume data,interview,"What does an interviewer ask about Deep Learning, and what does a strong answer contain?",interview,interview preparation,deep learning interview questions and answers,core concepts; scenario questions; follow-up questions; common wrong answers,Needs to prepare for interview questions on Deep Learning,no: 100% of its phrasing is shared template text,"no: 517 words, 0% specific to the topic",100% boilerplate,yes: 0% unique phrasing,yes: azure-data-factory-adf-interview-questions (1.00),,no: informational title,no: 0% unique phrasing,yes,yes,no,no,no,yes: no external source,yes,verify on rewrite,"yes: 3 unsourced salary, percentage or demand claims",not verified automatically,yes: opening shared with 48 other articles,no,no: none in the body,none,partly: the body is template text with the title substituted,no,DEEP REWRITE,Template body: 100% of its phrasing is shared with 10+ articles; 0% is its own.,None. Queue order in BLOG_REWRITE_QUEUE.csv.,DEEP REWRITE,false,none,No image needed; the value is in the questions and answers. Optional: one diagram for the hardest concept explained.,analyzed
09f2a01c-0f55-4a77-987b-ee0eb6fbaece,docker-and-kubernetes-interview-questions-for-ml,Docker and Kubernetes Interview Questions for ML,interview-questions,docker and kubernetes interview questions for ml,docker and kubernetes for ml interview questions and answers; docker and kubernetes for ml interview questions for freshers; docker and kubernetes for ml scenario based questions,,core concepts; scenario questions; follow-up questions; common wrong answers,Kubernetes; Docker,derived from title and intent; no search-volume data,interview,"What does an interviewer ask about Docker and Kubernetes for ML, and what does a strong answer contain?",interview,interview preparation,docker and kubernetes interview questions for ml,core concepts; scenario questions; follow-up questions; common wrong answers,Needs to prepare for interview questions on Docker and Kubernetes for ML,no: 100% of its phrasing is shared template text,"no: 519 words, 0% specific to the topic",100% boilerplate,yes: 0% unique phrasing,yes: azure-data-factory-adf-interview-questions (1.00),,no: informational title,no: 0% unique phrasing,yes,yes,"yes: runnable, verified code",no,no,yes: no external source,yes,verify on rewrite,"yes: 3 unsourced salary, percentage or demand claims",not verified automatically,yes: opening shared with 48 other articles,no,no: none in the body,none,partly: the body is template text with the title substituted,no,DEEP REWRITE,Template body: 100% of its phrasing is shared with 10+ articles; 0% is its own.,None. Queue order in BLOG_REWRITE_QUEUE.csv.,DEEP REWRITE,false,none,No image needed; the value is in the questions and answers. Optional: one diagram for the hardest concept explained.,analyzed
336dac4c-9938-4bce-b4ad-042010a2fbdd,etl-interview-questions-for-data-engineers,ETL Interview Questions for Data Engineers,interview-questions,etl interview questions for data engineers,etl for data engineers interview questions and answers; etl for data engineers interview questions for freshers; etl for data engineers scenario based questions,,core concepts; scenario questions; follow-up questions; common wrong answers,,derived from title and intent; no search-volume data,interview,"What does an interviewer ask about ETL for Data Engineers, and what does a strong answer contain?",interview,interview preparation,etl interview questions for data engineers,core concepts; scenario questions; follow-up questions; common wrong answers,Needs to prepare for interview questions on ETL for Data Engineers,no: 100% of its phrasing is shared template text,"no: 517 words, 0% specific to the topic",100% boilerplate,yes: 0% unique phrasing,yes: azure-data-factory-adf-interview-questions (1.00),,no: informational title,no: 0% unique phrasing,yes,yes,"yes: runnable, verified code",no,no,yes: no external source,yes,verify on rewrite,"yes: 3 unsourced salary, percentage or demand claims",not verified automatically,yes: opening shared with 48 other articles,no,no: none in the body,none,partly: the body is template text with the title substituted,no,DEEP REWRITE,Template body: 100% of its phrasing is shared with 10+ articles; 0% is its own.,None. Queue order in BLOG_REWRITE_QUEUE.csv.,DEEP REWRITE,false,none,No image needed; the value is in the questions and answers. Optional: one diagram for the hardest concept explained.,analyzed
9671d0ef-8c4c-4a64-86a6-3e0afb66dcb0,excel-interview-questions-for-data-analysts,Excel Interview Questions for Data Analysts,interview-questions,excel interview questions for data analysts,excel for data analysts interview questions and answers; excel for data analysts interview questions for freshers; excel for data analysts scenario based questions,,core concepts; scenario questions; follow-up questions; common wrong answers,Excel,derived from title and intent; no search-volume data,interview,"What does an interviewer ask about Excel for Data Analysts, and what does a strong answer contain?",interview,interview preparation,excel interview questions for data analysts,core concepts; scenario questions; follow-up questions; common wrong answers,Needs to prepare for interview questions on Excel for Data Analysts,no: 100% of its phrasing is shared template text,"no: 517 words, 0% specific to the topic",100% boilerplate,yes: 0% unique phrasing,yes: azure-data-factory-adf-interview-questions (1.00),,no: informational title,no: 0% unique phrasing,yes,yes,no,no,no,yes: no external source,yes,verify on rewrite,"yes: 3 unsourced salary, percentage or demand claims",not verified automatically,yes: opening shared with 48 other articles,no,no: none in the body,none,partly: the body is template text with the title substituted,no,DEEP REWRITE,Template body: 100% of its phrasing is shared with 10+ articles; 0% is its own.,None. Queue order in BLOG_REWRITE_QUEUE.csv.,DEEP REWRITE,false,none,No image needed; the value is in the questions and answers. Optional: one diagram for the hardest concept explained.,analyzed
79a54bb1-a722-4563-886d-be683ce70183,feature-engineering-interview-questions,Feature Engineering Interview Questions,interview-questions,feature engineering interview questions,feature engineering interview questions and answers; feature engineering interview questions for freshers; feature engineering scenario based questions,,core concepts; scenario questions; follow-up questions; common wrong answers,,derived from title and intent; no search-volume data,interview,"What does an interviewer ask about Feature Engineering, and what does a strong answer contain?",interview,interview preparation,feature engineering interview questions,core concepts; scenario questions; follow-up questions; common wrong answers,Needs to prepare for interview questions on Feature Engineering,no: 100% of its phrasing is shared template text,"no: 513 words, 0% specific to the topic",100% boilerplate,yes: 0% unique phrasing,yes: azure-data-factory-adf-interview-questions (1.00),,no: informational title,no: 0% unique phrasing,yes,yes,no,no,no,yes: no external source,yes,verify on rewrite,"yes: 3 unsourced salary, percentage or demand claims",not verified automatically,yes: opening shared with 48 other articles,yes: heading outline shared with 10 other articles,no: none in the body,none,partly: the body is template text with the title substituted,no,DEEP REWRITE,Template body: 100% of its phrasing is shared with 10+ articles; 0% is its own.,None. Queue order in BLOG_REWRITE_QUEUE.csv.,DEEP REWRITE,false,none,No image needed; the value is in the questions and answers. Optional: one diagram for the hardest concept explained.,analyzed
94f00e05-193a-4156-b50f-fb1308d108a1,gcp-interview-questions-for-data-engineers,GCP Interview Questions for Data Engineers,interview-questions,gcp interview questions for data engineers,gcp for data engineers interview questions and answers; gcp for data engineers interview questions for freshers; gcp for data engineers scenario based questions,,core concepts; scenario questions; follow-up questions; common wrong answers,GCP,derived from title and intent; no search-volume data,interview,"What does an interviewer ask about GCP for Data Engineers, and what does a strong answer contain?",interview,interview preparation,gcp interview questions for data engineers,core concepts; scenario questions; follow-up questions; common wrong answers,Needs to prepare for interview questions on GCP for Data Engineers,no: 100% of its phrasing is shared template text,"no: 517 words, 0% specific to the topic",100% boilerplate,yes: 0% unique phrasing,yes: azure-data-factory-adf-interview-questions (1.00),,no: informational title,no: 0% unique phrasing,yes,yes,no,no,no,yes: no external source,yes,verify on rewrite,"yes: 3 unsourced salary, percentage or demand claims",not verified automatically,yes: opening shared with 48 other articles,no,no: none in the body,none,partly: the body is template text with the title substituted,no,DEEP REWRITE,Template body: 100% of its phrasing is shared with 10+ articles; 0% is its own.,None. Queue order in BLOG_REWRITE_QUEUE.csv.,DEEP REWRITE,false,none,No image needed; the value is in the questions and answers. Optional: one diagram for the hardest concept explained.,analyzed
cf8d6c2e-47b8-451f-97dd-3879366b47f0,generative-ai-and-llm-interview-questions,Generative AI and LLM Interview Questions,interview-questions,generative ai and llm interview questions,generative ai and llm interview questions and answers; generative ai and llm interview questions for freshers; generative ai and llm scenario based questions,,core concepts; scenario questions; follow-up questions; common wrong answers,Generative AI; LLM,derived from title and intent; no search-volume data,interview,"What does an interviewer ask about Generative AI and LLM, and what does a strong answer contain?",interview,interview preparation,generative ai and llm interview questions,core concepts; scenario questions; follow-up questions; common wrong answers,Needs to prepare for interview questions on Generative AI and LLM,no: 100% of its phrasing is shared template text,"no: 517 words, 0% specific to the topic",100% boilerplate,yes: 0% unique phrasing,yes: azure-data-factory-adf-interview-questions (1.00),generative-ai-interview-questions-and-how-to-answer-them,no: informational title,no: 0% unique phrasing,yes,yes,"yes: runnable, verified code",no,no,yes: no external source,yes,yes: fast-moving topic or dated title,"yes: 3 unsourced salary, percentage or demand claims",likely: dated or fast-moving; not verified automatically,yes: opening shared with 48 other articles,yes: heading outline shared with 10 other articles,no: none in the body,none,partly: the body is template text with the title substituted,no,MERGE,"Same intent as generative-ai-interview-questions-and-how-to-answer-them (phase5-topical): Same question twice. As in Phase 3, the topic-category copy owns it; the interview-questions copy is a merge candidate once Search Console confirms it earns nothing distinct.",Search Console: merge only if this article earns no distinct queries; otherwise rewrite it to the distinct angle in the note.,DEEP REWRITE,false,none,No image needed; the value is in the questions and answers. Optional: one diagram for the hardest concept explained.,merge_candidate
103de154-885e-430a-87c4-b3e7dc09386a,git-interview-questions-every-developer-should-know,Git Interview Questions Every Developer Should Know,interview-questions,git interview questions every developer should know,git every developer should know interview questions and answers; git every developer should know interview questions for freshers; git every developer should know scenario based questions,,core concepts; scenario questions; follow-up questions; common wrong answers,Git,derived from title and intent; no search-volume data,interview,"What does an interviewer ask about Git Every Developer Should Know, and what does a strong answer contain?",interview,interview preparation,git interview questions every developer should know,core concepts; scenario questions; follow-up questions; common wrong answers,Needs to prepare for interview questions on Git Every Developer Should Know,no: 100% of its phrasing is shared template text,"no: 519 words, 0% specific to the topic",100% boilerplate,yes: 0% unique phrasing,yes: azure-data-factory-adf-interview-questions (1.00),,no: informational title,no: 0% unique phrasing,yes,yes,"yes: runnable, verified code",no,no,yes: no external source,yes,verify on rewrite,"yes: 3 unsourced salary, percentage or demand claims",not verified automatically,yes: opening shared with 48 other articles,no,no: none in the body,none,partly: the body is template text with the title substituted,no,DEEP REWRITE,Template body: 100% of its phrasing is shared with 10+ articles; 0% is its own.,None. Queue order in BLOG_REWRITE_QUEUE.csv.,DEEP REWRITE,false,none,No image needed; the value is in the questions and answers. Optional: one diagram for the hardest concept explained.,analyzed
b06e96a2-0c26-4a22-92f5-6961ba72d034,hadoop-interview-questions-and-answers,Hadoop Interview Questions and Answers,interview-questions,hadoop interview questions and answers,hadoop interview questions for freshers; hadoop scenario based questions,,core concepts; scenario questions; follow-up questions; common wrong answers,Hadoop,derived from title and intent; no search-volume data,interview,"What does an interviewer ask about Hadoop, and what does a strong answer contain?",interview,interview preparation,hadoop interview questions and answers,core concepts; scenario questions; follow-up questions; common wrong answers,Needs to prepare for interview questions on Hadoop,no: 100% of its phrasing is shared template text,"no: 515 words, 0% specific to the topic",100% boilerplate,yes: 0% unique phrasing,yes: azure-data-factory-adf-interview-questions (1.00),,no: informational title,no: 0% unique phrasing,yes,yes,no,no,no,yes: no external source,yes,verify on rewrite,"yes: 3 unsourced salary, percentage or demand claims",not verified automatically,yes: opening shared with 48 other articles,no,no: none in the body,none,partly: the body is template text with the title substituted,no,DEEP REWRITE,Template body: 100% of its phrasing is shared with 10+ articles; 0% is its own.,None. Queue order in BLOG_REWRITE_QUEUE.csv.,DEEP REWRITE,false,none,No image needed; the value is in the questions and answers. Optional: one diagram for the hardest concept explained.,analyzed
a1d2eb6a-b749-455a-a269-4a6f4b870673,kafka-interview-questions-explained,Kafka Interview Questions Explained,interview-questions,kafka interview questions explained,kafka interview questions and answers; kafka interview questions for freshers; kafka scenario based questions,,core concepts; scenario questions; follow-up questions; common wrong answers,Kafka,derived from title and intent; no search-volume data,interview,"What does an interviewer ask about Kafka, and what does a strong answer contain?",interview,interview preparation,kafka interview questions explained,core concepts; scenario questions; follow-up questions; common wrong answers,Needs to prepare for interview questions on Kafka,no: 100% of its phrasing is shared template text,"no: 513 words, 0% specific to the topic",100% boilerplate,yes: 0% unique phrasing,yes: azure-data-factory-adf-interview-questions (1.00),,no: informational title,no: 0% unique phrasing,yes,yes,"yes: runnable, verified code",no,no,yes: no external source,yes,verify on rewrite,"yes: 3 unsourced salary, percentage or demand claims",not verified automatically,yes: opening shared with 48 other articles,no,no: none in the body,none,partly: the body is template text with the title substituted,no,DEEP REWRITE,Template body: 100% of its phrasing is shared with 10+ articles; 0% is its own.,None. Queue order in BLOG_REWRITE_QUEUE.csv.,DEEP REWRITE,false,none,No image needed; the value is in the questions and answers. Optional: one diagram for the hardest concept explained.,analyzed
e29aba5c-08bd-4f10-99d5-d1b1418cff33,linux-interview-questions-for-data-engineers,Linux Interview Questions for Data Engineers,interview-questions,linux interview questions for data engineers,linux for data engineers interview questions and answers; linux for data engineers interview questions for freshers; linux for data engineers scenario based questions,,core concepts; scenario questions; follow-up questions; common wrong answers,Linux,derived from title and intent; no search-volume data,interview,"What does an interviewer ask about Linux for Data Engineers, and what does a strong answer contain?",interview,interview preparation,linux interview questions for data engineers,core concepts; scenario questions; follow-up questions; common wrong answers,Needs to prepare for interview questions on Linux for Data Engineers,no: 100% of its phrasing is shared template text,"no: 517 words, 0% specific to the topic",100% boilerplate,yes: 0% unique phrasing,yes: azure-data-factory-adf-interview-questions (1.00),,no: informational title,no: 0% unique phrasing,yes,yes,"yes: runnable, verified code",no,no,yes: no external source,yes,verify on rewrite,"yes: 3 unsourced salary, percentage or demand claims",not verified automatically,yes: opening shared with 48 other articles,no,no: none in the body,none,partly: the body is template text with the title substituted,no,DEEP REWRITE,Template body: 100% of its phrasing is shared with 10+ articles; 0% is its own.,None. Queue order in BLOG_REWRITE_QUEUE.csv.,DEEP REWRITE,false,none,No image needed; the value is in the questions and answers. Optional: one diagram for the hardest concept explained.,analyzed
91d16817-f3bf-4b01-b6d3-01df7e635c83,machine-learning-interview-questions-concepts-and-answers,Machine Learning Interview Questions: Concepts and Answers,interview-questions,machine learning interview questions,machine learning interview questions and answers; machine learning interview questions for freshers; machine learning scenario based questions,,core concepts; scenario questions; follow-up questions; common wrong answers,Machine Learning,derived from title and intent; no search-volume data,interview,"What does an interviewer ask about Machine Learning, and what does a strong answer contain?",interview,interview preparation,machine learning interview questions,core concepts; scenario questions; follow-up questions; common wrong answers,Needs to prepare for interview questions on Machine Learning,no: 100% of its phrasing is shared template text,"no: 516 words, 0% specific to the topic",100% boilerplate,yes: 0% unique phrasing,yes: azure-data-factory-adf-interview-questions (1.00),,no: informational title,no: 0% unique phrasing,yes,yes,no,no,no,yes: no external source,yes,verify on rewrite,"yes: 3 unsourced salary, percentage or demand claims",not verified automatically,yes: opening shared with 48 other articles,yes: heading outline shared with 10 other articles,no: none in the body,none,partly: the body is template text with the title substituted,no,DEEP REWRITE,Template body: 100% of its phrasing is shared with 10+ articles; 0% is its own.,None. Queue order in BLOG_REWRITE_QUEUE.csv.,DEEP REWRITE,false,none,No image needed; the value is in the questions and answers. Optional: one diagram for the hardest concept explained.,analyzed
e46dd18b-36d8-40fb-9729-5023c0219658,mlops-interview-questions-and-answers,MLOps Interview Questions and Answers,interview-questions,mlops interview questions and answers,mlops interview questions for freshers; mlops scenario based questions,,core concepts; scenario questions; follow-up questions; common wrong answers,,derived from title and intent; no search-volume data,interview,"What does an interviewer ask about MLOps, and what does a strong answer contain?",interview,interview preparation,mlops interview questions and answers,core concepts; scenario questions; follow-up questions; common wrong answers,Needs to prepare for interview questions on MLOps,no: 100% of its phrasing is shared template text,"no: 515 words, 0% specific to the topic",100% boilerplate,yes: 0% unique phrasing,yes: azure-data-factory-adf-interview-questions (1.00),,no: informational title,no: 0% unique phrasing,yes,yes,no,no,no,yes: no external source,yes,verify on rewrite,"yes: 3 unsourced salary, percentage or demand claims",not verified automatically,yes: opening shared with 48 other articles,no,no: none in the body,none,partly: the body is template text with the title substituted,no,DEEP REWRITE,Template body: 100% of its phrasing is shared with 10+ articles; 0% is its own.,None. Queue order in BLOG_REWRITE_QUEUE.csv.,DEEP REWRITE,false,none,No image needed; the value is in the questions and answers. Optional: one diagram for the hardest concept explained.,analyzed
65e09b60-2794-4472-95db-a0972cf43c61,mock-interview-guide-practising-out-loud-the-right-way,Mock Interview Guide: Practising Out Loud the Right Way 10,interview-questions,mock interview guide,mock interview guide interview questions and answers; mock interview guide interview questions for freshers; mock interview guide scenario based questions,,core concepts; scenario questions; follow-up questions; common wrong answers,,derived from title and intent; no search-volume data,interview,"What does an interviewer ask about Mock Interview Guide, and what does a strong answer contain?",interview,interview preparation,mock interview guide,core concepts; scenario questions; follow-up questions; common wrong answers,Needs to prepare for interview questions on Mock Interview Guide,no: 90% of its phrasing is shared template text,"no: 641 words, 10% specific to the topic",90% boilerplate,no,no: nearest asking-for-a-raise-timing-script-and-evidence (0.69),,no: informational title,no: 10% unique phrasing,yes,has 1; check it is topic-specific,no,no,no,yes: no external source,yes,verify on rewrite,"yes: 6 unsourced salary, percentage or demand claims",not verified automatically,no,yes: heading outline shared with 417 other articles,no: none in the body,none,partly: the body is template text with the title substituted,no,DEEP REWRITE,Template body: 90% of its phrasing is shared with 10+ articles; 10% is its own.,None. Queue order in BLOG_REWRITE_QUEUE.csv.,DEEP REWRITE,false,none,No image needed; the value is in the questions and answers. Optional: one diagram for the hardest concept explained.,analyzed
fd1b5c74-df47-411d-b587-8600970de604,nlp-interview-questions-for-data-scientists,NLP Interview Questions for Data Scientists,interview-questions,nlp interview questions for data scientists,nlp for data scientists interview questions and answers; nlp for data scientists interview questions for freshers; nlp for data scientists scenario based questions,,core concepts; scenario questions; follow-up questions; common wrong answers,NLP,derived from title and intent; no search-volume data,interview,"What does an interviewer ask about NLP for Data Scientists, and what does a strong answer contain?",interview,interview preparation,nlp interview questions for data scientists,core concepts; scenario questions; follow-up questions; common wrong answers,Needs to prepare for interview questions on NLP for Data Scientists,no: 100% of its phrasing is shared template text,"no: 517 words, 0% specific to the topic",100% boilerplate,yes: 0% unique phrasing,yes: azure-data-factory-adf-interview-questions (1.00),,no: informational title,no: 0% unique phrasing,yes,yes,no,no,no,yes: no external source,yes,verify on rewrite,"yes: 3 unsourced salary, percentage or demand claims",not verified automatically,yes: opening shared with 48 other articles,no,no: none in the body,none,partly: the body is template text with the title substituted,no,DEEP REWRITE,Template body: 100% of its phrasing is shared with 10+ articles; 0% is its own.,None. Queue order in BLOG_REWRITE_QUEUE.csv.,DEEP REWRITE,false,none,No image needed; the value is in the questions and answers. Optional: one diagram for the hardest concept explained.,analyzed
b3b16932-4699-4144-8b25-2d7f09b7ec3f,numpy-interview-questions-for-data-roles,NumPy Interview Questions for Data Roles,interview-questions,numpy interview questions for data roles,numpy for data roles interview questions and answers; numpy for data roles interview questions for freshers; numpy for data roles scenario based questions,,core concepts; scenario questions; follow-up questions; common wrong answers,NumPy,derived from title and intent; no search-volume data,interview,"What does an interviewer ask about NumPy for Data Roles, and what does a strong answer contain?",interview,interview preparation,numpy interview questions for data roles,core concepts; scenario questions; follow-up questions; common wrong answers,Needs to prepare for interview questions on NumPy for Data Roles,no: 100% of its phrasing is shared template text,"no: 517 words, 0% specific to the topic",100% boilerplate,yes: 0% unique phrasing,yes: azure-data-factory-adf-interview-questions (1.00),,no: informational title,no: 0% unique phrasing,yes,yes,"yes: runnable, verified code",no,no,yes: no external source,yes,verify on rewrite,"yes: 3 unsourced salary, percentage or demand claims",not verified automatically,yes: opening shared with 48 other articles,no,no: none in the body,none,partly: the body is template text with the title substituted,no,DEEP REWRITE,Template body: 100% of its phrasing is shared with 10+ articles; 0% is its own.,None. Queue order in BLOG_REWRITE_QUEUE.csv.,DEEP REWRITE,false,none,No image needed; the value is in the questions and answers. Optional: one diagram for the hardest concept explained.,analyzed
fc4360ad-8aae-49ec-886e-23ae17a2a9c8,pandas-interview-questions-every-analyst-should-know,Pandas Interview Questions Every Analyst Should Know,interview-questions,pandas interview questions every analyst should know,pandas every analyst should know interview questions and answers; pandas every analyst should know interview questions for freshers; pandas every analyst should know scenario based questions,,core concepts; scenario questions; follow-up questions; common wrong answers,pandas,derived from title and intent; no search-volume data,interview,"What does an interviewer ask about Pandas Every Analyst Should Know, and what does a strong answer contain?",interview,interview preparation,pandas interview questions every analyst should know,core concepts; scenario questions; follow-up questions; common wrong answers,Needs to prepare for interview questions on Pandas Every Analyst Should Know,no: 100% of its phrasing is shared template text,"no: 519 words, 0% specific to the topic",100% boilerplate,yes: 0% unique phrasing,yes: azure-data-factory-adf-interview-questions (1.00),,no: informational title,no: 0% unique phrasing,yes,yes,"yes: runnable, verified code",no,no,yes: no external source,yes,verify on rewrite,"yes: 3 unsourced salary, percentage or demand claims",not verified automatically,yes: opening shared with 48 other articles,no,no: none in the body,none,partly: the body is template text with the title substituted,no,DEEP REWRITE,Template body: 100% of its phrasing is shared with 10+ articles; 0% is its own.,None. Queue order in BLOG_REWRITE_QUEUE.csv.,DEEP REWRITE,false,none,No image needed; the value is in the questions and answers. Optional: one diagram for the hardest concept explained.,analyzed
45a28bcf-874b-48d3-8589-3d7cdeca2666,power-bi-interview-questions-with-detailed-answers,Power BI Interview Questions with Detailed Answers,interview-questions,power bi interview questions with detailed answers,power bi with detailed answers interview questions and answers; power bi with detailed answers interview questions for freshers; power bi with detailed answers scenario based questions,,core concepts; scenario questions; follow-up questions; common wrong answers,Power BI,derived from title and intent; no search-volume data,interview,"What does an interviewer ask about Power BI with Detailed Answers, and what does a strong answer contain?",interview,interview preparation,power bi interview questions with detailed answers,core concepts; scenario questions; follow-up questions; common wrong answers,Needs to prepare for interview questions on Power BI with Detailed Answers,no: 100% of its phrasing is shared template text,"no: 519 words, 0% specific to the topic",100% boilerplate,yes: 0% unique phrasing,yes: azure-data-factory-adf-interview-questions (1.00),power-bi-interview-questions-top-40-with-answers,no: informational title,no: 0% unique phrasing,yes,yes,no,no,no,yes: no external source,yes,verify on rewrite,"yes: 3 unsourced salary, percentage or demand claims",not verified automatically,yes: opening shared with 48 other articles,no,no: none in the body,none,partly: the body is template text with the title substituted,no,MERGE,"Phase 3: Topic-category copy wins over the generic interview-questions bucket, as for the five pairs merged earlier. Confirm with GSC, then 308.","Search Console check, then 301 to the owner.",MERGE,false,none,No image needed; the value is in the questions and answers. Optional: one diagram for the hardest concept explained.,merge_candidate
dfd6e4b1-074e-4822-b61f-52f3aa65d16a,probability-interview-questions-for-data-science,Probability Interview Questions for Data Science,interview-questions,probability interview questions for data science,probability for data science interview questions and answers; probability for data science interview questions for freshers; probability for data science scenario based questions,,core concepts; scenario questions; follow-up questions; common wrong answers,,derived from title and intent; no search-volume data,interview,"What does an interviewer ask about Probability for Data Science, and what does a strong answer contain?",interview,interview preparation,probability interview questions for data science,core concepts; scenario questions; follow-up questions; common wrong answers,Needs to prepare for interview questions on Probability for Data Science,no: 100% of its phrasing is shared template text,"no: 517 words, 0% specific to the topic",100% boilerplate,yes: 0% unique phrasing,yes: azure-data-factory-adf-interview-questions (1.00),,no: informational title,no: 0% unique phrasing,yes,yes,no,no,no,yes: no external source,yes,verify on rewrite,"yes: 3 unsourced salary, percentage or demand claims",not verified automatically,yes: opening shared with 48 other articles,no,no: none in the body,none,partly: the body is template text with the title substituted,no,DEEP REWRITE,Template body: 100% of its phrasing is shared with 10+ articles; 0% is its own.,None. Queue order in BLOG_REWRITE_QUEUE.csv.,DEEP REWRITE,false,none,No image needed; the value is in the questions and answers. Optional: one diagram for the hardest concept explained.,analyzed
6c03ff22-411c-4983-8ad6-a42a6df1fdfb,pyspark-interview-questions-with-examples,PySpark Interview Questions with Examples,interview-questions,pyspark interview questions with examples,pyspark with examples interview questions and answers; pyspark with examples interview questions for freshers; pyspark with examples scenario based questions,,core concepts; scenario questions; follow-up questions; common wrong answers,PySpark,derived from title and intent; no search-volume data,interview,"What does an interviewer ask about PySpark with Examples, and what does a strong answer contain?",interview,interview preparation,pyspark interview questions with examples,core concepts; scenario questions; follow-up questions; common wrong answers,Needs to prepare for interview questions on PySpark with Examples,no: 100% of its phrasing is shared template text,"no: 515 words, 0% specific to the topic",100% boilerplate,yes: 0% unique phrasing,yes: azure-data-factory-adf-interview-questions (1.00),,no: informational title,no: 0% unique phrasing,yes,yes,"yes: runnable, verified code",no,no,yes: no external source,yes,yes: fast-moving topic or dated title,"yes: 3 unsourced salary, percentage or demand claims",likely: dated or fast-moving; not verified automatically,yes: opening shared with 48 other articles,no,no: none in the body,none,partly: the body is template text with the title substituted,no,DEEP REWRITE,Template body: 100% of its phrasing is shared with 10+ articles; 0% is its own.,None. Queue order in BLOG_REWRITE_QUEUE.csv.,DEEP REWRITE,false,none,No image needed; the value is in the questions and answers. Optional: one diagram for the hardest concept explained.,analyzed
37fd49e4-04a3-45b0-a5c0-bc59154ca904,python-coding-interview-questions-and-patterns,Python Coding Interview Questions and Patterns,interview-questions,python coding interview questions and patterns,python coding and patterns interview questions and answers; python coding and patterns interview questions for freshers; python coding and patterns scenario based questions,,core concepts; scenario questions; follow-up questions; common wrong answers,Python,derived from title and intent; no search-volume data,interview,"What does an interviewer ask about Python Coding and Patterns, and what does a strong answer contain?",interview,interview preparation,python coding interview questions and patterns,core concepts; scenario questions; follow-up questions; common wrong answers,Needs to prepare for interview questions on Python Coding and Patterns,no: 100% of its phrasing is shared template text,"no: 517 words, 0% specific to the topic",100% boilerplate,yes: 0% unique phrasing,yes: azure-data-factory-adf-interview-questions (1.00),,no: informational title,no: 0% unique phrasing,yes,yes,"yes: runnable, verified code",no,no,yes: no external source,yes,verify on rewrite,"yes: 3 unsourced salary, percentage or demand claims",not verified automatically,yes: opening shared with 48 other articles,no,no: none in the body,none,partly: the body is template text with the title substituted,no,DEEP REWRITE,Template body: 100% of its phrasing is shared with 10+ articles; 0% is its own.,None. Queue order in BLOG_REWRITE_QUEUE.csv.,DEEP REWRITE,false,none,No image needed; the value is in the questions and answers. Optional: one diagram for the hardest concept explained.,analyzed
8f3e6cc3-851a-459f-a821-c64d9dd4de2a,python-interview-questions-for-data-roles,Python Interview Questions for Data Roles,interview-questions,python interview questions for data roles,python for data roles interview questions and answers; python for data roles interview questions for freshers; python for data roles scenario based questions,,core concepts; scenario questions; follow-up questions; common wrong answers,Python,derived from title and intent; no search-volume data,interview,"What does an interviewer ask about Python for Data Roles, and what does a strong answer contain?",interview,interview preparation,python interview questions for data roles,core concepts; scenario questions; follow-up questions; common wrong answers,Needs to prepare for interview questions on Python for Data Roles,no: 100% of its phrasing is shared template text,"no: 517 words, 0% specific to the topic",100% boilerplate,yes: 0% unique phrasing,yes: azure-data-factory-adf-interview-questions (1.00),,no: informational title,no: 0% unique phrasing,yes,yes,"yes: runnable, verified code",no,no,yes: no external source,yes,verify on rewrite,"yes: 3 unsourced salary, percentage or demand claims",not verified automatically,yes: opening shared with 48 other articles,no,no: none in the body,none,partly: the body is template text with the title substituted,no,DEEP REWRITE,"Phase 3 REWRITE INTENT: Keep the general Python set as owner. The ""for data roles"" post becomes standard-library coding tasks from data interviews (Phase 4 pilot rewrite, awaiting review); pandas and NumPy questions already have their own posts.",Rewrite to a distinct intent; link to the owner.,DEEP REWRITE,false,none,No image needed; the value is in the questions and answers. Optional: one diagram for the hardest concept explained.,needs_review
d072e01d-bfd2-43ff-9414-949102f7ac8f,redshift-interview-questions-and-answers,Redshift Interview Questions and Answers,interview-questions,redshift interview questions and answers,redshift interview questions for freshers; redshift scenario based questions,,core concepts; scenario questions; follow-up questions; common wrong answers,,derived from title and intent; no search-volume data,interview,"What does an interviewer ask about Redshift, and what does a strong answer contain?",interview,interview preparation,redshift interview questions and answers,core concepts; scenario questions; follow-up questions; common wrong answers,Needs to prepare for interview questions on Redshift,no: 100% of its phrasing is shared template text,"no: 515 words, 0% specific to the topic",100% boilerplate,yes: 0% unique phrasing,yes: azure-data-factory-adf-interview-questions (1.00),,no: informational title,no: 0% unique phrasing,yes,yes,"yes: runnable, verified code",no,no,yes: no external source,yes,verify on rewrite,"yes: 3 unsourced salary, percentage or demand claims",not verified automatically,yes: opening shared with 48 other articles,no,no: none in the body,none,partly: the body is template text with the title substituted,no,DEEP REWRITE,Template body: 100% of its phrasing is shared with 10+ articles; 0% is its own.,None. Queue order in BLOG_REWRITE_QUEUE.csv.,DEEP REWRITE,false,none,No image needed; the value is in the questions and answers. Optional: one diagram for the hardest concept explained.,analyzed
74a2fb9b-d043-44be-a9c3-9b12ea1ab0bb,rest-api-interview-questions-and-answers,REST API Interview Questions and Answers,interview-questions,rest api interview questions and answers,rest api interview questions for freshers; rest api scenario based questions,,core concepts; scenario questions; follow-up questions; common wrong answers,,derived from title and intent; no search-volume data,interview,"What does an interviewer ask about REST API, and what does a strong answer contain?",interview,interview preparation,rest api interview questions and answers,core concepts; scenario questions; follow-up questions; common wrong answers,Needs to prepare for interview questions on REST API,no: 100% of its phrasing is shared template text,"no: 517 words, 0% specific to the topic",100% boilerplate,yes: 0% unique phrasing,yes: azure-data-factory-adf-interview-questions (1.00),,no: informational title,no: 0% unique phrasing,yes,yes,"yes: runnable, verified code",no,no,yes: no external source,yes,verify on rewrite,"yes: 3 unsourced salary, percentage or demand claims",not verified automatically,yes: opening shared with 48 other articles,no,no: none in the body,none,partly: the body is template text with the title substituted,no,DEEP REWRITE,Template body: 100% of its phrasing is shared with 10+ articles; 0% is its own.,None. Queue order in BLOG_REWRITE_QUEUE.csv.,DEEP REWRITE,false,none,No image needed; the value is in the questions and answers. Optional: one diagram for the hardest concept explained.,analyzed
6e1e8360-d516-42a5-b0ff-28815b2b62b4,scenario-based-sql-interview-questions,Scenario-Based SQL Interview Questions,interview-questions,scenario-based sql interview questions,scenario-based sql interview questions and answers; scenario-based sql interview questions for freshers; scenario-based sql scenario based questions,,core concepts; scenario questions; follow-up questions; common wrong answers,SQL,derived from title and intent; no search-volume data,interview,"What does an interviewer ask about Scenario-Based SQL, and what does a strong answer contain?",interview,interview preparation,scenario-based sql interview questions,core concepts; scenario questions; follow-up questions; common wrong answers,Needs to prepare for interview questions on Scenario-Based SQL,no: 100% of its phrasing is shared template text,"no: 513 words, 0% specific to the topic",100% boilerplate,yes: 0% unique phrasing,yes: azure-data-factory-adf-interview-questions (1.00),,no: informational title,no: 0% unique phrasing,yes,yes,"yes: runnable, verified code",no,no,yes: no external source,yes,verify on rewrite,"yes: 3 unsourced salary, percentage or demand claims",not verified automatically,yes: opening shared with 48 other articles,yes: heading outline shared with 10 other articles,no: none in the body,none,partly: the body is template text with the title substituted,no,DEEP REWRITE,Template body: 100% of its phrasing is shared with 10+ articles; 0% is its own.,None. Queue order in BLOG_REWRITE_QUEUE.csv.,DEEP REWRITE,false,none,No image needed; the value is in the questions and answers. Optional: one diagram for the hardest concept explained.,analyzed
e7ebd93c-043d-432b-81ed-d30b646913ac,snowflake-interview-questions-for-data-engineers,Snowflake Interview Questions for Data Engineers,interview-questions,snowflake interview questions for data engineers,snowflake for data engineers interview questions and answers; snowflake for data engineers interview questions for freshers; snowflake for data engineers scenario based questions,,core concepts; scenario questions; follow-up questions; common wrong answers,Snowflake,derived from title and intent; no search-volume data,interview,"What does an interviewer ask about Snowflake for Data Engineers, and what does a strong answer contain?",interview,interview preparation,snowflake interview questions for data engineers,core concepts; scenario questions; follow-up questions; common wrong answers,Needs to prepare for interview questions on Snowflake for Data Engineers,no: 100% of its phrasing is shared template text,"no: 517 words, 0% specific to the topic",100% boilerplate,yes: 0% unique phrasing,yes: azure-data-factory-adf-interview-questions (1.00),,no: informational title,no: 0% unique phrasing,yes,yes,"yes: runnable, verified code",no,no,yes: no external source,yes,verify on rewrite,"yes: 3 unsourced salary, percentage or demand claims",not verified automatically,yes: opening shared with 48 other articles,no,no: none in the body,none,partly: the body is template text with the title substituted,no,DEEP REWRITE,Template body: 100% of its phrasing is shared with 10+ articles; 0% is its own.,None. Queue order in BLOG_REWRITE_QUEUE.csv.,DEEP REWRITE,false,none,No image needed; the value is in the questions and answers. Optional: one diagram for the hardest concept explained.,analyzed
1bc64f43-9695-45a0-8f10-ec5565d163a2,spark-performance-interview-questions,Spark Performance Interview Questions,interview-questions,spark performance interview questions,spark performance interview questions and answers; spark performance interview questions for freshers; spark performance scenario based questions,,core concepts; scenario questions; follow-up questions; common wrong answers,Spark,derived from title and intent; no search-volume data,interview,"What does an interviewer ask about Spark Performance, and what does a strong answer contain?",interview,interview preparation,spark performance interview questions,core concepts; scenario questions; follow-up questions; common wrong answers,Needs to prepare for interview questions on Spark Performance,no: 100% of its phrasing is shared template text,"no: 513 words, 0% specific to the topic",100% boilerplate,yes: 0% unique phrasing,yes: azure-data-factory-adf-interview-questions (1.00),,no: informational title,no: 0% unique phrasing,yes,yes,"yes: runnable, verified code",no,no,yes: no external source,yes,verify on rewrite,"yes: 3 unsourced salary, percentage or demand claims",not verified automatically,yes: opening shared with 48 other articles,yes: heading outline shared with 10 other articles,no: none in the body,none,partly: the body is template text with the title substituted,no,DEEP REWRITE,Template body: 100% of its phrasing is shared with 10+ articles; 0% is its own.,None. Queue order in BLOG_REWRITE_QUEUE.csv.,DEEP REWRITE,false,none,No image needed; the value is in the questions and answers. Optional: one diagram for the hardest concept explained.,analyzed
7b6eac4b-442b-49d6-b36a-e9b17a16fc59,sql-interview-questions-top-50-with-answers,SQL Interview Questions: Top 50 with Answers,interview-questions,sql interview questions,sql interview questions and answers; sql interview questions for freshers; sql scenario based questions,,core concepts; scenario questions; follow-up questions; common wrong answers,SQL,derived from title and intent; no search-volume data,interview,"What does an interviewer ask about SQL, and what does a strong answer contain?",interview,interview preparation,sql interview questions,core concepts; scenario questions; follow-up questions; common wrong answers,Needs to prepare for interview questions on SQL,no: 100% of its phrasing is shared template text,"no: 515 words, 0% specific to the topic",100% boilerplate,yes: 0% unique phrasing,yes: azure-data-factory-adf-interview-questions (1.00),,no: informational title,no: 0% unique phrasing,yes,yes,"yes: runnable, verified code",no,no,yes: no external source,yes,verify on rewrite,"yes: 3 unsourced salary, percentage or demand claims",not verified automatically,yes: opening shared with 48 other articles,yes: heading outline shared with 10 other articles,no: none in the body,none,"no: title promises 50, body has at most 9",no,DEEP REWRITE,Template body: 100% of its phrasing is shared with 10+ articles; 0% is its own.,None. Queue order in BLOG_REWRITE_QUEUE.csv.,DEEP REWRITE,false,none,No image needed; the value is in the questions and answers. Optional: one diagram for the hardest concept explained.,needs_review
aac6475a-e773-439f-9b1c-bee32b550604,sql-joins-interview-questions-explained,SQL Joins Interview Questions Explained,interview-questions,sql joins interview questions explained,sql joins interview questions and answers; sql joins interview questions for freshers; sql joins scenario based questions,,core concepts; scenario questions; follow-up questions; common wrong answers,SQL,derived from title and intent; no search-volume data,interview,"What does an interviewer ask about SQL Joins, and what does a strong answer contain?",interview,interview preparation,sql joins interview questions explained,core concepts; scenario questions; follow-up questions; common wrong answers,Needs to prepare for interview questions on SQL Joins,no: 100% of its phrasing is shared template text,"no: 515 words, 0% specific to the topic",100% boilerplate,yes: 0% unique phrasing,yes: azure-data-factory-adf-interview-questions (1.00),,no: informational title,no: 0% unique phrasing,yes,yes,"yes: runnable, verified code",no,no,yes: no external source,yes,verify on rewrite,"yes: 3 unsourced salary, percentage or demand claims",not verified automatically,yes: opening shared with 48 other articles,no,no: none in the body,none,partly: the body is template text with the title substituted,no,DEEP REWRITE,Template body: 100% of its phrasing is shared with 10+ articles; 0% is its own.,None. Queue order in BLOG_REWRITE_QUEUE.csv.,DEEP REWRITE,false,none,No image needed; the value is in the questions and answers. Optional: one diagram for the hardest concept explained.,analyzed
f6b8ce40-2762-4f88-9812-fa523dcad34c,sql-query-optimization-interview-questions,SQL Query Optimization Interview Questions,interview-questions,sql query optimization interview questions,sql query optimization interview questions and answers; sql query optimization interview questions for freshers; sql query optimization scenario based questions,,core concepts; scenario questions; follow-up questions; common wrong answers,SQL,derived from title and intent; no search-volume data,interview,"What does an interviewer ask about SQL Query Optimization, and what does a strong answer contain?",interview,interview preparation,sql query optimization interview questions,core concepts; scenario questions; follow-up questions; common wrong answers,Needs to prepare for interview questions on SQL Query Optimization,no: 100% of its phrasing is shared template text,"no: 515 words, 0% specific to the topic",100% boilerplate,yes: 0% unique phrasing,yes: azure-data-factory-adf-interview-questions (1.00),,no: informational title,no: 0% unique phrasing,yes,yes,"yes: runnable, verified code",no,no,yes: no external source,yes,verify on rewrite,"yes: 3 unsourced salary, percentage or demand claims",not verified automatically,yes: opening shared with 48 other articles,yes: heading outline shared with 10 other articles,no: none in the body,none,partly: the body is template text with the title substituted,no,DEEP REWRITE,Template body: 100% of its phrasing is shared with 10+ articles; 0% is its own.,None. Queue order in BLOG_REWRITE_QUEUE.csv.,DEEP REWRITE,false,none,No image needed; the value is in the questions and answers. Optional: one diagram for the hardest concept explained.,analyzed
a84dfe9a-49ee-4ec0-9307-68bfcf6c4495,statistics-interview-questions-for-data-science,Statistics Interview Questions for Data Science,interview-questions,statistics interview questions for data science,statistics for data science interview questions and answers; statistics for data science interview questions for freshers; statistics for data science scenario based questions,,core concepts; scenario questions; follow-up questions; common wrong answers,Statistics,derived from title and intent; no search-volume data,interview,"What does an interviewer ask about Statistics for Data Science, and what does a strong answer contain?",interview,interview preparation,statistics interview questions for data science,core concepts; scenario questions; follow-up questions; common wrong answers,Needs to prepare for interview questions on Statistics for Data Science,no: 100% of its phrasing is shared template text,"no: 517 words, 0% specific to the topic",100% boilerplate,yes: 0% unique phrasing,yes: azure-data-factory-adf-interview-questions (1.00),,no: informational title,no: 0% unique phrasing,yes,yes,no,no,no,yes: no external source,yes,verify on rewrite,"yes: 3 unsourced salary, percentage or demand claims",not verified automatically,yes: opening shared with 48 other articles,no,no: none in the body,none,partly: the body is template text with the title substituted,no,DEEP REWRITE,Template body: 100% of its phrasing is shared with 10+ articles; 0% is its own.,None. Queue order in BLOG_REWRITE_QUEUE.csv.,DEEP REWRITE,false,none,No image needed; the value is in the questions and answers. Optional: one diagram for the hardest concept explained.,analyzed
a29327d8-4825-422a-aefa-bd84284bc548,system-design-interview-questions-for-data-engineers,System Design Interview Questions for Data Engineers,interview-questions,system design interview questions for data engineers,system design for data engineers interview questions and answers; system design for data engineers interview questions for freshers; system design for data engineers scenario based questions,,core concepts; scenario questions; follow-up questions; common wrong answers,,derived from title and intent; no search-volume data,interview,"What does an interviewer ask about System Design for Data Engineers, and what does a strong answer contain?",interview,interview preparation,system design interview questions for data engineers,core concepts; scenario questions; follow-up questions; common wrong answers,Needs to prepare for interview questions on System Design for Data Engineers,no: 100% of its phrasing is shared template text,"no: 519 words, 0% specific to the topic",100% boilerplate,yes: 0% unique phrasing,yes: azure-data-factory-adf-interview-questions (1.00),,no: informational title,no: 0% unique phrasing,yes,yes,no,no,no,yes: no external source,yes,verify on rewrite,"yes: 3 unsourced salary, percentage or demand claims",not verified automatically,yes: opening shared with 48 other articles,no,no: none in the body,none,partly: the body is template text with the title substituted,no,DEEP REWRITE,Template body: 100% of its phrasing is shared with 10+ articles; 0% is its own.,None. Queue order in BLOG_REWRITE_QUEUE.csv.,DEEP REWRITE,false,none,No image needed; the value is in the questions and answers. Optional: one diagram for the hardest concept explained.,analyzed
65382c79-0cdd-40af-bb31-09a03b6e4c0c,tableau-interview-questions-and-answers,Tableau Interview Questions and Answers,interview-questions,tableau interview questions and answers,tableau interview questions for freshers; tableau scenario based questions,,core concepts; scenario questions; follow-up questions; common wrong answers,Tableau,derived from title and intent; no search-volume data,interview,"What does an interviewer ask about Tableau, and what does a strong answer contain?",interview,interview preparation,tableau interview questions and answers,core concepts; scenario questions; follow-up questions; common wrong answers,Needs to prepare for interview questions on Tableau,no: 100% of its phrasing is shared template text,"no: 515 words, 0% specific to the topic",100% boilerplate,yes: 0% unique phrasing,yes: azure-data-factory-adf-interview-questions (1.00),,no: informational title,no: 0% unique phrasing,yes,yes,no,no,no,yes: no external source,yes,verify on rewrite,"yes: 3 unsourced salary, percentage or demand claims",not verified automatically,yes: opening shared with 48 other articles,no,no: none in the body,none,partly: the body is template text with the title substituted,no,DEEP REWRITE,Template body: 100% of its phrasing is shared with 10+ articles; 0% is its own.,None. Queue order in BLOG_REWRITE_QUEUE.csv.,DEEP REWRITE,false,none,No image needed; the value is in the questions and answers. Optional: one diagram for the hardest concept explained.,analyzed
350a81ab-9383-4028-a0d0-33f585eeedc3,time-series-interview-questions-for-data-science,Time Series Interview Questions for Data Science,interview-questions,time series interview questions for data science,time series for data science interview questions and answers; time series for data science interview questions for freshers; time series for data science scenario based questions,,core concepts; scenario questions; follow-up questions; common wrong answers,,derived from title and intent; no search-volume data,interview,"What does an interviewer ask about Time Series for Data Science, and what does a strong answer contain?",interview,interview preparation,time series interview questions for data science,core concepts; scenario questions; follow-up questions; common wrong answers,Needs to prepare for interview questions on Time Series for Data Science,no: 100% of its phrasing is shared template text,"no: 519 words, 0% specific to the topic",100% boilerplate,yes: 0% unique phrasing,yes: azure-data-factory-adf-interview-questions (1.00),,no: informational title,no: 0% unique phrasing,yes,yes,no,no,no,yes: no external source,yes,verify on rewrite,"yes: 3 unsourced salary, percentage or demand claims",not verified automatically,yes: opening shared with 48 other articles,no,no: none in the body,none,partly: the body is template text with the title substituted,no,DEEP REWRITE,Template body: 100% of its phrasing is shared with 10+ articles; 0% is its own.,None. Queue order in BLOG_REWRITE_QUEUE.csv.,DEEP REWRITE,false,none,No image needed; the value is in the questions and answers. Optional: one diagram for the hardest concept explained.,analyzed
1ebea313-c19e-45ea-9b86-e6682e0c5ed3,window-functions-sql-interview-questions,Window Functions SQL Interview Questions,interview-questions,window functions sql interview questions,window functions sql interview questions and answers; window functions sql interview questions for freshers; window functions sql scenario based questions,,core concepts; scenario questions; follow-up questions; common wrong answers,SQL,derived from title and intent; no search-volume data,interview,"What does an interviewer ask about Window Functions SQL, and what does a strong answer contain?",interview,interview preparation,window functions sql interview questions,core concepts; scenario questions; follow-up questions; common wrong answers,Needs to prepare for interview questions on Window Functions SQL,no: 100% of its phrasing is shared template text,"no: 515 words, 0% specific to the topic",100% boilerplate,yes: 0% unique phrasing,yes: azure-data-factory-adf-interview-questions (1.00),,no: informational title,no: 0% unique phrasing,yes,yes,"yes: runnable, verified code",no,no,yes: no external source,yes,verify on rewrite,"yes: 3 unsourced salary, percentage or demand claims",not verified automatically,yes: opening shared with 48 other articles,yes: heading outline shared with 10 other articles,no: none in the body,none,partly: the body is template text with the title substituted,no,DEEP REWRITE,Template body: 100% of its phrasing is shared with 10+ articles; 0% is its own.,None. Queue order in BLOG_REWRITE_QUEUE.csv.,DEEP REWRITE,false,none,No image needed; the value is in the questions and answers. Optional: one diagram for the hardest concept explained.,analyzed
8a4a5402-06a6-4fae-abe6-9eca4e551269,a-b-testing-ml-models-in-production,A/B Testing ML Models in Production,mlops,a/b testing ml models in production,a/b testing ml models in production tutorial; a/b testing ml models in production explained; how to use a/b testing ml models in production,,concept and mental model; worked example; common mistakes; when not to use it,,derived from title and intent; no search-volume data,tutorial,"How does A/B Testing ML Models in Production work, and how do I apply it in practice?",tutorial,educational / tutorial,a/b testing ml models in production,concept and mental model; worked example; common mistakes; when not to use it,Needs to understand and use A/B Testing ML Models in Production,no: 100% of its phrasing is shared template text,"no: 673 words, 0% specific to the topic",100% boilerplate,yes: 0% unique phrasing,yes: airflow-for-ml-pipelines-a-practical-guide (1.00),,no: informational title,no: 0% unique phrasing,yes,optional,no,yes: step-by-step,yes,yes: no external source,yes,verify on rewrite,"yes: 6 unsourced salary, percentage or demand claims",not verified automatically,yes: opening shared with 49 other articles,yes: heading outline shared with 417 other articles,no: none in the body,none,partly: the body is template text with the title substituted,no,DEEP REWRITE,Template body: 100% of its phrasing is shared with 10+ articles; 0% is its own.,None. Queue order in BLOG_REWRITE_QUEUE.csv.,DEEP REWRITE,true,concept diagram,"One diagram that explains the central idea of ""A/B Testing ML Models in Production"" — the parts and how they relate.",analyzed
49d10bcd-b378-4562-a2c5-a21dbd253852,airflow-for-ml-pipelines-a-practical-guide,Airflow for ML Pipelines: A Practical Guide,mlops,airflow for ml pipelines,airflow for ml pipelines tutorial; airflow for ml pipelines explained; how to use airflow for ml pipelines,,concept and mental model; worked example; common mistakes; when not to use it,Airflow,derived from title and intent; no search-volume data,tutorial,"How does Airflow for ML Pipelines work, and how do I apply it in practice?",tutorial,educational / tutorial,airflow for ml pipelines,concept and mental model; worked example; common mistakes; when not to use it,Needs to understand and use Airflow for ML Pipelines,no: 100% of its phrasing is shared template text,"no: 667 words, 0% specific to the topic",100% boilerplate,yes: 0% unique phrasing,yes: a-b-testing-ml-models-in-production (1.00),,no: informational title,no: 0% unique phrasing,yes,optional,"yes: runnable, verified code",yes: step-by-step,yes,yes: no external source,yes,verify on rewrite,"yes: 6 unsourced salary, percentage or demand claims",not verified automatically,yes: opening shared with 49 other articles,yes: heading outline shared with 417 other articles,no: none in the body,none,partly: the body is template text with the title substituted,no,DEEP REWRITE,Template body: 100% of its phrasing is shared with 10+ articles; 0% is its own.,None. Queue order in BLOG_REWRITE_QUEUE.csv.,DEEP REWRITE,true,architecture diagram,"Diagram of the components in ""Airflow for ML Pipelines"" and how data or requests flow between them.",analyzed
74716dbb-b81a-4ac0-9988-41d618491427,batch-vs-real-time-model-inference-tradeoffs,Batch vs Real-Time Model Inference: Tradeoffs,mlops,batch vs real-time model inference,batch vs real-time model inference comparison; batch vs real-time model inference differences; batch vs real-time model inference which is better,,decision criteria; where each wins; migration or learning cost,,derived from title and intent; no search-volume data,comparison,"Should I use batch or real-time model inference, and in which situations does each one win?",comparison,comparison (commercial investigation),batch vs real-time model inference,decision criteria; where each wins; migration or learning cost,"Needs to choose between the options in ""Batch vs Real-Time Model Inference""",no: 98% of its phrasing is shared template text,"no: 477 words, 2% specific to the topic",98% boilerplate,yes: 2% unique phrasing,yes: experiment-tracking-mlflow-vs-weights-and-biases (0.97),,no: informational title,no: 2% unique phrasing,yes,has 1; check it is topic-specific,no,no,yes,yes: no external source,yes,verify on rewrite,"yes: 3 unsourced salary, percentage or demand claims",not verified automatically,yes: opening shared with 49 other articles,no,no: none in the body,none,partly: the body is template text with the title substituted,no,DEEP REWRITE,Template body: 98% of its phrasing is shared with 10+ articles; 2% is its own.,None. Queue order in BLOG_REWRITE_QUEUE.csv.,DEEP REWRITE,true,comparison diagram,"Side-by-side diagram of where each option in ""Batch vs Real-Time Model Inference"" sits in a typical workflow, with the deciding differences labelled.",analyzed
835846f3-a25a-4d94-b632-144c055aafbe,blue-green-deployments-for-ml-services,Blue-Green Deployments for ML Services,mlops,blue-green deployments for ml services,blue-green deployments for ml services tutorial; blue-green deployments for ml services explained; how to use blue-green deployments for ml services,,concept and mental model; worked example; common mistakes; when not to use it,,derived from title and intent; no search-volume data,tutorial,"How does Blue-Green Deployments for ML Services work, and how do I apply it in practice?",tutorial,educational / tutorial,blue-green deployments for ml services,concept and mental model; worked example; common mistakes; when not to use it,Needs to understand and use Blue-Green Deployments for ML Services,no: 100% of its phrasing is shared template text,"no: 667 words, 0% specific to the topic",100% boilerplate,yes: 0% unique phrasing,yes: a-b-testing-ml-models-in-production (1.00),,no: informational title,no: 0% unique phrasing,yes,optional,no,yes: step-by-step,yes,yes: no external source,yes,verify on rewrite,"yes: 6 unsourced salary, percentage or demand claims",not verified automatically,yes: opening shared with 49 other articles,yes: heading outline shared with 417 other articles,no: none in the body,none,partly: the body is template text with the title substituted,no,DEEP REWRITE,Template body: 100% of its phrasing is shared with 10+ articles; 0% is its own.,None. Queue order in BLOG_REWRITE_QUEUE.csv.,DEEP REWRITE,true,architecture diagram,"Diagram of the components in ""Blue-Green Deployments for ML Services"" and how data or requests flow between them.",analyzed
8d4d115e-f469-48da-9798-909835b23d1a,building-a-prediction-api-a-complete-walkthrough,Building a Prediction API: A Complete Walkthrough,mlops,building a prediction api,building a prediction api tutorial; building a prediction api explained; how to use building a prediction api,,concept and mental model; worked example; common mistakes; when not to use it,,derived from title and intent; no search-volume data,tutorial,"How does Building a Prediction API work, and how do I apply it in practice?",tutorial,educational / tutorial,building a prediction api,concept and mental model; worked example; common mistakes; when not to use it,Needs to understand and use Building a Prediction API,no: 100% of its phrasing is shared template text,"no: 667 words, 0% specific to the topic",100% boilerplate,yes: 0% unique phrasing,yes: a-b-testing-ml-models-in-production (1.00),serving-ml-models-with-fastapi-and-docker,no: informational title,no: 0% unique phrasing,yes,optional,"yes: runnable, verified code",yes: step-by-step,yes,yes: no external source,yes,verify on rewrite,"yes: 6 unsourced salary, percentage or demand claims",not verified automatically,yes: opening shared with 49 other articles,yes: heading outline shared with 417 other articles,no: none in the body,none,partly: the body is template text with the title substituted,no,MERGE,"Same intent as serving-ml-models-with-fastapi-and-docker (phase5-topical): Both the FastAPI post and ""building a prediction API"" walk through serving a model over HTTP. ""From notebook to production"" sits in Data Science and is linked here as the entry point.",Search Console: merge only if this article earns no distinct queries; otherwise rewrite it to the distinct angle in the note.,DEEP REWRITE,true,concept diagram,"One diagram that explains the central idea of ""Building a Prediction API"" — the parts and how they relate.",merge_candidate
b47642b1-e580-491d-83c8-037227775308,building-an-end-to-end-mlops-pipeline,Building an End-to-End MLOps Pipeline,mlops,building an end-to-end mlops pipeline,building an end-to-end mlops pipeline tutorial; building an end-to-end mlops pipeline explained; how to use building an end-to-end mlops pipeline,,concept and mental model; worked example; common mistakes; when not to use it,,derived from title and intent; no search-volume data,tutorial,"How does Building an End-to-End MLOps Pipeline work, and how do I apply it in practice?",tutorial,educational / tutorial,building an end-to-end mlops pipeline,concept and mental model; worked example; common mistakes; when not to use it,Needs to understand and use Building an End-to-End MLOps Pipeline,no: 100% of its phrasing is shared template text,"no: 667 words, 0% specific to the topic",100% boilerplate,yes: 0% unique phrasing,yes: a-b-testing-ml-models-in-production (1.00),,no: informational title,no: 0% unique phrasing,yes,optional,"yes: runnable, verified code",yes: step-by-step,yes,yes: no external source,yes,verify on rewrite,"yes: 6 unsourced salary, percentage or demand claims",not verified automatically,yes: opening shared with 49 other articles,yes: heading outline shared with 417 other articles,no: none in the body,none,partly: the body is template text with the title substituted,no,DEEP REWRITE,Template body: 100% of its phrasing is shared with 10+ articles; 0% is its own.,None. Queue order in BLOG_REWRITE_QUEUE.csv.,DEEP REWRITE,true,architecture diagram,"Diagram of the components in ""Building an End-to-End MLOps Pipeline"" and how data or requests flow between them.",analyzed
66169667-6424-422e-8410-6dc9fe96131a,ci-cd-for-machine-learning-pipelines-that-work,CI/CD for Machine Learning: Pipelines That Work,mlops,ci/cd for machine learning,ci/cd for machine learning tutorial; ci/cd for machine learning explained; how to use ci/cd for machine learning,,concept and mental model; worked example; common mistakes; when not to use it,Machine Learning,derived from title and intent; no search-volume data,tutorial,"How does CI/CD for Machine Learning work, and how do I apply it in practice?",tutorial,educational / tutorial,ci/cd for machine learning,concept and mental model; worked example; common mistakes; when not to use it,Needs to understand and use CI/CD for Machine Learning,no: 100% of its phrasing is shared template text,"no: 670 words, 0% specific to the topic",100% boilerplate,yes: 0% unique phrasing,yes: a-b-testing-ml-models-in-production (1.00),,no: informational title,no: 0% unique phrasing,yes,optional,"yes: runnable, verified code",yes: step-by-step,yes,yes: no external source,yes,verify on rewrite,"yes: 6 unsourced salary, percentage or demand claims",not verified automatically,yes: opening shared with 49 other articles,yes: heading outline shared with 417 other articles,no: none in the body,none,partly: the body is template text with the title substituted,no,DEEP REWRITE,Template body: 100% of its phrasing is shared with 10+ articles; 0% is its own.,None. Queue order in BLOG_REWRITE_QUEUE.csv.,DEEP REWRITE,true,architecture diagram,"Diagram of the components in ""CI/CD for Machine Learning"" and how data or requests flow between them.",analyzed
2aa3a681-1f74-4d7a-8234-c426e49b87ce,containerizing-a-machine-learning-model-step-by-step,Containerizing a Machine Learning Model Step by Step,mlops,containerizing a machine learning model step by step,containerizing a machine learning model step by step tutorial; containerizing a machine learning model step by step explained; how to use containerizing a machine learning model step by step,,concept and mental model; worked example; common mistakes; when not to use it,Machine Learning,derived from title and intent; no search-volume data,tutorial,"How does Containerizing a Machine Learning Model Step by Step work, and how do I apply it in practice?",tutorial,educational / tutorial,containerizing a machine learning model step by step,concept and mental model; worked example; common mistakes; when not to use it,Needs to understand and use Containerizing a Machine Learning Model Step by Step,no: 100% of its phrasing is shared template text,"no: 676 words, 0% specific to the topic",100% boilerplate,yes: 0% unique phrasing,yes: a-b-testing-ml-models-in-production (1.00),docker-for-machine-learning-a-practical-guide,no: informational title,no: 0% unique phrasing,yes,optional,no,yes: step-by-step,yes,yes: no external source,yes,verify on rewrite,"yes: 6 unsourced salary, percentage or demand claims",not verified automatically,yes: opening shared with 49 other articles,yes: heading outline shared with 417 other articles,no: none in the body,none,partly: the body is template text with the title substituted,no,MERGE,"Same intent as docker-for-machine-learning-a-practical-guide (phase5-topical): Rewritten in the Phase 4 pilot. The step-by-step containerising post answers the same question: merge, or make it the worked walkthrough the guide links to.",Search Console: merge only if this article earns no distinct queries; otherwise rewrite it to the distinct angle in the note.,DEEP REWRITE,true,concept diagram,"One diagram that explains the central idea of ""Containerizing a Machine Learning Model Step by Step"" — the parts and how they relate.",merge_candidate
2ae8bcc2-7fe9-4211-946e-d3577a86351f,continuous-training-automating-model-retraining,Continuous Training: Automating Model Retraining,mlops,continuous training,continuous training tutorial; continuous training explained; how to use continuous training,,concept and mental model; worked example; common mistakes; when not to use it,,derived from title and intent; no search-volume data,tutorial,"How does Continuous Training work, and how do I apply it in practice?",tutorial,educational / tutorial,continuous training,concept and mental model; worked example; common mistakes; when not to use it,Needs to understand and use Continuous Training,no: 100% of its phrasing is shared template text,"no: 661 words, 0% specific to the topic",100% boilerplate,yes: 0% unique phrasing,yes: a-b-testing-ml-models-in-production (1.00),,no: informational title,no: 0% unique phrasing,yes,optional,no,yes: step-by-step,yes,yes: no external source,yes,verify on rewrite,"yes: 6 unsourced salary, percentage or demand claims",not verified automatically,yes: opening shared with 49 other articles,yes: heading outline shared with 417 other articles,no: none in the body,none,partly: the body is template text with the title substituted,no,DEEP REWRITE,Template body: 100% of its phrasing is shared with 10+ articles; 0% is its own.,None. Queue order in BLOG_REWRITE_QUEUE.csv.,DEEP REWRITE,true,concept diagram,"One diagram that explains the central idea of ""Continuous Training"" — the parts and how they relate.",analyzed
73da060d-5146-4aa6-8920-eefdfc2114c6,cost-optimization-for-ml-workloads-in-the-cloud,Cost Optimization for ML Workloads in the Cloud,mlops,cost optimization for ml workloads in the cloud,cost optimization for ml workloads in the cloud tutorial; cost optimization for ml workloads in the cloud explained; how to use cost optimization for ml workloads in the cloud,,concept and mental model; worked example; common mistakes; when not to use it,,derived from title and intent; no search-volume data,tutorial,"How does Cost Optimization for ML Workloads in the Cloud work, and how do I apply it in practice?",tutorial,educational / tutorial,cost optimization for ml workloads in the cloud,concept and mental model; worked example; common mistakes; when not to use it,Needs to understand and use Cost Optimization for ML Workloads in the Cloud,no: 100% of its phrasing is shared template text,"no: 676 words, 0% specific to the topic",100% boilerplate,yes: 0% unique phrasing,yes: a-b-testing-ml-models-in-production (1.00),,no: informational title,no: 0% unique phrasing,yes,optional,no,yes: step-by-step,yes,yes: no external source,yes,verify on rewrite,"yes: 6 unsourced salary, percentage or demand claims",not verified automatically,yes: opening shared with 49 other articles,yes: heading outline shared with 417 other articles,no: none in the body,none,partly: the body is template text with the title substituted,no,DEEP REWRITE,Template body: 100% of its phrasing is shared with 10+ articles; 0% is its own.,None. Queue order in BLOG_REWRITE_QUEUE.csv.,DEEP REWRITE,true,concept diagram,"One diagram that explains the central idea of ""Cost Optimization for ML Workloads in the Cloud"" — the parts and how they relate.",analyzed
2c0c6d07-7c3a-46c5-8e77-db091973eeed,data-versioning-with-dvc-a-hands-on-guide,Data Versioning with DVC: A Hands-On Guide,mlops,data versioning with dvc,data versioning with dvc tutorial; data versioning with dvc explained; how to use data versioning with dvc,,concept and mental model; worked example; common mistakes; when not to use it,,derived from title and intent; no search-volume data,tutorial,"How does Data Versioning with DVC work, and how do I apply it in practice?",tutorial,educational / tutorial,data versioning with dvc,concept and mental model; worked example; common mistakes; when not to use it,Needs to understand and use Data Versioning with DVC,no: 100% of its phrasing is shared template text,"no: 667 words, 0% specific to the topic",100% boilerplate,yes: 0% unique phrasing,yes: a-b-testing-ml-models-in-production (1.00),,no: informational title,no: 0% unique phrasing,yes,optional,no,yes: step-by-step,yes,yes: no external source,yes,verify on rewrite,"yes: 6 unsourced salary, percentage or demand claims",not verified automatically,yes: opening shared with 49 other articles,yes: heading outline shared with 417 other articles,no: none in the body,none,partly: the body is template text with the title substituted,no,DEEP REWRITE,Template body: 100% of its phrasing is shared with 10+ articles; 0% is its own.,None. Queue order in BLOG_REWRITE_QUEUE.csv.,DEEP REWRITE,true,concept diagram,"One diagram that explains the central idea of ""Data Versioning with DVC"" — the parts and how they relate.",analyzed
3caabdbe-d1a6-4626-a93e-cfbf09e7aee7,deploying-ml-models-on-aws-azure-and-gcp,"Deploying ML Models on AWS, Azure and GCP",mlops,"deploying ml models on aws, azure and gcp","deploying ml models on aws, azure and gcp tutorial; deploying ml models on aws, azure and gcp explained; how to use deploying ml models on aws, azure and gcp",,concept and mental model; worked example; common mistakes; when not to use it,Azure; AWS; GCP,derived from title and intent; no search-volume data,tutorial,"How does Deploying ML Models on AWS, Azure and GCP work, and how do I apply it in practice?",tutorial,educational / tutorial,"deploying ml models on aws, azure and gcp",concept and mental model; worked example; common mistakes; when not to use it,"Needs to understand and use Deploying ML Models on AWS, Azure and GCP",no: 100% of its phrasing is shared template text,"no: 676 words, 0% specific to the topic",100% boilerplate,yes: 0% unique phrasing,yes: a-b-testing-ml-models-in-production (1.00),,no: informational title,no: 0% unique phrasing,yes,optional,no,yes: step-by-step,yes,yes: no external source,yes,verify on rewrite,"yes: 6 unsourced salary, percentage or demand claims",not verified automatically,yes: opening shared with 49 other articles,yes: heading outline shared with 417 other articles,no: none in the body,none,partly: the body is template text with the title substituted,no,DEEP REWRITE,Template body: 100% of its phrasing is shared with 10+ articles; 0% is its own.,None. Queue order in BLOG_REWRITE_QUEUE.csv.,DEEP REWRITE,true,architecture diagram,"Diagram of the components in ""Deploying ML Models on AWS, Azure and GCP"" and how data or requests flow between them.",analyzed
0cfceac7-0f15-471b-8737-fea1b598669f,docker-for-machine-learning-a-practical-guide,Docker for Machine Learning: A Practical Guide,mlops,docker for machine learning,docker for machine learning tutorial; docker for machine learning explained; how to use docker for machine learning,,concept and mental model; worked example; common mistakes; when not to use it,Machine Learning; Docker,derived from title and intent; no search-volume data,tutorial,"How does Docker for Machine Learning work, and how do I apply it in practice?",tutorial,educational / tutorial,docker for machine learning,concept and mental model; worked example; common mistakes; when not to use it,Needs to understand and use Docker for Machine Learning,no: 100% of its phrasing is shared template text,"no: 667 words, 0% specific to the topic",100% boilerplate,yes: 0% unique phrasing,yes: a-b-testing-ml-models-in-production (1.00),,no: informational title,no: 0% unique phrasing,yes,optional,"yes: runnable, verified code",yes: step-by-step,yes,yes: no external source,yes,verify on rewrite,"yes: 6 unsourced salary, percentage or demand claims",not verified automatically,yes: opening shared with 49 other articles,yes: heading outline shared with 417 other articles,no: none in the body,none,partly: the body is template text with the title substituted,no,DEEP REWRITE,Template body: 100% of its phrasing is shared with 10+ articles; 0% is its own.,None. Queue order in BLOG_REWRITE_QUEUE.csv.,DEEP REWRITE,true,concept diagram,"One diagram that explains the central idea of ""Docker for Machine Learning"" — the parts and how they relate.",needs_review
84643a02-651d-47d0-b0aa-81b9a1be3de6,edge-ml-deployment-running-models-on-devices,Edge ML Deployment: Running Models on Devices,mlops,edge ml deployment,edge ml deployment tutorial; edge ml deployment explained; how to use edge ml deployment,,concept and mental model; worked example; common mistakes; when not to use it,,derived from title and intent; no search-volume data,tutorial,"How does Edge ML Deployment work, and how do I apply it in practice?",tutorial,educational / tutorial,edge ml deployment,concept and mental model; worked example; common mistakes; when not to use it,Needs to understand and use Edge ML Deployment,no: 100% of its phrasing is shared template text,"no: 665 words, 0% specific to the topic",100% boilerplate,yes: 0% unique phrasing,yes: a-b-testing-ml-models-in-production (1.00),,no: informational title,no: 0% unique phrasing,yes,optional,no,yes: step-by-step,yes,yes: no external source,yes,verify on rewrite,"yes: 6 unsourced salary, percentage or demand claims",not verified automatically,yes: opening shared with 49 other articles,yes: heading outline shared with 417 other articles,no: none in the body,none,partly: the body is template text with the title substituted,no,DEEP REWRITE,Template body: 100% of its phrasing is shared with 10+ articles; 0% is its own.,None. Queue order in BLOG_REWRITE_QUEUE.csv.,DEEP REWRITE,true,architecture diagram,"Diagram of the components in ""Edge ML Deployment"" and how data or requests flow between them.",analyzed
dc80be95-e9d3-4d23-80fd-db1a8afa209c,experiment-tracking-mlflow-vs-weights-and-biases,Experiment Tracking: MLflow vs Weights & Biases,mlops,experiment tracking,experiment tracking comparison; experiment tracking differences; experiment tracking which is better,mlflow,decision criteria; where each wins; migration or learning cost,MLflow,derived from title and intent; no search-volume data,comparison,"Should I use mlflow or weights biases, and in which situations does each one win?",comparison,comparison (commercial investigation),experiment tracking,decision criteria; where each wins; migration or learning cost,"Needs to choose between the options in ""Experiment Tracking""",no: 99% of its phrasing is shared template text,"no: 474 words, 1% specific to the topic",99% boilerplate,yes: 1% unique phrasing,yes: mlops-vs-devops-vs-dataops-key-differences (0.99),,no: informational title,no: 1% unique phrasing,yes,has 1; check it is topic-specific,no,no,yes,yes: no external source,yes,verify on rewrite,"yes: 3 unsourced salary, percentage or demand claims",not verified automatically,yes: opening shared with 49 other articles,no,no: none in the body,none,partly: the body is template text with the title substituted,no,DEEP REWRITE,Template body: 99% of its phrasing is shared with 10+ articles; 1% is its own.,None. Queue order in BLOG_REWRITE_QUEUE.csv.,DEEP REWRITE,true,comparison diagram,"Side-by-side diagram of where each option in ""Experiment Tracking"" sits in a typical workflow, with the deciding differences labelled.",analyzed
5f37b0ba-cf36-409d-9b64-67e621db739c,feature-stores-explained-why-teams-need-them,Feature Stores Explained: Why Teams Need Them,mlops,feature stores explained,feature stores tutorial; how to use feature stores,,concept and mental model; worked example; common mistakes; when not to use it,,derived from title and intent; no search-volume data,tutorial,"What is Feature Stores, and how does it work?",tutorial,educational / tutorial,feature stores explained,concept and mental model; worked example; common mistakes; when not to use it,Needs to understand and use Feature Stores,no: 100% of its phrasing is shared template text,"no: 665 words, 0% specific to the topic",100% boilerplate,yes: 0% unique phrasing,yes: a-b-testing-ml-models-in-production (1.00),,no: informational title,no: 0% unique phrasing,yes,optional,no,yes: step-by-step,yes,yes: no external source,yes,verify on rewrite,"yes: 6 unsourced salary, percentage or demand claims",not verified automatically,yes: opening shared with 49 other articles,yes: heading outline shared with 417 other articles,no: none in the body,none,partly: the body is template text with the title substituted,no,DEEP REWRITE,Template body: 100% of its phrasing is shared with 10+ articles; 0% is its own.,None. Queue order in BLOG_REWRITE_QUEUE.csv.,DEEP REWRITE,true,concept diagram,"One diagram that explains the central idea of ""Feature Stores Explained"" — the parts and how they relate.",analyzed
a9428529-4089-4376-accd-4d814988d1e9,from-data-scientist-to-mlops-engineer-a-roadmap,From Data Scientist to MLOps Engineer: A Roadmap,mlops,from data scientist to mlops engineer,from data scientist to mlops engineer learning path; how to become from data scientist to mlops engineer; from data scientist to mlops engineer skills,,prerequisites; stages and order; projects; what to skip; pacing,,derived from title and intent; no search-volume data,career,"What should I learn, and in what order, to become job-ready in From Data Scientist to MLOps Engineer?",career,career / roadmap,from data scientist to mlops engineer,prerequisites; stages and order; projects; what to skip; pacing,Needs a learning or career path for From Data Scientist to MLOps Engineer,no: 97% of its phrasing is shared template text,"no: 672 words, 0% specific to the topic",97% boilerplate,yes: 0% unique phrasing,yes: mlops-roadmap-2026-skills-tools-and-career-path (1.00),,no: informational title,no: 0% unique phrasing,yes,has 1; check it is topic-specific,no,no,yes,yes: no external source,yes,verify on rewrite,"yes: 6 unsourced salary, percentage or demand claims",not verified automatically,yes: opening shared with 49 other articles,yes: heading outline shared with 18 other articles,no: none in the body,none,partly: the body is template text with the title substituted,no,DEEP REWRITE,Template body: 97% of its phrasing is shared with 10+ articles; 0% is its own.,None. Queue order in BLOG_REWRITE_QUEUE.csv.,DEEP REWRITE,true,roadmap diagram,"Stage-by-stage diagram of the From Data Scientist to MLOps Engineer learning path: each stage, the skills in it, and the proof (project) that closes it.",analyzed
9954646b-55b3-452d-8dce-d580e82c9e21,github-actions-for-ml-automating-workflows,GitHub Actions for ML: Automating Workflows,mlops,github actions for ml,github actions for ml tutorial; github actions for ml explained; how to use github actions for ml,,concept and mental model; worked example; common mistakes; when not to use it,GitHub Actions,derived from title and intent; no search-volume data,tutorial,"How does GitHub Actions for ML work, and how do I apply it in practice?",tutorial,educational / tutorial,github actions for ml,concept and mental model; worked example; common mistakes; when not to use it,Needs to understand and use GitHub Actions for ML,no: 100% of its phrasing is shared template text,"no: 666 words, 0% specific to the topic",100% boilerplate,yes: 0% unique phrasing,yes: a-b-testing-ml-models-in-production (1.00),,no: informational title,no: 0% unique phrasing,yes,optional,"yes: runnable, verified code",yes: step-by-step,yes,yes: no external source,yes,verify on rewrite,"yes: 6 unsourced salary, percentage or demand claims",not verified automatically,yes: opening shared with 49 other articles,yes: heading outline shared with 417 other articles,no: none in the body,none,partly: the body is template text with the title substituted,no,DEEP REWRITE,Template body: 100% of its phrasing is shared with 10+ articles; 0% is its own.,None. Queue order in BLOG_REWRITE_QUEUE.csv.,DEEP REWRITE,true,concept diagram,"One diagram that explains the central idea of ""GitHub Actions for ML"" — the parts and how they relate.",analyzed
a1bae9d9-b0db-4a43-b126-cc6d75252b82,gpu-vs-cpu-for-ml-when-you-actually-need-a-gpu,GPU vs CPU for ML: When You Actually Need a GPU,mlops,gpu vs cpu for ml,gpu vs cpu for ml comparison; gpu vs cpu for ml differences; gpu vs cpu for ml which is better,,decision criteria; where each wins; migration or learning cost,,derived from title and intent; no search-volume data,comparison,"Should I use cpu or gpu, and in which situations does each one win?",comparison,comparison (commercial investigation),gpu vs cpu for ml,decision criteria; where each wins; migration or learning cost,"Needs to choose between the options in ""GPU vs CPU for ML""",no: 99% of its phrasing is shared template text,"no: 482 words, 1% specific to the topic",99% boilerplate,yes: 1% unique phrasing,yes: experiment-tracking-mlflow-vs-weights-and-biases (0.98),,no: informational title,no: 1% unique phrasing,yes,has 1; check it is topic-specific,no,no,yes,yes: no external source,yes,verify on rewrite,"yes: 3 unsourced salary, percentage or demand claims",not verified automatically,yes: opening shared with 49 other articles,no,no: none in the body,none,partly: the body is template text with the title substituted,no,DEEP REWRITE,Template body: 99% of its phrasing is shared with 10+ articles; 1% is its own.,None. Queue order in BLOG_REWRITE_QUEUE.csv.,DEEP REWRITE,true,comparison diagram,"Side-by-side diagram of where each option in ""GPU vs CPU for ML"" sits in a typical workflow, with the deciding differences labelled.",analyzed
82467957-07cd-47ab-bc6c-20333b3376df,handling-concept-drift-in-live-ml-systems,Handling Concept Drift in Live ML Systems,mlops,handling concept drift in live ml systems,handling concept drift in live ml systems tutorial; handling concept drift in live ml systems explained; how to use handling concept drift in live ml systems,,concept and mental model; worked example; common mistakes; when not to use it,,derived from title and intent; no search-volume data,tutorial,"How does Handling Concept Drift in Live ML Systems work, and how do I apply it in practice?",tutorial,educational / tutorial,handling concept drift in live ml systems,concept and mental model; worked example; common mistakes; when not to use it,Needs to understand and use Handling Concept Drift in Live ML Systems,no: 100% of its phrasing is shared template text,"no: 673 words, 0% specific to the topic",100% boilerplate,yes: 0% unique phrasing,yes: a-b-testing-ml-models-in-production (1.00),monitoring-ml-models-in-production-a-complete-guide,no: informational title,no: 0% unique phrasing,yes,optional,no,yes: step-by-step,yes,yes: no external source,yes,verify on rewrite,"yes: 6 unsourced salary, percentage or demand claims",not verified automatically,yes: opening shared with 49 other articles,yes: heading outline shared with 417 other articles,no: none in the body,none,partly: the body is template text with the title substituted,no,MERGE,"Same intent as monitoring-ml-models-in-production-a-complete-guide (phase5-topical): Concept drift is covered by the drift article; merge, or keep only if it adds the retraining response.",Search Console: merge only if this article earns no distinct queries; otherwise rewrite it to the distinct angle in the note.,DEEP REWRITE,true,concept diagram,"One diagram that explains the central idea of ""Handling Concept Drift in Live ML Systems"" — the parts and how they relate.",merge_candidate
5481aade-d3b7-4e68-ba68-dd89f9cee04f,how-to-build-an-mlops-portfolio-that-stands-out,How to Build an MLOps Portfolio That Stands Out,mlops,how to build an mlops portfolio that stands out,how to build an mlops portfolio that stands out tutorial; how to build an mlops portfolio that stands out explained; how to use how to build an mlops portfolio that stands out,,concept and mental model; worked example; common mistakes; when not to use it,,derived from title and intent; no search-volume data,tutorial,How do I Build an MLOps Portfolio That Stands Out?,tutorial,educational / tutorial,how to build an mlops portfolio that stands out,concept and mental model; worked example; common mistakes; when not to use it,Needs to understand and use How to Build an MLOps Portfolio That Stands Out,no: 100% of its phrasing is shared template text,"no: 679 words, 0% specific to the topic",100% boilerplate,yes: 0% unique phrasing,yes: a-b-testing-ml-models-in-production (1.00),,no: informational title,no: 0% unique phrasing,yes,optional,no,yes: step-by-step,yes,yes: no external source,yes,verify on rewrite,"yes: 6 unsourced salary, percentage or demand claims",not verified automatically,yes: opening shared with 49 other articles,yes: heading outline shared with 417 other articles,no: none in the body,none,partly: the body is template text with the title substituted,no,DEEP REWRITE,Template body: 100% of its phrasing is shared with 10+ articles; 0% is its own.,None. Queue order in BLOG_REWRITE_QUEUE.csv.,DEEP REWRITE,true,architecture diagram,"Diagram of the components in ""How to Build an MLOps Portfolio That Stands Out"" and how data or requests flow between them.",analyzed
ec6d3a2b-d54f-4120-b2a0-cea1aca87904,kubeflow-pipelines-an-introduction-for-ml-engineers,Kubeflow Pipelines: An Introduction for ML Engineers,mlops,kubeflow pipelines,kubeflow pipelines tutorial; kubeflow pipelines explained; how to use kubeflow pipelines,,concept and mental model; worked example; common mistakes; when not to use it,Kubeflow,derived from title and intent; no search-volume data,tutorial,"What is Kubeflow Pipelines, and how does it work?",tutorial,educational / tutorial,kubeflow pipelines,concept and mental model; worked example; common mistakes; when not to use it,Needs to understand and use Kubeflow Pipelines,no: 100% of its phrasing is shared template text,"no: 663 words, 0% specific to the topic",100% boilerplate,yes: 0% unique phrasing,yes: a-b-testing-ml-models-in-production (1.00),,no: informational title,no: 0% unique phrasing,yes,optional,"yes: runnable, verified code",yes: step-by-step,yes,yes: no external source,yes,verify on rewrite,"yes: 6 unsourced salary, percentage or demand claims",not verified automatically,yes: opening shared with 49 other articles,yes: heading outline shared with 417 other articles,no: none in the body,none,partly: the body is template text with the title substituted,no,DEEP REWRITE,Template body: 100% of its phrasing is shared with 10+ articles; 0% is its own.,None. Queue order in BLOG_REWRITE_QUEUE.csv.,DEEP REWRITE,true,architecture diagram,"Diagram of the components in ""Kubeflow Pipelines"" and how data or requests flow between them.",analyzed
3f2ad586-f5da-42b3-8e62-85828f47be4a,kubernetes-for-ml-deploying-models-at-scale,Kubernetes for ML: Deploying Models at Scale,mlops,kubernetes for ml,kubernetes for ml tutorial; kubernetes for ml explained; how to use kubernetes for ml,,concept and mental model; worked example; common mistakes; when not to use it,Kubernetes,derived from title and intent; no search-volume data,tutorial,"How does Kubernetes for ML work, and how do I apply it in practice?",tutorial,educational / tutorial,kubernetes for ml,concept and mental model; worked example; common mistakes; when not to use it,Needs to understand and use Kubernetes for ML,no: 100% of its phrasing is shared template text,"no: 665 words, 0% specific to the topic",100% boilerplate,yes: 0% unique phrasing,yes: a-b-testing-ml-models-in-production (1.00),,no: informational title,no: 0% unique phrasing,yes,optional,"yes: runnable, verified code",yes: step-by-step,yes,yes: no external source,yes,verify on rewrite,"yes: 6 unsourced salary, percentage or demand claims",not verified automatically,yes: opening shared with 49 other articles,yes: heading outline shared with 417 other articles,no: none in the body,none,partly: the body is template text with the title substituted,no,DEEP REWRITE,Template body: 100% of its phrasing is shared with 10+ articles; 0% is its own.,None. Queue order in BLOG_REWRITE_QUEUE.csv.,DEEP REWRITE,true,architecture diagram,"Diagram of the components in ""Kubernetes for ML"" and how data or requests flow between them.",analyzed
767a823a-60a9-4aff-a23b-adf9a2bbf1a0,logging-and-observability-for-ml-systems,Logging and Observability for ML Systems,mlops,logging and observability for ml systems,logging and observability for ml systems tutorial; logging and observability for ml systems explained; how to use logging and observability for ml systems,,concept and mental model; worked example; common mistakes; when not to use it,,derived from title and intent; no search-volume data,tutorial,"How does Logging and Observability for ML Systems work, and how do I apply it in practice?",tutorial,educational / tutorial,logging and observability for ml systems,concept and mental model; worked example; common mistakes; when not to use it,Needs to understand and use Logging and Observability for ML Systems,no: 100% of its phrasing is shared template text,"no: 670 words, 0% specific to the topic",100% boilerplate,yes: 0% unique phrasing,yes: a-b-testing-ml-models-in-production (1.00),,no: informational title,no: 0% unique phrasing,yes,optional,no,yes: step-by-step,yes,yes: no external source,yes,verify on rewrite,"yes: 6 unsourced salary, percentage or demand claims",not verified automatically,yes: opening shared with 49 other articles,yes: heading outline shared with 417 other articles,no: none in the body,none,partly: the body is template text with the title substituted,no,DEEP REWRITE,Template body: 100% of its phrasing is shared with 10+ articles; 0% is its own.,None. Queue order in BLOG_REWRITE_QUEUE.csv.,DEEP REWRITE,true,concept diagram,"One diagram that explains the central idea of ""Logging and Observability for ML Systems"" — the parts and how they relate.",analyzed
ebcac2a2-f135-4254-a5e3-f2b42e33d03c,mlflow-tutorial-tracking-experiments-and-models,MLflow Tutorial: Tracking Experiments and Models,mlops,mlflow tutorial,mlflow explained; how to use mlflow,,concept and mental model; worked example; common mistakes; when not to use it,MLflow,derived from title and intent; no search-volume data,tutorial,"How does MLflow Tutorial work, and how do I apply it in practice?",tutorial,educational / tutorial,mlflow tutorial,concept and mental model; worked example; common mistakes; when not to use it,Needs to understand and use MLflow,no: 100% of its phrasing is shared template text,"no: 662 words, 0% specific to the topic",100% boilerplate,yes: 0% unique phrasing,yes: a-b-testing-ml-models-in-production (1.00),,no: informational title,no: 0% unique phrasing,yes,optional,no,yes: step-by-step,yes,yes: no external source,yes,verify on rewrite,"yes: 6 unsourced salary, percentage or demand claims",not verified automatically,yes: opening shared with 49 other articles,yes: heading outline shared with 417 other articles,no: none in the body,none,partly: the body is template text with the title substituted,no,DEEP REWRITE,Template body: 100% of its phrasing is shared with 10+ articles; 0% is its own.,None. Queue order in BLOG_REWRITE_QUEUE.csv.,DEEP REWRITE,true,concept diagram,"One diagram that explains the central idea of ""MLflow Tutorial"" — the parts and how they relate.",analyzed
bee0d0aa-37be-44cf-925f-fc866bda97ee,mlops-engineer-salary-in-india-2026,MLOps Engineer Salary in India 2026,mlops,mlops engineer salary in india,mlops engineer salary; mlops engineer salary for freshers; mlops engineer pay by experience,,sourced pay data; what moves pay; role differences,,derived from title and intent; no search-volume data,salary,"What does MLOps Engineer work pay, and what moves the number?",salary,salary,mlops engineer salary in india,sourced pay data; what moves pay; role differences,"Needs realistic, sourced pay expectations for MLOps Engineer",no: 91% of its phrasing is shared template text,"no: 539 words, 3% specific to the topic",91% boilerplate,yes: 3% unique phrasing,no: nearest gcp-data-engineer-salary-in-india-2026 (0.66),,no: informational title,no: 3% unique phrasing,yes,optional,no,no,no,yes: no external source,yes,yes: fast-moving topic or dated title,"yes: 11 unsourced salary, percentage or demand claims",likely: dated or fast-moving; not verified automatically,yes: opening shared with 49 other articles,yes: heading outline shared with 10 other articles,no: none in the body,none,partly: the body is template text with the title substituted,no,MANUAL REVIEW,"Salary figures with no cited source. A rewrite needs a dated, citable salary dataset; without one the figures must go.","Source a salary dataset, or rewrite without figures.",MANUAL REVIEW,false,none,No image. A chart is only appropriate once the figures are sourced; then chart the cited data with the source in the caption.,needs_review
ed61c93c-06fc-40c7-9c17-80a144713ec6,mlops-interview-questions-and-answers-2,MLOps Interview Questions and Answers,mlops,mlops interview questions and answers,mlops interview questions for freshers; mlops scenario based questions,,core concepts; scenario questions; follow-up questions; common wrong answers,,derived from title and intent; no search-volume data,interview,"What does an interviewer ask about MLOps, and what does a strong answer contain?",interview,interview preparation,mlops interview questions and answers,core concepts; scenario questions; follow-up questions; common wrong answers,Needs to prepare for interview questions on MLOps,no: 95% of its phrasing is shared template text,"no: 531 words, 3% specific to the topic",95% boilerplate,yes: 3% unique phrasing,no: nearest data-engineering-interview-questions-and-answers-2 (0.74),,no: informational title,no: 3% unique phrasing,yes,yes,no,no,no,yes: no external source,yes,verify on rewrite,"yes: 3 unsourced salary, percentage or demand claims",not verified automatically,yes: opening shared with 49 other articles,no,no: none in the body,none,partly: the body is template text with the title substituted,no,REDIRECT,Identical title and excerpt; duplicate of the interview-questions copy.,Done in Phase 1 (301).,REDIRECT,false,none,No image needed; the value is in the questions and answers. Optional: one diagram for the hardest concept explained.,redirected
d387d8e2-1280-4957-8c8b-c240b49d8167,mlops-maturity-levels-where-does-your-team-stand,MLOps Maturity Levels: Where Does Your Team Stand?,mlops,mlops maturity levels,mlops maturity levels tutorial; mlops maturity levels explained; how to use mlops maturity levels,,concept and mental model; worked example; common mistakes; when not to use it,,derived from title and intent; no search-volume data,tutorial,"How does MLOps Maturity Levels work, and how do I apply it in practice?",tutorial,educational / tutorial,mlops maturity levels,concept and mental model; worked example; common mistakes; when not to use it,Needs to understand and use MLOps Maturity Levels,no: 100% of its phrasing is shared template text,"no: 666 words, 0% specific to the topic",100% boilerplate,yes: 0% unique phrasing,yes: a-b-testing-ml-models-in-production (1.00),,no: informational title,no: 0% unique phrasing,yes,optional,no,yes: step-by-step,yes,yes: no external source,yes,verify on rewrite,"yes: 6 unsourced salary, percentage or demand claims",not verified automatically,yes: opening shared with 49 other articles,yes: heading outline shared with 417 other articles,no: none in the body,none,partly: the body is template text with the title substituted,no,DEEP REWRITE,Template body: 100% of its phrasing is shared with 10+ articles; 0% is its own.,None. Queue order in BLOG_REWRITE_QUEUE.csv.,DEEP REWRITE,true,architecture diagram,"Diagram of the components in ""MLOps Maturity Levels"" and how data or requests flow between them.",analyzed
6ad8f279-59f2-4b4c-a8a8-d68b1486938c,mlops-roadmap-2026-skills-tools-and-career-path,"MLOps Roadmap 2026: Skills, Tools and Career Path",mlops,mlops roadmap,mlops learning path; how to become mlops; mlops skills,,prerequisites; stages and order; projects; what to skip; pacing,,derived from title and intent; no search-volume data,career,"What should I learn, and in what order, to become job-ready in MLOps?",career,career / roadmap,mlops roadmap,prerequisites; stages and order; projects; what to skip; pacing,Needs a learning or career path for MLOps,no: 97% of its phrasing is shared template text,"no: 669 words, 0% specific to the topic",97% boilerplate,yes: 0% unique phrasing,yes: from-data-scientist-to-mlops-engineer-a-roadmap (1.00),,no: informational title,no: 0% unique phrasing,yes,has 1; check it is topic-specific,no,no,yes,yes: no external source,yes,yes: fast-moving topic or dated title,"yes: 6 unsourced salary, percentage or demand claims",likely: dated or fast-moving; not verified automatically,yes: opening shared with 49 other articles,yes: heading outline shared with 18 other articles,no: none in the body,none,partly: the body is template text with the title substituted,no,DEEP REWRITE,Template body: 97% of its phrasing is shared with 10+ articles; 0% is its own.,None. Queue order in BLOG_REWRITE_QUEUE.csv.,DEEP REWRITE,true,roadmap diagram,"Stage-by-stage diagram of the MLOps Roadmap 2026 learning path: each stage, the skills in it, and the proof (project) that closes it.",analyzed
aba5050d-3cd2-49e9-b467-473786c71ea1,mlops-tools-landscape-2026-what-to-learn,MLOps Tools Landscape 2026: What to Learn,mlops,mlops tools landscape,mlops tools landscape tutorial; mlops tools landscape explained; how to use mlops tools landscape,,concept and mental model; worked example; common mistakes; when not to use it,,derived from title and intent; no search-volume data,tutorial,"How does MLOps Tools Landscape work, and how do I apply it in practice?",tutorial,educational / tutorial,mlops tools landscape,concept and mental model; worked example; common mistakes; when not to use it,Needs to understand and use MLOps Tools Landscape,no: 100% of its phrasing is shared template text,"no: 667 words, 0% specific to the topic",100% boilerplate,yes: 0% unique phrasing,yes: a-b-testing-ml-models-in-production (1.00),,no: informational title,no: 0% unique phrasing,yes,optional,no,yes: step-by-step,yes,yes: no external source,yes,yes: fast-moving topic or dated title,"yes: 6 unsourced salary, percentage or demand claims",likely: dated or fast-moving; not verified automatically,yes: opening shared with 49 other articles,yes: heading outline shared with 417 other articles,no: none in the body,none,partly: the body is template text with the title substituted,no,DEEP REWRITE,Template body: 100% of its phrasing is shared with 10+ articles; 0% is its own.,None. Queue order in BLOG_REWRITE_QUEUE.csv.,DEEP REWRITE,true,architecture diagram,"Diagram of the components in ""MLOps Tools Landscape 2026"" and how data or requests flow between them.",analyzed
e4fb675c-8d34-4ef7-9bad-a5596ddd1949,mlops-vs-devops-vs-dataops-key-differences,MLOps vs DevOps vs DataOps: Key Differences,mlops,mlops vs devops vs dataops,mlops vs devops vs dataops comparison; mlops vs devops vs dataops differences; mlops vs devops vs dataops which is better,,decision criteria; where each wins; migration or learning cost,,derived from title and intent; no search-volume data,comparison,"Should I use dataops or devops or mlops, and in which situations does each one win?",comparison,comparison (commercial investigation),mlops vs devops vs dataops,decision criteria; where each wins; migration or learning cost,"Needs to choose between the options in ""MLOps vs DevOps vs DataOps""",no: 99% of its phrasing is shared template text,"no: 478 words, 1% specific to the topic",99% boilerplate,yes: 1% unique phrasing,yes: experiment-tracking-mlflow-vs-weights-and-biases (0.99),,no: informational title,no: 1% unique phrasing,yes,has 1; check it is topic-specific,no,no,yes,yes: no external source,yes,verify on rewrite,"yes: 3 unsourced salary, percentage or demand claims",not verified automatically,yes: opening shared with 49 other articles,no,no: none in the body,none,partly: the body is template text with the title substituted,no,DEEP REWRITE,Template body: 99% of its phrasing is shared with 10+ articles; 1% is its own.,None. Queue order in BLOG_REWRITE_QUEUE.csv.,DEEP REWRITE,true,comparison diagram,"Side-by-side diagram of where each option in ""MLOps vs DevOps vs DataOps"" sits in a typical workflow, with the deciding differences labelled.",analyzed
e0cb7df2-8ed0-48b6-84b3-e9164ff2a366,model-compression-quantization-and-pruning-explained,Model Compression: Quantization and Pruning Explained,mlops,model compression,model compression tutorial; model compression explained; how to use model compression,,concept and mental model; worked example; common mistakes; when not to use it,,derived from title and intent; no search-volume data,tutorial,"What is Model Compression, and how does it work?",tutorial,educational / tutorial,model compression,concept and mental model; worked example; common mistakes; when not to use it,Needs to understand and use Model Compression,no: 100% of its phrasing is shared template text,"no: 662 words, 0% specific to the topic",100% boilerplate,yes: 0% unique phrasing,yes: a-b-testing-ml-models-in-production (1.00),,no: informational title,no: 0% unique phrasing,yes,optional,no,yes: step-by-step,yes,yes: no external source,yes,verify on rewrite,"yes: 6 unsourced salary, percentage or demand claims",not verified automatically,yes: opening shared with 49 other articles,yes: heading outline shared with 417 other articles,no: none in the body,none,partly: the body is template text with the title substituted,no,DEEP REWRITE,Template body: 100% of its phrasing is shared with 10+ articles; 0% is its own.,None. Queue order in BLOG_REWRITE_QUEUE.csv.,DEEP REWRITE,true,concept diagram,"One diagram that explains the central idea of ""Model Compression"" — the parts and how they relate.",analyzed
c7b8d384-b6ee-4fe3-baca-5be0aaa8ff6a,model-drift-and-data-drift-detection-and-response,Model Drift and Data Drift: Detection and Response,mlops,model drift and data drift,model drift and data drift tutorial; model drift and data drift explained; how to use model drift and data drift,,concept and mental model; worked example; common mistakes; when not to use it,,derived from title and intent; no search-volume data,tutorial,"How does Model Drift and Data Drift work, and how do I apply it in practice?",tutorial,educational / tutorial,model drift and data drift,concept and mental model; worked example; common mistakes; when not to use it,Needs to understand and use Model Drift and Data Drift,no: 100% of its phrasing is shared template text,"no: 670 words, 0% specific to the topic",100% boilerplate,yes: 0% unique phrasing,yes: a-b-testing-ml-models-in-production (1.00),,no: informational title,no: 0% unique phrasing,yes,optional,no,yes: step-by-step,yes,yes: no external source,yes,verify on rewrite,"yes: 6 unsourced salary, percentage or demand claims",not verified automatically,yes: opening shared with 49 other articles,yes: heading outline shared with 417 other articles,no: none in the body,none,partly: the body is template text with the title substituted,no,DEEP REWRITE,Template body: 100% of its phrasing is shared with 10+ articles; 0% is its own.,None. Queue order in BLOG_REWRITE_QUEUE.csv.,DEEP REWRITE,true,concept diagram,"One diagram that explains the central idea of ""Model Drift and Data Drift"" — the parts and how they relate.",analyzed
8db6452e-dccb-461a-b3ee-ff5ad79d2db0,model-explainability-in-production-with-shap,Model Explainability in Production with SHAP,mlops,model explainability in production with shap,model explainability in production with shap tutorial; model explainability in production with shap explained; how to use model explainability in production with shap,,concept and mental model; worked example; common mistakes; when not to use it,,derived from title and intent; no search-volume data,tutorial,"How does Model Explainability in Production with SHAP work, and how do I apply it in practice?",tutorial,educational / tutorial,model explainability in production with shap,concept and mental model; worked example; common mistakes; when not to use it,Needs to understand and use Model Explainability in Production with SHAP,no: 100% of its phrasing is shared template text,"no: 670 words, 0% specific to the topic",100% boilerplate,yes: 0% unique phrasing,yes: a-b-testing-ml-models-in-production (1.00),,no: informational title,no: 0% unique phrasing,yes,optional,no,yes: step-by-step,yes,yes: no external source,yes,verify on rewrite,"yes: 6 unsourced salary, percentage or demand claims",not verified automatically,yes: opening shared with 49 other articles,yes: heading outline shared with 417 other articles,no: none in the body,none,partly: the body is template text with the title substituted,no,DEEP REWRITE,Template body: 100% of its phrasing is shared with 10+ articles; 0% is its own.,None. Queue order in BLOG_REWRITE_QUEUE.csv.,DEEP REWRITE,true,concept diagram,"One diagram that explains the central idea of ""Model Explainability in Production with SHAP"" — the parts and how they relate.",analyzed
136026e8-b203-4fe7-bbf8-b096f225646d,model-packaging-from-pickle-to-production,Model Packaging: From Pickle to Production,mlops,model packaging,model packaging tutorial; model packaging explained; how to use model packaging,,concept and mental model; worked example; common mistakes; when not to use it,,derived from title and intent; no search-volume data,tutorial,"How does Model Packaging work, and how do I apply it in practice?",tutorial,educational / tutorial,model packaging,concept and mental model; worked example; common mistakes; when not to use it,Needs to understand and use Model Packaging,no: 100% of its phrasing is shared template text,"no: 662 words, 0% specific to the topic",100% boilerplate,yes: 0% unique phrasing,yes: a-b-testing-ml-models-in-production (1.00),,no: informational title,no: 0% unique phrasing,yes,optional,no,yes: step-by-step,yes,yes: no external source,yes,verify on rewrite,"yes: 6 unsourced salary, percentage or demand claims",not verified automatically,yes: opening shared with 49 other articles,yes: heading outline shared with 417 other articles,no: none in the body,none,partly: the body is template text with the title substituted,no,DEEP REWRITE,Template body: 100% of its phrasing is shared with 10+ articles; 0% is its own.,None. Queue order in BLOG_REWRITE_QUEUE.csv.,DEEP REWRITE,true,concept diagram,"One diagram that explains the central idea of ""Model Packaging"" — the parts and how they relate.",analyzed
066d05c2-99c1-42a9-b4cd-bcad86cb5833,model-registry-managing-the-ml-model-lifecycle,Model Registry: Managing the ML Model Lifecycle,mlops,model registry,model registry tutorial; model registry explained; how to use model registry,,concept and mental model; worked example; common mistakes; when not to use it,,derived from title and intent; no search-volume data,tutorial,"How does Model Registry work, and how do I apply it in practice?",tutorial,educational / tutorial,model registry,concept and mental model; worked example; common mistakes; when not to use it,Needs to understand and use Model Registry,no: 100% of its phrasing is shared template text,"no: 663 words, 0% specific to the topic",100% boilerplate,yes: 0% unique phrasing,yes: a-b-testing-ml-models-in-production (1.00),,no: informational title,no: 0% unique phrasing,yes,optional,no,yes: step-by-step,yes,yes: no external source,yes,verify on rewrite,"yes: 6 unsourced salary, percentage or demand claims",not verified automatically,yes: opening shared with 49 other articles,yes: heading outline shared with 417 other articles,no: none in the body,none,partly: the body is template text with the title substituted,no,DEEP REWRITE,Template body: 100% of its phrasing is shared with 10+ articles; 0% is its own.,None. Queue order in BLOG_REWRITE_QUEUE.csv.,DEEP REWRITE,true,concept diagram,"One diagram that explains the central idea of ""Model Registry"" — the parts and how they relate.",analyzed
b5b97477-c55e-48d6-8253-97b2f7bd2cdb,model-versioning-with-mlflow-and-dvc,Model Versioning with MLflow and DVC,mlops,model versioning with mlflow and dvc,model versioning with mlflow and dvc tutorial; model versioning with mlflow and dvc explained; how to use model versioning with mlflow and dvc,,concept and mental model; worked example; common mistakes; when not to use it,MLflow,derived from title and intent; no search-volume data,tutorial,"How does Model Versioning with MLflow and DVC work, and how do I apply it in practice?",tutorial,educational / tutorial,model versioning with mlflow and dvc,concept and mental model; worked example; common mistakes; when not to use it,Needs to understand and use Model Versioning with MLflow and DVC,no: 100% of its phrasing is shared template text,"no: 670 words, 0% specific to the topic",100% boilerplate,yes: 0% unique phrasing,yes: a-b-testing-ml-models-in-production (1.00),,no: informational title,no: 0% unique phrasing,yes,optional,no,yes: step-by-step,yes,yes: no external source,yes,verify on rewrite,"yes: 6 unsourced salary, percentage or demand claims",not verified automatically,yes: opening shared with 49 other articles,yes: heading outline shared with 417 other articles,no: none in the body,none,partly: the body is template text with the title substituted,no,DEEP REWRITE,Template body: 100% of its phrasing is shared with 10+ articles; 0% is its own.,None. Queue order in BLOG_REWRITE_QUEUE.csv.,DEEP REWRITE,true,concept diagram,"One diagram that explains the central idea of ""Model Versioning with MLflow and DVC"" — the parts and how they relate.",analyzed
8450a5b9-ca5f-4f88-9bc2-68eca6d55743,monitoring-ml-models-in-production-a-complete-guide,Monitoring ML Models in Production: A Complete Guide,mlops,monitoring ml models in production,monitoring ml models in production tutorial; monitoring ml models in production explained; how to use monitoring ml models in production,,concept and mental model; worked example; common mistakes; when not to use it,,derived from title and intent; no search-volume data,tutorial,"How does Monitoring ML Models in Production work, and how do I apply it in practice?",tutorial,educational / tutorial,monitoring ml models in production,concept and mental model; worked example; common mistakes; when not to use it,Needs to understand and use Monitoring ML Models in Production,no: 100% of its phrasing is shared template text,"no: 670 words, 0% specific to the topic",100% boilerplate,yes: 0% unique phrasing,yes: a-b-testing-ml-models-in-production (1.00),,no: informational title,no: 0% unique phrasing,yes,optional,no,yes: step-by-step,yes,yes: no external source,yes,verify on rewrite,"yes: 6 unsourced salary, percentage or demand claims",not verified automatically,yes: opening shared with 49 other articles,yes: heading outline shared with 417 other articles,no: none in the body,none,partly: the body is template text with the title substituted,no,DEEP REWRITE,Template body: 100% of its phrasing is shared with 10+ articles; 0% is its own.,None. Queue order in BLOG_REWRITE_QUEUE.csv.,DEEP REWRITE,true,concept diagram,"One diagram that explains the central idea of ""Monitoring ML Models in Production"" — the parts and how they relate.",analyzed
98a63b65-4bf3-44a8-ae8b-e9bdb39d6f8c,pipeline-orchestration-airflow-vs-prefect-vs-dagster,Pipeline Orchestration: Airflow vs Prefect vs Dagster,mlops,pipeline orchestration,pipeline orchestration comparison; pipeline orchestration differences; pipeline orchestration which is better,airflow,decision criteria; where each wins; migration or learning cost,Airflow,derived from title and intent; no search-volume data,comparison,"Should I use airflow or dagster or prefect, and in which situations does each one win?",comparison,comparison (commercial investigation),pipeline orchestration,decision criteria; where each wins; migration or learning cost,"Needs to choose between the options in ""Pipeline Orchestration""",no: 99% of its phrasing is shared template text,"no: 475 words, 1% specific to the topic",99% boilerplate,yes: 1% unique phrasing,yes: experiment-tracking-mlflow-vs-weights-and-biases (0.99),,no: informational title,no: 1% unique phrasing,yes,has 1; check it is topic-specific,"yes: runnable, verified code",no,yes,yes: no external source,yes,verify on rewrite,"yes: 3 unsourced salary, percentage or demand claims",not verified automatically,yes: opening shared with 49 other articles,no,no: none in the body,none,partly: the body is template text with the title substituted,no,MANUAL REVIEW,"Phase 3 MANUAL REVIEW: Same three tools, Data Engineering vs MLOps category. Merge, or rewrite the MLOps copy around ML-pipeline orchestration.","Editor decision: merge, or rewrite to a distinct angle.",MANUAL REVIEW,true,comparison diagram,"Side-by-side diagram of where each option in ""Pipeline Orchestration"" sits in a typical workflow, with the deciding differences labelled.",needs_review
11a54a99-36b2-4a0c-b83d-78e85c431a35,production-ml-systems-architecture-and-best-practices,Production ML Systems: Architecture and Best Practices,mlops,production ml systems,production ml systems tutorial; production ml systems explained; how to use production ml systems,,concept and mental model; worked example; common mistakes; when not to use it,,derived from title and intent; no search-volume data,tutorial,"What are the best practices for Production ML Systems, and why?",tutorial,educational / tutorial,production ml systems,concept and mental model; worked example; common mistakes; when not to use it,Needs to understand and use Production ML Systems,no: 100% of its phrasing is shared template text,"no: 665 words, 0% specific to the topic",100% boilerplate,yes: 0% unique phrasing,yes: a-b-testing-ml-models-in-production (1.00),,no: informational title,no: 0% unique phrasing,yes,optional,no,yes: step-by-step,yes,yes: no external source,yes,verify on rewrite,"yes: 6 unsourced salary, percentage or demand claims",not verified automatically,yes: opening shared with 49 other articles,yes: heading outline shared with 417 other articles,no: none in the body,none,partly: the body is template text with the title substituted,no,DEEP REWRITE,Template body: 100% of its phrasing is shared with 10+ articles; 0% is its own.,None. Queue order in BLOG_REWRITE_QUEUE.csv.,DEEP REWRITE,true,architecture diagram,"Diagram of the components in ""Production ML Systems"" and how data or requests flow between them.",analyzed
a618619e-4f93-47d3-89ab-d084e486fbbd,prometheus-and-grafana-for-ml-monitoring,Prometheus and Grafana for ML Monitoring,mlops,prometheus and grafana for ml monitoring,prometheus and grafana for ml monitoring tutorial; prometheus and grafana for ml monitoring explained; how to use prometheus and grafana for ml monitoring,,concept and mental model; worked example; common mistakes; when not to use it,,derived from title and intent; no search-volume data,tutorial,"How does Prometheus and Grafana for ML Monitoring work, and how do I apply it in practice?",tutorial,educational / tutorial,prometheus and grafana for ml monitoring,concept and mental model; worked example; common mistakes; when not to use it,Needs to understand and use Prometheus and Grafana for ML Monitoring,no: 100% of its phrasing is shared template text,"no: 670 words, 0% specific to the topic",100% boilerplate,yes: 0% unique phrasing,yes: a-b-testing-ml-models-in-production (1.00),,no: informational title,no: 0% unique phrasing,yes,optional,no,yes: step-by-step,yes,yes: no external source,yes,verify on rewrite,"yes: 6 unsourced salary, percentage or demand claims",not verified automatically,yes: opening shared with 49 other articles,yes: heading outline shared with 417 other articles,no: none in the body,none,partly: the body is template text with the title substituted,no,DEEP REWRITE,Template body: 100% of its phrasing is shared with 10+ articles; 0% is its own.,None. Queue order in BLOG_REWRITE_QUEUE.csv.,DEEP REWRITE,true,concept diagram,"One diagram that explains the central idea of ""Prometheus and Grafana for ML Monitoring"" — the parts and how they relate.",analyzed
6b234168-796a-4250-8568-b44421eea48c,real-time-feature-engineering-for-online-models,Real-Time Feature Engineering for Online Models,mlops,real-time feature engineering for online models,real-time feature engineering for online models tutorial; real-time feature engineering for online models explained; how to use real-time feature engineering for online models,,concept and mental model; worked example; common mistakes; when not to use it,,derived from title and intent; no search-volume data,tutorial,"How does Real-Time Feature Engineering for Online Models work, and how do I apply it in practice?",tutorial,educational / tutorial,real-time feature engineering for online models,concept and mental model; worked example; common mistakes; when not to use it,Needs to understand and use Real-Time Feature Engineering for Online Models,no: 100% of its phrasing is shared template text,"no: 670 words, 0% specific to the topic",100% boilerplate,yes: 0% unique phrasing,yes: a-b-testing-ml-models-in-production (1.00),,no: informational title,no: 0% unique phrasing,yes,optional,no,yes: step-by-step,yes,yes: no external source,yes,verify on rewrite,"yes: 6 unsourced salary, percentage or demand claims",not verified automatically,yes: opening shared with 49 other articles,yes: heading outline shared with 417 other articles,no: none in the body,none,partly: the body is template text with the title substituted,no,DEEP REWRITE,Template body: 100% of its phrasing is shared with 10+ articles; 0% is its own.,None. Queue order in BLOG_REWRITE_QUEUE.csv.,DEEP REWRITE,true,concept diagram,"One diagram that explains the central idea of ""Real-Time Feature Engineering for Online Models"" — the parts and how they relate.",analyzed
8dd12094-2a35-4855-ab12-70092b8c7ea4,reproducibility-in-ml-seeds-configs-and-pipelines,"Reproducibility in ML: Seeds, Configs and Pipelines",mlops,reproducibility in ml,reproducibility in ml tutorial; reproducibility in ml explained; how to use reproducibility in ml,,concept and mental model; worked example; common mistakes; when not to use it,,derived from title and intent; no search-volume data,tutorial,"How does Reproducibility in ML work, and how do I apply it in practice?",tutorial,educational / tutorial,reproducibility in ml,concept and mental model; worked example; common mistakes; when not to use it,Needs to understand and use Reproducibility in ML,no: 100% of its phrasing is shared template text,"no: 665 words, 0% specific to the topic",100% boilerplate,yes: 0% unique phrasing,yes: a-b-testing-ml-models-in-production (1.00),,no: informational title,no: 0% unique phrasing,yes,optional,"yes: runnable, verified code",yes: step-by-step,yes,yes: no external source,yes,verify on rewrite,"yes: 6 unsourced salary, percentage or demand claims",not verified automatically,yes: opening shared with 49 other articles,yes: heading outline shared with 417 other articles,no: none in the body,none,partly: the body is template text with the title substituted,no,DEEP REWRITE,Template body: 100% of its phrasing is shared with 10+ articles; 0% is its own.,None. Queue order in BLOG_REWRITE_QUEUE.csv.,DEEP REWRITE,true,architecture diagram,"Diagram of the components in ""Reproducibility in ML"" and how data or requests flow between them.",analyzed
2ea3c424-622a-41f4-931d-78d302499d18,scaling-model-training-with-distributed-computing,Scaling Model Training with Distributed Computing,mlops,scaling model training with distributed computing,scaling model training with distributed computing tutorial; scaling model training with distributed computing explained; how to use scaling model training with distributed computing,,concept and mental model; worked example; common mistakes; when not to use it,,derived from title and intent; no search-volume data,tutorial,"How does Scaling Model Training with Distributed Computing work, and how do I apply it in practice?",tutorial,educational / tutorial,scaling model training with distributed computing,concept and mental model; worked example; common mistakes; when not to use it,Needs to understand and use Scaling Model Training with Distributed Computing,no: 100% of its phrasing is shared template text,"no: 670 words, 0% specific to the topic",100% boilerplate,yes: 0% unique phrasing,yes: a-b-testing-ml-models-in-production (1.00),,no: informational title,no: 0% unique phrasing,yes,optional,no,yes: step-by-step,yes,yes: no external source,yes,verify on rewrite,"yes: 6 unsourced salary, percentage or demand claims",not verified automatically,yes: opening shared with 49 other articles,yes: heading outline shared with 417 other articles,no: none in the body,none,partly: the body is template text with the title substituted,no,DEEP REWRITE,Template body: 100% of its phrasing is shared with 10+ articles; 0% is its own.,None. Queue order in BLOG_REWRITE_QUEUE.csv.,DEEP REWRITE,true,concept diagram,"One diagram that explains the central idea of ""Scaling Model Training with Distributed Computing"" — the parts and how they relate.",analyzed
c3aaee5f-a913-48c6-b7d9-2eb93abeae6d,secrets-management-for-ml-pipelines,Secrets Management for ML Pipelines,mlops,secrets management for ml pipelines,secrets management for ml pipelines tutorial; secrets management for ml pipelines explained; how to use secrets management for ml pipelines,,concept and mental model; worked example; common mistakes; when not to use it,,derived from title and intent; no search-volume data,tutorial,"How does Secrets Management for ML Pipelines work, and how do I apply it in practice?",tutorial,educational / tutorial,secrets management for ml pipelines,concept and mental model; worked example; common mistakes; when not to use it,Needs to understand and use Secrets Management for ML Pipelines,no: 100% of its phrasing is shared template text,"no: 667 words, 0% specific to the topic",100% boilerplate,yes: 0% unique phrasing,yes: a-b-testing-ml-models-in-production (1.00),,no: informational title,no: 0% unique phrasing,yes,optional,"yes: runnable, verified code",yes: step-by-step,yes,yes: no external source,yes,verify on rewrite,"yes: 6 unsourced salary, percentage or demand claims",not verified automatically,yes: opening shared with 49 other articles,yes: heading outline shared with 417 other articles,no: none in the body,none,partly: the body is template text with the title substituted,no,DEEP REWRITE,Template body: 100% of its phrasing is shared with 10+ articles; 0% is its own.,None. Queue order in BLOG_REWRITE_QUEUE.csv.,DEEP REWRITE,true,architecture diagram,"Diagram of the components in ""Secrets Management for ML Pipelines"" and how data or requests flow between them.",analyzed
ec46fc26-f6d8-4ac2-a751-05b4d12b4700,serving-ml-models-with-fastapi-and-docker,Serving ML Models with FastAPI and Docker,mlops,serving ml models with fastapi and docker,serving ml models with fastapi and docker tutorial; serving ml models with fastapi and docker explained; how to use serving ml models with fastapi and docker,,concept and mental model; worked example; common mistakes; when not to use it,FastAPI; Docker,derived from title and intent; no search-volume data,tutorial,"How does Serving ML Models with FastAPI and Docker work, and how do I apply it in practice?",tutorial,educational / tutorial,serving ml models with fastapi and docker,concept and mental model; worked example; common mistakes; when not to use it,Needs to understand and use Serving ML Models with FastAPI and Docker,no: 100% of its phrasing is shared template text,"no: 673 words, 0% specific to the topic",100% boilerplate,yes: 0% unique phrasing,yes: a-b-testing-ml-models-in-production (1.00),,no: informational title,no: 0% unique phrasing,yes,optional,"yes: runnable, verified code",yes: step-by-step,yes,yes: no external source,yes,verify on rewrite,"yes: 6 unsourced salary, percentage or demand claims",not verified automatically,yes: opening shared with 49 other articles,yes: heading outline shared with 417 other articles,no: none in the body,none,partly: the body is template text with the title substituted,no,DEEP REWRITE,Template body: 100% of its phrasing is shared with 10+ articles; 0% is its own.,None. Queue order in BLOG_REWRITE_QUEUE.csv.,DEEP REWRITE,true,architecture diagram,"Diagram of the components in ""Serving ML Models with FastAPI and Docker"" and how data or requests flow between them.",analyzed
7a4942a0-20d5-4b1d-9a20-e55fd133ece9,shadow-deployment-and-canary-releases-for-ml,Shadow Deployment and Canary Releases for ML,mlops,shadow deployment and canary releases for ml,shadow deployment and canary releases for ml tutorial; shadow deployment and canary releases for ml explained; how to use shadow deployment and canary releases for ml,,concept and mental model; worked example; common mistakes; when not to use it,,derived from title and intent; no search-volume data,tutorial,"How does Shadow Deployment and Canary Releases for ML work, and how do I apply it in practice?",tutorial,educational / tutorial,shadow deployment and canary releases for ml,concept and mental model; worked example; common mistakes; when not to use it,Needs to understand and use Shadow Deployment and Canary Releases for ML,no: 100% of its phrasing is shared template text,"no: 673 words, 0% specific to the topic",100% boilerplate,yes: 0% unique phrasing,yes: a-b-testing-ml-models-in-production (1.00),,no: informational title,no: 0% unique phrasing,yes,optional,no,yes: step-by-step,yes,yes: no external source,yes,verify on rewrite,"yes: 6 unsourced salary, percentage or demand claims",not verified automatically,yes: opening shared with 49 other articles,yes: heading outline shared with 417 other articles,no: none in the body,none,partly: the body is template text with the title substituted,no,DEEP REWRITE,Template body: 100% of its phrasing is shared with 10+ articles; 0% is its own.,None. Queue order in BLOG_REWRITE_QUEUE.csv.,DEEP REWRITE,true,architecture diagram,"Diagram of the components in ""Shadow Deployment and Canary Releases for ML"" and how data or requests flow between them.",analyzed
5068ffb2-f3cb-4288-aefc-106225bfe6f0,testing-machine-learning-code-and-data,Testing Machine Learning Code and Data,mlops,testing machine learning code and data,testing machine learning code and data tutorial; testing machine learning code and data explained; how to use testing machine learning code and data,,concept and mental model; worked example; common mistakes; when not to use it,Machine Learning,derived from title and intent; no search-volume data,tutorial,"How does Testing Machine Learning Code and Data work, and how do I apply it in practice?",tutorial,educational / tutorial,testing machine learning code and data,concept and mental model; worked example; common mistakes; when not to use it,Needs to understand and use Testing Machine Learning Code and Data,no: 100% of its phrasing is shared template text,"no: 670 words, 0% specific to the topic",100% boilerplate,yes: 0% unique phrasing,yes: a-b-testing-ml-models-in-production (1.00),,no: informational title,no: 0% unique phrasing,yes,optional,no,yes: step-by-step,yes,yes: no external source,yes,verify on rewrite,"yes: 6 unsourced salary, percentage or demand claims",not verified automatically,yes: opening shared with 49 other articles,yes: heading outline shared with 417 other articles,no: none in the body,none,partly: the body is template text with the title substituted,no,DEEP REWRITE,Template body: 100% of its phrasing is shared with 10+ articles; 0% is its own.,None. Queue order in BLOG_REWRITE_QUEUE.csv.,DEEP REWRITE,true,code output screenshot or diagram,"Worked example for ""Testing Machine Learning Code and Data"": the input, the code's key step, and the resulting output side by side.",analyzed
2743054e-83b9-4e9e-bc3c-f34a8f53a3f2,vertex-ai-and-sagemaker-for-mlops-a-comparison,Vertex AI and SageMaker for MLOps: A Comparison,mlops,vertex ai and sagemaker for mlops,vertex ai and sagemaker for mlops tutorial; vertex ai and sagemaker for mlops explained; how to use vertex ai and sagemaker for mlops,,concept and mental model; worked example; common mistakes; when not to use it,Vertex AI,derived from title and intent; no search-volume data,tutorial,"How does Vertex AI and SageMaker for MLOps work, and how do I apply it in practice?",tutorial,educational / tutorial,vertex ai and sagemaker for mlops,concept and mental model; worked example; common mistakes; when not to use it,Needs to understand and use Vertex AI and SageMaker for MLOps,no: 100% of its phrasing is shared template text,"no: 672 words, 0% specific to the topic",100% boilerplate,yes: 0% unique phrasing,yes: a-b-testing-ml-models-in-production (1.00),,no: informational title,no: 0% unique phrasing,yes,optional,no,yes: step-by-step,yes,yes: no external source,yes,verify on rewrite,"yes: 6 unsourced salary, percentage or demand claims",not verified automatically,yes: opening shared with 49 other articles,yes: heading outline shared with 417 other articles,no: none in the body,none,partly: the body is template text with the title substituted,no,DEEP REWRITE,Template body: 100% of its phrasing is shared with 10+ articles; 0% is its own.,None. Queue order in BLOG_REWRITE_QUEUE.csv.,DEEP REWRITE,true,architecture diagram,"Diagram of the components in ""Vertex AI and SageMaker for MLOps"" and how data or requests flow between them.",analyzed
a2b66d02-f14c-4ee2-9d23-89950b3e9e07,what-is-mlops-devops-for-machine-learning-explained,What Is MLOps? DevOps for Machine Learning Explained,mlops,what is mlops,what is mlops? devops for machine learning meaning; what is mlops? devops for machine learning examples; what is mlops? devops for machine learning for beginners,machine learning,definition; how it works; uses; limitations,Machine Learning,derived from title and intent; no search-volume data,informational,What Is MLOps? DevOps for Machine Learning Explained?,informational,informational,what is mlops,definition; how it works; uses; limitations,Needs a clear explanation of What Is MLOps? DevOps for Machine Learning,no: 76% of its phrasing is shared template text,"no: 474 words, 6% specific to the topic",76% boilerplate,yes: 6% unique phrasing,no: nearest what-is-generative-ai-a-complete-beginner-s-guide (0.63),,no: informational title,no: 6% unique phrasing,yes,optional,no,no,yes,yes: no external source,yes,verify on rewrite,"yes: 3 unsourced salary, percentage or demand claims",not verified automatically,yes: opening shared with 49 other articles,no,no: none in the body,none,partly: the body is template text with the title substituted,no,DEEP REWRITE,Template body: 76% of its phrasing is shared with 10+ articles; 6% is its own.,None. Queue order in BLOG_REWRITE_QUEUE.csv.,DEEP REWRITE,true,architecture diagram,"Diagram of the components in ""What Is MLOps? DevOps for Machine Learning Explained"" and how data or requests flow between them.",analyzed
b8a06ca4-3c07-41f7-8831-84770192c8a5,aggregations-in-power-bi-for-large-datasets,Aggregations in Power BI for Large Datasets,power-bi,aggregations in power bi for large datasets,aggregations in power bi for large datasets tutorial; aggregations in power bi for large datasets explained; how to use aggregations in power bi for large datasets,,concept and mental model; worked example; common mistakes; when not to use it,Power BI,derived from title and intent; no search-volume data,tutorial,"How does Aggregations in Power BI for Large Datasets work, and how do I apply it in practice?",tutorial,educational / tutorial,aggregations in power bi for large datasets,concept and mental model; worked example; common mistakes; when not to use it,Needs to understand and use Aggregations in Power BI for Large Datasets,no: 100% of its phrasing is shared template text,"no: 699 words, 0% specific to the topic",100% boilerplate,yes: 0% unique phrasing,yes: building-a-finance-dashboard-in-power-bi (1.00),,no: informational title,no: 0% unique phrasing,yes,optional,no,yes: step-by-step,yes,yes: no external source,yes,verify on rewrite,"yes: 6 unsourced salary, percentage or demand claims",not verified automatically,yes: opening shared with 49 other articles,yes: heading outline shared with 417 other articles,no: none in the body,none,partly: the body is template text with the title substituted,no,DEEP REWRITE,Template body: 100% of its phrasing is shared with 10+ articles; 0% is its own.,None. Queue order in BLOG_REWRITE_QUEUE.csv.,DEEP REWRITE,true,annotated screenshot,"Annotated screenshot of the feature in ""Aggregations in Power BI for Large Datasets"" in the product UI, taken from a demo file (no client data).",analyzed
4cff8509-27d3-4b2d-8500-d9bbefc533f5,building-a-finance-dashboard-in-power-bi,Building a Finance Dashboard in Power BI,power-bi,building a finance dashboard in power bi,building a finance dashboard in power bi tutorial; building a finance dashboard in power bi explained; how to use building a finance dashboard in power bi,,concept and mental model; worked example; common mistakes; when not to use it,Power BI,derived from title and intent; no search-volume data,tutorial,"How does Building a Finance Dashboard in Power BI work, and how do I apply it in practice?",tutorial,educational / tutorial,building a finance dashboard in power bi,concept and mental model; worked example; common mistakes; when not to use it,Needs to understand and use Building a Finance Dashboard in Power BI,no: 100% of its phrasing is shared template text,"no: 699 words, 0% specific to the topic",100% boilerplate,yes: 0% unique phrasing,yes: aggregations-in-power-bi-for-large-datasets (1.00),,no: informational title,no: 0% unique phrasing,yes,optional,no,yes: step-by-step,yes,yes: no external source,yes,verify on rewrite,"yes: 6 unsourced salary, percentage or demand claims",not verified automatically,yes: opening shared with 49 other articles,yes: heading outline shared with 417 other articles,no: none in the body,none,partly: the body is template text with the title substituted,no,DEEP REWRITE,Template body: 100% of its phrasing is shared with 10+ articles; 0% is its own.,None. Queue order in BLOG_REWRITE_QUEUE.csv.,DEEP REWRITE,true,annotated screenshot,"Annotated screenshot of the feature in ""Building a Finance Dashboard in Power BI"" in the product UI, taken from a demo file (no client data).",analyzed
1374c6dd-cd6b-4660-8d76-92f3e900d789,building-a-sales-dashboard-in-power-bi-from-scratch,Building a Sales Dashboard in Power BI from Scratch,power-bi,building a sales dashboard in power bi from scratch,building a sales dashboard in power bi from scratch tutorial; building a sales dashboard in power bi from scratch explained; how to use building a sales dashboard in power bi from scratch,,concept and mental model; worked example; common mistakes; when not to use it,Power BI,derived from title and intent; no search-volume data,tutorial,"How does Building a Sales Dashboard in Power BI from Scratch work, and how do I apply it in practice?",tutorial,educational / tutorial,building a sales dashboard in power bi from scratch,concept and mental model; worked example; common mistakes; when not to use it,Needs to understand and use Building a Sales Dashboard in Power BI from Scratch,no: 100% of its phrasing is shared template text,"no: 705 words, 0% specific to the topic",100% boilerplate,yes: 0% unique phrasing,yes: aggregations-in-power-bi-for-large-datasets (1.00),,no: informational title,no: 0% unique phrasing,yes,optional,no,yes: step-by-step,yes,yes: no external source,yes,verify on rewrite,"yes: 6 unsourced salary, percentage or demand claims",not verified automatically,yes: opening shared with 49 other articles,yes: heading outline shared with 417 other articles,no: none in the body,none,partly: the body is template text with the title substituted,no,DEEP REWRITE,Template body: 100% of its phrasing is shared with 10+ articles; 0% is its own.,None. Queue order in BLOG_REWRITE_QUEUE.csv.,DEEP REWRITE,true,annotated screenshot,"Annotated screenshot of the feature in ""Building a Sales Dashboard in Power BI from Scratch"" in the product UI, taken from a demo file (no client data).",analyzed
23002c6f-88d5-4779-934c-64676037456e,calculation-groups-in-power-bi-explained,Calculation Groups in Power BI Explained,power-bi,calculation groups in power bi explained,calculation groups in power bi tutorial; how to use calculation groups in power bi,,concept and mental model; worked example; common mistakes; when not to use it,Power BI,derived from title and intent; no search-volume data,tutorial,"What is Calculation Groups in Power BI, and how does it work?",tutorial,educational / tutorial,calculation groups in power bi explained,concept and mental model; worked example; common mistakes; when not to use it,Needs to understand and use Calculation Groups in Power BI,no: 100% of its phrasing is shared template text,"no: 696 words, 0% specific to the topic",100% boilerplate,yes: 0% unique phrasing,yes: aggregations-in-power-bi-for-large-datasets (1.00),,no: informational title,no: 0% unique phrasing,yes,optional,no,yes: step-by-step,yes,yes: no external source,yes,verify on rewrite,"yes: 6 unsourced salary, percentage or demand claims",not verified automatically,yes: opening shared with 49 other articles,yes: heading outline shared with 417 other articles,no: none in the body,none,partly: the body is template text with the title substituted,no,DEEP REWRITE,Template body: 100% of its phrasing is shared with 10+ articles; 0% is its own.,None. Queue order in BLOG_REWRITE_QUEUE.csv.,DEEP REWRITE,true,annotated screenshot,"Annotated screenshot of the feature in ""Calculation Groups in Power BI Explained"" in the product UI, taken from a demo file (no client data).",analyzed
7f60b454-7361-470e-9e66-127ac4bd3e48,composite-models-and-directquery-in-power-bi,Composite Models and DirectQuery in Power BI,power-bi,composite models and directquery in power bi,composite models and directquery in power bi tutorial; composite models and directquery in power bi explained; how to use composite models and directquery in power bi,,concept and mental model; worked example; common mistakes; when not to use it,Power BI,derived from title and intent; no search-volume data,tutorial,"How does Composite Models and DirectQuery in Power BI work, and how do I apply it in practice?",tutorial,educational / tutorial,composite models and directquery in power bi,concept and mental model; worked example; common mistakes; when not to use it,Needs to understand and use Composite Models and DirectQuery in Power BI,no: 100% of its phrasing is shared template text,"no: 699 words, 0% specific to the topic",100% boilerplate,yes: 0% unique phrasing,yes: aggregations-in-power-bi-for-large-datasets (1.00),,no: informational title,no: 0% unique phrasing,yes,optional,"yes: runnable, verified code",yes: step-by-step,yes,yes: no external source,yes,verify on rewrite,"yes: 6 unsourced salary, percentage or demand claims",not verified automatically,yes: opening shared with 49 other articles,yes: heading outline shared with 417 other articles,no: none in the body,none,partly: the body is template text with the title substituted,no,DEEP REWRITE,Template body: 100% of its phrasing is shared with 10+ articles; 0% is its own.,None. Queue order in BLOG_REWRITE_QUEUE.csv.,DEEP REWRITE,true,annotated screenshot,"Annotated screenshot of the feature in ""Composite Models and DirectQuery in Power BI"" in the product UI, taken from a demo file (no client data).",analyzed
d042f0d8-e450-4cee-81dd-4fd59e8ae8dd,conditional-formatting-in-power-bi-a-practical-guide,Conditional Formatting in Power BI: A Practical Guide,power-bi,conditional formatting in power bi,conditional formatting in power bi tutorial; conditional formatting in power bi explained; how to use conditional formatting in power bi,,concept and mental model; worked example; common mistakes; when not to use it,Power BI,derived from title and intent; no search-volume data,tutorial,"How does Conditional Formatting in Power BI work, and how do I apply it in practice?",tutorial,educational / tutorial,conditional formatting in power bi,concept and mental model; worked example; common mistakes; when not to use it,Needs to understand and use Conditional Formatting in Power BI,no: 100% of its phrasing is shared template text,"no: 696 words, 0% specific to the topic",100% boilerplate,yes: 0% unique phrasing,yes: aggregations-in-power-bi-for-large-datasets (1.00),,no: informational title,no: 0% unique phrasing,yes,optional,no,yes: step-by-step,yes,yes: no external source,yes,verify on rewrite,"yes: 6 unsourced salary, percentage or demand claims",not verified automatically,yes: opening shared with 49 other articles,yes: heading outline shared with 417 other articles,no: none in the body,none,partly: the body is template text with the title substituted,no,DEEP REWRITE,Template body: 100% of its phrasing is shared with 10+ articles; 0% is its own.,None. Queue order in BLOG_REWRITE_QUEUE.csv.,DEEP REWRITE,true,annotated screenshot,"Annotated screenshot of the feature in ""Conditional Formatting in Power BI"" in the product UI, taken from a demo file (no client data).",analyzed
244a4994-e18b-4bfa-a7c8-0b43a9d6cd45,connecting-power-bi-to-sql-server-a-step-by-step-guide,Connecting Power BI to SQL Server: A Step-by-Step Guide,power-bi,connecting power bi to sql server,connecting power bi to sql server tutorial; connecting power bi to sql server explained; how to use connecting power bi to sql server,,concept and mental model; worked example; common mistakes; when not to use it,SQL Server; Power BI; SQL,derived from title and intent; no search-volume data,tutorial,"How does Connecting Power BI to SQL Server work, and how do I apply it in practice?",tutorial,educational / tutorial,connecting power bi to sql server,concept and mental model; worked example; common mistakes; when not to use it,Needs to understand and use Connecting Power BI to SQL Server,no: 100% of its phrasing is shared template text,"no: 699 words, 0% specific to the topic",100% boilerplate,yes: 0% unique phrasing,yes: aggregations-in-power-bi-for-large-datasets (1.00),,no: informational title,no: 0% unique phrasing,yes,optional,"yes: runnable, verified code",yes: step-by-step,yes,yes: no external source,yes,verify on rewrite,"yes: 6 unsourced salary, percentage or demand claims",not verified automatically,yes: opening shared with 49 other articles,yes: heading outline shared with 417 other articles,no: none in the body,none,partly: the body is template text with the title substituted,no,DEEP REWRITE,Template body: 100% of its phrasing is shared with 10+ articles; 0% is its own.,None. Queue order in BLOG_REWRITE_QUEUE.csv.,DEEP REWRITE,true,annotated screenshot,"Annotated screenshot of the feature in ""Connecting Power BI to SQL Server"" in the product UI, taken from a demo file (no client data).",analyzed
87668382-eb60-4dc3-ad26-8e5e2f76604d,creating-calculated-columns-vs-measures-in-power-bi,Creating Calculated Columns vs Measures in Power BI,power-bi,creating calculated columns vs measures in power bi,creating calculated columns vs measures in power bi comparison; creating calculated columns vs measures in power bi differences; creating calculated columns vs measures in power bi which is better,,decision criteria; where each wins; migration or learning cost,Power BI,derived from title and intent; no search-volume data,comparison,"Should I use creating calculated columns or measures, and in which situations does each one win?",comparison,comparison (commercial investigation),creating calculated columns vs measures in power bi,decision criteria; where each wins; migration or learning cost,"Needs to choose between the options in ""Creating Calculated Columns vs Measures in Power BI""",no: 98% of its phrasing is shared template text,"no: 492 words, 2% specific to the topic",98% boilerplate,yes: 2% unique phrasing,yes: power-bi-vs-excel-when-to-use-each-tool (0.97),dax-guide-measures-calculated-columns-and-context,no: informational title,no: 2% unique phrasing,yes,has 1; check it is topic-specific,no,no,yes,yes: no external source,yes,verify on rewrite,"yes: 3 unsourced salary, percentage or demand claims",not verified automatically,yes: opening shared with 49 other articles,no,no: none in the body,none,partly: the body is template text with the title substituted,no,MERGE,"Same intent as dax-guide-measures-calculated-columns-and-context (phase5-topical): The DAX guide already covers ""measures and calculated columns"". Refocus the comparison post on the decision (when to use which, with examples) or merge it.",Search Console: merge only if this article earns no distinct queries; otherwise rewrite it to the distinct angle in the note.,DEEP REWRITE,true,comparison diagram,"Side-by-side diagram of where each option in ""Creating Calculated Columns vs Measures in Power BI"" sits in a typical workflow, with the deciding differences labelled.",merge_candidate
f4b752a8-5ff2-4f18-a4c4-a5703e82cbc9,data-modeling-in-power-bi-star-schema-explained,Data Modeling in Power BI: Star Schema Explained,power-bi,data modeling in power bi,data modeling in power bi tutorial; data modeling in power bi explained; how to use data modeling in power bi,,concept and mental model; worked example; common mistakes; when not to use it,Power BI,derived from title and intent; no search-volume data,tutorial,"What is Data Modeling in Power BI, and how does it work?",tutorial,educational / tutorial,data modeling in power bi,concept and mental model; worked example; common mistakes; when not to use it,Needs to understand and use Data Modeling in Power BI,no: 100% of its phrasing is shared template text,"no: 696 words, 0% specific to the topic",100% boilerplate,yes: 0% unique phrasing,yes: aggregations-in-power-bi-for-large-datasets (1.00),,no: informational title,no: 0% unique phrasing,yes,optional,no,yes: step-by-step,yes,yes: no external source,yes,verify on rewrite,"yes: 6 unsourced salary, percentage or demand claims",not verified automatically,yes: opening shared with 49 other articles,yes: heading outline shared with 417 other articles,no: none in the body,none,partly: the body is template text with the title substituted,no,DEEP REWRITE,Template body: 100% of its phrasing is shared with 10+ articles; 0% is its own.,None. Queue order in BLOG_REWRITE_QUEUE.csv.,DEEP REWRITE,true,annotated screenshot,"Annotated screenshot of the feature in ""Data Modeling in Power BI"" in the product UI, taken from a demo file (no client data).",analyzed
0ea1d927-f54c-4c5a-810d-8432c826232c,dax-calculate-function-explained-step-by-step,DAX CALCULATE Function Explained Step by Step,power-bi,dax calculate function explained step by step,dax calculate function step by step tutorial; dax calculate function step by step explained; how to use dax calculate function step by step,power bi,concept and mental model; worked example; common mistakes; when not to use it,Power BI; DAX,derived from title and intent; no search-volume data,tutorial,"What is DAX CALCULATE Function, and how does it work?",tutorial,educational / tutorial,dax calculate function explained step by step,concept and mental model; worked example; common mistakes; when not to use it,Needs to understand and use DAX CALCULATE Function Step by Step,no: 100% of its phrasing is shared template text,"no: 699 words, 0% specific to the topic",100% boilerplate,yes: 0% unique phrasing,yes: aggregations-in-power-bi-for-large-datasets (1.00),,no: informational title,no: 0% unique phrasing,yes,optional,"yes: runnable, verified code",yes: step-by-step,yes,yes: no external source,yes,verify on rewrite,"yes: 6 unsourced salary, percentage or demand claims",not verified automatically,yes: opening shared with 49 other articles,yes: heading outline shared with 417 other articles,no: none in the body,none,partly: the body is template text with the title substituted,no,DEEP REWRITE,Template body: 100% of its phrasing is shared with 10+ articles; 0% is its own.,None. Queue order in BLOG_REWRITE_QUEUE.csv.,DEEP REWRITE,true,annotated screenshot,"Annotated screenshot of the feature in ""DAX CALCULATE Function Explained Step by Step"" in the product UI, taken from a demo file (no client data).",analyzed
d0bbea83-5fe6-40ee-9171-20603222bb8d,dax-filter-and-all-functions-explained,DAX FILTER and ALL Functions Explained,power-bi,dax filter and all functions explained,dax filter and all functions tutorial; how to use dax filter and all functions,power bi,concept and mental model; worked example; common mistakes; when not to use it,Power BI; DAX,derived from title and intent; no search-volume data,tutorial,"What is DAX FILTER and ALL Functions, and how does it work?",tutorial,educational / tutorial,dax filter and all functions explained,concept and mental model; worked example; common mistakes; when not to use it,Needs to understand and use DAX FILTER and ALL Functions,no: 100% of its phrasing is shared template text,"no: 696 words, 0% specific to the topic",100% boilerplate,yes: 0% unique phrasing,yes: aggregations-in-power-bi-for-large-datasets (1.00),,no: informational title,no: 0% unique phrasing,yes,optional,"yes: runnable, verified code",yes: step-by-step,yes,yes: no external source,yes,verify on rewrite,"yes: 6 unsourced salary, percentage or demand claims",not verified automatically,yes: opening shared with 49 other articles,yes: heading outline shared with 417 other articles,no: none in the body,none,partly: the body is template text with the title substituted,no,DEEP REWRITE,Template body: 100% of its phrasing is shared with 10+ articles; 0% is its own.,None. Queue order in BLOG_REWRITE_QUEUE.csv.,DEEP REWRITE,true,annotated screenshot,"Annotated screenshot of the feature in ""DAX FILTER and ALL Functions Explained"" in the product UI, taken from a demo file (no client data).",analyzed
75fdbf2d-cb26-4b83-adeb-5af50745506c,dax-guide-measures-calculated-columns-and-context,"DAX Guide: Measures, Calculated Columns and Context",power-bi,dax guide,dax guide tutorial; dax guide explained; how to use dax guide,power bi,concept and mental model; worked example; common mistakes; when not to use it,Power BI; DAX,derived from title and intent; no search-volume data,tutorial,"How does DAX Guide work, and how do I apply it in practice?",tutorial,educational / tutorial,dax guide,concept and mental model; worked example; common mistakes; when not to use it,Needs to understand and use DAX Guide,no: 100% of its phrasing is shared template text,"no: 689 words, 0% specific to the topic",100% boilerplate,yes: 0% unique phrasing,yes: aggregations-in-power-bi-for-large-datasets (1.00),,no: informational title,no: 0% unique phrasing,yes,optional,"yes: runnable, verified code",yes: step-by-step,yes,yes: no external source,yes,verify on rewrite,"yes: 6 unsourced salary, percentage or demand claims",not verified automatically,yes: opening shared with 49 other articles,yes: heading outline shared with 417 other articles,no: none in the body,none,partly: the body is template text with the title substituted,no,DEEP REWRITE,Template body: 100% of its phrasing is shared with 10+ articles; 0% is its own.,None. Queue order in BLOG_REWRITE_QUEUE.csv.,DEEP REWRITE,true,annotated screenshot,"Annotated screenshot of the feature in ""DAX Guide"" in the product UI, taken from a demo file (no client data).",analyzed
db641a82-4ef3-4c50-9e72-43cdf446170e,dax-variables-writing-cleaner-faster-measures,"DAX Variables: Writing Cleaner, Faster Measures",power-bi,dax variables,dax variables tutorial; dax variables explained; how to use dax variables,power bi,concept and mental model; worked example; common mistakes; when not to use it,Power BI; DAX,derived from title and intent; no search-volume data,tutorial,"How does DAX Variables work, and how do I apply it in practice?",tutorial,educational / tutorial,dax variables,concept and mental model; worked example; common mistakes; when not to use it,Needs to understand and use DAX Variables,no: 100% of its phrasing is shared template text,"no: 688 words, 0% specific to the topic",100% boilerplate,yes: 0% unique phrasing,yes: aggregations-in-power-bi-for-large-datasets (1.00),,no: informational title,no: 0% unique phrasing,yes,optional,"yes: runnable, verified code",yes: step-by-step,yes,yes: no external source,yes,verify on rewrite,"yes: 6 unsourced salary, percentage or demand claims",not verified automatically,yes: opening shared with 49 other articles,yes: heading outline shared with 417 other articles,no: none in the body,none,partly: the body is template text with the title substituted,no,DEEP REWRITE,Template body: 100% of its phrasing is shared with 10+ articles; 0% is its own.,None. Queue order in BLOG_REWRITE_QUEUE.csv.,DEEP REWRITE,true,annotated screenshot,"Annotated screenshot of the feature in ""DAX Variables"" in the product UI, taken from a demo file (no client data).",analyzed
fca531a3-6371-45e7-befe-406c31611d94,from-power-bi-beginner-to-developer-a-career-roadmap,From Power BI Beginner to Developer: A Career Roadmap,power-bi,from power bi beginner to developer,from power bi beginner to developer learning path; how to become from power bi beginner to developer; from power bi beginner to developer skills,,prerequisites; stages and order; projects; what to skip; pacing,Power BI,derived from title and intent; no search-volume data,career,"What should I learn, and in what order, to become job-ready in From Power BI Beginner to Developer?",career,career / roadmap,from power bi beginner to developer,prerequisites; stages and order; projects; what to skip; pacing,Needs a learning or career path for From Power BI Beginner to Developer,no: 96% of its phrasing is shared template text,"no: 698 words, 0% specific to the topic",96% boilerplate,yes: 0% unique phrasing,yes: power-bi-roadmap-2026-from-beginner-to-job-ready (1.00),power-bi-roadmap-2026-from-beginner-to-job-ready,no: informational title,no: 0% unique phrasing,yes,has 1; check it is topic-specific,no,no,yes,yes: no external source,yes,verify on rewrite,"yes: 6 unsourced salary, percentage or demand claims",not verified automatically,yes: opening shared with 49 other articles,yes: heading outline shared with 18 other articles,no: none in the body,none,partly: the body is template text with the title substituted,no,MERGE,"Same intent as power-bi-roadmap-2026-from-beginner-to-job-ready (phase5-topical): The career roadmap has the same body as the roadmap (Phase 4, keyword-swapped) and the same query: merge candidate. The 30-day plan is a time-boxed study plan and can stay if rewritten as one.",Search Console: merge only if this article earns no distinct queries; otherwise rewrite it to the distinct angle in the note.,DEEP REWRITE,true,roadmap diagram,"Stage-by-stage diagram of the From Power BI Beginner to Developer learning path: each stage, the skills in it, and the proof (project) that closes it.",merge_candidate
fe96ca4c-293e-4203-8159-47f6fcc7fb34,handling-many-to-many-relationships-in-power-bi,Handling Many-to-Many Relationships in Power BI,power-bi,handling many-to-many relationships in power bi,handling many-to-many relationships in power bi tutorial; handling many-to-many relationships in power bi explained; how to use handling many-to-many relationships in power bi,,concept and mental model; worked example; common mistakes; when not to use it,Power BI,derived from title and intent; no search-volume data,tutorial,"How does Handling Many-to-Many Relationships in Power BI work, and how do I apply it in practice?",tutorial,educational / tutorial,handling many-to-many relationships in power bi,concept and mental model; worked example; common mistakes; when not to use it,Needs to understand and use Handling Many-to-Many Relationships in Power BI,no: 100% of its phrasing is shared template text,"no: 696 words, 0% specific to the topic",100% boilerplate,yes: 0% unique phrasing,yes: aggregations-in-power-bi-for-large-datasets (1.00),,no: informational title,no: 0% unique phrasing,yes,optional,no,yes: step-by-step,yes,yes: no external source,yes,verify on rewrite,"yes: 6 unsourced salary, percentage or demand claims",not verified automatically,yes: opening shared with 49 other articles,yes: heading outline shared with 417 other articles,no: none in the body,none,partly: the body is template text with the title substituted,no,DEEP REWRITE,Template body: 100% of its phrasing is shared with 10+ articles; 0% is its own.,None. Queue order in BLOG_REWRITE_QUEUE.csv.,DEEP REWRITE,true,annotated screenshot,"Annotated screenshot of the feature in ""Handling Many-to-Many Relationships in Power BI"" in the product UI, taken from a demo file (no client data).",analyzed
9bd7b9be-7935-4a63-8c48-c02ccdcb4f74,how-to-learn-power-bi-in-30-days-a-study-plan,How to Learn Power BI in 30 Days: A Study Plan,power-bi,how to learn power bi in 30 days,how to learn power bi in 30 days tutorial; how to learn power bi in 30 days explained; how to use how to learn power bi in 30 days,,concept and mental model; worked example; common mistakes; when not to use it,Power BI,derived from title and intent; no search-volume data,tutorial,How do I Learn Power BI in 30 Days?,tutorial,educational / tutorial,how to learn power bi in 30 days,concept and mental model; worked example; common mistakes; when not to use it,Needs to understand and use How to Learn Power BI in 30 Days,no: 100% of its phrasing is shared template text,"no: 705 words, 0% specific to the topic",100% boilerplate,yes: 0% unique phrasing,yes: aggregations-in-power-bi-for-large-datasets (1.00),,no: informational title,no: 0% unique phrasing,yes,optional,no,yes: step-by-step,yes,yes: no external source,yes,verify on rewrite,"yes: 6 unsourced salary, percentage or demand claims",not verified automatically,yes: opening shared with 49 other articles,yes: heading outline shared with 417 other articles,no: none in the body,none,partly: the body is template text with the title substituted,no,DEEP REWRITE,Template body: 100% of its phrasing is shared with 10+ articles; 0% is its own.,None. Queue order in BLOG_REWRITE_QUEUE.csv.,DEEP REWRITE,true,annotated screenshot,"Annotated screenshot of the feature in ""How to Learn Power BI in 30 Days"" in the product UI, taken from a demo file (no client data).",analyzed
20b6b032-57ba-4d74-8e29-d935a28ce978,kpis-and-cards-in-power-bi-designing-scorecards,KPIs and Cards in Power BI: Designing Scorecards,power-bi,kpis and cards in power bi,kpis and cards in power bi tutorial; kpis and cards in power bi explained; how to use kpis and cards in power bi,,concept and mental model; worked example; common mistakes; when not to use it,Power BI,derived from title and intent; no search-volume data,tutorial,"How does KPIs and Cards in Power BI work, and how do I apply it in practice?",tutorial,educational / tutorial,kpis and cards in power bi,concept and mental model; worked example; common mistakes; when not to use it,Needs to understand and use KPIs and Cards in Power BI,no: 100% of its phrasing is shared template text,"no: 698 words, 0% specific to the topic",100% boilerplate,yes: 0% unique phrasing,yes: aggregations-in-power-bi-for-large-datasets (1.00),,no: informational title,no: 0% unique phrasing,yes,optional,no,yes: step-by-step,yes,yes: no external source,yes,verify on rewrite,"yes: 6 unsourced salary, percentage or demand claims",not verified automatically,yes: opening shared with 49 other articles,yes: heading outline shared with 417 other articles,no: none in the body,none,partly: the body is template text with the title substituted,no,DEEP REWRITE,Template body: 100% of its phrasing is shared with 10+ articles; 0% is its own.,None. Queue order in BLOG_REWRITE_QUEUE.csv.,DEEP REWRITE,true,annotated screenshot,"Annotated screenshot of the feature in ""KPIs and Cards in Power BI"" in the product UI, taken from a demo file (no client data).",analyzed
ac54a57b-a101-4b02-8314-b6b60720ed14,power-bi-bookmarks-and-buttons-for-interactivity,Power BI Bookmarks and Buttons for Interactivity,power-bi,power bi bookmarks and buttons for interactivity,power bi bookmarks and buttons for interactivity tutorial; power bi bookmarks and buttons for interactivity explained; how to use power bi bookmarks and buttons for interactivity,,concept and mental model; worked example; common mistakes; when not to use it,Power BI,derived from title and intent; no search-volume data,tutorial,"How does Power BI Bookmarks and Buttons for Interactivity work, and how do I apply it in practice?",tutorial,educational / tutorial,power bi bookmarks and buttons for interactivity,concept and mental model; worked example; common mistakes; when not to use it,Needs to understand and use Power BI Bookmarks and Buttons for Interactivity,no: 100% of its phrasing is shared template text,"no: 699 words, 0% specific to the topic",100% boilerplate,yes: 0% unique phrasing,yes: aggregations-in-power-bi-for-large-datasets (1.00),,no: informational title,no: 0% unique phrasing,yes,optional,no,yes: step-by-step,yes,yes: no external source,yes,verify on rewrite,"yes: 6 unsourced salary, percentage or demand claims",not verified automatically,yes: opening shared with 49 other articles,yes: heading outline shared with 417 other articles,no: none in the body,none,partly: the body is template text with the title substituted,no,DEEP REWRITE,Template body: 100% of its phrasing is shared with 10+ articles; 0% is its own.,None. Queue order in BLOG_REWRITE_QUEUE.csv.,DEEP REWRITE,true,annotated screenshot,"Annotated screenshot of the feature in ""Power BI Bookmarks and Buttons for Interactivity"" in the product UI, taken from a demo file (no client data).",analyzed
da35abfe-ac74-44cd-889f-60a164f78af5,power-bi-certification-pl-300-how-to-prepare,Power BI Certification (PL-300): How to Prepare,power-bi,power bi certification (pl-300),power bi (pl-300) exam; power bi (pl-300) preparation; power bi (pl-300) worth it,,exam scope; prerequisites; preparation plan; value,Power BI,derived from title and intent; no search-volume data,certification,"Is Power BI Certification (PL-300) worth it, and how do I prepare for it?",certification,certification,power bi certification (pl-300),exam scope; prerequisites; preparation plan; value,"Needs to decide on, and prepare for, Power BI (PL-300)",no: 67% of its phrasing is shared template text,"no: 533 words, 2% specific to the topic",67% boilerplate,yes: 2% unique phrasing,no: nearest azure-fundamentals-az-900-a-quick-start-guide (0.70),,no: informational title,no: 2% unique phrasing,yes,yes,no,no,yes,yes: no external source,yes,yes: fast-moving topic or dated title,"yes: 3 unsourced salary, percentage or demand claims",likely: dated or fast-moving; not verified automatically,yes: opening shared with 49 other articles,no,no: none in the body,none,partly: the body is template text with the title substituted,no,DEEP REWRITE,Template body: 67% of its phrasing is shared with 10+ articles; 2% is its own.,None. Queue order in BLOG_REWRITE_QUEUE.csv.,DEEP REWRITE,true,annotated screenshot,"Annotated screenshot of the feature in ""Power BI Certification (PL-300)"" in the product UI, taken from a demo file (no client data).",analyzed
e0e64b5f-c271-48d6-afe9-c96d8bd65973,power-bi-custom-visuals-when-and-how-to-use-them,Power BI Custom Visuals: When and How to Use Them,power-bi,power bi custom visuals,power bi custom visuals tutorial; power bi custom visuals explained; how to use power bi custom visuals,,concept and mental model; worked example; common mistakes; when not to use it,Power BI,derived from title and intent; no search-volume data,tutorial,"How does Power BI Custom Visuals work, and how do I apply it in practice?",tutorial,educational / tutorial,power bi custom visuals,concept and mental model; worked example; common mistakes; when not to use it,Needs to understand and use Power BI Custom Visuals,no: 100% of its phrasing is shared template text,"no: 696 words, 0% specific to the topic",100% boilerplate,yes: 0% unique phrasing,yes: aggregations-in-power-bi-for-large-datasets (1.00),,no: informational title,no: 0% unique phrasing,yes,optional,no,yes: step-by-step,yes,yes: no external source,yes,verify on rewrite,"yes: 6 unsourced salary, percentage or demand claims",not verified automatically,yes: opening shared with 49 other articles,yes: heading outline shared with 417 other articles,no: none in the body,none,partly: the body is template text with the title substituted,no,DEEP REWRITE,Template body: 100% of its phrasing is shared with 10+ articles; 0% is its own.,None. Queue order in BLOG_REWRITE_QUEUE.csv.,DEEP REWRITE,true,annotated screenshot,"Annotated screenshot of the feature in ""Power BI Custom Visuals"" in the product UI, taken from a demo file (no client data).",analyzed
74411ff7-3d1d-4954-a8db-edd0939d1897,power-bi-dashboard-design-a-practical-guide,Power BI Dashboard Design: A Practical Guide,power-bi,power bi dashboard design,power bi dashboard design tutorial; power bi dashboard design explained; how to use power bi dashboard design,,concept and mental model; worked example; common mistakes; when not to use it,Power BI,derived from title and intent; no search-volume data,tutorial,"How does Power BI Dashboard Design work, and how do I apply it in practice?",tutorial,educational / tutorial,power bi dashboard design,concept and mental model; worked example; common mistakes; when not to use it,Needs to understand and use Power BI Dashboard Design,no: 100% of its phrasing is shared template text,"no: 693 words, 0% specific to the topic",100% boilerplate,yes: 0% unique phrasing,yes: aggregations-in-power-bi-for-large-datasets (1.00),,no: informational title,no: 0% unique phrasing,yes,optional,no,yes: step-by-step,yes,yes: no external source,yes,verify on rewrite,"yes: 6 unsourced salary, percentage or demand claims",not verified automatically,yes: opening shared with 49 other articles,yes: heading outline shared with 417 other articles,no: none in the body,none,partly: the body is template text with the title substituted,no,DEEP REWRITE,Template body: 100% of its phrasing is shared with 10+ articles; 0% is its own.,None. Queue order in BLOG_REWRITE_QUEUE.csv.,DEEP REWRITE,true,annotated screenshot,"Annotated screenshot of the feature in ""Power BI Dashboard Design"" in the product UI, taken from a demo file (no client data).",analyzed
8e7454d8-8501-4013-a662-1718d8ebbaf1,power-bi-data-refresh-scheduled-and-incremental,Power BI Data Refresh: Scheduled and Incremental,power-bi,power bi data refresh,power bi data refresh tutorial; power bi data refresh explained; how to use power bi data refresh,,concept and mental model; worked example; common mistakes; when not to use it,Power BI,derived from title and intent; no search-volume data,tutorial,"How does Power BI Data Refresh work, and how do I apply it in practice?",tutorial,educational / tutorial,power bi data refresh,concept and mental model; worked example; common mistakes; when not to use it,Needs to understand and use Power BI Data Refresh,no: 100% of its phrasing is shared template text,"no: 693 words, 0% specific to the topic",100% boilerplate,yes: 0% unique phrasing,yes: aggregations-in-power-bi-for-large-datasets (1.00),,no: informational title,no: 0% unique phrasing,yes,optional,no,yes: step-by-step,yes,yes: no external source,yes,verify on rewrite,"yes: 6 unsourced salary, percentage or demand claims",not verified automatically,yes: opening shared with 49 other articles,yes: heading outline shared with 417 other articles,no: none in the body,none,partly: the body is template text with the title substituted,no,DEEP REWRITE,Template body: 100% of its phrasing is shared with 10+ articles; 0% is its own.,None. Queue order in BLOG_REWRITE_QUEUE.csv.,DEEP REWRITE,true,annotated screenshot,"Annotated screenshot of the feature in ""Power BI Data Refresh"" in the product UI, taken from a demo file (no client data).",analyzed
0dcbe8b7-c8b7-47aa-a914-f5af1eaad0f1,power-bi-dataflows-explained-for-beginners,Power BI Dataflows Explained for Beginners,power-bi,power bi dataflows explained for beginners,power bi dataflows for beginners tutorial; power bi dataflows for beginners explained; how to use power bi dataflows for beginners,,concept and mental model; worked example; common mistakes; when not to use it,Power BI,derived from title and intent; no search-volume data,tutorial,"What is Power BI Dataflows, and how does it work?",tutorial,educational / tutorial,power bi dataflows explained for beginners,concept and mental model; worked example; common mistakes; when not to use it,Needs to understand and use Power BI Dataflows for Beginners,no: 100% of its phrasing is shared template text,"no: 696 words, 0% specific to the topic",100% boilerplate,yes: 0% unique phrasing,yes: aggregations-in-power-bi-for-large-datasets (1.00),,no: informational title,no: 0% unique phrasing,yes,optional,no,yes: step-by-step,yes,yes: no external source,yes,verify on rewrite,"yes: 6 unsourced salary, percentage or demand claims",not verified automatically,yes: opening shared with 49 other articles,yes: heading outline shared with 417 other articles,no: none in the body,none,partly: the body is template text with the title substituted,no,DEEP REWRITE,Template body: 100% of its phrasing is shared with 10+ articles; 0% is its own.,None. Queue order in BLOG_REWRITE_QUEUE.csv.,DEEP REWRITE,true,annotated screenshot,"Annotated screenshot of the feature in ""Power BI Dataflows Explained for Beginners"" in the product UI, taken from a demo file (no client data).",analyzed
111b5beb-348f-4c0c-855e-babf6f9c3bdf,power-bi-deployment-pipelines-for-teams,Power BI Deployment Pipelines for Teams,power-bi,power bi deployment pipelines for teams,power bi deployment pipelines for teams tutorial; power bi deployment pipelines for teams explained; how to use power bi deployment pipelines for teams,,concept and mental model; worked example; common mistakes; when not to use it,Power BI,derived from title and intent; no search-volume data,tutorial,"How does Power BI Deployment Pipelines for Teams work, and how do I apply it in practice?",tutorial,educational / tutorial,power bi deployment pipelines for teams,concept and mental model; worked example; common mistakes; when not to use it,Needs to understand and use Power BI Deployment Pipelines for Teams,no: 100% of its phrasing is shared template text,"no: 696 words, 0% specific to the topic",100% boilerplate,yes: 0% unique phrasing,yes: aggregations-in-power-bi-for-large-datasets (1.00),,no: informational title,no: 0% unique phrasing,yes,optional,"yes: runnable, verified code",yes: step-by-step,yes,yes: no external source,yes,verify on rewrite,"yes: 6 unsourced salary, percentage or demand claims",not verified automatically,yes: opening shared with 49 other articles,yes: heading outline shared with 417 other articles,no: none in the body,none,partly: the body is template text with the title substituted,no,DEEP REWRITE,Template body: 100% of its phrasing is shared with 10+ articles; 0% is its own.,None. Queue order in BLOG_REWRITE_QUEUE.csv.,DEEP REWRITE,true,annotated screenshot,"Annotated screenshot of the feature in ""Power BI Deployment Pipelines for Teams"" in the product UI, taken from a demo file (no client data).",analyzed
77874e6c-5eb2-4208-8ac6-77870aabf046,power-bi-developer-salary-in-hyderabad-2026,Power BI Developer Salary in Hyderabad 2026,power-bi,power bi developer salary in hyderabad,power bi developer salary; power bi developer salary for freshers; power bi developer pay by experience,,sourced pay data; what moves pay; role differences,Power BI,derived from title and intent; no search-volume data,salary,"What does Power BI Developer work pay, and what moves the number?",salary,salary,power bi developer salary in hyderabad,sourced pay data; what moves pay; role differences,"Needs realistic, sourced pay expectations for Power BI Developer",no: 90% of its phrasing is shared template text,"no: 552 words, 8% specific to the topic",90% boilerplate,yes: 8% unique phrasing,no: nearest python-salary-in-india-2026-roles-and-expectations (0.62),,no: informational title,no: 8% unique phrasing,yes,optional,no,no,no,yes: no external source,yes,yes: fast-moving topic or dated title,"yes: 11 unsourced salary, percentage or demand claims",likely: dated or fast-moving; not verified automatically,yes: opening shared with 49 other articles,yes: heading outline shared with 10 other articles,no: none in the body,none,partly: the body is template text with the title substituted,no,MANUAL REVIEW,"Salary figures with no cited source. A rewrite needs a dated, citable salary dataset; without one the figures must go.","Source a salary dataset, or rewrite without figures.",MANUAL REVIEW,false,none,No image. A chart is only appropriate once the figures are sourced; then chart the cited data with the source in the caption.,needs_review
15d93744-8e75-4237-a606-1f53fd2c194c,power-bi-drillthrough-and-drilldown-explained,Power BI Drillthrough and Drilldown Explained,power-bi,power bi drillthrough and drilldown explained,power bi drillthrough and drilldown tutorial; how to use power bi drillthrough and drilldown,,concept and mental model; worked example; common mistakes; when not to use it,Power BI,derived from title and intent; no search-volume data,tutorial,"What is Power BI Drillthrough and Drilldown, and how does it work?",tutorial,educational / tutorial,power bi drillthrough and drilldown explained,concept and mental model; worked example; common mistakes; when not to use it,Needs to understand and use Power BI Drillthrough and Drilldown,no: 100% of its phrasing is shared template text,"no: 696 words, 0% specific to the topic",100% boilerplate,yes: 0% unique phrasing,yes: aggregations-in-power-bi-for-large-datasets (1.00),,no: informational title,no: 0% unique phrasing,yes,optional,no,yes: step-by-step,yes,yes: no external source,yes,verify on rewrite,"yes: 6 unsourced salary, percentage or demand claims",not verified automatically,yes: opening shared with 49 other articles,yes: heading outline shared with 417 other articles,no: none in the body,none,partly: the body is template text with the title substituted,no,DEEP REWRITE,Template body: 100% of its phrasing is shared with 10+ articles; 0% is its own.,None. Queue order in BLOG_REWRITE_QUEUE.csv.,DEEP REWRITE,true,annotated screenshot,"Annotated screenshot of the feature in ""Power BI Drillthrough and Drilldown Explained"" in the product UI, taken from a demo file (no client data).",analyzed
980ae5a5-0aff-4e88-b07b-af02384614dd,power-bi-error-handling-in-power-query,Power BI Error Handling in Power Query,power-bi,power bi error handling in power query,power bi error handling in power query tutorial; power bi error handling in power query explained; how to use power bi error handling in power query,,concept and mental model; worked example; common mistakes; when not to use it,Power Query; Power BI,derived from title and intent; no search-volume data,tutorial,"How does Power BI Error Handling in Power Query work, and how do I apply it in practice?",tutorial,educational / tutorial,power bi error handling in power query,concept and mental model; worked example; common mistakes; when not to use it,Needs to understand and use Power BI Error Handling in Power Query,no: 100% of its phrasing is shared template text,"no: 699 words, 0% specific to the topic",100% boilerplate,yes: 0% unique phrasing,yes: aggregations-in-power-bi-for-large-datasets (1.00),,no: informational title,no: 0% unique phrasing,yes,optional,"yes: runnable, verified code",yes: step-by-step,yes,yes: no external source,yes,verify on rewrite,"yes: 6 unsourced salary, percentage or demand claims",not verified automatically,yes: opening shared with 49 other articles,yes: heading outline shared with 417 other articles,no: none in the body,none,partly: the body is template text with the title substituted,no,DEEP REWRITE,Template body: 100% of its phrasing is shared with 10+ articles; 0% is its own.,None. Queue order in BLOG_REWRITE_QUEUE.csv.,DEEP REWRITE,true,annotated screenshot,"Annotated screenshot of the feature in ""Power BI Error Handling in Power Query"" in the product UI, taken from a demo file (no client data).",analyzed
efe1b233-e84a-4fd4-bbba-a98585087b2e,power-bi-field-parameters-dynamic-reports-made-easy,Power BI Field Parameters: Dynamic Reports Made Easy,power-bi,power bi field parameters,power bi field parameters tutorial; power bi field parameters explained; how to use power bi field parameters,,concept and mental model; worked example; common mistakes; when not to use it,Power BI,derived from title and intent; no search-volume data,tutorial,"How does Power BI Field Parameters work, and how do I apply it in practice?",tutorial,educational / tutorial,power bi field parameters,concept and mental model; worked example; common mistakes; when not to use it,Needs to understand and use Power BI Field Parameters,no: 100% of its phrasing is shared template text,"no: 694 words, 0% specific to the topic",100% boilerplate,yes: 0% unique phrasing,yes: aggregations-in-power-bi-for-large-datasets (1.00),,no: informational title,no: 0% unique phrasing,yes,optional,no,yes: step-by-step,yes,yes: no external source,yes,verify on rewrite,"yes: 6 unsourced salary, percentage or demand claims",not verified automatically,yes: opening shared with 49 other articles,yes: heading outline shared with 417 other articles,no: none in the body,none,partly: the body is template text with the title substituted,no,DEEP REWRITE,Template body: 100% of its phrasing is shared with 10+ articles; 0% is its own.,None. Queue order in BLOG_REWRITE_QUEUE.csv.,DEEP REWRITE,true,annotated screenshot,"Annotated screenshot of the feature in ""Power BI Field Parameters"" in the product UI, taken from a demo file (no client data).",analyzed
46d452e0-4b9f-4898-8b6a-ebfc87600bbf,power-bi-filters-visual-page-and-report-level,"Power BI Filters: Visual, Page and Report Level",power-bi,power bi filters,power bi filters tutorial; power bi filters explained; how to use power bi filters,,concept and mental model; worked example; common mistakes; when not to use it,Power BI,derived from title and intent; no search-volume data,tutorial,"How does Power BI Filters work, and how do I apply it in practice?",tutorial,educational / tutorial,power bi filters,concept and mental model; worked example; common mistakes; when not to use it,Needs to understand and use Power BI Filters,no: 100% of its phrasing is shared template text,"no: 692 words, 0% specific to the topic",100% boilerplate,yes: 0% unique phrasing,yes: aggregations-in-power-bi-for-large-datasets (1.00),,no: informational title,no: 0% unique phrasing,yes,optional,no,yes: step-by-step,yes,yes: no external source,yes,verify on rewrite,"yes: 6 unsourced salary, percentage or demand claims",not verified automatically,yes: opening shared with 49 other articles,yes: heading outline shared with 417 other articles,no: none in the body,none,partly: the body is template text with the title substituted,no,DEEP REWRITE,Template body: 100% of its phrasing is shared with 10+ articles; 0% is its own.,None. Queue order in BLOG_REWRITE_QUEUE.csv.,DEEP REWRITE,true,annotated screenshot,"Annotated screenshot of the feature in ""Power BI Filters"" in the product UI, taken from a demo file (no client data).",analyzed
415eef9e-07f1-4e59-98d2-27e293d379d7,power-bi-for-beginners-your-first-report-in-1-hour,Power BI for Beginners: Your First Report in 1 Hour,power-bi,power bi for beginners,power bi for beginners tutorial; power bi for beginners explained; how to use power bi for beginners,,concept and mental model; worked example; common mistakes; when not to use it,Power BI,derived from title and intent; no search-volume data,tutorial,"How does Power BI for Beginners work, and how do I apply it in practice?",tutorial,educational / tutorial,power bi for beginners,concept and mental model; worked example; common mistakes; when not to use it,Needs to understand and use Power BI for Beginners,no: 100% of its phrasing is shared template text,"no: 696 words, 0% specific to the topic",100% boilerplate,yes: 0% unique phrasing,yes: aggregations-in-power-bi-for-large-datasets (1.00),,no: informational title,no: 0% unique phrasing,yes,optional,no,yes: step-by-step,yes,yes: no external source,yes,verify on rewrite,"yes: 6 unsourced salary, percentage or demand claims",not verified automatically,yes: opening shared with 49 other articles,yes: heading outline shared with 417 other articles,no: none in the body,none,partly: the body is template text with the title substituted,no,DEEP REWRITE,Template body: 100% of its phrasing is shared with 10+ articles; 0% is its own.,None. Queue order in BLOG_REWRITE_QUEUE.csv.,DEEP REWRITE,true,annotated screenshot,"Annotated screenshot of the feature in ""Power BI for Beginners"" in the product UI, taken from a demo file (no client data).",analyzed
dbb2d267-a1da-4c56-b8ed-5b4696787778,power-bi-gateway-explained-connecting-on-prem-data,Power BI Gateway Explained: Connecting On-Prem Data,power-bi,power bi gateway explained,power bi gateway tutorial; how to use power bi gateway,,concept and mental model; worked example; common mistakes; when not to use it,Power BI,derived from title and intent; no search-volume data,tutorial,"What is Power BI Gateway, and how does it work?",tutorial,educational / tutorial,power bi gateway explained,concept and mental model; worked example; common mistakes; when not to use it,Needs to understand and use Power BI Gateway,no: 100% of its phrasing is shared template text,"no: 693 words, 0% specific to the topic",100% boilerplate,yes: 0% unique phrasing,yes: aggregations-in-power-bi-for-large-datasets (1.00),,no: informational title,no: 0% unique phrasing,yes,optional,no,yes: step-by-step,yes,yes: no external source,yes,verify on rewrite,"yes: 6 unsourced salary, percentage or demand claims",not verified automatically,yes: opening shared with 49 other articles,yes: heading outline shared with 417 other articles,no: none in the body,none,partly: the body is template text with the title substituted,no,DEEP REWRITE,Template body: 100% of its phrasing is shared with 10+ articles; 0% is its own.,None. Queue order in BLOG_REWRITE_QUEUE.csv.,DEEP REWRITE,true,annotated screenshot,"Annotated screenshot of the feature in ""Power BI Gateway Explained"" in the product UI, taken from a demo file (no client data).",analyzed
d408360e-e966-4639-8d1f-970d98651d15,power-bi-interview-questions-top-40-with-answers,Power BI Interview Questions: Top 40 with Answers,power-bi,power bi interview questions,power bi interview questions and answers; power bi interview questions for freshers; power bi scenario based questions,,core concepts; scenario questions; follow-up questions; common wrong answers,Power BI,derived from title and intent; no search-volume data,interview,"What does an interviewer ask about Power BI, and what does a strong answer contain?",interview,interview preparation,power bi interview questions,core concepts; scenario questions; follow-up questions; common wrong answers,Needs to prepare for interview questions on Power BI,no: 95% of its phrasing is shared template text,"no: 544 words, 3% specific to the topic",95% boilerplate,yes: 3% unique phrasing,no: nearest python-interview-questions-top-50-with-answers (0.75),,no: informational title,no: 3% unique phrasing,yes,yes,no,no,no,yes: no external source,yes,verify on rewrite,"yes: 3 unsourced salary, percentage or demand claims",not verified automatically,yes: opening shared with 49 other articles,yes: heading outline shared with 10 other articles,no: none in the body,none,"no: title promises 40, body has at most 9",no,DEEP REWRITE,Template body: 95% of its phrasing is shared with 10+ articles; 3% is its own.,None. Queue order in BLOG_REWRITE_QUEUE.csv.,DEEP REWRITE,false,none,No image needed; the value is in the questions and answers. Optional: one diagram for the hardest concept explained.,analyzed
3ec9d7e8-7a28-4e59-a1e0-230b5f14d01a,power-bi-mobile-designing-reports-for-phones,Power BI Mobile: Designing Reports for Phones,power-bi,power bi mobile,power bi mobile tutorial; power bi mobile explained; how to use power bi mobile,,concept and mental model; worked example; common mistakes; when not to use it,Power BI,derived from title and intent; no search-volume data,tutorial,"How does Power BI Mobile work, and how do I apply it in practice?",tutorial,educational / tutorial,power bi mobile,concept and mental model; worked example; common mistakes; when not to use it,Needs to understand and use Power BI Mobile,no: 100% of its phrasing is shared template text,"no: 691 words, 0% specific to the topic",100% boilerplate,yes: 0% unique phrasing,yes: aggregations-in-power-bi-for-large-datasets (1.00),,no: informational title,no: 0% unique phrasing,yes,optional,no,yes: step-by-step,yes,yes: no external source,yes,verify on rewrite,"yes: 6 unsourced salary, percentage or demand claims",not verified automatically,yes: opening shared with 49 other articles,yes: heading outline shared with 417 other articles,no: none in the body,none,partly: the body is template text with the title substituted,no,DEEP REWRITE,Template body: 100% of its phrasing is shared with 10+ articles; 0% is its own.,None. Queue order in BLOG_REWRITE_QUEUE.csv.,DEEP REWRITE,true,annotated screenshot,"Annotated screenshot of the feature in ""Power BI Mobile"" in the product UI, taken from a demo file (no client data).",analyzed
71a925aa-dcf6-4cb9-9db4-8e8a723d4ce7,power-bi-paginated-reports-vs-interactive-reports,Power BI Paginated Reports vs Interactive Reports,power-bi,power bi paginated reports vs interactive reports,power bi paginated reports vs interactive reports comparison; power bi paginated reports vs interactive reports differences; power bi paginated reports vs interactive reports which is better,,decision criteria; where each wins; migration or learning cost,Power BI,derived from title and intent; no search-volume data,comparison,"Should I use interactive reports or power bi paginated reports, and in which situations does each one win?",comparison,comparison (commercial investigation),power bi paginated reports vs interactive reports,decision criteria; where each wins; migration or learning cost,"Needs to choose between the options in ""Power BI Paginated Reports vs Interactive Reports""",no: 99% of its phrasing is shared template text,"no: 490 words, 1% specific to the topic",99% boilerplate,yes: 1% unique phrasing,yes: power-bi-vs-excel-when-to-use-each-tool (0.99),,no: informational title,no: 1% unique phrasing,yes,has 1; check it is topic-specific,no,no,yes,yes: no external source,yes,verify on rewrite,"yes: 3 unsourced salary, percentage or demand claims",not verified automatically,yes: opening shared with 49 other articles,no,no: none in the body,none,partly: the body is template text with the title substituted,no,DEEP REWRITE,Template body: 99% of its phrasing is shared with 10+ articles; 1% is its own.,None. Queue order in BLOG_REWRITE_QUEUE.csv.,DEEP REWRITE,true,comparison diagram,"Side-by-side diagram of where each option in ""Power BI Paginated Reports vs Interactive Reports"" sits in a typical workflow, with the deciding differences labelled.",analyzed
b86793f4-f74f-4082-9c49-12b139c1722c,power-bi-performance-tuning-make-reports-faster,Power BI Performance Tuning: Make Reports Faster,power-bi,power bi performance tuning,power bi performance tuning tutorial; power bi performance tuning explained; how to use power bi performance tuning,,concept and mental model; worked example; common mistakes; when not to use it,Power BI,derived from title and intent; no search-volume data,tutorial,"How does Power BI Performance Tuning work, and how do I apply it in practice?",tutorial,educational / tutorial,power bi performance tuning,concept and mental model; worked example; common mistakes; when not to use it,Needs to understand and use Power BI Performance Tuning,no: 100% of its phrasing is shared template text,"no: 693 words, 0% specific to the topic",100% boilerplate,yes: 0% unique phrasing,yes: aggregations-in-power-bi-for-large-datasets (1.00),,no: informational title,no: 0% unique phrasing,yes,optional,no,yes: step-by-step,yes,yes: no external source,yes,verify on rewrite,"yes: 6 unsourced salary, percentage or demand claims",not verified automatically,yes: opening shared with 49 other articles,yes: heading outline shared with 417 other articles,no: none in the body,none,partly: the body is template text with the title substituted,no,DEEP REWRITE,Template body: 100% of its phrasing is shared with 10+ articles; 0% is its own.,None. Queue order in BLOG_REWRITE_QUEUE.csv.,DEEP REWRITE,true,annotated screenshot,"Annotated screenshot of the feature in ""Power BI Performance Tuning"" in the product UI, taken from a demo file (no client data).",analyzed
e945f187-a5cc-4167-942d-b0b3c77adfa8,power-bi-projects-to-build-for-your-portfolio,Power BI Projects to Build for Your Portfolio,power-bi,power bi projects to build for your portfolio,power bi to build for your portfolio project ideas; power bi to build for your portfolio projects for beginners; power bi to build for your portfolio portfolio,,project list by skill; datasets; deliverables; how to present,Power BI,derived from title and intent; no search-volume data,project,"Which Power BI to Build for Your Portfolio projects show employers real skill, and how do I build them?",project,project,power bi projects to build for your portfolio,project list by skill; datasets; deliverables; how to present,Needs portfolio projects that prove Power BI to Build for Your Portfolio skill,no: 98% of its phrasing is shared template text,"no: 583 words, 1% specific to the topic",98% boilerplate,yes: 1% unique phrasing,no: nearest how-to-structure-a-python-project-the-right-way (0.71),,no: informational title,no: 1% unique phrasing,yes,yes,no,yes: step-by-step,yes,yes: no external source,yes,verify on rewrite,"yes: 3 unsourced salary, percentage or demand claims",not verified automatically,yes: opening shared with 49 other articles,yes: heading outline shared with 16 other articles,no: none in the body,none,partly: the body is template text with the title substituted,no,DEEP REWRITE,Template body: 98% of its phrasing is shared with 10+ articles; 1% is its own.,None. Queue order in BLOG_REWRITE_QUEUE.csv.,DEEP REWRITE,true,architecture diagram,"Architecture sketch of one project from ""Power BI Projects to Build for Your Portfolio"": data source, processing steps, output.",needs_review
352998fc-5836-45c1-8d93-4d991cbe236a,power-bi-relationships-one-to-many-and-cardinality,Power BI Relationships: One-to-Many and Cardinality,power-bi,power bi relationships,power bi relationships tutorial; power bi relationships explained; how to use power bi relationships,,concept and mental model; worked example; common mistakes; when not to use it,Power BI,derived from title and intent; no search-volume data,tutorial,"How does Power BI Relationships work, and how do I apply it in practice?",tutorial,educational / tutorial,power bi relationships,concept and mental model; worked example; common mistakes; when not to use it,Needs to understand and use Power BI Relationships,no: 100% of its phrasing is shared template text,"no: 690 words, 0% specific to the topic",100% boilerplate,yes: 0% unique phrasing,yes: aggregations-in-power-bi-for-large-datasets (1.00),,no: informational title,no: 0% unique phrasing,yes,optional,no,yes: step-by-step,yes,yes: no external source,yes,verify on rewrite,"yes: 6 unsourced salary, percentage or demand claims",not verified automatically,yes: opening shared with 49 other articles,yes: heading outline shared with 417 other articles,no: none in the body,none,partly: the body is template text with the title substituted,no,DEEP REWRITE,Template body: 100% of its phrasing is shared with 10+ articles; 0% is its own.,None. Queue order in BLOG_REWRITE_QUEUE.csv.,DEEP REWRITE,true,annotated screenshot,"Annotated screenshot of the feature in ""Power BI Relationships"" in the product UI, taken from a demo file (no client data).",analyzed
3853b6b3-ba0e-47b1-954f-99318e3d6e7c,power-bi-roadmap-2026-from-beginner-to-job-ready,Power BI Roadmap 2026: From Beginner to Job-Ready,power-bi,power bi roadmap,power bi learning path; how to become power bi; power bi skills,,prerequisites; stages and order; projects; what to skip; pacing,Power BI,derived from title and intent; no search-volume data,career,"What should I learn, and in what order, to become job-ready in Power BI?",career,career / roadmap,power bi roadmap,prerequisites; stages and order; projects; what to skip; pacing,Needs a learning or career path for Power BI,no: 96% of its phrasing is shared template text,"no: 695 words, 0% specific to the topic",96% boilerplate,yes: 0% unique phrasing,yes: from-power-bi-beginner-to-developer-a-career-roadmap (1.00),,no: informational title,no: 0% unique phrasing,yes,has 1; check it is topic-specific,no,no,yes,yes: no external source,yes,yes: fast-moving topic or dated title,"yes: 6 unsourced salary, percentage or demand claims",likely: dated or fast-moving; not verified automatically,yes: opening shared with 49 other articles,yes: heading outline shared with 18 other articles,no: none in the body,none,partly: the body is template text with the title substituted,no,DEEP REWRITE,Template body: 96% of its phrasing is shared with 10+ articles; 0% is its own.,None. Queue order in BLOG_REWRITE_QUEUE.csv.,DEEP REWRITE,true,roadmap diagram,"Stage-by-stage diagram of the Power BI Roadmap 2026 learning path: each stage, the skills in it, and the proof (project) that closes it.",analyzed
0c26d3c0-9b76-4a0e-a340-9ae33bcd5c90,power-bi-service-publishing-sharing-and-workspaces,"Power BI Service: Publishing, Sharing and Workspaces",power-bi,power bi service,power bi service tutorial; power bi service explained; how to use power bi service,,concept and mental model; worked example; common mistakes; when not to use it,Power BI,derived from title and intent; no search-volume data,tutorial,"How does Power BI Service work, and how do I apply it in practice?",tutorial,educational / tutorial,power bi service,concept and mental model; worked example; common mistakes; when not to use it,Needs to understand and use Power BI Service,no: 99% of its phrasing is shared template text,"no: 691 words, 1% specific to the topic",99% boilerplate,yes: 1% unique phrasing,yes: aggregations-in-power-bi-for-large-datasets (0.97),,no: informational title,no: 1% unique phrasing,yes,optional,no,yes: step-by-step,yes,yes: no external source,yes,verify on rewrite,"yes: 6 unsourced salary, percentage or demand claims",not verified automatically,yes: opening shared with 49 other articles,yes: heading outline shared with 417 other articles,no: none in the body,none,partly: the body is template text with the title substituted,no,DEEP REWRITE,Template body: 99% of its phrasing is shared with 10+ articles; 1% is its own.,None. Queue order in BLOG_REWRITE_QUEUE.csv.,DEEP REWRITE,true,annotated screenshot,"Annotated screenshot of the feature in ""Power BI Service"" in the product UI, taken from a demo file (no client data).",analyzed
3a561532-b7ef-484f-b1b4-7e18da800aa3,power-bi-slicers-sync-hierarchies-and-best-practices,"Power BI Slicers: Sync, Hierarchies and Best Practices",power-bi,power bi slicers,power bi slicers tutorial; power bi slicers explained; how to use power bi slicers,,concept and mental model; worked example; common mistakes; when not to use it,Power BI,derived from title and intent; no search-volume data,tutorial,"What are the best practices for Power BI Slicers, and why?",tutorial,educational / tutorial,power bi slicers,concept and mental model; worked example; common mistakes; when not to use it,Needs to understand and use Power BI Slicers,no: 100% of its phrasing is shared template text,"no: 692 words, 0% specific to the topic",100% boilerplate,yes: 0% unique phrasing,yes: aggregations-in-power-bi-for-large-datasets (1.00),,no: informational title,no: 0% unique phrasing,yes,optional,no,yes: step-by-step,yes,yes: no external source,yes,verify on rewrite,"yes: 6 unsourced salary, percentage or demand claims",not verified automatically,yes: opening shared with 49 other articles,yes: heading outline shared with 417 other articles,no: none in the body,none,partly: the body is template text with the title substituted,no,DEEP REWRITE,Template body: 100% of its phrasing is shared with 10+ articles; 0% is its own.,None. Queue order in BLOG_REWRITE_QUEUE.csv.,DEEP REWRITE,true,annotated screenshot,"Annotated screenshot of the feature in ""Power BI Slicers"" in the product UI, taken from a demo file (no client data).",analyzed
1096e715-f3bf-433e-877f-a7bfeee37a05,power-bi-themes-and-branding-for-professional-reports,Power BI Themes and Branding for Professional Reports,power-bi,power bi themes and branding for professional reports,power bi themes and branding for professional reports tutorial; power bi themes and branding for professional reports explained; how to use power bi themes and branding for professional reports,,concept and mental model; worked example; common mistakes; when not to use it,Power BI,derived from title and intent; no search-volume data,tutorial,"How does Power BI Themes and Branding for Professional Reports work, and how do I apply it in practice?",tutorial,educational / tutorial,power bi themes and branding for professional reports,concept and mental model; worked example; common mistakes; when not to use it,Needs to understand and use Power BI Themes and Branding for Professional Reports,no: 100% of its phrasing is shared template text,"no: 702 words, 0% specific to the topic",100% boilerplate,yes: 0% unique phrasing,yes: aggregations-in-power-bi-for-large-datasets (1.00),,no: informational title,no: 0% unique phrasing,yes,optional,no,yes: step-by-step,yes,yes: no external source,yes,verify on rewrite,"yes: 6 unsourced salary, percentage or demand claims",not verified automatically,yes: opening shared with 49 other articles,yes: heading outline shared with 417 other articles,no: none in the body,none,partly: the body is template text with the title substituted,no,DEEP REWRITE,Template body: 100% of its phrasing is shared with 10+ articles; 0% is its own.,None. Queue order in BLOG_REWRITE_QUEUE.csv.,DEEP REWRITE,true,annotated screenshot,"Annotated screenshot of the feature in ""Power BI Themes and Branding for Professional Reports"" in the product UI, taken from a demo file (no client data).",analyzed
b9e42ce4-452d-4307-9811-0f458d861066,power-bi-tooltips-adding-context-to-visuals,Power BI Tooltips: Adding Context to Visuals,power-bi,power bi tooltips,power bi tooltips tutorial; power bi tooltips explained; how to use power bi tooltips,,concept and mental model; worked example; common mistakes; when not to use it,Power BI,derived from title and intent; no search-volume data,tutorial,"How does Power BI Tooltips work, and how do I apply it in practice?",tutorial,educational / tutorial,power bi tooltips,concept and mental model; worked example; common mistakes; when not to use it,Needs to understand and use Power BI Tooltips,no: 100% of its phrasing is shared template text,"no: 691 words, 0% specific to the topic",100% boilerplate,yes: 0% unique phrasing,yes: aggregations-in-power-bi-for-large-datasets (1.00),,no: informational title,no: 0% unique phrasing,yes,optional,no,yes: step-by-step,yes,yes: no external source,yes,verify on rewrite,"yes: 6 unsourced salary, percentage or demand claims",not verified automatically,yes: opening shared with 49 other articles,yes: heading outline shared with 417 other articles,no: none in the body,none,partly: the body is template text with the title substituted,no,DEEP REWRITE,Template body: 100% of its phrasing is shared with 10+ articles; 0% is its own.,None. Queue order in BLOG_REWRITE_QUEUE.csv.,DEEP REWRITE,true,annotated screenshot,"Annotated screenshot of the feature in ""Power BI Tooltips"" in the product UI, taken from a demo file (no client data).",analyzed
c6a5b225-ec0c-48af-bac5-b1fd5f0a65ca,power-bi-vs-excel-when-to-use-each-tool,Power BI vs Excel: When to Use Each Tool,power-bi,power bi vs excel,power bi vs excel comparison; power bi vs excel differences; power bi vs excel which is better,,decision criteria; where each wins; migration or learning cost,Power BI; Excel,derived from title and intent; no search-volume data,comparison,"Should I use excel or power bi, and in which situations does each one win?",comparison,comparison (commercial investigation),power bi vs excel,decision criteria; where each wins; migration or learning cost,"Needs to choose between the options in ""Power BI vs Excel""",no: 99% of its phrasing is shared template text,"no: 489 words, 0% specific to the topic",99% boilerplate,yes: 0% unique phrasing,yes: power-bi-vs-tableau-a-detailed-2026-comparison (0.99),,no: informational title,no: 0% unique phrasing,yes,has 1; check it is topic-specific,no,no,yes,yes: no external source,yes,verify on rewrite,"yes: 3 unsourced salary, percentage or demand claims",not verified automatically,yes: opening shared with 49 other articles,no,no: none in the body,none,partly: the body is template text with the title substituted,no,DEEP REWRITE,Template body: 99% of its phrasing is shared with 10+ articles; 0% is its own.,None. Queue order in BLOG_REWRITE_QUEUE.csv.,DEEP REWRITE,true,comparison diagram,"Side-by-side diagram of where each option in ""Power BI vs Excel"" sits in a typical workflow, with the deciding differences labelled.",analyzed
f18face6-f8ee-43e3-8ce0-b14d1d824e92,power-bi-vs-tableau-a-detailed-2026-comparison,Power BI vs Tableau: A Detailed 2026 Comparison,power-bi,power bi vs tableau,power bi vs tableau comparison; power bi vs tableau differences; power bi vs tableau which is better,,decision criteria; where each wins; migration or learning cost,Power BI; Tableau,derived from title and intent; no search-volume data,comparison,"Should I use power bi or tableau, and in which situations does each one win?",comparison,comparison (commercial investigation),power bi vs tableau,decision criteria; where each wins; migration or learning cost,"Needs to choose between the options in ""Power BI vs Tableau""",no: 99% of its phrasing is shared template text,"no: 488 words, 0% specific to the topic",99% boilerplate,yes: 0% unique phrasing,yes: power-bi-vs-excel-when-to-use-each-tool (0.99),,no: informational title,no: 0% unique phrasing,yes,has 1; check it is topic-specific,no,no,yes,yes: no external source,yes,yes: fast-moving topic or dated title,"yes: 3 unsourced salary, percentage or demand claims",likely: dated or fast-moving; not verified automatically,yes: opening shared with 49 other articles,no,no: none in the body,none,partly: the body is template text with the title substituted,no,DEEP REWRITE,Template body: 99% of its phrasing is shared with 10+ articles; 0% is its own.,None. Queue order in BLOG_REWRITE_QUEUE.csv.,DEEP REWRITE,true,comparison diagram,"Side-by-side diagram of where each option in ""Power BI vs Tableau"" sits in a typical workflow, with the deciding differences labelled.",analyzed
7d9fd8dc-46d8-4489-9e43-95e2b11d277f,power-query-m-language-basics-for-beginners,Power Query M Language Basics for Beginners,power-bi,power query m language basics for beginners,power query m language basics for beginners tutorial; power query m language basics for beginners explained; how to use power query m language basics for beginners,power bi,concept and mental model; worked example; common mistakes; when not to use it,Power Query; Power BI,derived from title and intent; no search-volume data,tutorial,"What is Power Query M Language, and how does it work?",tutorial,educational / tutorial,power query m language basics for beginners,concept and mental model; worked example; common mistakes; when not to use it,Needs to understand and use Power Query M Language Basics for Beginners,no: 100% of its phrasing is shared template text,"no: 699 words, 0% specific to the topic",100% boilerplate,yes: 0% unique phrasing,yes: aggregations-in-power-bi-for-large-datasets (1.00),,no: informational title,no: 0% unique phrasing,yes,optional,"yes: runnable, verified code",yes: step-by-step,yes,yes: no external source,yes,verify on rewrite,"yes: 6 unsourced salary, percentage or demand claims",not verified automatically,yes: opening shared with 49 other articles,yes: heading outline shared with 417 other articles,no: none in the body,none,partly: the body is template text with the title substituted,no,DEEP REWRITE,Template body: 100% of its phrasing is shared with 10+ articles; 0% is its own.,None. Queue order in BLOG_REWRITE_QUEUE.csv.,DEEP REWRITE,true,annotated screenshot,"Annotated screenshot of the feature in ""Power Query M Language Basics for Beginners"" in the product UI, taken from a demo file (no client data).",analyzed
18829db1-a7d4-4951-ad0d-fdc622e4d4c8,power-query-tutorial-transforming-data-without-code,Power Query Tutorial: Transforming Data Without Code,power-bi,power query tutorial,power query explained; how to use power query,power bi,concept and mental model; worked example; common mistakes; when not to use it,Power Query; Power BI,derived from title and intent; no search-volume data,tutorial,"How does Power Query Tutorial work, and how do I apply it in practice?",tutorial,educational / tutorial,power query tutorial,concept and mental model; worked example; common mistakes; when not to use it,Needs to understand and use Power Query,no: 100% of its phrasing is shared template text,"no: 691 words, 0% specific to the topic",100% boilerplate,yes: 0% unique phrasing,yes: aggregations-in-power-bi-for-large-datasets (1.00),,no: informational title,no: 0% unique phrasing,yes,optional,"yes: runnable, verified code",yes: step-by-step,yes,yes: no external source,yes,verify on rewrite,"yes: 6 unsourced salary, percentage or demand claims",not verified automatically,yes: opening shared with 49 other articles,yes: heading outline shared with 417 other articles,no: none in the body,none,partly: the body is template text with the title substituted,no,DEEP REWRITE,Template body: 100% of its phrasing is shared with 10+ articles; 0% is its own.,None. Queue order in BLOG_REWRITE_QUEUE.csv.,DEEP REWRITE,true,annotated screenshot,"Annotated screenshot of the feature in ""Power Query Tutorial"" in the product UI, taken from a demo file (no client data).",needs_review
6cc86ea3-a38c-4938-b30a-43704261d261,row-level-security-rls-in-power-bi-a-complete-guide,Row-Level Security (RLS) in Power BI: A Complete Guide,power-bi,row-level security (rls) in power bi,row-level security (rls) in power bi tutorial; row-level security (rls) in power bi explained; how to use row-level security (rls) in power bi,,concept and mental model; worked example; common mistakes; when not to use it,Power BI,derived from title and intent; no search-volume data,tutorial,"How does Row-Level Security (RLS) in Power BI work, and how do I apply it in practice?",tutorial,educational / tutorial,row-level security (rls) in power bi,concept and mental model; worked example; common mistakes; when not to use it,Needs to understand and use Row-Level Security (RLS) in Power BI,no: 100% of its phrasing is shared template text,"no: 699 words, 0% specific to the topic",100% boilerplate,yes: 0% unique phrasing,yes: aggregations-in-power-bi-for-large-datasets (1.00),,no: informational title,no: 0% unique phrasing,yes,optional,no,yes: step-by-step,yes,yes: no external source,yes,verify on rewrite,"yes: 6 unsourced salary, percentage or demand claims",not verified automatically,yes: opening shared with 49 other articles,yes: heading outline shared with 417 other articles,no: none in the body,none,partly: the body is template text with the title substituted,no,DEEP REWRITE,Template body: 100% of its phrasing is shared with 10+ articles; 0% is its own.,None. Queue order in BLOG_REWRITE_QUEUE.csv.,DEEP REWRITE,true,annotated screenshot,"Annotated screenshot of the feature in ""Row-Level Security (RLS) in Power BI"" in the product UI, taken from a demo file (no client data).",analyzed
dcf588d8-092a-431d-b93b-eefde93234ed,star-schema-vs-snowflake-schema-in-power-bi,Star Schema vs Snowflake Schema in Power BI,power-bi,star schema vs snowflake schema in power bi,star schema vs snowflake schema in power bi comparison; star schema vs snowflake schema in power bi differences; star schema vs snowflake schema in power bi which is better,,decision criteria; where each wins; migration or learning cost,Snowflake; Power BI,derived from title and intent; no search-volume data,comparison,"Should I use snowflake schema or star schema, and in which situations does each one win?",comparison,comparison (commercial investigation),star schema vs snowflake schema in power bi,decision criteria; where each wins; migration or learning cost,"Needs to choose between the options in ""Star Schema vs Snowflake Schema in Power BI""",no: 98% of its phrasing is shared template text,"no: 492 words, 2% specific to the topic",98% boilerplate,yes: 2% unique phrasing,yes: power-bi-vs-excel-when-to-use-each-tool (0.98),,no: informational title,no: 2% unique phrasing,yes,has 1; check it is topic-specific,"yes: runnable, verified code",no,yes,yes: no external source,yes,verify on rewrite,"yes: 3 unsourced salary, percentage or demand claims",not verified automatically,yes: opening shared with 49 other articles,no,no: none in the body,none,partly: the body is template text with the title substituted,no,DEEP REWRITE,Template body: 98% of its phrasing is shared with 10+ articles; 2% is its own.,None. Queue order in BLOG_REWRITE_QUEUE.csv.,DEEP REWRITE,true,comparison diagram,"Side-by-side diagram of where each option in ""Star Schema vs Snowflake Schema in Power BI"" sits in a typical workflow, with the deciding differences labelled.",analyzed
ff266896-33c3-43d0-97d8-8fc1c048f946,time-intelligence-in-dax-ytd-mtd-and-comparisons,"Time Intelligence in DAX: YTD, MTD and Comparisons",power-bi,time intelligence in dax,time intelligence in dax tutorial; time intelligence in dax explained; how to use time intelligence in dax,power bi,concept and mental model; worked example; common mistakes; when not to use it,Power BI; DAX,derived from title and intent; no search-volume data,tutorial,"How does Time Intelligence in DAX work, and how do I apply it in practice?",tutorial,educational / tutorial,time intelligence in dax,concept and mental model; worked example; common mistakes; when not to use it,Needs to understand and use Time Intelligence in DAX,no: 100% of its phrasing is shared template text,"no: 694 words, 0% specific to the topic",100% boilerplate,yes: 0% unique phrasing,yes: aggregations-in-power-bi-for-large-datasets (1.00),,no: informational title,no: 0% unique phrasing,yes,optional,"yes: runnable, verified code",yes: step-by-step,yes,yes: no external source,yes,verify on rewrite,"yes: 6 unsourced salary, percentage or demand claims",not verified automatically,yes: opening shared with 49 other articles,yes: heading outline shared with 417 other articles,no: none in the body,none,partly: the body is template text with the title substituted,no,DEEP REWRITE,Template body: 100% of its phrasing is shared with 10+ articles; 0% is its own.,None. Queue order in BLOG_REWRITE_QUEUE.csv.,DEEP REWRITE,true,annotated screenshot,"Annotated screenshot of the feature in ""Time Intelligence in DAX"" in the product UI, taken from a demo file (no client data).",analyzed
8918d340-828d-4091-b261-ad1cf334074e,top-20-dax-functions-every-analyst-should-know,Top 20 DAX Functions Every Analyst Should Know,power-bi,top 20 dax functions every analyst should know,dax functions every analyst should know tutorial; dax functions every analyst should know explained; how to use dax functions every analyst should know,power bi,concept and mental model; worked example; common mistakes; when not to use it,Power BI; DAX,derived from title and intent; no search-volume data,tutorial,"How does Top 20 DAX Functions Every Analyst Should Know work, and how do I apply it in practice?",tutorial,educational / tutorial,top 20 dax functions every analyst should know,concept and mental model; worked example; common mistakes; when not to use it,Needs to understand and use DAX Functions Every Analyst Should Know,no: 100% of its phrasing is shared template text,"no: 702 words, 0% specific to the topic",100% boilerplate,yes: 0% unique phrasing,yes: aggregations-in-power-bi-for-large-datasets (1.00),,no: informational title,no: 0% unique phrasing,yes,optional,"yes: runnable, verified code",yes: step-by-step,yes,yes: no external source,yes,verify on rewrite,"yes: 6 unsourced salary, percentage or demand claims",not verified automatically,yes: opening shared with 49 other articles,yes: heading outline shared with 417 other articles,no: none in the body,none,partly: the body is template text with the title substituted,no,DEEP REWRITE,Template body: 100% of its phrasing is shared with 10+ articles; 0% is its own.,None. Queue order in BLOG_REWRITE_QUEUE.csv.,DEEP REWRITE,true,annotated screenshot,"Annotated screenshot of the feature in ""Top 20 DAX Functions Every Analyst Should Know"" in the product UI, taken from a demo file (no client data).",analyzed
f428d13d-de14-4621-abc2-98478efd2475,async-programming-in-python-asyncio-explained,Async Programming in Python: asyncio Explained,python,async programming in python,async programming in python tutorial; async programming in python explained; how to use async programming in python,,concept and mental model; worked example; common mistakes; when not to use it,Python,derived from title and intent; no search-volume data,tutorial,"What is Async Programming in Python, and how does it work?",tutorial,educational / tutorial,async programming in python,concept and mental model; worked example; common mistakes; when not to use it,Needs to understand and use Async Programming in Python,no: 100% of its phrasing is shared template text,"no: 650 words, 0% specific to the topic",100% boilerplate,yes: 0% unique phrasing,yes: automate-boring-tasks-with-python-10-scripts (1.00),,no: informational title,no: 0% unique phrasing,yes,optional,"yes: runnable, verified code",yes: step-by-step,yes,yes: no external source,yes,verify on rewrite,"yes: 6 unsourced salary, percentage or demand claims",not verified automatically,yes: opening shared with 48 other articles,yes: heading outline shared with 417 other articles,no: none in the body,none,partly: the body is template text with the title substituted,no,DEEP REWRITE,Template body: 100% of its phrasing is shared with 10+ articles; 0% is its own.,None. Queue order in BLOG_REWRITE_QUEUE.csv.,DEEP REWRITE,true,code output screenshot or diagram,"Worked example for ""Async Programming in Python"": the input, the code's key step, and the resulting output side by side.",analyzed
4f437d9d-a154-4e7b-88f4-5c66ce18e35a,automate-boring-tasks-with-python-10-scripts,Automate Boring Tasks with Python: 10 Scripts,python,automate boring tasks with python,automate boring tasks with python tutorial; automate boring tasks with python explained; how to use automate boring tasks with python,,concept and mental model; worked example; common mistakes; when not to use it,Python,derived from title and intent; no search-volume data,tutorial,"How does Automate Boring Tasks with Python work, and how do I apply it in practice?",tutorial,educational / tutorial,automate boring tasks with python,concept and mental model; worked example; common mistakes; when not to use it,Needs to understand and use Automate Boring Tasks with Python,no: 100% of its phrasing is shared template text,"no: 653 words, 0% specific to the topic",100% boilerplate,yes: 0% unique phrasing,yes: async-programming-in-python-asyncio-explained (1.00),,no: informational title,no: 0% unique phrasing,yes,optional,"yes: runnable, verified code",yes: step-by-step,yes,yes: no external source,yes,verify on rewrite,"yes: 6 unsourced salary, percentage or demand claims",not verified automatically,yes: opening shared with 48 other articles,yes: heading outline shared with 417 other articles,no: none in the body,none,partly: the body is template text with the title substituted,no,DEEP REWRITE,Template body: 100% of its phrasing is shared with 10+ articles; 0% is its own.,None. Queue order in BLOG_REWRITE_QUEUE.csv.,DEEP REWRITE,true,code output screenshot or diagram,"Worked example for ""Automate Boring Tasks with Python"": the input, the code's key step, and the resulting output side by side.",analyzed
bd712f6b-e063-42e5-b5cc-bc8c5ee1a8c3,building-a-cli-tool-in-python-with-argparse,Building a CLI Tool in Python with argparse,python,building a cli tool in python with argparse,building a cli tool in python with argparse tutorial; building a cli tool in python with argparse explained; how to use building a cli tool in python with argparse,,concept and mental model; worked example; common mistakes; when not to use it,Python,derived from title and intent; no search-volume data,tutorial,"How does Building a CLI Tool in Python with argparse work, and how do I apply it in practice?",tutorial,educational / tutorial,building a cli tool in python with argparse,concept and mental model; worked example; common mistakes; when not to use it,Needs to understand and use Building a CLI Tool in Python with argparse,no: 100% of its phrasing is shared template text,"no: 660 words, 0% specific to the topic",100% boilerplate,yes: 0% unique phrasing,yes: async-programming-in-python-asyncio-explained (1.00),,no: informational title,no: 0% unique phrasing,yes,optional,"yes: runnable, verified code",yes: step-by-step,yes,yes: no external source,yes,verify on rewrite,"yes: 6 unsourced salary, percentage or demand claims",not verified automatically,yes: opening shared with 48 other articles,yes: heading outline shared with 417 other articles,no: none in the body,none,partly: the body is template text with the title substituted,no,DEEP REWRITE,Template body: 100% of its phrasing is shared with 10+ articles; 0% is its own.,None. Queue order in BLOG_REWRITE_QUEUE.csv.,DEEP REWRITE,true,code output screenshot or diagram,"Worked example for ""Building a CLI Tool in Python with argparse"": the input, the code's key step, and the resulting output side by side.",analyzed
02a50b99-e10e-491f-b765-b810d5036c57,building-rest-apis-with-python-a-practical-guide,Building REST APIs with Python: A Practical Guide,python,building rest apis with python,building rest apis with python tutorial; building rest apis with python explained; how to use building rest apis with python,,concept and mental model; worked example; common mistakes; when not to use it,Python,derived from title and intent; no search-volume data,tutorial,"How does Building REST APIs with Python work, and how do I apply it in practice?",tutorial,educational / tutorial,building rest apis with python,concept and mental model; worked example; common mistakes; when not to use it,Needs to understand and use Building REST APIs with Python,no: 100% of its phrasing is shared template text,"no: 654 words, 0% specific to the topic",100% boilerplate,yes: 0% unique phrasing,yes: async-programming-in-python-asyncio-explained (1.00),,no: informational title,no: 0% unique phrasing,yes,optional,"yes: runnable, verified code",yes: step-by-step,yes,yes: no external source,yes,verify on rewrite,"yes: 6 unsourced salary, percentage or demand claims",not verified automatically,yes: opening shared with 48 other articles,yes: heading outline shared with 417 other articles,no: none in the body,none,partly: the body is template text with the title substituted,no,DEEP REWRITE,Template body: 100% of its phrasing is shared with 10+ articles; 0% is its own.,None. Queue order in BLOG_REWRITE_QUEUE.csv.,DEEP REWRITE,true,code output screenshot or diagram,"Worked example for ""Building REST APIs with Python"": the input, the code's key step, and the resulting output side by side.",analyzed
f3c923b3-4b18-4086-b614-82b2b838d26c,datetime-in-python-working-with-dates-and-times,Datetime in Python: Working with Dates and Times,python,datetime in python,datetime in python tutorial; datetime in python explained; how to use datetime in python,,concept and mental model; worked example; common mistakes; when not to use it,Python,derived from title and intent; no search-volume data,tutorial,"How does Datetime in Python work, and how do I apply it in practice?",tutorial,educational / tutorial,datetime in python,concept and mental model; worked example; common mistakes; when not to use it,Needs to understand and use Datetime in Python,no: 100% of its phrasing is shared template text,"no: 650 words, 0% specific to the topic",100% boilerplate,yes: 0% unique phrasing,yes: async-programming-in-python-asyncio-explained (1.00),,no: informational title,no: 0% unique phrasing,yes,optional,"yes: runnable, verified code",yes: step-by-step,yes,yes: no external source,yes,verify on rewrite,"yes: 6 unsourced salary, percentage or demand claims",not verified automatically,yes: opening shared with 48 other articles,yes: heading outline shared with 417 other articles,no: none in the body,none,partly: the body is template text with the title substituted,no,DEEP REWRITE,Template body: 100% of its phrasing is shared with 10+ articles; 0% is its own.,None. Queue order in BLOG_REWRITE_QUEUE.csv.,DEEP REWRITE,true,code output screenshot or diagram,"Worked example for ""Datetime in Python"": the input, the code's key step, and the resulting output side by side.",analyzed
38199134-27c0-4ffd-bada-22c8374b4133,environment-variables-and-secrets-in-python-apps,Environment Variables and Secrets in Python Apps,python,environment variables and secrets in python apps,environment variables and secrets in python apps tutorial; environment variables and secrets in python apps explained; how to use environment variables and secrets in python apps,,concept and mental model; worked example; common mistakes; when not to use it,Python,derived from title and intent; no search-volume data,tutorial,"How does Environment Variables and Secrets in Python Apps work, and how do I apply it in practice?",tutorial,educational / tutorial,environment variables and secrets in python apps,concept and mental model; worked example; common mistakes; when not to use it,Needs to understand and use Environment Variables and Secrets in Python Apps,no: 100% of its phrasing is shared template text,"no: 657 words, 0% specific to the topic",100% boilerplate,yes: 0% unique phrasing,yes: async-programming-in-python-asyncio-explained (1.00),,no: informational title,no: 0% unique phrasing,yes,optional,"yes: runnable, verified code",yes: step-by-step,yes,yes: no external source,yes,verify on rewrite,"yes: 6 unsourced salary, percentage or demand claims",not verified automatically,yes: opening shared with 48 other articles,yes: heading outline shared with 417 other articles,no: none in the body,none,partly: the body is template text with the title substituted,no,DEEP REWRITE,Template body: 100% of its phrasing is shared with 10+ articles; 0% is its own.,None. Queue order in BLOG_REWRITE_QUEUE.csv.,DEEP REWRITE,true,code output screenshot or diagram,"Worked example for ""Environment Variables and Secrets in Python Apps"": the input, the code's key step, and the resulting output side by side.",analyzed
55efc99e-b28b-4b7a-950c-a09d9261ef1d,error-handling-in-python-try-except-and-best-practices,"Error Handling in Python: try, except and Best Practices",python,error handling in python,error handling in python tutorial; error handling in python explained; how to use error handling in python,,concept and mental model; worked example; common mistakes; when not to use it,Python,derived from title and intent; no search-volume data,tutorial,"What are the best practices for Error Handling in Python, and why?",tutorial,educational / tutorial,error handling in python,concept and mental model; worked example; common mistakes; when not to use it,Needs to understand and use Error Handling in Python,no: 100% of its phrasing is shared template text,"no: 653 words, 0% specific to the topic",100% boilerplate,yes: 0% unique phrasing,yes: async-programming-in-python-asyncio-explained (1.00),,no: informational title,no: 0% unique phrasing,yes,optional,"yes: runnable, verified code",yes: step-by-step,yes,yes: no external source,yes,verify on rewrite,"yes: 6 unsourced salary, percentage or demand claims",not verified automatically,yes: opening shared with 48 other articles,yes: heading outline shared with 417 other articles,no: none in the body,none,partly: the body is template text with the title substituted,no,DEEP REWRITE,Template body: 100% of its phrasing is shared with 10+ articles; 0% is its own.,None. Queue order in BLOG_REWRITE_QUEUE.csv.,DEEP REWRITE,true,code output screenshot or diagram,"Worked example for ""Error Handling in Python"": the input, the code's key step, and the resulting output side by side.",analyzed
c5bf0466-e910-41b5-902f-09129ee11f75,fastapi-guide-build-a-production-api-step-by-step,FastAPI Guide: Build a Production API Step by Step,python,fastapi guide,fastapi guide tutorial; fastapi guide explained; how to use fastapi guide,python,concept and mental model; worked example; common mistakes; when not to use it,FastAPI; Python,derived from title and intent; no search-volume data,tutorial,"How does FastAPI Guide work, and how do I apply it in practice?",tutorial,educational / tutorial,fastapi guide,concept and mental model; worked example; common mistakes; when not to use it,Needs to understand and use FastAPI Guide,no: 100% of its phrasing is shared template text,"no: 649 words, 0% specific to the topic",100% boilerplate,yes: 0% unique phrasing,yes: async-programming-in-python-asyncio-explained (1.00),,no: informational title,no: 0% unique phrasing,yes,optional,"yes: runnable, verified code",yes: step-by-step,yes,yes: no external source,yes,verify on rewrite,"yes: 6 unsourced salary, percentage or demand claims",not verified automatically,yes: opening shared with 48 other articles,yes: heading outline shared with 417 other articles,no: none in the body,none,partly: the body is template text with the title substituted,no,DEEP REWRITE,Template body: 100% of its phrasing is shared with 10+ articles; 0% is its own.,None. Queue order in BLOG_REWRITE_QUEUE.csv.,DEEP REWRITE,true,concept diagram,"One diagram that explains the central idea of ""FastAPI Guide"" — the parts and how they relate.",analyzed
aa5c6497-b5a2-486a-99a1-ca203b5a94bc,flask-vs-fastapi-vs-django-which-to-choose-in-2026,Flask vs FastAPI vs Django: Which to Choose in 2026,python,flask vs fastapi vs django,flask vs fastapi vs django comparison; flask vs fastapi vs django differences; flask vs fastapi vs django which is better,python,decision criteria; where each wins; migration or learning cost,FastAPI; Python; Django; Flask,derived from title and intent; no search-volume data,comparison,"Should I use django or fastapi or flask, and in which situations does each one win?",comparison,comparison (commercial investigation),flask vs fastapi vs django,decision criteria; where each wins; migration or learning cost,"Needs to choose between the options in ""Flask vs FastAPI vs Django""",no: 99% of its phrasing is shared template text,"no: 475 words, 1% specific to the topic",99% boilerplate,yes: 1% unique phrasing,yes: python-decorators-vs-context-managers-when-to-use-each (0.99),,no: informational title,no: 1% unique phrasing,yes,has 1; check it is topic-specific,"yes: runnable, verified code",no,yes,yes: no external source,yes,yes: fast-moving topic or dated title,"yes: 3 unsourced salary, percentage or demand claims",likely: dated or fast-moving; not verified automatically,yes: opening shared with 48 other articles,no,no: none in the body,none,partly: the body is template text with the title substituted,no,DEEP REWRITE,Template body: 99% of its phrasing is shared with 10+ articles; 1% is its own.,None. Queue order in BLOG_REWRITE_QUEUE.csv.,DEEP REWRITE,true,comparison diagram,"Side-by-side diagram of where each option in ""Flask vs FastAPI vs Django"" sits in a typical workflow, with the deciding differences labelled.",analyzed
07bda889-f7fe-4b0c-8c3c-d2ea24c44d6c,from-python-beginner-to-job-ready-a-6-month-plan,From Python Beginner to Job-Ready: A 6-Month Plan,python,from python beginner to job-ready,from python beginner to job-ready tutorial; from python beginner to job-ready explained; how to use from python beginner to job-ready,,concept and mental model; worked example; common mistakes; when not to use it,Python,derived from title and intent; no search-volume data,tutorial,"How does From Python Beginner to Job-Ready work, and how do I apply it in practice?",tutorial,educational / tutorial,from python beginner to job-ready,concept and mental model; worked example; common mistakes; when not to use it,Needs to understand and use From Python Beginner to Job-Ready,no: 100% of its phrasing is shared template text,"no: 654 words, 0% specific to the topic",100% boilerplate,yes: 0% unique phrasing,yes: async-programming-in-python-asyncio-explained (1.00),learn-python-from-scratch-a-complete-2026-roadmap,no: informational title,no: 0% unique phrasing,yes,optional,"yes: runnable, verified code",yes: step-by-step,yes,yes: no external source,yes,verify on rewrite,"yes: 6 unsourced salary, percentage or demand claims",not verified automatically,yes: opening shared with 48 other articles,yes: heading outline shared with 417 other articles,no: none in the body,none,partly: the body is template text with the title substituted,no,MERGE,"Same intent as learn-python-from-scratch-a-complete-2026-roadmap (phase5-topical): Three answers to one question. Keep the roadmap; merge the 6-month plan into it (a timeline section) and refocus ""learn faster"" on study technique, or merge it too, pending Search Console.",Search Console: merge only if this article earns no distinct queries; otherwise rewrite it to the distinct angle in the note.,DEEP REWRITE,true,code output screenshot or diagram,"Worked example for ""From Python Beginner to Job-Ready"": the input, the code's key step, and the resulting output side by side.",merge_candidate
9ac4af73-9ca7-4fe8-8e96-eb0cb785b42a,how-to-learn-python-faster-a-proven-study-plan,How to Learn Python Faster: A Proven Study Plan,python,how to learn python faster,how to learn python faster tutorial; how to learn python faster explained; how to use how to learn python faster,,concept and mental model; worked example; common mistakes; when not to use it,Python,derived from title and intent; no search-volume data,tutorial,How do I Learn Python Faster?,tutorial,educational / tutorial,how to learn python faster,concept and mental model; worked example; common mistakes; when not to use it,Needs to understand and use How to Learn Python Faster,no: 100% of its phrasing is shared template text,"no: 655 words, 0% specific to the topic",100% boilerplate,yes: 0% unique phrasing,yes: async-programming-in-python-asyncio-explained (1.00),learn-python-from-scratch-a-complete-2026-roadmap,no: informational title,no: 0% unique phrasing,yes,optional,"yes: runnable, verified code",yes: step-by-step,yes,yes: no external source,yes,verify on rewrite,"yes: 6 unsourced salary, percentage or demand claims",not verified automatically,yes: opening shared with 48 other articles,yes: heading outline shared with 417 other articles,no: none in the body,none,partly: the body is template text with the title substituted,no,MERGE,"Same intent as learn-python-from-scratch-a-complete-2026-roadmap (phase5-topical): Three answers to one question. Keep the roadmap; merge the 6-month plan into it (a timeline section) and refocus ""learn faster"" on study technique, or merge it too, pending Search Console.",Search Console: merge only if this article earns no distinct queries; otherwise rewrite it to the distinct angle in the note.,DEEP REWRITE,true,code output screenshot or diagram,"Worked example for ""How to Learn Python Faster"": the input, the code's key step, and the resulting output side by side.",merge_candidate
61c626df-9374-4773-bae2-e9b073c01985,how-to-structure-a-python-project-the-right-way,How to Structure a Python Project the Right Way,python,how to structure a python project the right way,how to structure a python the right way project ideas; how to structure a python the right way projects for beginners; how to structure a python the right way portfolio,,project list by skill; datasets; deliverables; how to present,Python,derived from title and intent; no search-volume data,project,"Which How to Structure a Python the Right Way projects show employers real skill, and how do I build them?",project,project,how to structure a python project the right way,project list by skill; datasets; deliverables; how to present,Needs portfolio projects that prove How to Structure a Python the Right Way skill,no: 99% of its phrasing is shared template text,"no: 559 words, 0% specific to the topic",99% boilerplate,yes: 0% unique phrasing,yes: python-for-automation-a-real-world-project-guide (1.00),,no: informational title,no: 0% unique phrasing,yes,yes,"yes: runnable, verified code",yes: step-by-step,yes,yes: no external source,yes,verify on rewrite,"yes: 3 unsourced salary, percentage or demand claims",not verified automatically,yes: opening shared with 48 other articles,yes: heading outline shared with 16 other articles,no: none in the body,none,partly: the body is template text with the title substituted,no,DEEP REWRITE,Template body: 99% of its phrasing is shared with 10+ articles; 0% is its own.,None. Queue order in BLOG_REWRITE_QUEUE.csv.,DEEP REWRITE,true,architecture diagram,"Architecture sketch of one project from ""How to Structure a Python Project the Right Way"": data source, processing steps, output.",analyzed
7c1a79b1-add2-41a7-a2c7-deb2d9b2f5b5,lambda-functions-map-filter-and-reduce-in-python,"Lambda Functions, map, filter and reduce in Python",python,"lambda functions, map, filter and reduce in python","lambda functions, map, filter and reduce in python tutorial; lambda functions, map, filter and reduce in python explained; how to use lambda functions, map, filter and reduce in python",,concept and mental model; worked example; common mistakes; when not to use it,Python,derived from title and intent; no search-volume data,tutorial,"How does Lambda Functions, map, filter and reduce in Python work, and how do I apply it in practice?",tutorial,educational / tutorial,"lambda functions, map, filter and reduce in python",concept and mental model; worked example; common mistakes; when not to use it,"Needs to understand and use Lambda Functions, map, filter and reduce in Python",no: 100% of its phrasing is shared template text,"no: 660 words, 0% specific to the topic",100% boilerplate,yes: 0% unique phrasing,yes: async-programming-in-python-asyncio-explained (1.00),,no: informational title,no: 0% unique phrasing,yes,optional,"yes: runnable, verified code",yes: step-by-step,yes,yes: no external source,yes,verify on rewrite,"yes: 6 unsourced salary, percentage or demand claims",not verified automatically,yes: opening shared with 48 other articles,yes: heading outline shared with 417 other articles,no: none in the body,none,partly: the body is template text with the title substituted,no,DEEP REWRITE,Template body: 100% of its phrasing is shared with 10+ articles; 0% is its own.,None. Queue order in BLOG_REWRITE_QUEUE.csv.,DEEP REWRITE,true,code output screenshot or diagram,"Worked example for ""Lambda Functions, map, filter and reduce in Python"": the input, the code's key step, and the resulting output side by side.",analyzed
92281b73-ee0d-43f7-b140-250bb2a84d7d,learn-python-from-scratch-a-complete-2026-roadmap,Learn Python from Scratch: A Complete 2026 Roadmap,python,learn python from scratch,learn python from scratch learning path; how to become learn python from scratch; learn python from scratch skills,,prerequisites; stages and order; projects; what to skip; pacing,Python,derived from title and intent; no search-volume data,career,"What should I learn, and in what order, to become job-ready in Learn Python from Scratch?",career,career / roadmap,learn python from scratch,prerequisites; stages and order; projects; what to skip; pacing,Needs a learning or career path for Learn Python from Scratch,no: 97% of its phrasing is shared template text,"no: 648 words, 3% specific to the topic",97% boilerplate,yes: 3% unique phrasing,no: nearest async-programming-in-python-asyncio-explained (0.65),,no: informational title,no: 3% unique phrasing,yes,has 1; check it is topic-specific,"yes: runnable, verified code",no,yes,yes: no external source,yes,yes: fast-moving topic or dated title,"yes: 6 unsourced salary, percentage or demand claims",likely: dated or fast-moving; not verified automatically,yes: opening shared with 48 other articles,yes: heading outline shared with 18 other articles,no: none in the body,none,partly: the body is template text with the title substituted,no,DEEP REWRITE,Template body: 97% of its phrasing is shared with 10+ articles; 3% is its own.,None. Queue order in BLOG_REWRITE_QUEUE.csv.,DEEP REWRITE,true,roadmap diagram,"Stage-by-stage diagram of the Learn Python from Scratch learning path: each stage, the skills in it, and the proof (project) that closes it.",needs_review
b4ac66bd-2b59-4cbe-aca0-0a15202e3b22,list-comprehensions-in-python-a-complete-guide,List Comprehensions in Python: A Complete Guide,python,list comprehensions in python,list comprehensions in python tutorial; list comprehensions in python explained; how to use list comprehensions in python,,concept and mental model; worked example; common mistakes; when not to use it,Python,derived from title and intent; no search-volume data,tutorial,"How does List Comprehensions in Python work, and how do I apply it in practice?",tutorial,educational / tutorial,list comprehensions in python,concept and mental model; worked example; common mistakes; when not to use it,Needs to understand and use List Comprehensions in Python,no: 100% of its phrasing is shared template text,"no: 651 words, 0% specific to the topic",100% boilerplate,yes: 0% unique phrasing,yes: async-programming-in-python-asyncio-explained (1.00),,no: informational title,no: 0% unique phrasing,yes,optional,"yes: runnable, verified code",yes: step-by-step,yes,yes: no external source,yes,verify on rewrite,"yes: 6 unsourced salary, percentage or demand claims",not verified automatically,yes: opening shared with 48 other articles,yes: heading outline shared with 417 other articles,no: none in the body,none,partly: the body is template text with the title substituted,no,DEEP REWRITE,Template body: 100% of its phrasing is shared with 10+ articles; 0% is its own.,None. Queue order in BLOG_REWRITE_QUEUE.csv.,DEEP REWRITE,true,code output screenshot or diagram,"Worked example for ""List Comprehensions in Python"": the input, the code's key step, and the resulting output side by side.",analyzed
e184c4e9-172d-4a6c-8282-e7f23ab80f58,multithreading-vs-multiprocessing-in-python,Multithreading vs Multiprocessing in Python,python,multithreading vs multiprocessing in python,multithreading vs multiprocessing in python comparison; multithreading vs multiprocessing in python differences; multithreading vs multiprocessing in python which is better,,decision criteria; where each wins; migration or learning cost,Python,derived from title and intent; no search-volume data,comparison,"Should I use multiprocessing or multithreading, and in which situations does each one win?",comparison,comparison (commercial investigation),multithreading vs multiprocessing in python,decision criteria; where each wins; migration or learning cost,"Needs to choose between the options in ""Multithreading vs Multiprocessing in Python""",no: 99% of its phrasing is shared template text,"no: 470 words, 1% specific to the topic",99% boilerplate,yes: 1% unique phrasing,yes: python-decorators-vs-context-managers-when-to-use-each (0.98),,no: informational title,no: 1% unique phrasing,yes,has 1; check it is topic-specific,"yes: runnable, verified code",no,yes,yes: no external source,yes,verify on rewrite,"yes: 3 unsourced salary, percentage or demand claims",not verified automatically,yes: opening shared with 48 other articles,no,no: none in the body,none,partly: the body is template text with the title substituted,no,DEEP REWRITE,Template body: 99% of its phrasing is shared with 10+ articles; 1% is its own.,None. Queue order in BLOG_REWRITE_QUEUE.csv.,DEEP REWRITE,true,comparison diagram,"Side-by-side diagram of where each option in ""Multithreading vs Multiprocessing in Python"" sits in a typical workflow, with the deciding differences labelled.",analyzed
971b600e-0010-4f57-bae3-01850fb939d2,numpy-guide-arrays-broadcasting-and-vectorization,"NumPy Guide: Arrays, Broadcasting and Vectorization",python,numpy guide,numpy guide tutorial; numpy guide explained; how to use numpy guide,python,concept and mental model; worked example; common mistakes; when not to use it,Python; NumPy,derived from title and intent; no search-volume data,tutorial,"How does NumPy Guide work, and how do I apply it in practice?",tutorial,educational / tutorial,numpy guide,concept and mental model; worked example; common mistakes; when not to use it,Needs to understand and use NumPy Guide,no: 100% of its phrasing is shared template text,"no: 646 words, 0% specific to the topic",100% boilerplate,yes: 0% unique phrasing,yes: async-programming-in-python-asyncio-explained (1.00),,no: informational title,no: 0% unique phrasing,yes,optional,"yes: runnable, verified code",yes: step-by-step,yes,yes: no external source,yes,verify on rewrite,"yes: 6 unsourced salary, percentage or demand claims",not verified automatically,yes: opening shared with 48 other articles,yes: heading outline shared with 417 other articles,no: none in the body,none,partly: the body is template text with the title substituted,no,DEEP REWRITE,Template body: 100% of its phrasing is shared with 10+ articles; 0% is its own.,None. Queue order in BLOG_REWRITE_QUEUE.csv.,DEEP REWRITE,true,code output screenshot or diagram,"Worked example for ""NumPy Guide"": the input, the code's key step, and the resulting output side by side.",needs_review
29094d47-f4d0-4699-9113-51c30ce545d2,object-oriented-programming-oop-in-python-explained,Object-Oriented Programming (OOP) in Python Explained,python,object-oriented programming (oop) in python explained,object-oriented programming (oop) in python tutorial; how to use object-oriented programming (oop) in python,,concept and mental model; worked example; common mistakes; when not to use it,Python,derived from title and intent; no search-volume data,tutorial,"What is Object-Oriented Programming (OOP) in Python, and how does it work?",tutorial,educational / tutorial,object-oriented programming (oop) in python explained,concept and mental model; worked example; common mistakes; when not to use it,Needs to understand and use Object-Oriented Programming (OOP) in Python,no: 100% of its phrasing is shared template text,"no: 654 words, 0% specific to the topic",100% boilerplate,yes: 0% unique phrasing,yes: async-programming-in-python-asyncio-explained (1.00),,no: informational title,no: 0% unique phrasing,yes,optional,"yes: runnable, verified code",yes: step-by-step,yes,yes: no external source,yes,verify on rewrite,"yes: 6 unsourced salary, percentage or demand claims",not verified automatically,yes: opening shared with 48 other articles,yes: heading outline shared with 417 other articles,no: none in the body,none,partly: the body is template text with the title substituted,no,DEEP REWRITE,Template body: 100% of its phrasing is shared with 10+ articles; 0% is its own.,None. Queue order in BLOG_REWRITE_QUEUE.csv.,DEEP REWRITE,true,code output screenshot or diagram,"Worked example for ""Object-Oriented Programming (OOP) in Python Explained"": the input, the code's key step, and the resulting output side by side.",analyzed
e53d7658-11f7-4daf-be8f-ee90bab43b33,pandas-guide-dataframes-cleaning-and-aggregation,"Pandas Guide: DataFrames, Cleaning and Aggregation",python,pandas guide,pandas guide tutorial; pandas guide explained; how to use pandas guide,python,concept and mental model; worked example; common mistakes; when not to use it,Python; pandas,derived from title and intent; no search-volume data,tutorial,"How does Pandas Guide work, and how do I apply it in practice?",tutorial,educational / tutorial,pandas guide,concept and mental model; worked example; common mistakes; when not to use it,Needs to understand and use Pandas Guide,no: 100% of its phrasing is shared template text,"no: 646 words, 0% specific to the topic",100% boilerplate,yes: 0% unique phrasing,yes: async-programming-in-python-asyncio-explained (1.00),,no: informational title,no: 0% unique phrasing,yes,optional,"yes: runnable, verified code",yes: step-by-step,yes,yes: no external source,yes,verify on rewrite,"yes: 6 unsourced salary, percentage or demand claims",not verified automatically,yes: opening shared with 48 other articles,yes: heading outline shared with 417 other articles,no: none in the body,none,partly: the body is template text with the title substituted,no,DEEP REWRITE,Template body: 100% of its phrasing is shared with 10+ articles; 0% is its own.,None. Queue order in BLOG_REWRITE_QUEUE.csv.,DEEP REWRITE,true,code output screenshot or diagram,"Worked example for ""Pandas Guide"": the input, the code's key step, and the resulting output side by side.",analyzed
b71f2897-8aec-4070-ac95-4054bd35d274,pandas-performance-making-your-code-10x-faster,Pandas Performance: Making Your Code 10x Faster,python,pandas performance,pandas performance tutorial; pandas performance explained; how to use pandas performance,python,concept and mental model; worked example; common mistakes; when not to use it,Python; pandas,derived from title and intent; no search-volume data,tutorial,"How does Pandas Performance work, and how do I apply it in practice?",tutorial,educational / tutorial,pandas performance,concept and mental model; worked example; common mistakes; when not to use it,Needs to understand and use Pandas Performance,no: 100% of its phrasing is shared template text,"no: 647 words, 0% specific to the topic",100% boilerplate,yes: 0% unique phrasing,yes: async-programming-in-python-asyncio-explained (1.00),,no: informational title,no: 0% unique phrasing,yes,optional,"yes: runnable, verified code",yes: step-by-step,yes,yes: no external source,yes,verify on rewrite,"yes: 6 unsourced salary, percentage or demand claims",not verified automatically,yes: opening shared with 48 other articles,yes: heading outline shared with 417 other articles,no: none in the body,none,partly: the body is template text with the title substituted,no,DEEP REWRITE,Template body: 100% of its phrasing is shared with 10+ articles; 0% is its own.,None. Queue order in BLOG_REWRITE_QUEUE.csv.,DEEP REWRITE,true,code output screenshot or diagram,"Worked example for ""Pandas Performance"": the input, the code's key step, and the resulting output side by side.",analyzed
bf18109d-3e26-412f-9165-b47b17673d33,pydantic-explained-data-validation-in-python,Pydantic Explained: Data Validation in Python,python,pydantic explained,pydantic tutorial; how to use pydantic,python,concept and mental model; worked example; common mistakes; when not to use it,Python,derived from title and intent; no search-volume data,tutorial,"What is Pydantic, and how does it work?",tutorial,educational / tutorial,pydantic explained,concept and mental model; worked example; common mistakes; when not to use it,Needs to understand and use Pydantic,no: 100% of its phrasing is shared template text,"no: 646 words, 0% specific to the topic",100% boilerplate,yes: 0% unique phrasing,yes: async-programming-in-python-asyncio-explained (1.00),,no: informational title,no: 0% unique phrasing,yes,optional,"yes: runnable, verified code",yes: step-by-step,yes,yes: no external source,yes,verify on rewrite,"yes: 6 unsourced salary, percentage or demand claims",not verified automatically,yes: opening shared with 48 other articles,yes: heading outline shared with 417 other articles,no: none in the body,none,partly: the body is template text with the title substituted,no,DEEP REWRITE,Template body: 100% of its phrasing is shared with 10+ articles; 0% is its own.,None. Queue order in BLOG_REWRITE_QUEUE.csv.,DEEP REWRITE,true,code output screenshot or diagram,"Worked example for ""Pydantic Explained"": the input, the code's key step, and the resulting output side by side.",analyzed
6bda2353-932a-41de-a822-ca6f85f633e0,python-args-and-kwargs-explained-clearly,Python *args and **kwargs Explained Clearly,python,python *args and **kwargs explained clearly,python *args and **kwargs clearly tutorial; python *args and **kwargs clearly explained; how to use python *args and **kwargs clearly,,concept and mental model; worked example; common mistakes; when not to use it,Python,derived from title and intent; no search-volume data,tutorial,"What is Python *args and **kwargs, and how does it work?",tutorial,educational / tutorial,python *args and **kwargs explained clearly,concept and mental model; worked example; common mistakes; when not to use it,Needs to understand and use Python *args and **kwargs Clearly,no: 99% of its phrasing is shared template text,"no: 654 words, 1% specific to the topic",99% boilerplate,yes: 1% unique phrasing,yes: async-programming-in-python-asyncio-explained (0.99),,no: informational title,no: 1% unique phrasing,yes,optional,"yes: runnable, verified code",yes: step-by-step,yes,yes: no external source,yes,verify on rewrite,"yes: 6 unsourced salary, percentage or demand claims",not verified automatically,no,yes: heading outline shared with 417 other articles,no: none in the body,none,partly: the body is template text with the title substituted,no,DEEP REWRITE,Template body: 99% of its phrasing is shared with 10+ articles; 1% is its own.,None. Queue order in BLOG_REWRITE_QUEUE.csv.,DEEP REWRITE,true,code output screenshot or diagram,"Worked example for ""Python *args and **kwargs Explained Clearly"": the input, the code's key step, and the resulting output side by side.",analyzed
c8618c10-99b8-48fd-b3e7-5d1ab1bc0d10,python-best-practices-writing-pythonic-code,Python Best Practices: Writing Pythonic Code,python,python best practices,python best practices tutorial; python best practices explained; how to use python best practices,,concept and mental model; worked example; common mistakes; when not to use it,Python,derived from title and intent; no search-volume data,tutorial,"What are the best practices for Python, and why?",tutorial,educational / tutorial,python best practices,concept and mental model; worked example; common mistakes; when not to use it,Needs to understand and use Python Best Practices,no: 100% of its phrasing is shared template text,"no: 648 words, 0% specific to the topic",100% boilerplate,yes: 0% unique phrasing,yes: async-programming-in-python-asyncio-explained (1.00),,no: informational title,no: 0% unique phrasing,yes,optional,"yes: runnable, verified code",yes: step-by-step,yes,yes: no external source,yes,verify on rewrite,"yes: 6 unsourced salary, percentage or demand claims",not verified automatically,yes: opening shared with 48 other articles,yes: heading outline shared with 417 other articles,no: none in the body,none,partly: the body is template text with the title substituted,no,DEEP REWRITE,Template body: 100% of its phrasing is shared with 10+ articles; 0% is its own.,None. Queue order in BLOG_REWRITE_QUEUE.csv.,DEEP REWRITE,true,code output screenshot or diagram,"Worked example for ""Python Best Practices"": the input, the code's key step, and the resulting output side by side.",analyzed
7a9cfc36-a90a-46e5-bcef-b2064e99da7b,python-coding-challenges-to-practice-for-interviews,Python Coding Challenges to Practice for Interviews,python,python coding challenges to practice for interviews,python coding challenges to practice for interviews tutorial; python coding challenges to practice for interviews explained; how to use python coding challenges to practice for interviews,,concept and mental model; worked example; common mistakes; when not to use it,Python,derived from title and intent; no search-volume data,tutorial,"How does Python Coding Challenges to Practice for Interviews work, and how do I apply it in practice?",tutorial,educational / tutorial,python coding challenges to practice for interviews,concept and mental model; worked example; common mistakes; when not to use it,Needs to understand and use Python Coding Challenges to Practice for Interviews,no: 100% of its phrasing is shared template text,"no: 657 words, 0% specific to the topic",100% boilerplate,yes: 0% unique phrasing,yes: async-programming-in-python-asyncio-explained (1.00),python-interview-questions-top-50-with-answers,no: informational title,no: 0% unique phrasing,yes,optional,"yes: runnable, verified code",yes: step-by-step,yes,yes: no external source,yes,verify on rewrite,"yes: 6 unsourced salary, percentage or demand claims",not verified automatically,yes: opening shared with 48 other articles,yes: heading outline shared with 417 other articles,no: none in the body,none,partly: the body is template text with the title substituted,no,MERGE,"Same intent as python-interview-questions-top-50-with-answers (phase5-topical): Data-roles post rewritten to standard-library coding tasks (Phase 4 pilot). ""Coding challenges to practise"" and ""coding interview questions and patterns"" answer one question: merge candidates.",Search Console: merge only if this article earns no distinct queries; otherwise rewrite it to the distinct angle in the note.,DEEP REWRITE,true,code output screenshot or diagram,"Worked example for ""Python Coding Challenges to Practice for Interviews"": the input, the code's key step, and the resulting output side by side.",merge_candidate
505159b1-b6a3-47c4-82e9-3d9ceb1c0ff2,python-data-structures-a-complete-reference,Python Data Structures: A Complete Reference,python,python data structures,python data structures tutorial; python data structures explained; how to use python data structures,,concept and mental model; worked example; common mistakes; when not to use it,Python,derived from title and intent; no search-volume data,tutorial,"How does Python Data Structures work, and how do I apply it in practice?",tutorial,educational / tutorial,python data structures,concept and mental model; worked example; common mistakes; when not to use it,Needs to understand and use Python Data Structures,no: 100% of its phrasing is shared template text,"no: 648 words, 0% specific to the topic",100% boilerplate,yes: 0% unique phrasing,yes: async-programming-in-python-asyncio-explained (1.00),,no: informational title,no: 0% unique phrasing,yes,optional,"yes: runnable, verified code",yes: step-by-step,yes,yes: no external source,yes,verify on rewrite,"yes: 6 unsourced salary, percentage or demand claims",not verified automatically,yes: opening shared with 48 other articles,yes: heading outline shared with 417 other articles,no: none in the body,none,partly: the body is template text with the title substituted,no,DEEP REWRITE,Template body: 100% of its phrasing is shared with 10+ articles; 0% is its own.,None. Queue order in BLOG_REWRITE_QUEUE.csv.,DEEP REWRITE,true,code output screenshot or diagram,"Worked example for ""Python Data Structures"": the input, the code's key step, and the resulting output side by side.",analyzed
d28ad22e-481a-4b44-a126-c04c9a018660,python-decorators-explained-with-real-examples,Python Decorators Explained with Real Examples,python,python decorators explained with real examples,python decorators with real examples tutorial; python decorators with real examples explained; how to use python decorators with real examples,,concept and mental model; worked example; common mistakes; when not to use it,Python,derived from title and intent; no search-volume data,tutorial,"What is Python Decorators, and how does it work?",tutorial,educational / tutorial,python decorators explained with real examples,concept and mental model; worked example; common mistakes; when not to use it,Needs to understand and use Python Decorators with Real Examples,no: 100% of its phrasing is shared template text,"no: 654 words, 0% specific to the topic",100% boilerplate,yes: 0% unique phrasing,yes: async-programming-in-python-asyncio-explained (1.00),,no: informational title,no: 0% unique phrasing,yes,optional,"yes: runnable, verified code",yes: step-by-step,yes,yes: no external source,yes,yes: fast-moving topic or dated title,"yes: 6 unsourced salary, percentage or demand claims",likely: dated or fast-moving; not verified automatically,yes: opening shared with 48 other articles,yes: heading outline shared with 417 other articles,no: none in the body,none,partly: the body is template text with the title substituted,no,DEEP REWRITE,Template body: 100% of its phrasing is shared with 10+ articles; 0% is its own.,None. Queue order in BLOG_REWRITE_QUEUE.csv.,DEEP REWRITE,true,code output screenshot or diagram,"Worked example for ""Python Decorators Explained with Real Examples"": the input, the code's key step, and the resulting output side by side.",analyzed
12438fac-dec5-41fc-8c30-2c0347844f5d,python-decorators-vs-context-managers-when-to-use-each,Python Decorators vs Context Managers: When to Use Each,python,python decorators vs context managers,python decorators vs context managers comparison; python decorators vs context managers differences; python decorators vs context managers which is better,,decision criteria; where each wins; migration or learning cost,Python,derived from title and intent; no search-volume data,comparison,"Should I use context managers or python decorators, and in which situations does each one win?",comparison,comparison (commercial investigation),python decorators vs context managers,decision criteria; where each wins; migration or learning cost,"Needs to choose between the options in ""Python Decorators vs Context Managers""",no: 99% of its phrasing is shared template text,"no: 474 words, 1% specific to the topic",99% boilerplate,yes: 1% unique phrasing,yes: flask-vs-fastapi-vs-django-which-to-choose-in-2026 (0.99),,no: informational title,no: 1% unique phrasing,yes,has 1; check it is topic-specific,"yes: runnable, verified code",no,yes,yes: no external source,yes,verify on rewrite,"yes: 3 unsourced salary, percentage or demand claims",not verified automatically,yes: opening shared with 48 other articles,no,no: none in the body,none,partly: the body is template text with the title substituted,no,DEEP REWRITE,Template body: 99% of its phrasing is shared with 10+ articles; 1% is its own.,None. Queue order in BLOG_REWRITE_QUEUE.csv.,DEEP REWRITE,true,comparison diagram,"Side-by-side diagram of where each option in ""Python Decorators vs Context Managers"" sits in a typical workflow, with the deciding differences labelled.",analyzed
71e0b966-419f-4e2b-b91c-a19b6b16c74a,python-f-strings-formatting-done-right,Python f-Strings: Formatting Done Right,python,python f-strings,python f-strings tutorial; python f-strings explained; how to use python f-strings,,concept and mental model; worked example; common mistakes; when not to use it,Python,derived from title and intent; no search-volume data,tutorial,"How does Python f-Strings work, and how do I apply it in practice?",tutorial,educational / tutorial,python f-strings,concept and mental model; worked example; common mistakes; when not to use it,Needs to understand and use Python f-Strings,no: 100% of its phrasing is shared template text,"no: 645 words, 0% specific to the topic",100% boilerplate,yes: 0% unique phrasing,yes: async-programming-in-python-asyncio-explained (1.00),,no: informational title,no: 0% unique phrasing,yes,optional,"yes: runnable, verified code",yes: step-by-step,yes,yes: no external source,yes,verify on rewrite,"yes: 6 unsourced salary, percentage or demand claims",not verified automatically,yes: opening shared with 48 other articles,yes: heading outline shared with 417 other articles,no: none in the body,none,partly: the body is template text with the title substituted,no,DEEP REWRITE,Template body: 100% of its phrasing is shared with 10+ articles; 0% is its own.,None. Queue order in BLOG_REWRITE_QUEUE.csv.,DEEP REWRITE,true,code output screenshot or diagram,"Worked example for ""Python f-Strings"": the input, the code's key step, and the resulting output side by side.",analyzed
338c18d9-dd6b-4b5c-a009-73ceab040a53,python-file-handling-reading-and-writing-files,Python File Handling: Reading and Writing Files,python,python file handling,python file handling tutorial; python file handling explained; how to use python file handling,,concept and mental model; worked example; common mistakes; when not to use it,Python,derived from title and intent; no search-volume data,tutorial,"How does Python File Handling work, and how do I apply it in practice?",tutorial,educational / tutorial,python file handling,concept and mental model; worked example; common mistakes; when not to use it,Needs to understand and use Python File Handling,no: 100% of its phrasing is shared template text,"no: 649 words, 0% specific to the topic",100% boilerplate,yes: 0% unique phrasing,yes: async-programming-in-python-asyncio-explained (1.00),,no: informational title,no: 0% unique phrasing,yes,optional,"yes: runnable, verified code",yes: step-by-step,yes,yes: no external source,yes,verify on rewrite,"yes: 6 unsourced salary, percentage or demand claims",not verified automatically,yes: opening shared with 48 other articles,yes: heading outline shared with 417 other articles,no: none in the body,none,partly: the body is template text with the title substituted,no,DEEP REWRITE,Template body: 100% of its phrasing is shared with 10+ articles; 0% is its own.,None. Queue order in BLOG_REWRITE_QUEUE.csv.,DEEP REWRITE,true,code output screenshot or diagram,"Worked example for ""Python File Handling"": the input, the code's key step, and the resulting output side by side.",analyzed
ae735a1c-82cb-4ae2-83e8-7e60220d8075,python-for-automation-a-real-world-project-guide,Python for Automation: A Real-World Project Guide,python,python for automation,python for automation project ideas; python for automation projects for beginners; python for automation portfolio,,project list by skill; datasets; deliverables; how to present,Python,derived from title and intent; no search-volume data,project,"Which Python for Automation projects show employers real skill, and how do I build them?",project,project,python for automation,project list by skill; datasets; deliverables; how to present,Needs portfolio projects that prove Python for Automation skill,no: 99% of its phrasing is shared template text,"no: 551 words, 0% specific to the topic",99% boilerplate,yes: 0% unique phrasing,yes: how-to-structure-a-python-project-the-right-way (1.00),python-projects-for-beginners-15-ideas-to-build,no: informational title,no: 0% unique phrasing,yes,yes,"yes: runnable, verified code",yes: step-by-step,yes,yes: no external source,yes,verify on rewrite,"yes: 3 unsourced salary, percentage or demand claims",not verified automatically,yes: opening shared with 48 other articles,yes: heading outline shared with 16 other articles,no: none in the body,none,partly: the body is template text with the title substituted,no,MERGE,"Same intent as python-projects-for-beginners-15-ideas-to-build (phase5-topical): Two project-idea lists and two automation guides. Merge the weekend list into the beginner list, and the automation guide into the ten scripts (or the reverse), pending Search Console.",Search Console: merge only if this article earns no distinct queries; otherwise rewrite it to the distinct angle in the note.,DEEP REWRITE,true,architecture diagram,"Architecture sketch of one project from ""Python for Automation"": data source, processing steps, output.",merge_candidate
06416b68-aea7-4356-b7b0-3b7027b67f51,python-for-data-science-the-essential-libraries,Python for Data Science: The Essential Libraries,python,python for data science,python for data science tutorial; python for data science explained; how to use python for data science,,concept and mental model; worked example; common mistakes; when not to use it,Python,derived from title and intent; no search-volume data,tutorial,"How does Python for Data Science work, and how do I apply it in practice?",tutorial,educational / tutorial,python for data science,concept and mental model; worked example; common mistakes; when not to use it,Needs to understand and use Python for Data Science,no: 100% of its phrasing is shared template text,"no: 651 words, 0% specific to the topic",100% boilerplate,yes: 0% unique phrasing,yes: async-programming-in-python-asyncio-explained (1.00),,no: informational title,no: 0% unique phrasing,yes,optional,"yes: runnable, verified code",yes: step-by-step,yes,yes: no external source,yes,verify on rewrite,"yes: 6 unsourced salary, percentage or demand claims",not verified automatically,yes: opening shared with 48 other articles,yes: heading outline shared with 417 other articles,no: none in the body,none,partly: the body is template text with the title substituted,no,DEEP REWRITE,Template body: 100% of its phrasing is shared with 10+ articles; 0% is its own.,None. Queue order in BLOG_REWRITE_QUEUE.csv.,DEEP REWRITE,true,code output screenshot or diagram,"Worked example for ""Python for Data Science"": the input, the code's key step, and the resulting output side by side.",analyzed
7d380389-f5d7-4fb2-b34d-be2828ad0063,python-generators-and-iterators-made-simple,Python Generators and Iterators Made Simple,python,python generators and iterators made simple,python generators and iterators made simple tutorial; python generators and iterators made simple explained; how to use python generators and iterators made simple,,concept and mental model; worked example; common mistakes; when not to use it,Python,derived from title and intent; no search-volume data,tutorial,"How does Python Generators and Iterators Made Simple work, and how do I apply it in practice?",tutorial,educational / tutorial,python generators and iterators made simple,concept and mental model; worked example; common mistakes; when not to use it,Needs to understand and use Python Generators and Iterators Made Simple,no: 100% of its phrasing is shared template text,"no: 654 words, 0% specific to the topic",100% boilerplate,yes: 0% unique phrasing,yes: async-programming-in-python-asyncio-explained (1.00),,no: informational title,no: 0% unique phrasing,yes,optional,"yes: runnable, verified code",yes: step-by-step,yes,yes: no external source,yes,verify on rewrite,"yes: 6 unsourced salary, percentage or demand claims",not verified automatically,yes: opening shared with 48 other articles,yes: heading outline shared with 417 other articles,no: none in the body,none,partly: the body is template text with the title substituted,no,DEEP REWRITE,Template body: 100% of its phrasing is shared with 10+ articles; 0% is its own.,None. Queue order in BLOG_REWRITE_QUEUE.csv.,DEEP REWRITE,true,code output screenshot or diagram,"Worked example for ""Python Generators and Iterators Made Simple"": the input, the code's key step, and the resulting output side by side.",analyzed
4bb37f3e-673c-4d3a-994c-64d3d057831b,python-interview-questions-top-50-with-answers,Python Interview Questions: Top 50 with Answers,python,python interview questions,python interview questions and answers; python interview questions for freshers; python scenario based questions,,core concepts; scenario questions; follow-up questions; common wrong answers,Python,derived from title and intent; no search-volume data,interview,"What does an interviewer ask about Python, and what does a strong answer contain?",interview,interview preparation,python interview questions,core concepts; scenario questions; follow-up questions; common wrong answers,Needs to prepare for interview questions on Python,no: 95% of its phrasing is shared template text,"no: 524 words, 2% specific to the topic",95% boilerplate,yes: 2% unique phrasing,no: nearest power-bi-interview-questions-top-40-with-answers (0.75),,no: informational title,no: 2% unique phrasing,yes,yes,"yes: runnable, verified code",no,no,yes: no external source,yes,verify on rewrite,"yes: 3 unsourced salary, percentage or demand claims",not verified automatically,yes: opening shared with 48 other articles,yes: heading outline shared with 10 other articles,no: none in the body,none,"no: title promises 50, body has at most 9",no,DEEP REWRITE,Template body: 95% of its phrasing is shared with 10+ articles; 2% is its own.,None. Queue order in BLOG_REWRITE_QUEUE.csv.,DEEP REWRITE,false,none,No image needed; the value is in the questions and answers. Optional: one diagram for the hardest concept explained.,analyzed
6720186f-8f88-4738-b509-b57b93c85555,python-iterators-vs-generators-vs-comprehensions,Python Iterators vs Generators vs Comprehensions,python,python iterators vs generators vs comprehensions,python iterators vs generators vs comprehensions comparison; python iterators vs generators vs comprehensions differences; python iterators vs generators vs comprehensions which is better,,decision criteria; where each wins; migration or learning cost,Python,derived from title and intent; no search-volume data,comparison,"Should I use comprehensions or generators or python iterators, and in which situations does each one win?",comparison,comparison (commercial investigation),python iterators vs generators vs comprehensions,decision criteria; where each wins; migration or learning cost,"Needs to choose between the options in ""Python Iterators vs Generators vs Comprehensions""",no: 99% of its phrasing is shared template text,"no: 472 words, 1% specific to the topic",99% boilerplate,yes: 1% unique phrasing,yes: python-decorators-vs-context-managers-when-to-use-each (0.99),,no: informational title,no: 1% unique phrasing,yes,has 1; check it is topic-specific,"yes: runnable, verified code",no,yes,yes: no external source,yes,verify on rewrite,"yes: 3 unsourced salary, percentage or demand claims",not verified automatically,yes: opening shared with 48 other articles,no,no: none in the body,none,partly: the body is template text with the title substituted,no,DEEP REWRITE,Template body: 99% of its phrasing is shared with 10+ articles; 1% is its own.,None. Queue order in BLOG_REWRITE_QUEUE.csv.,DEEP REWRITE,true,comparison diagram,"Side-by-side diagram of where each option in ""Python Iterators vs Generators vs Comprehensions"" sits in a typical workflow, with the deciding differences labelled.",analyzed
58ffec7c-fc6d-44cb-ae65-5eb3fad8cb92,python-lists-vs-tuples-vs-sets-vs-dictionaries,Python Lists vs Tuples vs Sets vs Dictionaries,python,python lists vs tuples vs sets vs dictionaries,python lists vs tuples vs sets vs dictionaries comparison; python lists vs tuples vs sets vs dictionaries differences; python lists vs tuples vs sets vs dictionaries which is better,,decision criteria; where each wins; migration or learning cost,Python,derived from title and intent; no search-volume data,comparison,"Should I use dictionaries or python lists or sets or tuples, and in which situations does each one win?",comparison,comparison (commercial investigation),python lists vs tuples vs sets vs dictionaries,decision criteria; where each wins; migration or learning cost,"Needs to choose between the options in ""Python Lists vs Tuples vs Sets vs Dictionaries""",no: 99% of its phrasing is shared template text,"no: 476 words, 1% specific to the topic",99% boilerplate,yes: 1% unique phrasing,yes: python-decorators-vs-context-managers-when-to-use-each (0.98),,no: informational title,no: 1% unique phrasing,yes,has 1; check it is topic-specific,"yes: runnable, verified code",no,yes,yes: no external source,yes,verify on rewrite,"yes: 3 unsourced salary, percentage or demand claims",not verified automatically,yes: opening shared with 48 other articles,no,no: none in the body,none,partly: the body is template text with the title substituted,no,DEEP REWRITE,Template body: 99% of its phrasing is shared with 10+ articles; 1% is its own.,None. Queue order in BLOG_REWRITE_QUEUE.csv.,DEEP REWRITE,true,comparison diagram,"Side-by-side diagram of where each option in ""Python Lists vs Tuples vs Sets vs Dictionaries"" sits in a typical workflow, with the deciding differences labelled.",analyzed
ef46655a-ea04-4e19-b098-9ed232e209ff,python-logging-a-practical-setup-for-real-projects,Python Logging: A Practical Setup for Real Projects,python,python logging,python logging project ideas; python logging projects for beginners; python logging portfolio,,project list by skill; datasets; deliverables; how to present,Python,derived from title and intent; no search-volume data,project,"Which Python Logging projects show employers real skill, and how do I build them?",project,project,python logging,project list by skill; datasets; deliverables; how to present,Needs portfolio projects that prove Python Logging skill,no: 99% of its phrasing is shared template text,"no: 551 words, 0% specific to the topic",99% boilerplate,yes: 0% unique phrasing,yes: how-to-structure-a-python-project-the-right-way (1.00),,no: informational title,no: 0% unique phrasing,yes,yes,"yes: runnable, verified code",yes: step-by-step,yes,yes: no external source,yes,verify on rewrite,"yes: 3 unsourced salary, percentage or demand claims",not verified automatically,yes: opening shared with 48 other articles,yes: heading outline shared with 16 other articles,no: none in the body,none,partly: the body is template text with the title substituted,no,DEEP REWRITE,Template body: 99% of its phrasing is shared with 10+ articles; 0% is its own.,None. Queue order in BLOG_REWRITE_QUEUE.csv.,DEEP REWRITE,true,architecture diagram,"Architecture sketch of one project from ""Python Logging"": data source, processing steps, output.",analyzed
de0d21d1-77c5-459a-8f8d-4b1bcfa9eb32,python-memory-management-and-garbage-collection,Python Memory Management and Garbage Collection,python,python memory management and garbage collection,python memory management and garbage collection tutorial; python memory management and garbage collection explained; how to use python memory management and garbage collection,,concept and mental model; worked example; common mistakes; when not to use it,Python,derived from title and intent; no search-volume data,tutorial,"How does Python Memory Management and Garbage Collection work, and how do I apply it in practice?",tutorial,educational / tutorial,python memory management and garbage collection,concept and mental model; worked example; common mistakes; when not to use it,Needs to understand and use Python Memory Management and Garbage Collection,no: 100% of its phrasing is shared template text,"no: 654 words, 0% specific to the topic",100% boilerplate,yes: 0% unique phrasing,yes: async-programming-in-python-asyncio-explained (1.00),,no: informational title,no: 0% unique phrasing,yes,optional,"yes: runnable, verified code",yes: step-by-step,yes,yes: no external source,yes,verify on rewrite,"yes: 6 unsourced salary, percentage or demand claims",not verified automatically,yes: opening shared with 48 other articles,yes: heading outline shared with 417 other articles,no: none in the body,none,partly: the body is template text with the title substituted,no,DEEP REWRITE,Template body: 100% of its phrasing is shared with 10+ articles; 0% is its own.,None. Queue order in BLOG_REWRITE_QUEUE.csv.,DEEP REWRITE,true,code output screenshot or diagram,"Worked example for ""Python Memory Management and Garbage Collection"": the input, the code's key step, and the resulting output side by side.",analyzed
f700ca21-f622-447c-b352-7339f8acca0e,python-mini-projects-to-build-in-a-weekend,Python Mini Projects to Build in a Weekend,python,python mini projects to build in a weekend,python mini to build in a weekend project ideas; python mini to build in a weekend projects for beginners; python mini to build in a weekend portfolio,,project list by skill; datasets; deliverables; how to present,Python,derived from title and intent; no search-volume data,project,"Which Python Mini to Build in a Weekend projects show employers real skill, and how do I build them?",project,project,python mini projects to build in a weekend,project list by skill; datasets; deliverables; how to present,Needs portfolio projects that prove Python Mini to Build in a Weekend skill,no: 99% of its phrasing is shared template text,"no: 557 words, 0% specific to the topic",99% boilerplate,yes: 0% unique phrasing,yes: how-to-structure-a-python-project-the-right-way (1.00),python-projects-for-beginners-15-ideas-to-build,no: informational title,no: 0% unique phrasing,yes,yes,"yes: runnable, verified code",yes: step-by-step,yes,yes: no external source,yes,verify on rewrite,"yes: 3 unsourced salary, percentage or demand claims",not verified automatically,yes: opening shared with 48 other articles,yes: heading outline shared with 16 other articles,no: none in the body,none,partly: the body is template text with the title substituted,no,MERGE,"Same intent as python-projects-for-beginners-15-ideas-to-build (phase5-topical): Two project-idea lists and two automation guides. Merge the weekend list into the beginner list, and the automation guide into the ten scripts (or the reverse), pending Search Console.",Search Console: merge only if this article earns no distinct queries; otherwise rewrite it to the distinct angle in the note.,DEEP REWRITE,true,architecture diagram,"Architecture sketch of one project from ""Python Mini Projects to Build in a Weekend"": data source, processing steps, output.",merge_candidate
aff911c7-72df-41df-9000-e5988f91a683,python-projects-for-beginners-15-ideas-to-build,Python Projects for Beginners: 15 Ideas to Build,python,python projects for beginners,python for beginners project ideas; python for beginners projects for beginners; python for beginners portfolio,,project list by skill; datasets; deliverables; how to present,Python,derived from title and intent; no search-volume data,project,"Which Python for Beginners projects show employers real skill, and how do I build them?",project,project,python projects for beginners,project list by skill; datasets; deliverables; how to present,Needs portfolio projects that prove Python for Beginners skill,no: 99% of its phrasing is shared template text,"no: 553 words, 0% specific to the topic",99% boilerplate,yes: 0% unique phrasing,yes: how-to-structure-a-python-project-the-right-way (1.00),,no: informational title,no: 0% unique phrasing,yes,yes,"yes: runnable, verified code",yes: step-by-step,yes,yes: no external source,yes,verify on rewrite,"yes: 3 unsourced salary, percentage or demand claims",not verified automatically,yes: opening shared with 48 other articles,yes: heading outline shared with 16 other articles,no: none in the body,none,"no: title promises 15, body has at most 10",no,DEEP REWRITE,Template body: 99% of its phrasing is shared with 10+ articles; 0% is its own.,None. Queue order in BLOG_REWRITE_QUEUE.csv.,DEEP REWRITE,true,architecture diagram,"Architecture sketch of one project from ""Python Projects for Beginners"": data source, processing steps, output.",needs_review
5fa5ea97-2b5b-445f-84ff-e114024942f8,python-salary-in-india-2026-roles-and-expectations,Python Salary in India 2026: Roles and Expectations,python,python salary in india,python salary; python salary for freshers; python pay by experience,,sourced pay data; what moves pay; role differences,Python,derived from title and intent; no search-volume data,salary,"What does Python work pay, and what moves the number?",salary,salary,python salary in india,sourced pay data; what moves pay; role differences,"Needs realistic, sourced pay expectations for Python",no: 91% of its phrasing is shared template text,"no: 530 words, 8% specific to the topic",91% boilerplate,yes: 8% unique phrasing,no: nearest power-bi-developer-salary-in-hyderabad-2026 (0.62),,no: informational title,no: 8% unique phrasing,yes,optional,"yes: runnable, verified code",no,no,yes: no external source,yes,yes: fast-moving topic or dated title,"yes: 11 unsourced salary, percentage or demand claims",likely: dated or fast-moving; not verified automatically,yes: opening shared with 48 other articles,yes: heading outline shared with 10 other articles,no: none in the body,none,partly: the body is template text with the title substituted,no,MANUAL REVIEW,"Salary figures with no cited source. A rewrite needs a dated, citable salary dataset; without one the figures must go.","Source a salary dataset, or rewrite without figures.",MANUAL REVIEW,false,none,No image. A chart is only appropriate once the figures are sourced; then chart the cited data with the source in the caption.,needs_review
0d1a0303-775d-48dc-8cf6-dde91b8b809d,python-string-methods-every-developer-should-know,Python String Methods Every Developer Should Know,python,python string methods every developer should know,python string methods every developer should know tutorial; python string methods every developer should know explained; how to use python string methods every developer should know,,concept and mental model; worked example; common mistakes; when not to use it,Python,derived from title and intent; no search-volume data,tutorial,"How does Python String Methods Every Developer Should Know work, and how do I apply it in practice?",tutorial,educational / tutorial,python string methods every developer should know,concept and mental model; worked example; common mistakes; when not to use it,Needs to understand and use Python String Methods Every Developer Should Know,no: 100% of its phrasing is shared template text,"no: 657 words, 0% specific to the topic",100% boilerplate,yes: 0% unique phrasing,yes: async-programming-in-python-asyncio-explained (1.00),,no: informational title,no: 0% unique phrasing,yes,optional,"yes: runnable, verified code",yes: step-by-step,yes,yes: no external source,yes,verify on rewrite,"yes: 6 unsourced salary, percentage or demand claims",not verified automatically,yes: opening shared with 48 other articles,yes: heading outline shared with 417 other articles,no: none in the body,none,partly: the body is template text with the title substituted,no,DEEP REWRITE,Template body: 100% of its phrasing is shared with 10+ articles; 0% is its own.,None. Queue order in BLOG_REWRITE_QUEUE.csv.,DEEP REWRITE,true,code output screenshot or diagram,"Worked example for ""Python String Methods Every Developer Should Know"": the input, the code's key step, and the resulting output side by side.",analyzed
d6c2cddc-a509-4d91-9cab-433ef3a80018,python-type-hints-writing-cleaner-safer-code,"Python Type Hints: Writing Cleaner, Safer Code",python,python type hints,python type hints tutorial; python type hints explained; how to use python type hints,,concept and mental model; worked example; common mistakes; when not to use it,Python,derived from title and intent; no search-volume data,tutorial,"How does Python Type Hints work, and how do I apply it in practice?",tutorial,educational / tutorial,python type hints,concept and mental model; worked example; common mistakes; when not to use it,Needs to understand and use Python Type Hints,no: 100% of its phrasing is shared template text,"no: 649 words, 0% specific to the topic",100% boilerplate,yes: 0% unique phrasing,yes: async-programming-in-python-asyncio-explained (1.00),,no: informational title,no: 0% unique phrasing,yes,optional,"yes: runnable, verified code",yes: step-by-step,yes,yes: no external source,yes,verify on rewrite,"yes: 6 unsourced salary, percentage or demand claims",not verified automatically,yes: opening shared with 48 other articles,yes: heading outline shared with 417 other articles,no: none in the body,none,partly: the body is template text with the title substituted,no,DEEP REWRITE,Template body: 100% of its phrasing is shared with 10+ articles; 0% is its own.,None. Queue order in BLOG_REWRITE_QUEUE.csv.,DEEP REWRITE,true,code output screenshot or diagram,"Worked example for ""Python Type Hints"": the input, the code's key step, and the resulting output side by side.",analyzed
71125b73-254b-4cec-a699-de76551a6d73,reading-and-writing-csv-files-in-python,Reading and Writing CSV Files in Python,python,reading and writing csv files in python,reading and writing csv files in python tutorial; reading and writing csv files in python explained; how to use reading and writing csv files in python,,concept and mental model; worked example; common mistakes; when not to use it,Python,derived from title and intent; no search-volume data,tutorial,"How does Reading and Writing CSV Files in Python work, and how do I apply it in practice?",tutorial,educational / tutorial,reading and writing csv files in python,concept and mental model; worked example; common mistakes; when not to use it,Needs to understand and use Reading and Writing CSV Files in Python,no: 100% of its phrasing is shared template text,"no: 657 words, 0% specific to the topic",100% boilerplate,yes: 0% unique phrasing,yes: async-programming-in-python-asyncio-explained (1.00),,no: informational title,no: 0% unique phrasing,yes,optional,"yes: runnable, verified code",yes: step-by-step,yes,yes: no external source,yes,verify on rewrite,"yes: 6 unsourced salary, percentage or demand claims",not verified automatically,yes: opening shared with 48 other articles,yes: heading outline shared with 417 other articles,no: none in the body,none,partly: the body is template text with the title substituted,no,DEEP REWRITE,Template body: 100% of its phrasing is shared with 10+ articles; 0% is its own.,None. Queue order in BLOG_REWRITE_QUEUE.csv.,DEEP REWRITE,true,code output screenshot or diagram,"Worked example for ""Reading and Writing CSV Files in Python"": the input, the code's key step, and the resulting output side by side.",analyzed
6c508b0a-d7e6-40af-92e3-8622b9d693e2,regular-expressions-in-python-a-practical-guide,Regular Expressions in Python: A Practical Guide,python,regular expressions in python,regular expressions in python tutorial; regular expressions in python explained; how to use regular expressions in python,,concept and mental model; worked example; common mistakes; when not to use it,Python,derived from title and intent; no search-volume data,tutorial,"How does Regular Expressions in Python work, and how do I apply it in practice?",tutorial,educational / tutorial,regular expressions in python,concept and mental model; worked example; common mistakes; when not to use it,Needs to understand and use Regular Expressions in Python,no: 100% of its phrasing is shared template text,"no: 651 words, 0% specific to the topic",100% boilerplate,yes: 0% unique phrasing,yes: async-programming-in-python-asyncio-explained (1.00),,no: informational title,no: 0% unique phrasing,yes,optional,"yes: runnable, verified code",yes: step-by-step,yes,yes: no external source,yes,verify on rewrite,"yes: 6 unsourced salary, percentage or demand claims",not verified automatically,yes: opening shared with 48 other articles,yes: heading outline shared with 417 other articles,no: none in the body,none,partly: the body is template text with the title substituted,no,DEEP REWRITE,Template body: 100% of its phrasing is shared with 10+ articles; 0% is its own.,None. Queue order in BLOG_REWRITE_QUEUE.csv.,DEEP REWRITE,true,code output screenshot or diagram,"Worked example for ""Regular Expressions in Python"": the input, the code's key step, and the resulting output side by side.",analyzed
6921bdfe-e4f5-4b60-a1fb-a9ec2a75cb51,sqlalchemy-tutorial-databases-in-python,SQLAlchemy Tutorial: Databases in Python,python,sqlalchemy tutorial,sqlalchemy explained; how to use sqlalchemy,python,concept and mental model; worked example; common mistakes; when not to use it,Python,derived from title and intent; no search-volume data,tutorial,"How does SQLAlchemy Tutorial work, and how do I apply it in practice?",tutorial,educational / tutorial,sqlalchemy tutorial,concept and mental model; worked example; common mistakes; when not to use it,Needs to understand and use SQLAlchemy,no: 100% of its phrasing is shared template text,"no: 645 words, 0% specific to the topic",100% boilerplate,yes: 0% unique phrasing,yes: async-programming-in-python-asyncio-explained (1.00),,no: informational title,no: 0% unique phrasing,yes,optional,"yes: runnable, verified code",yes: step-by-step,yes,yes: no external source,yes,verify on rewrite,"yes: 6 unsourced salary, percentage or demand claims",not verified automatically,yes: opening shared with 48 other articles,yes: heading outline shared with 417 other articles,no: none in the body,none,partly: the body is template text with the title substituted,no,DEEP REWRITE,Template body: 100% of its phrasing is shared with 10+ articles; 0% is its own.,None. Queue order in BLOG_REWRITE_QUEUE.csv.,DEEP REWRITE,true,code output screenshot or diagram,"Worked example for ""SQLAlchemy Tutorial"": the input, the code's key step, and the resulting output side by side.",analyzed
fb00bb14-1255-44dd-a993-191ad68481d1,top-python-libraries-every-developer-should-know,Top Python Libraries Every Developer Should Know,python,top python libraries every developer should know,top python libraries every developer should know tutorial; top python libraries every developer should know explained; how to use top python libraries every developer should know,,concept and mental model; worked example; common mistakes; when not to use it,Python,derived from title and intent; no search-volume data,tutorial,"How does Top Python Libraries Every Developer Should Know work, and how do I apply it in practice?",tutorial,educational / tutorial,top python libraries every developer should know,concept and mental model; worked example; common mistakes; when not to use it,Needs to understand and use Top Python Libraries Every Developer Should Know,no: 100% of its phrasing is shared template text,"no: 657 words, 0% specific to the topic",100% boilerplate,yes: 0% unique phrasing,yes: async-programming-in-python-asyncio-explained (1.00),,no: informational title,no: 0% unique phrasing,yes,optional,"yes: runnable, verified code",yes: step-by-step,yes,yes: no external source,yes,verify on rewrite,"yes: 6 unsourced salary, percentage or demand claims",not verified automatically,yes: opening shared with 48 other articles,yes: heading outline shared with 417 other articles,no: none in the body,none,partly: the body is template text with the title substituted,no,DEEP REWRITE,Template body: 100% of its phrasing is shared with 10+ articles; 0% is its own.,None. Queue order in BLOG_REWRITE_QUEUE.csv.,DEEP REWRITE,true,code output screenshot or diagram,"Worked example for ""Top Python Libraries Every Developer Should Know"": the input, the code's key step, and the resulting output side by side.",analyzed
5ac372af-8be7-4f6b-8db4-d4c51c8887f0,unit-testing-in-python-with-pytest-a-beginner-s-guide,Unit Testing in Python with pytest: A Beginner's Guide,python,unit testing in python with pytest,unit testing in python with pytest tutorial; unit testing in python with pytest explained; how to use unit testing in python with pytest,,concept and mental model; worked example; common mistakes; when not to use it,Python; pytest,derived from title and intent; no search-volume data,tutorial,"How does Unit Testing in Python with pytest work, and how do I apply it in practice?",tutorial,educational / tutorial,unit testing in python with pytest,concept and mental model; worked example; common mistakes; when not to use it,Needs to understand and use Unit Testing in Python with pytest,no: 100% of its phrasing is shared template text,"no: 657 words, 0% specific to the topic",100% boilerplate,yes: 0% unique phrasing,yes: async-programming-in-python-asyncio-explained (1.00),,no: informational title,no: 0% unique phrasing,yes,optional,"yes: runnable, verified code",yes: step-by-step,yes,yes: no external source,yes,verify on rewrite,"yes: 6 unsourced salary, percentage or demand claims",not verified automatically,yes: opening shared with 48 other articles,yes: heading outline shared with 417 other articles,no: none in the body,none,partly: the body is template text with the title substituted,no,DEEP REWRITE,Template body: 100% of its phrasing is shared with 10+ articles; 0% is its own.,None. Queue order in BLOG_REWRITE_QUEUE.csv.,DEEP REWRITE,true,code output screenshot or diagram,"Worked example for ""Unit Testing in Python with pytest"": the input, the code's key step, and the resulting output side by side.",analyzed
acc91fcd-de70-4654-9f7a-0206129254f2,virtual-environments-in-python-venv-pip-and-poetry,"Virtual Environments in Python: venv, pip and Poetry",python,virtual environments in python,virtual environments in python tutorial; virtual environments in python explained; how to use virtual environments in python,,concept and mental model; worked example; common mistakes; when not to use it,Python,derived from title and intent; no search-volume data,tutorial,"How does Virtual Environments in Python work, and how do I apply it in practice?",tutorial,educational / tutorial,virtual environments in python,concept and mental model; worked example; common mistakes; when not to use it,Needs to understand and use Virtual Environments in Python,no: 100% of its phrasing is shared template text,"no: 652 words, 0% specific to the topic",100% boilerplate,yes: 0% unique phrasing,yes: async-programming-in-python-asyncio-explained (1.00),,no: informational title,no: 0% unique phrasing,yes,optional,"yes: runnable, verified code",yes: step-by-step,yes,yes: no external source,yes,verify on rewrite,"yes: 6 unsourced salary, percentage or demand claims",not verified automatically,yes: opening shared with 48 other articles,yes: heading outline shared with 417 other articles,no: none in the body,none,partly: the body is template text with the title substituted,no,DEEP REWRITE,Template body: 100% of its phrasing is shared with 10+ articles; 0% is its own.,None. Queue order in BLOG_REWRITE_QUEUE.csv.,DEEP REWRITE,true,code output screenshot or diagram,"Worked example for ""Virtual Environments in Python"": the input, the code's key step, and the resulting output side by side.",analyzed
2ae4210c-f785-4f72-933a-8ff70d3c523d,web-scraping-with-python-beautifulsoup-and-requests,Web Scraping with Python: BeautifulSoup and Requests,python,web scraping with python,web scraping with python tutorial; web scraping with python explained; how to use web scraping with python,,concept and mental model; worked example; common mistakes; when not to use it,Python,derived from title and intent; no search-volume data,tutorial,"How does Web Scraping with Python work, and how do I apply it in practice?",tutorial,educational / tutorial,web scraping with python,concept and mental model; worked example; common mistakes; when not to use it,Needs to understand and use Web Scraping with Python,no: 100% of its phrasing is shared template text,"no: 651 words, 0% specific to the topic",100% boilerplate,yes: 0% unique phrasing,yes: async-programming-in-python-asyncio-explained (1.00),,no: informational title,no: 0% unique phrasing,yes,optional,"yes: runnable, verified code",yes: step-by-step,yes,yes: no external source,yes,verify on rewrite,"yes: 6 unsourced salary, percentage or demand claims",not verified automatically,yes: opening shared with 48 other articles,yes: heading outline shared with 417 other articles,no: none in the body,none,partly: the body is template text with the title substituted,no,DEEP REWRITE,Template body: 100% of its phrasing is shared with 10+ articles; 0% is its own.,None. Queue order in BLOG_REWRITE_QUEUE.csv.,DEEP REWRITE,true,code output screenshot or diagram,"Worked example for ""Web Scraping with Python"": the input, the code's key step, and the resulting output side by side.",analyzed
e0f3816d-fcd6-4d82-bb5b-1575f1e26792,working-with-json-in-python-a-practical-guide,Working with JSON in Python: A Practical Guide,python,working with json in python,working with json in python tutorial; working with json in python explained; how to use working with json in python,,concept and mental model; worked example; common mistakes; when not to use it,Python,derived from title and intent; no search-volume data,tutorial,"How does Working with JSON in Python work, and how do I apply it in practice?",tutorial,educational / tutorial,working with json in python,concept and mental model; worked example; common mistakes; when not to use it,Needs to understand and use Working with JSON in Python,no: 100% of its phrasing is shared template text,"no: 654 words, 0% specific to the topic",100% boilerplate,yes: 0% unique phrasing,yes: async-programming-in-python-asyncio-explained (1.00),,no: informational title,no: 0% unique phrasing,yes,optional,"yes: runnable, verified code",yes: step-by-step,yes,yes: no external source,yes,verify on rewrite,"yes: 6 unsourced salary, percentage or demand claims",not verified automatically,yes: opening shared with 48 other articles,yes: heading outline shared with 417 other articles,no: none in the body,none,partly: the body is template text with the title substituted,no,DEEP REWRITE,Template body: 100% of its phrasing is shared with 10+ articles; 0% is its own.,None. Queue order in BLOG_REWRITE_QUEUE.csv.,DEEP REWRITE,true,code output screenshot or diagram,"Worked example for ""Working with JSON in Python"": the input, the code's key step, and the resulting output side by side.",analyzed
