cluster,cluster_kind,cluster_size,cluster_similarity,cluster_action,is_strongest,similarity_to_strongest,id,url,title,category,kind,intent,unique_ratio,words,gate
S1,keyword-swapped,29,1,DEEP REWRITE,true,1,10d1a8b9-b501-4130-9112-501faa2224aa,/blog/best-free-datasets-for-data-science-practice-in-2026,Best Free Datasets for Data Science Practice in 2026,data-science,guide,tutorial,0,688,"Rewrite each member about its own topic. None is a merge target: the topics differ, only the text is shared."
S1,keyword-swapped,29,1,DEEP REWRITE,false,1,98c04fbf-a4db-4a88-8658-70e7ffa2e5c1,/blog/a-b-testing-for-data-scientists-a-practical-guide,A/B Testing for Data Scientists: A Practical Guide,data-science,guide,tutorial,0,682,"Rewrite each member about its own topic. None is a merge target: the topics differ, only the text is shared."
S1,keyword-swapped,29,1,DEEP REWRITE,false,1,616adf5f-11dd-4e72-8455-0ca6747fbd50,/blog/anomaly-detection-techniques-and-real-world-use-cases,Anomaly Detection: Techniques and Real-World Use Cases,data-science,guide,tutorial,0,672,"Rewrite each member about its own topic. None is a merge target: the topics differ, only the text is shared."
S1,keyword-swapped,29,1,DEEP REWRITE,false,1,bdc682e8-b409-456d-9f59-c18dbfb1a0ce,/blog/best-programming-languages-for-data-science-in-2026,Best Programming Languages for Data Science in 2026,data-science,guide,tutorial,0,685,"Rewrite each member about its own topic. None is a merge target: the topics differ, only the text is shared."
S1,keyword-swapped,29,1,DEEP REWRITE,false,1,61ba3737-0357-4ff1-a4b1-85e605217fea,/blog/bias-variance-tradeoff-explained-with-real-examples,Bias-Variance Tradeoff Explained with Real Examples,data-science,guide,tutorial,0,679,"Rewrite each member about its own topic. None is a merge target: the topics differ, only the text is shared."
S1,keyword-swapped,29,1,DEEP REWRITE,false,1,97fdb896-9e3c-4c99-a0fa-30875ca2fd06,/blog/clustering-algorithms-k-means-dbscan-and-hierarchical,"Clustering Algorithms: K-Means, DBSCAN and Hierarchical",data-science,guide,tutorial,0,671,"Rewrite each member about its own topic. None is a merge target: the topics differ, only the text is shared."
S1,keyword-swapped,29,1,DEEP REWRITE,false,1,f4e59a0c-c96b-45f5-b81b-4ebae254a706,/blog/computer-vision-basics-from-pixels-to-predictions,Computer Vision Basics: From Pixels to Predictions,data-science,guide,tutorial,0,674,"Rewrite each member about its own topic. None is a merge target: the topics differ, only the text is shared."
S1,keyword-swapped,29,1,DEEP REWRITE,false,1,266da73c-25b7-496e-9c82-3bbae4d31c62,/blog/confusion-matrix-explained-reading-it-correctly,Confusion Matrix Explained: Reading It Correctly,data-science,guide,tutorial,0,673,"Rewrite each member about its own topic. None is a merge target: the topics differ, only the text is shared."
S1,keyword-swapped,29,1,DEEP REWRITE,false,1,fd3c250d-914c-4989-a2cc-f99e964fb93a,/blog/cross-validation-in-machine-learning-a-practical-guide,Cross-Validation in Machine Learning: A Practical Guide,data-science,guide,tutorial,0,676,"Rewrite each member about its own topic. None is a merge target: the topics differ, only the text is shared."
S1,keyword-swapped,29,1,DEEP REWRITE,false,1,983192f9-4044-467b-b0b2-c199d506ce15,/blog/data-preprocessing-cleaning-data-the-right-way,Data Preprocessing: Cleaning Data the Right Way,data-science,guide,tutorial,0,672,"Rewrite each member about its own topic. None is a merge target: the topics differ, only the text is shared."
S1,keyword-swapped,29,1,DEEP REWRITE,false,1,0cb9e77c-f716-4288-96ad-f8c822122679,/blog/data-science-career-guide-roles-skills-and-growth-path,"Data Science Career Guide: Roles, Skills and Growth Path",data-science,guide,tutorial,0,678,"Rewrite each member about its own topic. None is a merge target: the topics differ, only the text is shared."
S1,keyword-swapped,29,1,DEEP REWRITE,false,1,8b7baa4a-9a6c-40e7-89f5-8aa5fd3ebf58,/blog/data-science-internships-in-hyderabad-how-to-land-one,Data Science Internships in Hyderabad: How to Land One,data-science,guide,tutorial,0,680,"Rewrite each member about its own topic. None is a merge target: the topics differ, only the text is shared."
S1,keyword-swapped,29,1,DEEP REWRITE,false,1,1ef92364-5766-44b6-b812-375cfe61afc2,/blog/deep-learning-guide-neural-networks-explained-simply,Deep Learning Guide: Neural Networks Explained Simply,data-science,guide,tutorial,0,674,"Rewrite each member about its own topic. None is a merge target: the topics differ, only the text is shared."
S1,keyword-swapped,29,1,DEEP REWRITE,false,1,c6d532f4-75cc-4af3-9e07-b2802f671fad,/blog/dimensionality-reduction-pca-and-t-sne-explained,Dimensionality Reduction: PCA and t-SNE Explained,data-science,guide,tutorial,0,671,"Rewrite each member about its own topic. None is a merge target: the topics differ, only the text is shared."
S1,keyword-swapped,29,1,DEEP REWRITE,false,1,7af3452b-010b-49e4-b978-1426046850f3,/blog/ensemble-learning-bagging-boosting-and-stacking-explained,"Ensemble Learning: Bagging, Boosting and Stacking Explained",data-science,guide,tutorial,0,672,"Rewrite each member about its own topic. None is a merge target: the topics differ, only the text is shared."
S1,keyword-swapped,29,1,DEEP REWRITE,false,1,9572efd1-fa21-4652-a526-22a7a8289a6f,/blog/evaluation-metrics-accuracy-precision-recall-and-f1-demystified,"Evaluation Metrics: Accuracy, Precision, Recall and F1 Demystified",data-science,guide,tutorial,0,673,"Rewrite each member about its own topic. None is a merge target: the topics differ, only the text is shared."
S1,keyword-swapped,29,1,DEEP REWRITE,false,1,d7af685c-f97b-4cf9-b4f6-5a74f8549f75,/blog/feature-engineering-a-practical-guide-with-examples,Feature Engineering: A Practical Guide with Examples,data-science,guide,tutorial,0,672,"Rewrite each member about its own topic. None is a merge target: the topics differ, only the text is shared."
S1,keyword-swapped,29,1,DEEP REWRITE,false,1,488edca3-7e7e-4151-bf01-06d9743f516f,/blog/gradient-descent-explained-the-engine-behind-ml,Gradient Descent Explained: The Engine Behind ML,data-science,guide,tutorial,0,674,"Rewrite each member about its own topic. None is a merge target: the topics differ, only the text is shared."
S1,keyword-swapped,29,1,DEEP REWRITE,false,1,7a88788d-029f-45dc-919e-6330716e6b5d,/blog/handling-imbalanced-datasets-techniques-that-work,Handling Imbalanced Datasets: Techniques That Work,data-science,guide,tutorial,0,673,"Rewrite each member about its own topic. None is a merge target: the topics differ, only the text is shared."
S1,keyword-swapped,29,1,DEEP REWRITE,false,1,43d5850f-b445-472f-93a5-a3d6c108e9b5,/blog/how-to-read-a-machine-learning-research-paper,How to Read a Machine Learning Research Paper,data-science,guide,tutorial,0,685,"Rewrite each member about its own topic. None is a merge target: the topics differ, only the text is shared."
S1,keyword-swapped,29,1,DEEP REWRITE,false,1,98f34cb5-f169-42a0-ab26-872f08ec71b0,/blog/kaggle-for-beginners-how-to-start-and-win-medals,Kaggle for Beginners: How to Start and Win Medals,data-science,guide,tutorial,0,676,"Rewrite each member about its own topic. None is a merge target: the topics differ, only the text is shared."
S1,keyword-swapped,29,1,DEEP REWRITE,false,1,5385983d-7dcc-4237-b804-77027282f3a4,/blog/mlflow-for-data-scientists-tracking-experiments,MLflow for Data Scientists: Tracking Experiments,data-science,guide,tutorial,0,675,"Rewrite each member about its own topic. None is a merge target: the topics differ, only the text is shared."
S1,keyword-swapped,29,1,DEEP REWRITE,false,1,95703081-55df-4721-b839-ba2db6b81c19,/blog/model-deployment-from-notebook-to-production,Model Deployment: From Notebook to Production,data-science,guide,tutorial,0,671,"Rewrite each member about its own topic. None is a merge target: the topics differ, only the text is shared."
S1,keyword-swapped,29,1,DEEP REWRITE,false,1,0744d8c6-1a4c-4c93-a7ba-590e5a7dd3fa,/blog/overfitting-and-underfitting-causes-and-fixes,Overfitting and Underfitting: Causes and Fixes,data-science,guide,tutorial,0,673,"Rewrite each member about its own topic. None is a merge target: the topics differ, only the text is shared."
S1,keyword-swapped,29,1,DEEP REWRITE,false,1,691b82b8-7451-48db-bec7-0d1819005919,/blog/recommendation-systems-how-netflix-and-amazon-suggest-items,Recommendation Systems: How Netflix and Amazon Suggest Items,data-science,guide,tutorial,0,673,"Rewrite each member about its own topic. None is a merge target: the topics differ, only the text is shared."
S1,keyword-swapped,29,1,DEEP REWRITE,false,1,e4525ea5-abdc-4aeb-affb-ca76482cd1eb,/blog/time-series-forecasting-a-beginner-friendly-introduction,Time Series Forecasting: A Beginner-Friendly Introduction,data-science,guide,tutorial,0,673,"Rewrite each member about its own topic. None is a merge target: the topics differ, only the text is shared."
S1,keyword-swapped,29,1,DEEP REWRITE,false,1,4c14f85c-c39e-42e1-9134-75ad45182e79,/blog/top-10-machine-learning-algorithms-explained-for-beginners,Top 10 Machine Learning Algorithms Explained for Beginners,data-science,guide,tutorial,0,685,"Rewrite each member about its own topic. None is a merge target: the topics differ, only the text is shared."
S1,keyword-swapped,29,1,DEEP REWRITE,false,1,16beecb3-547b-484f-9960-dd5e6f1f1b99,/blog/top-data-science-companies-hiring-in-hyderabad,Top Data Science Companies Hiring in Hyderabad,data-science,guide,tutorial,0,682,"Rewrite each member about its own topic. None is a merge target: the topics differ, only the text is shared."
S1,keyword-swapped,29,1,DEEP REWRITE,false,1,9dfbfb82-193a-43f6-83f0-fa77b8145d0d,/blog/xgboost-explained-why-it-wins-kaggle-competitions,XGBoost Explained: Why It Wins Kaggle Competitions,data-science,guide,tutorial,0,672,"Rewrite each member about its own topic. None is a merge target: the topics differ, only the text is shared."
S2,keyword-swapped,40,1,DEEP REWRITE,true,1,5481aade-d3b7-4e68-ba68-dd89f9cee04f,/blog/how-to-build-an-mlops-portfolio-that-stands-out,How to Build an MLOps Portfolio That Stands Out,mlops,guide,tutorial,0,679,"Rewrite each member about its own topic. None is a merge target: the topics differ, only the text is shared."
S2,keyword-swapped,40,1,DEEP REWRITE,false,1,8a4a5402-06a6-4fae-abe6-9eca4e551269,/blog/a-b-testing-ml-models-in-production,A/B Testing ML Models in Production,mlops,guide,tutorial,0,673,"Rewrite each member about its own topic. None is a merge target: the topics differ, only the text is shared."
S2,keyword-swapped,40,1,DEEP REWRITE,false,1,49d10bcd-b378-4562-a2c5-a21dbd253852,/blog/airflow-for-ml-pipelines-a-practical-guide,Airflow for ML Pipelines: A Practical Guide,mlops,guide,tutorial,0,667,"Rewrite each member about its own topic. None is a merge target: the topics differ, only the text is shared."
S2,keyword-swapped,40,1,DEEP REWRITE,false,1,835846f3-a25a-4d94-b632-144c055aafbe,/blog/blue-green-deployments-for-ml-services,Blue-Green Deployments for ML Services,mlops,guide,tutorial,0,667,"Rewrite each member about its own topic. None is a merge target: the topics differ, only the text is shared."
S2,keyword-swapped,40,1,DEEP REWRITE,false,1,8d4d115e-f469-48da-9798-909835b23d1a,/blog/building-a-prediction-api-a-complete-walkthrough,Building a Prediction API: A Complete Walkthrough,mlops,guide,tutorial,0,667,"Rewrite each member about its own topic. None is a merge target: the topics differ, only the text is shared."
S2,keyword-swapped,40,1,DEEP REWRITE,false,1,b47642b1-e580-491d-83c8-037227775308,/blog/building-an-end-to-end-mlops-pipeline,Building an End-to-End MLOps Pipeline,mlops,guide,tutorial,0,667,"Rewrite each member about its own topic. None is a merge target: the topics differ, only the text is shared."
S2,keyword-swapped,40,1,DEEP REWRITE,false,1,66169667-6424-422e-8410-6dc9fe96131a,/blog/ci-cd-for-machine-learning-pipelines-that-work,CI/CD for Machine Learning: Pipelines That Work,mlops,guide,tutorial,0,670,"Rewrite each member about its own topic. None is a merge target: the topics differ, only the text is shared."
S2,keyword-swapped,40,1,DEEP REWRITE,false,1,2aa3a681-1f74-4d7a-8234-c426e49b87ce,/blog/containerizing-a-machine-learning-model-step-by-step,Containerizing a Machine Learning Model Step by Step,mlops,guide,tutorial,0,676,"Rewrite each member about its own topic. None is a merge target: the topics differ, only the text is shared."
S2,keyword-swapped,40,1,DEEP REWRITE,false,1,2ae8bcc2-7fe9-4211-946e-d3577a86351f,/blog/continuous-training-automating-model-retraining,Continuous Training: Automating Model Retraining,mlops,guide,tutorial,0,661,"Rewrite each member about its own topic. None is a merge target: the topics differ, only the text is shared."
S2,keyword-swapped,40,1,DEEP REWRITE,false,1,73da060d-5146-4aa6-8920-eefdfc2114c6,/blog/cost-optimization-for-ml-workloads-in-the-cloud,Cost Optimization for ML Workloads in the Cloud,mlops,guide,tutorial,0,676,"Rewrite each member about its own topic. None is a merge target: the topics differ, only the text is shared."
S2,keyword-swapped,40,1,DEEP REWRITE,false,1,2c0c6d07-7c3a-46c5-8e77-db091973eeed,/blog/data-versioning-with-dvc-a-hands-on-guide,Data Versioning with DVC: A Hands-On Guide,mlops,guide,tutorial,0,667,"Rewrite each member about its own topic. None is a merge target: the topics differ, only the text is shared."
S2,keyword-swapped,40,1,DEEP REWRITE,false,1,3caabdbe-d1a6-4626-a93e-cfbf09e7aee7,/blog/deploying-ml-models-on-aws-azure-and-gcp,"Deploying ML Models on AWS, Azure and GCP",mlops,guide,tutorial,0,676,"Rewrite each member about its own topic. None is a merge target: the topics differ, only the text is shared."
S2,keyword-swapped,40,1,DEEP REWRITE,false,1,0cfceac7-0f15-471b-8737-fea1b598669f,/blog/docker-for-machine-learning-a-practical-guide,Docker for Machine Learning: A Practical Guide,mlops,guide,tutorial,0,667,"Rewrite each member about its own topic. None is a merge target: the topics differ, only the text is shared."
S2,keyword-swapped,40,1,DEEP REWRITE,false,1,84643a02-651d-47d0-b0aa-81b9a1be3de6,/blog/edge-ml-deployment-running-models-on-devices,Edge ML Deployment: Running Models on Devices,mlops,guide,tutorial,0,665,"Rewrite each member about its own topic. None is a merge target: the topics differ, only the text is shared."
S2,keyword-swapped,40,1,DEEP REWRITE,false,1,5f37b0ba-cf36-409d-9b64-67e621db739c,/blog/feature-stores-explained-why-teams-need-them,Feature Stores Explained: Why Teams Need Them,mlops,guide,tutorial,0,665,"Rewrite each member about its own topic. None is a merge target: the topics differ, only the text is shared."
S2,keyword-swapped,40,1,DEEP REWRITE,false,1,9954646b-55b3-452d-8dce-d580e82c9e21,/blog/github-actions-for-ml-automating-workflows,GitHub Actions for ML: Automating Workflows,mlops,guide,tutorial,0,666,"Rewrite each member about its own topic. None is a merge target: the topics differ, only the text is shared."
S2,keyword-swapped,40,1,DEEP REWRITE,false,1,82467957-07cd-47ab-bc6c-20333b3376df,/blog/handling-concept-drift-in-live-ml-systems,Handling Concept Drift in Live ML Systems,mlops,guide,tutorial,0,673,"Rewrite each member about its own topic. None is a merge target: the topics differ, only the text is shared."
S2,keyword-swapped,40,1,DEEP REWRITE,false,1,ec6d3a2b-d54f-4120-b2a0-cea1aca87904,/blog/kubeflow-pipelines-an-introduction-for-ml-engineers,Kubeflow Pipelines: An Introduction for ML Engineers,mlops,guide,tutorial,0,663,"Rewrite each member about its own topic. None is a merge target: the topics differ, only the text is shared."
S2,keyword-swapped,40,1,DEEP REWRITE,false,1,3f2ad586-f5da-42b3-8e62-85828f47be4a,/blog/kubernetes-for-ml-deploying-models-at-scale,Kubernetes for ML: Deploying Models at Scale,mlops,guide,tutorial,0,665,"Rewrite each member about its own topic. None is a merge target: the topics differ, only the text is shared."
S2,keyword-swapped,40,1,DEEP REWRITE,false,1,767a823a-60a9-4aff-a23b-adf9a2bbf1a0,/blog/logging-and-observability-for-ml-systems,Logging and Observability for ML Systems,mlops,guide,tutorial,0,670,"Rewrite each member about its own topic. None is a merge target: the topics differ, only the text is shared."
S2,keyword-swapped,40,1,DEEP REWRITE,false,1,ebcac2a2-f135-4254-a5e3-f2b42e33d03c,/blog/mlflow-tutorial-tracking-experiments-and-models,MLflow Tutorial: Tracking Experiments and Models,mlops,guide,tutorial,0,662,"Rewrite each member about its own topic. None is a merge target: the topics differ, only the text is shared."
S2,keyword-swapped,40,1,DEEP REWRITE,false,1,d387d8e2-1280-4957-8c8b-c240b49d8167,/blog/mlops-maturity-levels-where-does-your-team-stand,MLOps Maturity Levels: Where Does Your Team Stand?,mlops,guide,tutorial,0,666,"Rewrite each member about its own topic. None is a merge target: the topics differ, only the text is shared."
S2,keyword-swapped,40,1,DEEP REWRITE,false,1,aba5050d-3cd2-49e9-b467-473786c71ea1,/blog/mlops-tools-landscape-2026-what-to-learn,MLOps Tools Landscape 2026: What to Learn,mlops,guide,tutorial,0,667,"Rewrite each member about its own topic. None is a merge target: the topics differ, only the text is shared."
S2,keyword-swapped,40,1,DEEP REWRITE,false,1,e0cb7df2-8ed0-48b6-84b3-e9164ff2a366,/blog/model-compression-quantization-and-pruning-explained,Model Compression: Quantization and Pruning Explained,mlops,guide,tutorial,0,662,"Rewrite each member about its own topic. None is a merge target: the topics differ, only the text is shared."
S2,keyword-swapped,40,1,DEEP REWRITE,false,1,c7b8d384-b6ee-4fe3-baca-5be0aaa8ff6a,/blog/model-drift-and-data-drift-detection-and-response,Model Drift and Data Drift: Detection and Response,mlops,guide,tutorial,0,670,"Rewrite each member about its own topic. None is a merge target: the topics differ, only the text is shared."
S2,keyword-swapped,40,1,DEEP REWRITE,false,1,8db6452e-dccb-461a-b3ee-ff5ad79d2db0,/blog/model-explainability-in-production-with-shap,Model Explainability in Production with SHAP,mlops,guide,tutorial,0,670,"Rewrite each member about its own topic. None is a merge target: the topics differ, only the text is shared."
S2,keyword-swapped,40,1,DEEP REWRITE,false,1,136026e8-b203-4fe7-bbf8-b096f225646d,/blog/model-packaging-from-pickle-to-production,Model Packaging: From Pickle to Production,mlops,guide,tutorial,0,662,"Rewrite each member about its own topic. None is a merge target: the topics differ, only the text is shared."
S2,keyword-swapped,40,1,DEEP REWRITE,false,1,066d05c2-99c1-42a9-b4cd-bcad86cb5833,/blog/model-registry-managing-the-ml-model-lifecycle,Model Registry: Managing the ML Model Lifecycle,mlops,guide,tutorial,0,663,"Rewrite each member about its own topic. None is a merge target: the topics differ, only the text is shared."
S2,keyword-swapped,40,1,DEEP REWRITE,false,1,b5b97477-c55e-48d6-8253-97b2f7bd2cdb,/blog/model-versioning-with-mlflow-and-dvc,Model Versioning with MLflow and DVC,mlops,guide,tutorial,0,670,"Rewrite each member about its own topic. None is a merge target: the topics differ, only the text is shared."
S2,keyword-swapped,40,1,DEEP REWRITE,false,1,8450a5b9-ca5f-4f88-9bc2-68eca6d55743,/blog/monitoring-ml-models-in-production-a-complete-guide,Monitoring ML Models in Production: A Complete Guide,mlops,guide,tutorial,0,670,"Rewrite each member about its own topic. None is a merge target: the topics differ, only the text is shared."
S2,keyword-swapped,40,1,DEEP REWRITE,false,1,11a54a99-36b2-4a0c-b83d-78e85c431a35,/blog/production-ml-systems-architecture-and-best-practices,Production ML Systems: Architecture and Best Practices,mlops,guide,tutorial,0,665,"Rewrite each member about its own topic. None is a merge target: the topics differ, only the text is shared."
S2,keyword-swapped,40,1,DEEP REWRITE,false,1,a618619e-4f93-47d3-89ab-d084e486fbbd,/blog/prometheus-and-grafana-for-ml-monitoring,Prometheus and Grafana for ML Monitoring,mlops,guide,tutorial,0,670,"Rewrite each member about its own topic. None is a merge target: the topics differ, only the text is shared."
S2,keyword-swapped,40,1,DEEP REWRITE,false,1,6b234168-796a-4250-8568-b44421eea48c,/blog/real-time-feature-engineering-for-online-models,Real-Time Feature Engineering for Online Models,mlops,guide,tutorial,0,670,"Rewrite each member about its own topic. None is a merge target: the topics differ, only the text is shared."
S2,keyword-swapped,40,1,DEEP REWRITE,false,1,8dd12094-2a35-4855-ab12-70092b8c7ea4,/blog/reproducibility-in-ml-seeds-configs-and-pipelines,"Reproducibility in ML: Seeds, Configs and Pipelines",mlops,guide,tutorial,0,665,"Rewrite each member about its own topic. None is a merge target: the topics differ, only the text is shared."
S2,keyword-swapped,40,1,DEEP REWRITE,false,1,2ea3c424-622a-41f4-931d-78d302499d18,/blog/scaling-model-training-with-distributed-computing,Scaling Model Training with Distributed Computing,mlops,guide,tutorial,0,670,"Rewrite each member about its own topic. None is a merge target: the topics differ, only the text is shared."
S2,keyword-swapped,40,1,DEEP REWRITE,false,1,c3aaee5f-a913-48c6-b7d9-2eb93abeae6d,/blog/secrets-management-for-ml-pipelines,Secrets Management for ML Pipelines,mlops,guide,tutorial,0,667,"Rewrite each member about its own topic. None is a merge target: the topics differ, only the text is shared."
S2,keyword-swapped,40,1,DEEP REWRITE,false,1,ec46fc26-f6d8-4ac2-a751-05b4d12b4700,/blog/serving-ml-models-with-fastapi-and-docker,Serving ML Models with FastAPI and Docker,mlops,guide,tutorial,0,673,"Rewrite each member about its own topic. None is a merge target: the topics differ, only the text is shared."
S2,keyword-swapped,40,1,DEEP REWRITE,false,1,7a4942a0-20d5-4b1d-9a20-e55fd133ece9,/blog/shadow-deployment-and-canary-releases-for-ml,Shadow Deployment and Canary Releases for ML,mlops,guide,tutorial,0,673,"Rewrite each member about its own topic. None is a merge target: the topics differ, only the text is shared."
S2,keyword-swapped,40,1,DEEP REWRITE,false,1,5068ffb2-f3cb-4288-aefc-106225bfe6f0,/blog/testing-machine-learning-code-and-data,Testing Machine Learning Code and Data,mlops,guide,tutorial,0,670,"Rewrite each member about its own topic. None is a merge target: the topics differ, only the text is shared."
S2,keyword-swapped,40,1,DEEP REWRITE,false,1,2743054e-83b9-4e9e-bc3c-f34a8f53a3f2,/blog/vertex-ai-and-sagemaker-for-mlops-a-comparison,Vertex AI and SageMaker for MLOps: A Comparison,mlops,guide,tutorial,0,672,"Rewrite each member about its own topic. None is a merge target: the topics differ, only the text is shared."
S3,keyword-swapped,34,1,DEEP REWRITE,true,1,d83817f0-1112-407f-b188-c332e433afd6,/blog/copying-data-from-on-prem-sql-to-azure-with-adf,Copying Data from On-Prem SQL to Azure with ADF,azure-data-factory,guide,tutorial,0,716,"Rewrite each member about its own topic. None is a merge target: the topics differ, only the text is shared."
S3,keyword-swapped,34,1,DEEP REWRITE,false,1,a394607c-5b33-4f0e-b4fe-502f1091d6d5,/blog/adf-control-flow-foreach-if-and-until-activities,"ADF Control Flow: ForEach, If and Until Activities",azure-data-factory,guide,tutorial,0,703,"Rewrite each member about its own topic. None is a merge target: the topics differ, only the text is shared."
S3,keyword-swapped,34,1,DEEP REWRITE,false,1,49cc1a94-927a-4eae-bdb6-602eae138040,/blog/adf-data-flow-transformations-a-complete-reference,ADF Data Flow Transformations: A Complete Reference,azure-data-factory,guide,tutorial,0,704,"Rewrite each member about its own topic. None is a merge target: the topics differ, only the text is shared."
S3,keyword-swapped,34,1,DEEP REWRITE,false,1,d87b25da-9f47-44fc-9932-a6a2af8e7bf6,/blog/adf-expressions-and-functions-a-practical-guide,ADF Expressions and Functions: A Practical Guide,azure-data-factory,guide,tutorial,0,704,"Rewrite each member about its own topic. None is a merge target: the topics differ, only the text is shared."
S3,keyword-swapped,34,1,DEEP REWRITE,false,1,0200bacd-0237-4992-b993-9c07476d0bd6,/blog/adf-global-parameters-and-variables-explained,ADF Global Parameters and Variables Explained,azure-data-factory,guide,tutorial,0,707,"Rewrite each member about its own topic. None is a merge target: the topics differ, only the text is shared."
S3,keyword-swapped,34,1,DEEP REWRITE,false,1,81769536-7a95-4915-b4c9-37457b2ba32c,/blog/adf-logging-and-auditing-for-compliance,ADF Logging and Auditing for Compliance,azure-data-factory,guide,tutorial,0,707,"Rewrite each member about its own topic. None is a merge target: the topics differ, only the text is shared."
S3,keyword-swapped,34,1,DEEP REWRITE,false,1,2e8c4712-05fe-46a6-9330-48d1a3766430,/blog/adf-performance-tuning-dius-and-parallelism,ADF Performance Tuning: DIUs and Parallelism,azure-data-factory,guide,tutorial,0,701,"Rewrite each member about its own topic. None is a merge target: the topics differ, only the text is shared."
S3,keyword-swapped,34,1,DEEP REWRITE,false,1,be63b27c-3ad8-4893-b347-436949f4fe84,/blog/adf-pipeline-best-practices-for-production,ADF Pipeline Best Practices for Production,azure-data-factory,guide,tutorial,0,707,"Rewrite each member about its own topic. None is a merge target: the topics differ, only the text is shared."
S3,keyword-swapped,34,1,DEEP REWRITE,false,1,f4eb72db-c920-47bb-a8f1-e5dc195ae0c4,/blog/adf-pipelines-explained-building-your-first-pipeline,ADF Pipelines Explained: Building Your First Pipeline,azure-data-factory,guide,tutorial,0,702,"Rewrite each member about its own topic. None is a merge target: the topics differ, only the text is shared."
S3,keyword-swapped,34,1,DEEP REWRITE,false,1,115673c0-835c-48f7-91dc-7e97c7c9470b,/blog/azure-data-lake-storage-gen2-explained,Azure Data Lake Storage Gen2 Explained,azure-data-factory,guide,tutorial,0,707,"Rewrite each member about its own topic. None is a merge target: the topics differ, only the text is shared."
S3,keyword-swapped,34,1,DEEP REWRITE,false,1,fa288dfa-2abf-4af0-a611-1861a28202ea,/blog/azure-databricks-with-adf-orchestration-patterns,Azure Databricks with ADF: Orchestration Patterns,azure-data-factory,guide,tutorial,0,703,"Rewrite each member about its own topic. None is a merge target: the topics differ, only the text is shared."
S3,keyword-swapped,34,1,DEEP REWRITE,false,1,411d7c4e-1869-481a-8fa6-be2149483e0a,/blog/azure-key-vault-integration-with-data-factory,Azure Key Vault Integration with Data Factory,azure-data-factory,guide,tutorial,0,710,"Rewrite each member about its own topic. None is a merge target: the topics differ, only the text is shared."
S3,keyword-swapped,34,1,DEEP REWRITE,false,1,a9cb8ce8-0423-49eb-bd46-90008dfe8ce1,/blog/azure-synapse-analytics-explained-for-beginners,Azure Synapse Analytics Explained for Beginners,azure-data-factory,guide,tutorial,0,707,"Rewrite each member about its own topic. None is a merge target: the topics differ, only the text is shared."
S3,keyword-swapped,34,1,DEEP REWRITE,false,1,4a35d3c1-f3af-4f8e-b777-b6620ed2a83a,/blog/building-a-metadata-framework-for-adf-pipelines,Building a Metadata Framework for ADF Pipelines,azure-data-factory,guide,tutorial,0,710,"Rewrite each member about its own topic. None is a merge target: the topics differ, only the text is shared."
S3,keyword-swapped,34,1,DEEP REWRITE,false,1,2ca77087-c64c-48de-86d4-5506a822bf32,/blog/connecting-adf-to-rest-apis-and-web-sources,Connecting ADF to REST APIs and Web Sources,azure-data-factory,guide,tutorial,0,713,"Rewrite each member about its own topic. None is a merge target: the topics differ, only the text is shared."
S3,keyword-swapped,34,1,DEEP REWRITE,false,1,32f89549-d88d-4b53-918d-6c06f6b98fc1,/blog/copy-activity-in-azure-data-factory-a-practical-guide,Copy Activity in Azure Data Factory: A Practical Guide,azure-data-factory,guide,tutorial,0,710,"Rewrite each member about its own topic. None is a merge target: the topics differ, only the text is shared."
S3,keyword-swapped,34,1,DEEP REWRITE,false,1,d9574d23-3a19-4c25-a684-b5f7038bf304,/blog/data-flow-debug-and-performance-in-adf,Data Flow Debug and Performance in ADF,azure-data-factory,guide,tutorial,0,710,"Rewrite each member about its own topic. None is a merge target: the topics differ, only the text is shared."
S3,keyword-swapped,34,1,DEEP REWRITE,false,1,5b624059-dc21-44d7-b2e4-acad9e29bd4e,/blog/data-partitioning-strategies-in-adf-copy-activity,Data Partitioning Strategies in ADF Copy Activity,azure-data-factory,guide,tutorial,0,710,"Rewrite each member about its own topic. None is a merge target: the topics differ, only the text is shared."
S3,keyword-swapped,34,1,DEEP REWRITE,false,1,aba4650e-4e8b-4cb7-9b9d-f912b22b271c,/blog/event-based-triggers-with-azure-event-grid-and-adf,Event-Based Triggers with Azure Event Grid and ADF,azure-data-factory,guide,tutorial,0,713,"Rewrite each member about its own topic. None is a merge target: the topics differ, only the text is shared."
S3,keyword-swapped,34,1,DEEP REWRITE,false,1,61452b61-1932-4054-9de6-00213aa47dd0,/blog/handling-errors-and-retries-in-adf-pipelines,Handling Errors and Retries in ADF Pipelines,azure-data-factory,guide,tutorial,0,710,"Rewrite each member about its own topic. None is a merge target: the topics differ, only the text is shared."
S3,keyword-swapped,34,1,DEEP REWRITE,false,1,7adfd977-6aeb-43ae-8a2d-eded704af268,/blog/incremental-data-loading-in-azure-data-factory,Incremental Data Loading in Azure Data Factory,azure-data-factory,guide,tutorial,0,710,"Rewrite each member about its own topic. None is a merge target: the topics differ, only the text is shared."
S3,keyword-swapped,34,1,DEEP REWRITE,false,1,ed5125c2-68a9-4721-9b01-a5be174c8166,/blog/integration-runtimes-in-adf-azure-self-hosted-and-ssis,"Integration Runtimes in ADF: Azure, Self-Hosted and SSIS",azure-data-factory,guide,tutorial,0,705,"Rewrite each member about its own topic. None is a merge target: the topics differ, only the text is shared."
S3,keyword-swapped,34,1,DEEP REWRITE,false,1,8224db35-de1e-43a7-b3bc-57bb3b1881bc,/blog/linked-services-in-azure-data-factory-explained,Linked Services in Azure Data Factory Explained,azure-data-factory,guide,tutorial,0,710,"Rewrite each member about its own topic. None is a merge target: the topics differ, only the text is shared."
S3,keyword-swapped,34,1,DEEP REWRITE,false,1,486039c8-bd1c-4c44-8949-472539431d83,/blog/loading-data-into-synapse-with-adf,Loading Data into Synapse with ADF,azure-data-factory,guide,tutorial,0,707,"Rewrite each member about its own topic. None is a merge target: the topics differ, only the text is shared."
S3,keyword-swapped,34,1,DEEP REWRITE,false,1,c802eb21-8ce4-43f3-b456-c2b882f32fcb,/blog/lookup-and-get-metadata-activities-in-adf,Lookup and Get Metadata Activities in ADF,azure-data-factory,guide,tutorial,0,710,"Rewrite each member about its own topic. None is a merge target: the topics differ, only the text is shared."
S3,keyword-swapped,34,1,DEEP REWRITE,false,1,dab784d3-ff30-4a11-8929-aa24e93e5f8e,/blog/mapping-data-flows-in-adf-transformations-without-code,Mapping Data Flows in ADF: Transformations Without Code,azure-data-factory,guide,tutorial,0,707,"Rewrite each member about its own topic. None is a merge target: the topics differ, only the text is shared."
S3,keyword-swapped,34,1,DEEP REWRITE,false,1,5c6a36c5-bd4a-4f60-880a-56fa1462eee6,/blog/metadata-driven-pipelines-in-azure-data-factory,Metadata-Driven Pipelines in Azure Data Factory,azure-data-factory,guide,tutorial,0,707,"Rewrite each member about its own topic. None is a merge target: the topics differ, only the text is shared."
S3,keyword-swapped,34,1,DEEP REWRITE,false,1,5b9b0f2e-8e4c-4c68-a003-ece48bd0594c,/blog/monitoring-and-alerts-in-azure-data-factory,Monitoring and Alerts in Azure Data Factory,azure-data-factory,guide,tutorial,0,710,"Rewrite each member about its own topic. None is a merge target: the topics differ, only the text is shared."
S3,keyword-swapped,34,1,DEEP REWRITE,false,1,ddb1110b-94f1-4b95-a6a4-9b7303eb4c75,/blog/parameterizing-pipelines-in-azure-data-factory,Parameterizing Pipelines in Azure Data Factory,azure-data-factory,guide,tutorial,0,707,"Rewrite each member about its own topic. None is a merge target: the topics differ, only the text is shared."
S3,keyword-swapped,34,1,DEEP REWRITE,false,1,b6fb7f13-a83f-4ec0-bab5-41af1d92bfb7,/blog/pipeline-dependencies-and-scheduling-in-adf,Pipeline Dependencies and Scheduling in ADF,azure-data-factory,guide,tutorial,0,707,"Rewrite each member about its own topic. None is a merge target: the topics differ, only the text is shared."
S3,keyword-swapped,34,1,DEEP REWRITE,false,1,498b7c41-3740-4cbb-88a4-b7104ec34843,/blog/securing-azure-data-factory-managed-identities,Securing Azure Data Factory: Managed Identities,azure-data-factory,guide,tutorial,0,703,"Rewrite each member about its own topic. None is a merge target: the topics differ, only the text is shared."
S3,keyword-swapped,34,1,DEEP REWRITE,false,1,f723a52c-d4b9-4c74-8f96-4ba74c0070d6,/blog/slowly-changing-dimensions-in-adf-data-flows,Slowly Changing Dimensions in ADF Data Flows,azure-data-factory,guide,tutorial,0,710,"Rewrite each member about its own topic. None is a merge target: the topics differ, only the text is shared."
S3,keyword-swapped,34,1,DEEP REWRITE,false,1,654643e1-1acf-4e0b-b40e-068a96835d2e,/blog/triggers-in-adf-schedule-tumbling-window-and-event,"Triggers in ADF: Schedule, Tumbling Window and Event",azure-data-factory,guide,tutorial,0,703,"Rewrite each member about its own topic. None is a merge target: the topics differ, only the text is shared."
S3,keyword-swapped,34,1,DEEP REWRITE,false,1,f22c8acc-57eb-4b3d-b8a0-7b5391f0674e,/blog/tumbling-window-triggers-backfills-and-dependencies,Tumbling Window Triggers: Backfills and Dependencies,azure-data-factory,guide,tutorial,0,701,"Rewrite each member about its own topic. None is a merge target: the topics differ, only the text is shared."
S4,keyword-swapped,36,0.998,DEEP REWRITE,true,1,0c26d3c0-9b76-4a0e-a340-9ae33bcd5c90,/blog/power-bi-service-publishing-sharing-and-workspaces,"Power BI Service: Publishing, Sharing and Workspaces",power-bi,guide,tutorial,0.012,691,"Rewrite each member about its own topic. None is a merge target: the topics differ, only the text is shared."
S4,keyword-swapped,36,0.998,DEEP REWRITE,false,0.966,b8a06ca4-3c07-41f7-8831-84770192c8a5,/blog/aggregations-in-power-bi-for-large-datasets,Aggregations in Power BI for Large Datasets,power-bi,guide,tutorial,0,699,"Rewrite each member about its own topic. None is a merge target: the topics differ, only the text is shared."
S4,keyword-swapped,36,0.998,DEEP REWRITE,false,0.966,4cff8509-27d3-4b2d-8500-d9bbefc533f5,/blog/building-a-finance-dashboard-in-power-bi,Building a Finance Dashboard in Power BI,power-bi,guide,tutorial,0,699,"Rewrite each member about its own topic. None is a merge target: the topics differ, only the text is shared."
S4,keyword-swapped,36,0.998,DEEP REWRITE,false,0.966,1374c6dd-cd6b-4660-8d76-92f3e900d789,/blog/building-a-sales-dashboard-in-power-bi-from-scratch,Building a Sales Dashboard in Power BI from Scratch,power-bi,guide,tutorial,0,705,"Rewrite each member about its own topic. None is a merge target: the topics differ, only the text is shared."
S4,keyword-swapped,36,0.998,DEEP REWRITE,false,0.966,23002c6f-88d5-4779-934c-64676037456e,/blog/calculation-groups-in-power-bi-explained,Calculation Groups in Power BI Explained,power-bi,guide,tutorial,0,696,"Rewrite each member about its own topic. None is a merge target: the topics differ, only the text is shared."
S4,keyword-swapped,36,0.998,DEEP REWRITE,false,0.966,7f60b454-7361-470e-9e66-127ac4bd3e48,/blog/composite-models-and-directquery-in-power-bi,Composite Models and DirectQuery in Power BI,power-bi,guide,tutorial,0,699,"Rewrite each member about its own topic. None is a merge target: the topics differ, only the text is shared."
S4,keyword-swapped,36,0.998,DEEP REWRITE,false,0.966,d042f0d8-e450-4cee-81dd-4fd59e8ae8dd,/blog/conditional-formatting-in-power-bi-a-practical-guide,Conditional Formatting in Power BI: A Practical Guide,power-bi,guide,tutorial,0,696,"Rewrite each member about its own topic. None is a merge target: the topics differ, only the text is shared."
S4,keyword-swapped,36,0.998,DEEP REWRITE,false,0.966,f4b752a8-5ff2-4f18-a4c4-a5703e82cbc9,/blog/data-modeling-in-power-bi-star-schema-explained,Data Modeling in Power BI: Star Schema Explained,power-bi,guide,tutorial,0,696,"Rewrite each member about its own topic. None is a merge target: the topics differ, only the text is shared."
S4,keyword-swapped,36,0.998,DEEP REWRITE,false,0.966,0ea1d927-f54c-4c5a-810d-8432c826232c,/blog/dax-calculate-function-explained-step-by-step,DAX CALCULATE Function Explained Step by Step,power-bi,guide,tutorial,0,699,"Rewrite each member about its own topic. None is a merge target: the topics differ, only the text is shared."
S4,keyword-swapped,36,0.998,DEEP REWRITE,false,0.966,d0bbea83-5fe6-40ee-9171-20603222bb8d,/blog/dax-filter-and-all-functions-explained,DAX FILTER and ALL Functions Explained,power-bi,guide,tutorial,0,696,"Rewrite each member about its own topic. None is a merge target: the topics differ, only the text is shared."
S4,keyword-swapped,36,0.998,DEEP REWRITE,false,0.966,75fdbf2d-cb26-4b83-adeb-5af50745506c,/blog/dax-guide-measures-calculated-columns-and-context,"DAX Guide: Measures, Calculated Columns and Context",power-bi,guide,tutorial,0,689,"Rewrite each member about its own topic. None is a merge target: the topics differ, only the text is shared."
S4,keyword-swapped,36,0.998,DEEP REWRITE,false,0.966,db641a82-4ef3-4c50-9e72-43cdf446170e,/blog/dax-variables-writing-cleaner-faster-measures,"DAX Variables: Writing Cleaner, Faster Measures",power-bi,guide,tutorial,0,688,"Rewrite each member about its own topic. None is a merge target: the topics differ, only the text is shared."
S4,keyword-swapped,36,0.998,DEEP REWRITE,false,0.966,fe96ca4c-293e-4203-8159-47f6fcc7fb34,/blog/handling-many-to-many-relationships-in-power-bi,Handling Many-to-Many Relationships in Power BI,power-bi,guide,tutorial,0,696,"Rewrite each member about its own topic. None is a merge target: the topics differ, only the text is shared."
S4,keyword-swapped,36,0.998,DEEP REWRITE,false,0.966,20b6b032-57ba-4d74-8e29-d935a28ce978,/blog/kpis-and-cards-in-power-bi-designing-scorecards,KPIs and Cards in Power BI: Designing Scorecards,power-bi,guide,tutorial,0,698,"Rewrite each member about its own topic. None is a merge target: the topics differ, only the text is shared."
S4,keyword-swapped,36,0.998,DEEP REWRITE,false,0.966,ac54a57b-a101-4b02-8314-b6b60720ed14,/blog/power-bi-bookmarks-and-buttons-for-interactivity,Power BI Bookmarks and Buttons for Interactivity,power-bi,guide,tutorial,0,699,"Rewrite each member about its own topic. None is a merge target: the topics differ, only the text is shared."
S4,keyword-swapped,36,0.998,DEEP REWRITE,false,0.966,74411ff7-3d1d-4954-a8db-edd0939d1897,/blog/power-bi-dashboard-design-a-practical-guide,Power BI Dashboard Design: A Practical Guide,power-bi,guide,tutorial,0,693,"Rewrite each member about its own topic. None is a merge target: the topics differ, only the text is shared."
S4,keyword-swapped,36,0.998,DEEP REWRITE,false,0.966,8e7454d8-8501-4013-a662-1718d8ebbaf1,/blog/power-bi-data-refresh-scheduled-and-incremental,Power BI Data Refresh: Scheduled and Incremental,power-bi,guide,tutorial,0,693,"Rewrite each member about its own topic. None is a merge target: the topics differ, only the text is shared."
S4,keyword-swapped,36,0.998,DEEP REWRITE,false,0.966,0dcbe8b7-c8b7-47aa-a914-f5af1eaad0f1,/blog/power-bi-dataflows-explained-for-beginners,Power BI Dataflows Explained for Beginners,power-bi,guide,tutorial,0,696,"Rewrite each member about its own topic. None is a merge target: the topics differ, only the text is shared."
S4,keyword-swapped,36,0.998,DEEP REWRITE,false,0.966,111b5beb-348f-4c0c-855e-babf6f9c3bdf,/blog/power-bi-deployment-pipelines-for-teams,Power BI Deployment Pipelines for Teams,power-bi,guide,tutorial,0,696,"Rewrite each member about its own topic. None is a merge target: the topics differ, only the text is shared."
S4,keyword-swapped,36,0.998,DEEP REWRITE,false,0.966,15d93744-8e75-4237-a606-1f53fd2c194c,/blog/power-bi-drillthrough-and-drilldown-explained,Power BI Drillthrough and Drilldown Explained,power-bi,guide,tutorial,0,696,"Rewrite each member about its own topic. None is a merge target: the topics differ, only the text is shared."
S4,keyword-swapped,36,0.998,DEEP REWRITE,false,0.966,980ae5a5-0aff-4e88-b07b-af02384614dd,/blog/power-bi-error-handling-in-power-query,Power BI Error Handling in Power Query,power-bi,guide,tutorial,0,699,"Rewrite each member about its own topic. None is a merge target: the topics differ, only the text is shared."
S4,keyword-swapped,36,0.998,DEEP REWRITE,false,0.966,efe1b233-e84a-4fd4-bbba-a98585087b2e,/blog/power-bi-field-parameters-dynamic-reports-made-easy,Power BI Field Parameters: Dynamic Reports Made Easy,power-bi,guide,tutorial,0,694,"Rewrite each member about its own topic. None is a merge target: the topics differ, only the text is shared."
S4,keyword-swapped,36,0.998,DEEP REWRITE,false,0.966,46d452e0-4b9f-4898-8b6a-ebfc87600bbf,/blog/power-bi-filters-visual-page-and-report-level,"Power BI Filters: Visual, Page and Report Level",power-bi,guide,tutorial,0,692,"Rewrite each member about its own topic. None is a merge target: the topics differ, only the text is shared."
S4,keyword-swapped,36,0.998,DEEP REWRITE,false,0.966,415eef9e-07f1-4e59-98d2-27e293d379d7,/blog/power-bi-for-beginners-your-first-report-in-1-hour,Power BI for Beginners: Your First Report in 1 Hour,power-bi,guide,tutorial,0,696,"Rewrite each member about its own topic. None is a merge target: the topics differ, only the text is shared."
S4,keyword-swapped,36,0.998,DEEP REWRITE,false,0.966,dbb2d267-a1da-4c56-b8ed-5b4696787778,/blog/power-bi-gateway-explained-connecting-on-prem-data,Power BI Gateway Explained: Connecting On-Prem Data,power-bi,guide,tutorial,0,693,"Rewrite each member about its own topic. None is a merge target: the topics differ, only the text is shared."
S4,keyword-swapped,36,0.998,DEEP REWRITE,false,0.966,3ec9d7e8-7a28-4e59-a1e0-230b5f14d01a,/blog/power-bi-mobile-designing-reports-for-phones,Power BI Mobile: Designing Reports for Phones,power-bi,guide,tutorial,0,691,"Rewrite each member about its own topic. None is a merge target: the topics differ, only the text is shared."
S4,keyword-swapped,36,0.998,DEEP REWRITE,false,0.966,b86793f4-f74f-4082-9c49-12b139c1722c,/blog/power-bi-performance-tuning-make-reports-faster,Power BI Performance Tuning: Make Reports Faster,power-bi,guide,tutorial,0,693,"Rewrite each member about its own topic. None is a merge target: the topics differ, only the text is shared."
S4,keyword-swapped,36,0.998,DEEP REWRITE,false,0.966,352998fc-5836-45c1-8d93-4d991cbe236a,/blog/power-bi-relationships-one-to-many-and-cardinality,Power BI Relationships: One-to-Many and Cardinality,power-bi,guide,tutorial,0,690,"Rewrite each member about its own topic. None is a merge target: the topics differ, only the text is shared."
S4,keyword-swapped,36,0.998,DEEP REWRITE,false,0.966,3a561532-b7ef-484f-b1b4-7e18da800aa3,/blog/power-bi-slicers-sync-hierarchies-and-best-practices,"Power BI Slicers: Sync, Hierarchies and Best Practices",power-bi,guide,tutorial,0,692,"Rewrite each member about its own topic. None is a merge target: the topics differ, only the text is shared."
S4,keyword-swapped,36,0.998,DEEP REWRITE,false,0.966,1096e715-f3bf-433e-877f-a7bfeee37a05,/blog/power-bi-themes-and-branding-for-professional-reports,Power BI Themes and Branding for Professional Reports,power-bi,guide,tutorial,0,702,"Rewrite each member about its own topic. None is a merge target: the topics differ, only the text is shared."
S4,keyword-swapped,36,0.998,DEEP REWRITE,false,0.966,b9e42ce4-452d-4307-9811-0f458d861066,/blog/power-bi-tooltips-adding-context-to-visuals,Power BI Tooltips: Adding Context to Visuals,power-bi,guide,tutorial,0,691,"Rewrite each member about its own topic. None is a merge target: the topics differ, only the text is shared."
S4,keyword-swapped,36,0.998,DEEP REWRITE,false,0.966,7d9fd8dc-46d8-4489-9e43-95e2b11d277f,/blog/power-query-m-language-basics-for-beginners,Power Query M Language Basics for Beginners,power-bi,guide,tutorial,0,699,"Rewrite each member about its own topic. None is a merge target: the topics differ, only the text is shared."
S4,keyword-swapped,36,0.998,DEEP REWRITE,false,0.966,18829db1-a7d4-4951-ad0d-fdc622e4d4c8,/blog/power-query-tutorial-transforming-data-without-code,Power Query Tutorial: Transforming Data Without Code,power-bi,guide,tutorial,0,691,"Rewrite each member about its own topic. None is a merge target: the topics differ, only the text is shared."
S4,keyword-swapped,36,0.998,DEEP REWRITE,false,0.966,6cc86ea3-a38c-4938-b30a-43704261d261,/blog/row-level-security-rls-in-power-bi-a-complete-guide,Row-Level Security (RLS) in Power BI: A Complete Guide,power-bi,guide,tutorial,0,699,"Rewrite each member about its own topic. None is a merge target: the topics differ, only the text is shared."
S4,keyword-swapped,36,0.998,DEEP REWRITE,false,0.966,ff266896-33c3-43d0-97d8-8fc1c048f946,/blog/time-intelligence-in-dax-ytd-mtd-and-comparisons,"Time Intelligence in DAX: YTD, MTD and Comparisons",power-bi,guide,tutorial,0,694,"Rewrite each member about its own topic. None is a merge target: the topics differ, only the text is shared."
S4,keyword-swapped,36,0.998,DEEP REWRITE,false,0.966,8918d340-828d-4091-b261-ad1cf334074e,/blog/top-20-dax-functions-every-analyst-should-know,Top 20 DAX Functions Every Analyst Should Know,power-bi,guide,tutorial,0,702,"Rewrite each member about its own topic. None is a merge target: the topics differ, only the text is shared."
S5,keyword-swapped,38,0.999,DEEP REWRITE,true,1,24c38835-867c-4ff6-98c5-dd47ba77dcc8,/blog/prompt-engineering-techniques-that-actually-improve-output,Prompt Engineering: Techniques That Actually Improve Output,generative-ai,guide,tutorial,0.01,687,"Rewrite each member about its own topic. None is a merge target: the topics differ, only the text is shared."
S5,keyword-swapped,38,0.999,DEEP REWRITE,false,0.978,dd1af33f-d841-4cfc-a47a-bac70283eb03,/blog/ai-agents-guide-how-autonomous-agents-actually-work,AI Agents Guide: How Autonomous Agents Actually Work,generative-ai,guide,tutorial,0,690,"Rewrite each member about its own topic. None is a merge target: the topics differ, only the text is shared."
S5,keyword-swapped,38,0.999,DEEP REWRITE,false,0.978,65b55718-fdbd-4334-bc3c-73882bdd0d78,/blog/ai-coding-assistants-how-to-use-them-effectively,AI Coding Assistants: How to Use Them Effectively,generative-ai,guide,tutorial,0,690,"Rewrite each member about its own topic. None is a merge target: the topics differ, only the text is shared."
S5,keyword-swapped,38,0.999,DEEP REWRITE,false,0.978,03331497-e78e-442a-9ce9-f99d866cd1e9,/blog/building-a-customer-support-bot-with-llms,Building a Customer Support Bot with LLMs,generative-ai,guide,tutorial,0,697,"Rewrite each member about its own topic. None is a merge target: the topics differ, only the text is shared."
S5,keyword-swapped,38,0.999,DEEP REWRITE,false,0.978,72a20872-37c4-49a1-813d-e0675a5c0a96,/blog/building-a-document-q-and-a-chatbot-with-rag,Building a Document Q&A Chatbot with RAG,generative-ai,guide,tutorial,0,700,"Rewrite each member about its own topic. None is a merge target: the topics differ, only the text is shared."
S5,keyword-swapped,38,0.999,DEEP REWRITE,false,0.978,0f713792-a399-4270-a18a-c6a8afd148b3,/blog/building-a-multi-agent-system-patterns-and-pitfalls,Building a Multi-Agent System: Patterns and Pitfalls,generative-ai,guide,tutorial,0,691,"Rewrite each member about its own topic. None is a merge target: the topics differ, only the text is shared."
S5,keyword-swapped,38,0.999,DEEP REWRITE,false,0.978,9e69c58c-0543-4b92-8299-0539e9e3af0d,/blog/building-ai-agents-with-langgraph-a-hands-on-tutorial,Building AI Agents with LangGraph: A Hands-On Tutorial,generative-ai,guide,tutorial,0,694,"Rewrite each member about its own topic. None is a merge target: the topics differ, only the text is shared."
S5,keyword-swapped,38,0.999,DEEP REWRITE,false,0.978,a13c4178-f865-46db-a7a8-188185cc40bd,/blog/chain-of-thought-prompting-making-llms-reason,Chain-of-Thought Prompting: Making LLMs Reason,generative-ai,guide,tutorial,0,685,"Rewrite each member about its own topic. None is a merge target: the topics differ, only the text is shared."
S5,keyword-swapped,38,0.999,DEEP REWRITE,false,0.978,917e4f2d-08cd-4587-ae5e-e40029e7afc7,/blog/chatgpt-complete-guide-features-prompts-and-use-cases,"ChatGPT Complete Guide: Features, Prompts and Use Cases",generative-ai,guide,tutorial,0,690,"Rewrite each member about its own topic. None is a merge target: the topics differ, only the text is shared."
S5,keyword-swapped,38,0.999,DEEP REWRITE,false,0.978,dd5b32f3-2b2c-4289-9637-3df389d1332f,/blog/chunking-strategies-for-rag-getting-retrieval-right,Chunking Strategies for RAG: Getting Retrieval Right,generative-ai,guide,tutorial,0,691,"Rewrite each member about its own topic. None is a merge target: the topics differ, only the text is shared."
S5,keyword-swapped,38,0.999,DEEP REWRITE,false,0.978,cc103472-38bf-4e41-ac62-3eb020762646,/blog/context-windows-explained-tokens-limits-and-costs,"Context Windows Explained: Tokens, Limits and Costs",generative-ai,guide,tutorial,0,689,"Rewrite each member about its own topic. None is a merge target: the topics differ, only the text is shared."
S5,keyword-swapped,38,0.999,DEEP REWRITE,false,0.978,825b3a5a-7234-49ae-b739-cb31b8e97ef4,/blog/cost-optimization-for-llm-applications-in-production,Cost Optimization for LLM Applications in Production,generative-ai,guide,tutorial,0,697,"Rewrite each member about its own topic. None is a merge target: the topics differ, only the text is shared."
S5,keyword-swapped,38,0.999,DEEP REWRITE,false,0.978,33324384-3d3f-4b16-93cf-4b926bed29ce,/blog/embeddings-explained-the-foundation-of-modern-ai,Embeddings Explained: The Foundation of Modern AI,generative-ai,guide,tutorial,0,687,"Rewrite each member about its own topic. None is a merge target: the topics differ, only the text is shared."
S5,keyword-swapped,38,0.999,DEEP REWRITE,false,0.978,6abc197f-b75a-44b8-8082-f08719c60124,/blog/evaluating-llm-outputs-metrics-tools-and-best-practices,"Evaluating LLM Outputs: Metrics, Tools and Best Practices",generative-ai,guide,tutorial,0,690,"Rewrite each member about its own topic. None is a merge target: the topics differ, only the text is shared."
S5,keyword-swapped,38,0.999,DEEP REWRITE,false,0.978,febcf860-313b-4ee1-9e1a-a4bd6af1cc50,/blog/function-calling-and-tool-use-in-llms-explained,Function Calling and Tool Use in LLMs Explained,generative-ai,guide,tutorial,0,700,"Rewrite each member about its own topic. None is a merge target: the topics differ, only the text is shared."
S5,keyword-swapped,38,0.999,DEEP REWRITE,false,0.978,ce541867-8f3d-497c-a960-d47813398c85,/blog/generative-ai-for-images-diffusion-models-explained,Generative AI for Images: Diffusion Models Explained,generative-ai,guide,tutorial,0,691,"Rewrite each member about its own topic. None is a merge target: the topics differ, only the text is shared."
S5,keyword-swapped,38,0.999,DEEP REWRITE,false,0.978,fe788dc5-61a7-4462-93f8-b73de5f3dffa,/blog/guardrails-for-llms-keeping-ai-apps-safe-and-on-topic,Guardrails for LLMs: Keeping AI Apps Safe and On-Topic,generative-ai,guide,tutorial,0,691,"Rewrite each member about its own topic. None is a merge target: the topics differ, only the text is shared."
S5,keyword-swapped,38,0.999,DEEP REWRITE,false,0.978,fedc7a3a-de64-4891-a319-c286b7a1556d,/blog/how-large-language-models-llms-work-under-the-hood,How Large Language Models (LLMs) Work Under the Hood,generative-ai,guide,tutorial,0,703,"Rewrite each member about its own topic. None is a merge target: the topics differ, only the text is shared."
S5,keyword-swapped,38,0.999,DEEP REWRITE,false,0.978,6d8c9a6a-d793-4c3f-9b66-28af0be82561,/blog/how-to-become-a-generative-ai-engineer-in-2026,How to Become a Generative AI Engineer in 2026,generative-ai,guide,career,0,703,"Rewrite each member about its own topic. None is a merge target: the topics differ, only the text is shared."
S5,keyword-swapped,38,0.999,DEEP REWRITE,false,0.978,6f6ce1a2-6cc7-4d7e-b869-3d20b14f7159,/blog/how-to-reduce-llm-hallucinations-in-production,How to Reduce LLM Hallucinations in Production,generative-ai,guide,tutorial,0,697,"Rewrite each member about its own topic. None is a merge target: the topics differ, only the text is shared."
S5,keyword-swapped,38,0.999,DEEP REWRITE,false,0.978,85814e09-f73e-45b6-8687-c31556b4716f,/blog/how-transformers-changed-ai-attention-explained,How Transformers Changed AI: Attention Explained,generative-ai,guide,tutorial,0,690,"Rewrite each member about its own topic. None is a merge target: the topics differ, only the text is shared."
S5,keyword-swapped,38,0.999,DEEP REWRITE,false,0.978,c46cf92e-84d8-4a2a-a1e8-1f7390d268b1,/blog/hugging-face-transformers-a-practical-getting-started-guide,Hugging Face Transformers: A Practical Getting-Started Guide,generative-ai,guide,tutorial,0,689,"Rewrite each member about its own topic. None is a merge target: the topics differ, only the text is shared."
S5,keyword-swapped,38,0.999,DEEP REWRITE,false,0.978,42609781-0ed4-4d32-ba33-75bb19edaa6e,/blog/knowledge-graphs-and-rag-combining-structure-with-search,Knowledge Graphs and RAG: Combining Structure with Search,generative-ai,guide,tutorial,0,692,"Rewrite each member about its own topic. None is a merge target: the topics differ, only the text is shared."
S5,keyword-swapped,38,0.999,DEEP REWRITE,false,0.978,9f745723-761c-4d15-a4c9-c633b10ad3c2,/blog/langchain-tutorial-build-your-first-llm-app,LangChain Tutorial: Build Your First LLM App,generative-ai,guide,tutorial,0,687,"Rewrite each member about its own topic. None is a merge target: the topics differ, only the text is shared."
S5,keyword-swapped,38,0.999,DEEP REWRITE,false,0.978,c2a710dd-db6f-4119-b844-59bd08f77282,/blog/langgraph-tutorial-building-stateful-ai-agents,LangGraph Tutorial: Building Stateful AI Agents,generative-ai,guide,tutorial,0,686,"Rewrite each member about its own topic. None is a merge target: the topics differ, only the text is shared."
S5,keyword-swapped,38,0.999,DEEP REWRITE,false,0.978,20f9abf2-4641-4a3f-94cf-382079f3bd9c,/blog/lora-and-qlora-efficient-fine-tuning-explained,LoRA and QLoRA: Efficient Fine-Tuning Explained,generative-ai,guide,tutorial,0,688,"Rewrite each member about its own topic. None is a merge target: the topics differ, only the text is shared."
S5,keyword-swapped,38,0.999,DEEP REWRITE,false,0.978,dc6432a5-729c-4fca-b3ef-149ed2893472,/blog/model-context-protocol-mcp-explained-for-beginners,Model Context Protocol (MCP) Explained for Beginners,generative-ai,guide,tutorial,0,697,"Rewrite each member about its own topic. None is a merge target: the topics differ, only the text is shared."
S5,keyword-swapped,38,0.999,DEEP REWRITE,false,0.978,4229a041-f228-47e3-b5ce-93e94a4df466,/blog/multimodal-ai-models-that-see-hear-and-speak,"Multimodal AI: Models That See, Hear and Speak",generative-ai,guide,tutorial,0,688,"Rewrite each member about its own topic. None is a merge target: the topics differ, only the text is shared."
S5,keyword-swapped,38,0.999,DEEP REWRITE,false,0.978,168e48d7-4720-4d3a-81de-3e8e805905fd,/blog/ollama-tutorial-run-llms-locally-on-your-machine,Ollama Tutorial: Run LLMs Locally on Your Machine,generative-ai,guide,tutorial,0,688,"Rewrite each member about its own topic. None is a merge target: the topics differ, only the text is shared."
S5,keyword-swapped,38,0.999,DEEP REWRITE,false,0.978,5130f2dc-04fe-4df6-9d5c-db309461c983,/blog/prompt-templates-and-versioning-managing-prompts-at-scale,Prompt Templates and Versioning: Managing Prompts at Scale,generative-ai,guide,tutorial,0,692,"Rewrite each member about its own topic. None is a merge target: the topics differ, only the text is shared."
S5,keyword-swapped,38,0.999,DEEP REWRITE,false,0.978,7c809a1c-1807-44a9-9e31-cadcefc8342b,/blog/rag-architecture-explained-retrieval-augmented-generation,RAG Architecture Explained: Retrieval-Augmented Generation,generative-ai,guide,tutorial,0,687,"Rewrite each member about its own topic. None is a merge target: the topics differ, only the text is shared."
S5,keyword-swapped,38,0.999,DEEP REWRITE,false,0.978,4593aa92-6902-4d4a-aed6-443838ad5b01,/blog/retrieval-evaluation-measuring-rag-quality,Retrieval Evaluation: Measuring RAG Quality,generative-ai,guide,tutorial,0,685,"Rewrite each member about its own topic. None is a merge target: the topics differ, only the text is shared."
S5,keyword-swapped,38,0.999,DEEP REWRITE,false,0.978,e3689580-16df-46ba-91f5-4bb6fdf25da5,/blog/speech-to-text-and-text-to-speech-with-modern-ai,Speech-to-Text and Text-to-Speech with Modern AI,generative-ai,guide,tutorial,0,694,"Rewrite each member about its own topic. None is a merge target: the topics differ, only the text is shared."
S5,keyword-swapped,38,0.999,DEEP REWRITE,false,0.978,18c24a13-bca9-454e-ae35-d9792cff2e40,/blog/synthetic-data-generation-with-llms-a-practical-guide,Synthetic Data Generation with LLMs: A Practical Guide,generative-ai,guide,tutorial,0,694,"Rewrite each member about its own topic. None is a merge target: the topics differ, only the text is shared."
S5,keyword-swapped,38,0.999,DEEP REWRITE,false,0.978,e674e833-75fd-4a74-9f3a-1cd17454afce,/blog/tokenization-in-llms-why-it-matters-more-than-you-think,Tokenization in LLMs: Why It Matters More Than You Think,generative-ai,guide,tutorial,0,692,"Rewrite each member about its own topic. None is a merge target: the topics differ, only the text is shared."
S5,keyword-swapped,38,0.999,DEEP REWRITE,false,0.978,eff04529-9a02-4bf9-9563-a4af242cf1ed,/blog/top-generative-ai-tools-every-developer-should-know-in-2026,Top Generative AI Tools Every Developer Should Know in 2026,generative-ai,guide,tutorial,0,706,"Rewrite each member about its own topic. None is a merge target: the topics differ, only the text is shared."
S5,keyword-swapped,38,0.999,DEEP REWRITE,false,0.978,3674820c-7224-4543-8958-ca92108595d1,/blog/vector-databases-explained-pinecone-faiss-and-chromadb,"Vector Databases Explained: Pinecone, FAISS and ChromaDB",generative-ai,guide,tutorial,0,689,"Rewrite each member about its own topic. None is a merge target: the topics differ, only the text is shared."
S5,keyword-swapped,38,0.999,DEEP REWRITE,false,0.978,94cd98f5-f32b-456a-bf7b-934283d95244,/blog/vllm-and-model-serving-scaling-llm-inference,vLLM and Model Serving: Scaling LLM Inference,generative-ai,guide,tutorial,0,691,"Rewrite each member about its own topic. None is a merge target: the topics differ, only the text is shared."
S6,keyword-swapped,49,0.996,DEEP REWRITE,true,1,09f2a01c-0f55-4a77-987b-ee0eb6fbaece,/blog/docker-and-kubernetes-interview-questions-for-ml,Docker and Kubernetes Interview Questions for ML,interview-questions,interview,interview,0.002,519,"Rewrite each member about its own topic. None is a merge target: the topics differ, only the text is shared."
S6,keyword-swapped,49,0.996,DEEP REWRITE,false,0.995,2e06b1e7-1562-4bb8-8eb5-56f7aba5c4a9,/blog/airflow-interview-questions-for-data-engineers,Airflow Interview Questions for Data Engineers,interview-questions,interview,interview,0.002,517,"Rewrite each member about its own topic. None is a merge target: the topics differ, only the text is shared."
S6,keyword-swapped,49,0.996,DEEP REWRITE,false,0.995,91ec07f1-35b5-4283-985c-68c07bbdbad1,/blog/apache-spark-interview-questions-and-answers,Apache Spark Interview Questions and Answers,interview-questions,interview,interview,0.002,517,"Rewrite each member about its own topic. None is a merge target: the topics differ, only the text is shared."
S6,keyword-swapped,49,0.996,DEEP REWRITE,false,0.995,fb36b6b8-8d57-43ad-a1c6-1961da1d47d3,/blog/aws-interview-questions-for-data-engineers,AWS Interview Questions for Data Engineers,interview-questions,interview,interview,0.002,517,"Rewrite each member about its own topic. None is a merge target: the topics differ, only the text is shared."
S6,keyword-swapped,49,0.996,DEEP REWRITE,false,0.998,e96ec2d8-45ed-48de-b9ea-ffd1e5e1c3fd,/blog/azure-data-factory-adf-interview-questions,Azure Data Factory (ADF) Interview Questions,interview-questions,interview,interview,0,517,"Rewrite each member about its own topic. None is a merge target: the topics differ, only the text is shared."
S6,keyword-swapped,49,0.996,DEEP REWRITE,false,0.995,72c3f650-0df8-4772-bd7f-f750cdab4341,/blog/azure-interview-questions-for-data-engineers,Azure Interview Questions for Data Engineers,interview-questions,interview,interview,0.002,517,"Rewrite each member about its own topic. None is a merge target: the topics differ, only the text is shared."
S6,keyword-swapped,49,0.996,DEEP REWRITE,false,0.995,33b74348-521e-4edd-8dd4-a36b7b482ae2,/blog/behavioral-interview-questions-for-data-roles,Behavioral Interview Questions for Data Roles,interview-questions,interview,interview,0.002,517,"Rewrite each member about its own topic. None is a merge target: the topics differ, only the text is shared."
S6,keyword-swapped,49,0.996,DEEP REWRITE,false,0.995,2ea9a851-4aa0-4556-98b2-7fde44c6c725,/blog/bigquery-interview-questions-and-answers,BigQuery Interview Questions and Answers,interview-questions,interview,interview,0.002,515,"Rewrite each member about its own topic. None is a merge target: the topics differ, only the text is shared."
S6,keyword-swapped,49,0.996,DEEP REWRITE,false,0.995,f969569b-56de-47e2-8a5f-d3f4da8de529,/blog/computer-vision-interview-questions-and-answers,Computer Vision Interview Questions and Answers,interview-questions,interview,interview,0.002,517,"Rewrite each member about its own topic. None is a merge target: the topics differ, only the text is shared."
S6,keyword-swapped,49,0.996,DEEP REWRITE,false,0.995,28258a22-d9d9-4d6a-8268-84a950122a18,/blog/data-analyst-interview-questions-and-answers,Data Analyst Interview Questions and Answers,interview-questions,interview,interview,0.002,517,"Rewrite each member about its own topic. None is a merge target: the topics differ, only the text is shared."
S6,keyword-swapped,49,0.996,DEEP REWRITE,false,0.995,d378de89-5a04-49e3-beb5-faca70d91481,/blog/data-engineering-interview-questions-and-answers,Data Engineering Interview Questions and Answers,interview-questions,interview,interview,0.002,517,"Rewrite each member about its own topic. None is a merge target: the topics differ, only the text is shared."
S6,keyword-swapped,49,0.996,DEEP REWRITE,false,0.995,3538b8fb-f0ce-4f9b-9dae-4eb95b41e7f5,/blog/data-modeling-interview-questions-explained,Data Modeling Interview Questions Explained,interview-questions,interview,interview,0.002,515,"Rewrite each member about its own topic. None is a merge target: the topics differ, only the text is shared."
S6,keyword-swapped,49,0.996,DEEP REWRITE,false,0.995,ceeedef7-eee6-4812-82fd-9d0980553063,/blog/data-science-interview-questions-and-answers-2026,Data Science Interview Questions and Answers 2026,interview-questions,interview,interview,0.002,519,"Rewrite each member about its own topic. None is a merge target: the topics differ, only the text is shared."
S6,keyword-swapped,49,0.996,DEEP REWRITE,false,0.995,d65f1972-854c-4a7e-a393-f8b21f2d4301,/blog/data-warehouse-interview-questions-and-answers,Data Warehouse Interview Questions and Answers,interview-questions,interview,interview,0.002,517,"Rewrite each member about its own topic. None is a merge target: the topics differ, only the text is shared."
S6,keyword-swapped,49,0.996,DEEP REWRITE,false,0.995,693e2cc1-4c16-495a-bd09-3dcb072bf57b,/blog/databricks-interview-questions-and-answers,Databricks Interview Questions and Answers,interview-questions,interview,interview,0.002,515,"Rewrite each member about its own topic. None is a merge target: the topics differ, only the text is shared."
S6,keyword-swapped,49,0.996,DEEP REWRITE,false,0.995,d4b16ad8-8e08-4516-b3be-31e343134910,/blog/dax-interview-questions-for-power-bi-developers,DAX Interview Questions for Power BI Developers,interview-questions,interview,interview,0.002,519,"Rewrite each member about its own topic. None is a merge target: the topics differ, only the text is shared."
S6,keyword-swapped,49,0.996,DEEP REWRITE,false,0.995,ef2fdaa6-042c-420f-a1f7-1b7d89740818,/blog/deep-learning-interview-questions-and-answers,Deep Learning Interview Questions and Answers,interview-questions,interview,interview,0.002,517,"Rewrite each member about its own topic. None is a merge target: the topics differ, only the text is shared."
S6,keyword-swapped,49,0.996,DEEP REWRITE,false,0.995,336dac4c-9938-4bce-b4ad-042010a2fbdd,/blog/etl-interview-questions-for-data-engineers,ETL Interview Questions for Data Engineers,interview-questions,interview,interview,0.002,517,"Rewrite each member about its own topic. None is a merge target: the topics differ, only the text is shared."
S6,keyword-swapped,49,0.996,DEEP REWRITE,false,0.995,9671d0ef-8c4c-4a64-86a6-3e0afb66dcb0,/blog/excel-interview-questions-for-data-analysts,Excel Interview Questions for Data Analysts,interview-questions,interview,interview,0.002,517,"Rewrite each member about its own topic. None is a merge target: the topics differ, only the text is shared."
S6,keyword-swapped,49,0.996,DEEP REWRITE,false,0.998,79a54bb1-a722-4563-886d-be683ce70183,/blog/feature-engineering-interview-questions,Feature Engineering Interview Questions,interview-questions,interview,interview,0,513,"Rewrite each member about its own topic. None is a merge target: the topics differ, only the text is shared."
S6,keyword-swapped,49,0.996,DEEP REWRITE,false,0.995,94f00e05-193a-4156-b50f-fb1308d108a1,/blog/gcp-interview-questions-for-data-engineers,GCP Interview Questions for Data Engineers,interview-questions,interview,interview,0.002,517,"Rewrite each member about its own topic. None is a merge target: the topics differ, only the text is shared."
S6,keyword-swapped,49,0.996,DEEP REWRITE,false,0.998,cf8d6c2e-47b8-451f-97dd-3879366b47f0,/blog/generative-ai-and-llm-interview-questions,Generative AI and LLM Interview Questions,interview-questions,interview,interview,0,517,"Rewrite each member about its own topic. None is a merge target: the topics differ, only the text is shared."
S6,keyword-swapped,49,0.996,DEEP REWRITE,false,0.995,103de154-885e-430a-87c4-b3e7dc09386a,/blog/git-interview-questions-every-developer-should-know,Git Interview Questions Every Developer Should Know,interview-questions,interview,interview,0.002,519,"Rewrite each member about its own topic. None is a merge target: the topics differ, only the text is shared."
S6,keyword-swapped,49,0.996,DEEP REWRITE,false,0.995,b06e96a2-0c26-4a22-92f5-6961ba72d034,/blog/hadoop-interview-questions-and-answers,Hadoop Interview Questions and Answers,interview-questions,interview,interview,0.002,515,"Rewrite each member about its own topic. None is a merge target: the topics differ, only the text is shared."
S6,keyword-swapped,49,0.996,DEEP REWRITE,false,0.995,a1d2eb6a-b749-455a-a269-4a6f4b870673,/blog/kafka-interview-questions-explained,Kafka Interview Questions Explained,interview-questions,interview,interview,0.002,513,"Rewrite each member about its own topic. None is a merge target: the topics differ, only the text is shared."
S6,keyword-swapped,49,0.996,DEEP REWRITE,false,0.995,e29aba5c-08bd-4f10-99d5-d1b1418cff33,/blog/linux-interview-questions-for-data-engineers,Linux Interview Questions for Data Engineers,interview-questions,interview,interview,0.002,517,"Rewrite each member about its own topic. None is a merge target: the topics differ, only the text is shared."
S6,keyword-swapped,49,0.996,DEEP REWRITE,false,0.998,91d16817-f3bf-4b01-b6d3-01df7e635c83,/blog/machine-learning-interview-questions-concepts-and-answers,Machine Learning Interview Questions: Concepts and Answers,interview-questions,interview,interview,0,516,"Rewrite each member about its own topic. None is a merge target: the topics differ, only the text is shared."
S6,keyword-swapped,49,0.996,DEEP REWRITE,false,0.995,e46dd18b-36d8-40fb-9729-5023c0219658,/blog/mlops-interview-questions-and-answers,MLOps Interview Questions and Answers,interview-questions,interview,interview,0.002,515,"Rewrite each member about its own topic. None is a merge target: the topics differ, only the text is shared."
S6,keyword-swapped,49,0.996,DEEP REWRITE,false,0.995,fd1b5c74-df47-411d-b587-8600970de604,/blog/nlp-interview-questions-for-data-scientists,NLP Interview Questions for Data Scientists,interview-questions,interview,interview,0.002,517,"Rewrite each member about its own topic. None is a merge target: the topics differ, only the text is shared."
S6,keyword-swapped,49,0.996,DEEP REWRITE,false,0.995,b3b16932-4699-4144-8b25-2d7f09b7ec3f,/blog/numpy-interview-questions-for-data-roles,NumPy Interview Questions for Data Roles,interview-questions,interview,interview,0.002,517,"Rewrite each member about its own topic. None is a merge target: the topics differ, only the text is shared."
S6,keyword-swapped,49,0.996,DEEP REWRITE,false,0.995,fc4360ad-8aae-49ec-886e-23ae17a2a9c8,/blog/pandas-interview-questions-every-analyst-should-know,Pandas Interview Questions Every Analyst Should Know,interview-questions,interview,interview,0.002,519,"Rewrite each member about its own topic. None is a merge target: the topics differ, only the text is shared."
S6,keyword-swapped,49,0.996,DEEP REWRITE,false,0.995,45a28bcf-874b-48d3-8589-3d7cdeca2666,/blog/power-bi-interview-questions-with-detailed-answers,Power BI Interview Questions with Detailed Answers,interview-questions,interview,interview,0.002,519,"Rewrite each member about its own topic. None is a merge target: the topics differ, only the text is shared."
S6,keyword-swapped,49,0.996,DEEP REWRITE,false,0.995,dfd6e4b1-074e-4822-b61f-52f3aa65d16a,/blog/probability-interview-questions-for-data-science,Probability Interview Questions for Data Science,interview-questions,interview,interview,0.002,517,"Rewrite each member about its own topic. None is a merge target: the topics differ, only the text is shared."
S6,keyword-swapped,49,0.996,DEEP REWRITE,false,0.995,6c03ff22-411c-4983-8ad6-a42a6df1fdfb,/blog/pyspark-interview-questions-with-examples,PySpark Interview Questions with Examples,interview-questions,interview,interview,0.002,515,"Rewrite each member about its own topic. None is a merge target: the topics differ, only the text is shared."
S6,keyword-swapped,49,0.996,DEEP REWRITE,false,0.995,37fd49e4-04a3-45b0-a5c0-bc59154ca904,/blog/python-coding-interview-questions-and-patterns,Python Coding Interview Questions and Patterns,interview-questions,interview,interview,0.002,517,"Rewrite each member about its own topic. None is a merge target: the topics differ, only the text is shared."
S6,keyword-swapped,49,0.996,DEEP REWRITE,false,0.995,8f3e6cc3-851a-459f-a821-c64d9dd4de2a,/blog/python-interview-questions-for-data-roles,Python Interview Questions for Data Roles,interview-questions,interview,interview,0.002,517,"Rewrite each member about its own topic. None is a merge target: the topics differ, only the text is shared."
S6,keyword-swapped,49,0.996,DEEP REWRITE,false,0.995,d072e01d-bfd2-43ff-9414-949102f7ac8f,/blog/redshift-interview-questions-and-answers,Redshift Interview Questions and Answers,interview-questions,interview,interview,0.002,515,"Rewrite each member about its own topic. None is a merge target: the topics differ, only the text is shared."
S6,keyword-swapped,49,0.996,DEEP REWRITE,false,0.995,74a2fb9b-d043-44be-a9c3-9b12ea1ab0bb,/blog/rest-api-interview-questions-and-answers,REST API Interview Questions and Answers,interview-questions,interview,interview,0.002,517,"Rewrite each member about its own topic. None is a merge target: the topics differ, only the text is shared."
S6,keyword-swapped,49,0.996,DEEP REWRITE,false,0.998,6e1e8360-d516-42a5-b0ff-28815b2b62b4,/blog/scenario-based-sql-interview-questions,Scenario-Based SQL Interview Questions,interview-questions,interview,interview,0,513,"Rewrite each member about its own topic. None is a merge target: the topics differ, only the text is shared."
S6,keyword-swapped,49,0.996,DEEP REWRITE,false,0.995,e7ebd93c-043d-432b-81ed-d30b646913ac,/blog/snowflake-interview-questions-for-data-engineers,Snowflake Interview Questions for Data Engineers,interview-questions,interview,interview,0.002,517,"Rewrite each member about its own topic. None is a merge target: the topics differ, only the text is shared."
S6,keyword-swapped,49,0.996,DEEP REWRITE,false,0.998,1bc64f43-9695-45a0-8f10-ec5565d163a2,/blog/spark-performance-interview-questions,Spark Performance Interview Questions,interview-questions,interview,interview,0,513,"Rewrite each member about its own topic. None is a merge target: the topics differ, only the text is shared."
S6,keyword-swapped,49,0.996,DEEP REWRITE,false,0.998,7b6eac4b-442b-49d6-b36a-e9b17a16fc59,/blog/sql-interview-questions-top-50-with-answers,SQL Interview Questions: Top 50 with Answers,interview-questions,interview,interview,0,515,"Rewrite each member about its own topic. None is a merge target: the topics differ, only the text is shared."
S6,keyword-swapped,49,0.996,DEEP REWRITE,false,0.995,aac6475a-e773-439f-9b1c-bee32b550604,/blog/sql-joins-interview-questions-explained,SQL Joins Interview Questions Explained,interview-questions,interview,interview,0.002,515,"Rewrite each member about its own topic. None is a merge target: the topics differ, only the text is shared."
S6,keyword-swapped,49,0.996,DEEP REWRITE,false,0.998,f6b8ce40-2762-4f88-9812-fa523dcad34c,/blog/sql-query-optimization-interview-questions,SQL Query Optimization Interview Questions,interview-questions,interview,interview,0,515,"Rewrite each member about its own topic. None is a merge target: the topics differ, only the text is shared."
S6,keyword-swapped,49,0.996,DEEP REWRITE,false,0.995,a84dfe9a-49ee-4ec0-9307-68bfcf6c4495,/blog/statistics-interview-questions-for-data-science,Statistics Interview Questions for Data Science,interview-questions,interview,interview,0.002,517,"Rewrite each member about its own topic. None is a merge target: the topics differ, only the text is shared."
S6,keyword-swapped,49,0.996,DEEP REWRITE,false,0.995,a29327d8-4825-422a-aefa-bd84284bc548,/blog/system-design-interview-questions-for-data-engineers,System Design Interview Questions for Data Engineers,interview-questions,interview,interview,0.002,519,"Rewrite each member about its own topic. None is a merge target: the topics differ, only the text is shared."
S6,keyword-swapped,49,0.996,DEEP REWRITE,false,0.995,65382c79-0cdd-40af-bb31-09a03b6e4c0c,/blog/tableau-interview-questions-and-answers,Tableau Interview Questions and Answers,interview-questions,interview,interview,0.002,515,"Rewrite each member about its own topic. None is a merge target: the topics differ, only the text is shared."
S6,keyword-swapped,49,0.996,DEEP REWRITE,false,0.995,350a81ab-9383-4028-a0d0-33f585eeedc3,/blog/time-series-interview-questions-for-data-science,Time Series Interview Questions for Data Science,interview-questions,interview,interview,0.002,519,"Rewrite each member about its own topic. None is a merge target: the topics differ, only the text is shared."
S6,keyword-swapped,49,0.996,DEEP REWRITE,false,0.998,1ebea313-c19e-45ea-9b86-e6682e0c5ed3,/blog/window-functions-sql-interview-questions,Window Functions SQL Interview Questions,interview-questions,interview,interview,0,515,"Rewrite each member about its own topic. None is a merge target: the topics differ, only the text is shared."
S7,keyword-swapped,32,1,DEEP REWRITE,true,1,b9fbae04-d29a-4a8e-a16f-3f23b53cd221,/blog/how-to-become-a-data-engineer-in-2026,How to Become a Data Engineer in 2026,data-engineering,guide,career,0,685,"Rewrite each member about its own topic. None is a merge target: the topics differ, only the text is shared."
S7,keyword-swapped,32,1,DEEP REWRITE,false,1,5d57b451-b542-4e96-9cee-2ea19f961d27,/blog/airflow-tutorial-orchestrating-data-pipelines,Airflow Tutorial: Orchestrating Data Pipelines,data-engineering,guide,tutorial,0,670,"Rewrite each member about its own topic. None is a merge target: the topics differ, only the text is shared."
S7,keyword-swapped,32,1,DEEP REWRITE,false,1,e73532ca-6c20-4b39-b190-b8d3e3243ac8,/blog/apache-kafka-explained-streaming-data-basics,Apache Kafka Explained: Streaming Data Basics,data-engineering,guide,tutorial,0,673,"Rewrite each member about its own topic. None is a merge target: the topics differ, only the text is shared."
S7,keyword-swapped,32,1,DEEP REWRITE,false,1,4ebc971b-8e9d-467c-a277-1af051bda29b,/blog/apache-spark-explained-for-beginners,Apache Spark Explained for Beginners,data-engineering,guide,tutorial,0,676,"Rewrite each member about its own topic. None is a merge target: the topics differ, only the text is shared."
S7,keyword-swapped,32,1,DEEP REWRITE,false,1,69913a9c-53e8-4caa-abe4-3cf11ca9b30b,/blog/building-a-data-warehouse-a-step-by-step-guide,Building a Data Warehouse: A Step-by-Step Guide,data-engineering,guide,tutorial,0,676,"Rewrite each member about its own topic. None is a merge target: the topics differ, only the text is shared."
S7,keyword-swapped,32,1,DEEP REWRITE,false,1,747abbc1-4071-4aaf-84af-3bbcc7f62ff1,/blog/building-a-streaming-pipeline-with-kafka-and-spark,Building a Streaming Pipeline with Kafka and Spark,data-engineering,guide,tutorial,0,685,"Rewrite each member about its own topic. None is a merge target: the topics differ, only the text is shared."
S7,keyword-swapped,32,1,DEEP REWRITE,false,1,bead229f-3b4b-42ea-8fd3-07d44b415a1d,/blog/building-incremental-data-loads-that-scale,Building Incremental Data Loads That Scale,data-engineering,guide,tutorial,0,679,"Rewrite each member about its own topic. None is a merge target: the topics differ, only the text is shared."
S7,keyword-swapped,32,1,DEEP REWRITE,false,1,df25f830-9e0f-469c-b913-552ae161ace8,/blog/building-your-first-data-pipeline-a-walkthrough,Building Your First Data Pipeline: A Walkthrough,data-engineering,guide,tutorial,0,678,"Rewrite each member about its own topic. None is a merge target: the topics differ, only the text is shared."
S7,keyword-swapped,32,1,DEEP REWRITE,false,1,07e8b86d-4546-4062-82e7-a772e4c8174f,/blog/cdc-change-data-capture-explained-with-examples,CDC (Change Data Capture) Explained with Examples,data-engineering,guide,tutorial,0,682,"Rewrite each member about its own topic. None is a merge target: the topics differ, only the text is shared."
S7,keyword-swapped,32,1,DEEP REWRITE,false,1,50cd4f22-ea78-4a29-b3b1-7aea85eb9d82,/blog/data-contracts-reliable-pipelines-between-teams,Data Contracts: Reliable Pipelines Between Teams,data-engineering,guide,tutorial,0,671,"Rewrite each member about its own topic. None is a merge target: the topics differ, only the text is shared."
S7,keyword-swapped,32,1,DEEP REWRITE,false,1,ad6c6db4-7122-40af-8016-86960a506c49,/blog/data-engineering-tools-you-must-learn-in-2026,Data Engineering Tools You Must Learn in 2026,data-engineering,guide,tutorial,0,685,"Rewrite each member about its own topic. None is a merge target: the topics differ, only the text is shared."
S7,keyword-swapped,32,1,DEEP REWRITE,false,1,d3cc84b7-ca6c-4f99-a198-d99035480b18,/blog/data-modeling-star-schema-snowflake-and-data-vault,"Data Modeling: Star Schema, Snowflake and Data Vault",data-engineering,guide,tutorial,0,673,"Rewrite each member about its own topic. None is a merge target: the topics differ, only the text is shared."
S7,keyword-swapped,32,1,DEEP REWRITE,false,1,40ef6920-5fa8-4eb3-a79f-93a58b864e04,/blog/data-quality-testing-and-validation-in-pipelines,Data Quality: Testing and Validation in Pipelines,data-engineering,guide,tutorial,0,672,"Rewrite each member about its own topic. None is a merge target: the topics differ, only the text is shared."
S7,keyword-swapped,32,1,DEEP REWRITE,false,1,fa556191-c716-47e5-8742-41ccd92ced2b,/blog/data-warehouse-explained-concepts-and-architecture,Data Warehouse Explained: Concepts and Architecture,data-engineering,guide,tutorial,0,673,"Rewrite each member about its own topic. None is a merge target: the topics differ, only the text is shared."
S7,keyword-swapped,32,1,DEEP REWRITE,false,1,f82e181d-ac01-49be-beae-19a1ea358f60,/blog/databricks-tutorial-a-beginner-s-guide,Databricks Tutorial: A Beginner's Guide,data-engineering,guide,tutorial,0,670,"Rewrite each member about its own topic. None is a merge target: the topics differ, only the text is shared."
S7,keyword-swapped,32,1,DEEP REWRITE,false,1,1d22fc41-7822-4da0-b930-3fb492f53d3a,/blog/dbt-tutorial-transformations-in-the-modern-data-stack,dbt Tutorial: Transformations in the Modern Data Stack,data-engineering,guide,tutorial,0,673,"Rewrite each member about its own topic. None is a merge target: the topics differ, only the text is shared."
S7,keyword-swapped,32,1,DEEP REWRITE,false,1,d14ca241-79af-44c8-b0ec-c36463b23f4e,/blog/delta-lake-explained-reliable-lakes-with-acid,Delta Lake Explained: Reliable Lakes with ACID,data-engineering,guide,tutorial,0,674,"Rewrite each member about its own topic. None is a merge target: the topics differ, only the text is shared."
S7,keyword-swapped,32,1,DEEP REWRITE,false,1,6d99b234-3768-4d44-a80b-09f0071c027b,/blog/designing-fact-and-dimension-tables,Designing Fact and Dimension Tables,data-engineering,guide,tutorial,0,676,"Rewrite each member about its own topic. None is a merge target: the topics differ, only the text is shared."
S7,keyword-swapped,32,1,DEEP REWRITE,false,1,522f166c-4611-42e9-8a7a-c071f08f2993,/blog/distributed-systems-basics-for-data-engineers,Distributed Systems Basics for Data Engineers,data-engineering,guide,tutorial,0,679,"Rewrite each member about its own topic. None is a merge target: the topics differ, only the text is shared."
S7,keyword-swapped,32,1,DEEP REWRITE,false,1,8e24f914-032a-466a-b6ba-1157d670978d,/blog/handling-late-arriving-data-in-pipelines,Handling Late-Arriving Data in Pipelines,data-engineering,guide,tutorial,0,676,"Rewrite each member about its own topic. None is a merge target: the topics differ, only the text is shared."
S7,keyword-swapped,32,1,DEEP REWRITE,false,1,8797d685-cfa2-4c42-b713-b989639d4417,/blog/idempotency-in-data-pipelines-why-it-matters,Idempotency in Data Pipelines: Why It Matters,data-engineering,guide,tutorial,0,676,"Rewrite each member about its own topic. None is a merge target: the topics differ, only the text is shared."
S7,keyword-swapped,32,1,DEEP REWRITE,false,1,ed385058-9ad5-4a1d-a1af-68f915c51b0b,/blog/medallion-architecture-bronze-silver-and-gold-layers,"Medallion Architecture: Bronze, Silver and Gold Layers",data-engineering,guide,tutorial,0,672,"Rewrite each member about its own topic. None is a merge target: the topics differ, only the text is shared."
S7,keyword-swapped,32,1,DEEP REWRITE,false,1,2bd4e975-fbf9-4721-b99e-40d86e2f9187,/blog/partitioning-and-bucketing-in-spark-explained,Partitioning and Bucketing in Spark Explained,data-engineering,guide,tutorial,0,679,"Rewrite each member about its own topic. None is a merge target: the topics differ, only the text is shared."
S7,keyword-swapped,32,1,DEEP REWRITE,false,1,b63e7d74-670c-45b9-9235-f8a40ba07cab,/blog/pyspark-tutorial-dataframes-transformations-and-actions,"PySpark Tutorial: DataFrames, Transformations and Actions",data-engineering,guide,tutorial,0,671,"Rewrite each member about its own topic. None is a merge target: the topics differ, only the text is shared."
S7,keyword-swapped,32,1,DEEP REWRITE,false,1,94ae6a42-36ac-42ff-b4b7-e8bf99caf3b0,/blog/real-time-analytics-architecture-and-tools,Real-Time Analytics: Architecture and Tools,data-engineering,guide,tutorial,0,670,"Rewrite each member about its own topic. None is a merge target: the topics differ, only the text is shared."
S7,keyword-swapped,32,1,DEEP REWRITE,false,1,16247e73-2517-4f0f-996d-bf38a858ccc1,/blog/schema-evolution-handling-changing-data-structures,Schema Evolution: Handling Changing Data Structures,data-engineering,guide,tutorial,0,671,"Rewrite each member about its own topic. None is a merge target: the topics differ, only the text is shared."
S7,keyword-swapped,32,1,DEEP REWRITE,false,1,6e3bb926-8c77-4478-920e-a235cf7e0a3d,/blog/slowly-changing-dimensions-scd-types-explained,Slowly Changing Dimensions (SCD) Types Explained,data-engineering,guide,tutorial,0,679,"Rewrite each member about its own topic. None is a merge target: the topics differ, only the text is shared."
S7,keyword-swapped,32,1,DEEP REWRITE,false,1,5467e7b0-3db3-463a-8fa8-b7fe5b3565c7,/blog/snowflake-explained-the-cloud-data-warehouse,Snowflake Explained: The Cloud Data Warehouse,data-engineering,guide,tutorial,0,671,"Rewrite each member about its own topic. None is a merge target: the topics differ, only the text is shared."
S7,keyword-swapped,32,1,DEEP REWRITE,false,1,ae52065a-5346-47db-83bf-08c044606f55,/blog/spark-performance-tuning-shuffles-joins-and-caching,"Spark Performance Tuning: Shuffles, Joins and Caching",data-engineering,guide,tutorial,0,674,"Rewrite each member about its own topic. None is a merge target: the topics differ, only the text is shared."
S7,keyword-swapped,32,1,DEEP REWRITE,false,1,bdec5416-d332-4027-8859-0a0af5b167e1,/blog/sql-optimization-for-data-engineers,SQL Optimization for Data Engineers,data-engineering,guide,tutorial,0,676,"Rewrite each member about its own topic. None is a merge target: the topics differ, only the text is shared."
S7,keyword-swapped,32,1,DEEP REWRITE,false,1,adda97ca-0c6a-4b1a-93f3-73ab2c4b9e56,/blog/window-functions-in-sql-for-data-engineers,Window Functions in SQL for Data Engineers,data-engineering,guide,tutorial,0,682,"Rewrite each member about its own topic. None is a merge target: the topics differ, only the text is shared."
S7,keyword-swapped,32,1,DEEP REWRITE,false,1,b23df0ec-f12d-4e01-b766-925c41a39f6a,/blog/workflow-orchestration-with-apache-airflow-dags,Workflow Orchestration with Apache Airflow DAGs,data-engineering,guide,tutorial,0,679,"Rewrite each member about its own topic. None is a merge target: the topics differ, only the text is shared."
S8,keyword-swapped,37,0.998,DEEP REWRITE,true,1,ae40295b-4ad6-4f94-9816-71fc8ff05487,/blog/amazon-athena-querying-s3-with-sql,Amazon Athena: Querying S3 with SQL,aws,guide,tutorial,0.012,676,"Rewrite each member about its own topic. None is a merge target: the topics differ, only the text is shared."
S8,keyword-swapped,37,0.998,DEEP REWRITE,false,0.967,c8197807-6dec-4b93-82b9-cfcd461c3b5b,/blog/amazon-dynamodb-explained-for-beginners,Amazon DynamoDB Explained for Beginners,aws,guide,tutorial,0,681,"Rewrite each member about its own topic. None is a merge target: the topics differ, only the text is shared."
S8,keyword-swapped,37,0.998,DEEP REWRITE,false,0.967,34d19c0e-ed5b-4d89-aa3c-b316a1043bcf,/blog/amazon-ec2-explained-instances-types-and-pricing,"Amazon EC2 Explained: Instances, Types and Pricing",aws,guide,tutorial,0,679,"Rewrite each member about its own topic. None is a merge target: the topics differ, only the text is shared."
S8,keyword-swapped,37,0.998,DEEP REWRITE,false,0.967,3404fd01-f4ec-4dc1-ba13-df9903fc23e1,/blog/amazon-emr-explained-big-data-on-aws,Amazon EMR Explained: Big Data on AWS,aws,guide,tutorial,0,679,"Rewrite each member about its own topic. None is a merge target: the topics differ, only the text is shared."
S8,keyword-swapped,37,0.998,DEEP REWRITE,false,0.967,91518a9c-fe75-447b-8e91-b75d38aadc78,/blog/amazon-kinesis-explained-real-time-streaming,Amazon Kinesis Explained: Real-Time Streaming,aws,guide,tutorial,0,677,"Rewrite each member about its own topic. None is a merge target: the topics differ, only the text is shared."
S8,keyword-swapped,37,0.998,DEEP REWRITE,false,0.967,3c63c20d-a99a-411b-902f-f6e4dd06131a,/blog/amazon-msk-managed-kafka-on-aws,Amazon MSK: Managed Kafka on AWS,aws,guide,tutorial,0,676,"Rewrite each member about its own topic. None is a merge target: the topics differ, only the text is shared."
S8,keyword-swapped,37,0.998,DEEP REWRITE,false,0.967,bbfa6ba7-3b85-4256-9478-90f299254d11,/blog/amazon-redshift-explained-the-cloud-data-warehouse,Amazon Redshift Explained: The Cloud Data Warehouse,aws,guide,tutorial,0,679,"Rewrite each member about its own topic. None is a merge target: the topics differ, only the text is shared."
S8,keyword-swapped,37,0.998,DEEP REWRITE,false,0.967,3a84fe40-cddb-42a3-9f22-25f5aa574716,/blog/amazon-s3-explained-storage-classes-and-best-practices,"Amazon S3 Explained: Storage, Classes and Best Practices",aws,guide,tutorial,0,680,"Rewrite each member about its own topic. None is a merge target: the topics differ, only the text is shared."
S8,keyword-swapped,37,0.998,DEEP REWRITE,false,0.967,80e049d5-c6f5-4474-8cb3-a3447f1fedd4,/blog/athena-federated-queries-explained,Athena Federated Queries Explained,aws,guide,tutorial,0,678,"Rewrite each member about its own topic. None is a merge target: the topics differ, only the text is shared."
S8,keyword-swapped,37,0.998,DEEP REWRITE,false,0.967,f56d3762-478a-4c31-98e0-ef38caae222e,/blog/aws-cloudwatch-for-monitoring-data-pipelines,AWS CloudWatch for Monitoring Data Pipelines,aws,guide,tutorial,0,684,"Rewrite each member about its own topic. None is a merge target: the topics differ, only the text is shared."
S8,keyword-swapped,37,0.998,DEEP REWRITE,false,0.967,2d2684b7-6e03-4a37-930b-fdca72ccceb5,/blog/aws-cost-optimization-for-data-workloads,AWS Cost Optimization for Data Workloads,aws,guide,tutorial,0,684,"Rewrite each member about its own topic. None is a merge target: the topics differ, only the text is shared."
S8,keyword-swapped,37,0.998,DEEP REWRITE,false,0.967,fc7dc45f-56ea-4e11-a850-901156b19a51,/blog/aws-data-engineer-guide-skills-and-services,AWS Data Engineer Guide: Skills and Services,aws,guide,tutorial,0,681,"Rewrite each member about its own topic. None is a merge target: the topics differ, only the text is shared."
S8,keyword-swapped,37,0.998,DEEP REWRITE,false,0.967,3e35ca71-6f6f-47fa-b6c4-f93c4476881d,/blog/aws-free-tier-what-you-can-build-for-practice,AWS Free Tier: What You Can Build for Practice,aws,guide,tutorial,0,681,"Rewrite each member about its own topic. None is a merge target: the topics differ, only the text is shared."
S8,keyword-swapped,37,0.998,DEEP REWRITE,false,0.967,ee1f5b0c-6973-4e9d-9bf6-8197721caa41,/blog/aws-glue-data-catalog-and-crawlers-explained,AWS Glue Data Catalog and Crawlers Explained,aws,guide,tutorial,0,687,"Rewrite each member about its own topic. None is a merge target: the topics differ, only the text is shared."
S8,keyword-swapped,37,0.998,DEEP REWRITE,false,0.967,5bb06e8d-8c3a-4689-8979-0190b055bd23,/blog/aws-glue-jobs-pyspark-on-serverless-spark,AWS Glue Jobs: PySpark on Serverless Spark,aws,guide,tutorial,0,679,"Rewrite each member about its own topic. None is a merge target: the topics differ, only the text is shared."
S8,keyword-swapped,37,0.998,DEEP REWRITE,false,0.967,43090c3b-d496-410d-ba59-c679d6506321,/blog/aws-glue-studio-visual-etl-for-beginners,AWS Glue Studio: Visual ETL for Beginners,aws,guide,tutorial,0,679,"Rewrite each member about its own topic. None is a merge target: the topics differ, only the text is shared."
S8,keyword-swapped,37,0.998,DEEP REWRITE,false,0.967,b02836b8-0ec5-4cbd-83fc-31b420215099,/blog/aws-glue-tutorial-serverless-etl-on-aws,AWS Glue Tutorial: Serverless ETL on AWS,aws,guide,tutorial,0,679,"Rewrite each member about its own topic. None is a merge target: the topics differ, only the text is shared."
S8,keyword-swapped,37,0.998,DEEP REWRITE,false,0.967,1347f457-e649-430e-8513-d5897456f917,/blog/aws-iam-explained-users-roles-and-policies,"AWS IAM Explained: Users, Roles and Policies",aws,guide,tutorial,0,679,"Rewrite each member about its own topic. None is a merge target: the topics differ, only the text is shared."
S8,keyword-swapped,37,0.998,DEEP REWRITE,false,0.967,bb5962f1-02dc-4ecf-be8c-4e4cdb5c7124,/blog/aws-lake-formation-governance-for-data-lakes,AWS Lake Formation: Governance for Data Lakes,aws,guide,tutorial,0,679,"Rewrite each member about its own topic. None is a merge target: the topics differ, only the text is shared."
S8,keyword-swapped,37,0.998,DEEP REWRITE,false,0.967,fb486884-17a7-4d47-94a8-a1f8ba948646,/blog/aws-lambda-explained-serverless-for-beginners,AWS Lambda Explained: Serverless for Beginners,aws,guide,tutorial,0,678,"Rewrite each member about its own topic. None is a merge target: the topics differ, only the text is shared."
S8,keyword-swapped,37,0.998,DEEP REWRITE,false,0.967,1da99e24-0ef1-4ec5-9e4e-d054a84b0497,/blog/aws-solutions-architect-associate-a-study-guide,AWS Solutions Architect Associate: A Study Guide,aws,guide,tutorial,0,681,"Rewrite each member about its own topic. None is a merge target: the topics differ, only the text is shared."
S8,keyword-swapped,37,0.998,DEEP REWRITE,false,0.967,8e059829-fbfc-4507-8320-7545457d05d1,/blog/aws-step-functions-orchestrating-serverless-workflows,AWS Step Functions: Orchestrating Serverless Workflows,aws,guide,tutorial,0,678,"Rewrite each member about its own topic. None is a merge target: the topics differ, only the text is shared."
S8,keyword-swapped,37,0.998,DEEP REWRITE,false,0.967,044f5228-5920-45d4-ba35-ef1a23f8163b,/blog/building-a-serverless-analytics-stack-on-aws,Building a Serverless Analytics Stack on AWS,aws,guide,tutorial,0,687,"Rewrite each member about its own topic. None is a merge target: the topics differ, only the text is shared."
S8,keyword-swapped,37,0.998,DEEP REWRITE,false,0.967,065531f7-6777-4584-9ccf-1cfc54ca5556,/blog/building-an-etl-pipeline-on-aws-step-by-step,Building an ETL Pipeline on AWS Step by Step,aws,guide,tutorial,0,693,"Rewrite each member about its own topic. None is a merge target: the topics differ, only the text is shared."
S8,keyword-swapped,37,0.998,DEEP REWRITE,false,0.967,5fa7b9c2-0077-45c5-a192-74d533b354a3,/blog/data-modeling-in-redshift-a-practical-guide,Data Modeling in Redshift: A Practical Guide,aws,guide,tutorial,0,681,"Rewrite each member about its own topic. None is a merge target: the topics differ, only the text is shared."
S8,keyword-swapped,37,0.998,DEEP REWRITE,false,0.967,1bb90268-f1da-4792-8f4f-2958d6184bf9,/blog/event-driven-pipelines-with-lambda-and-s3,Event-Driven Pipelines with Lambda and S3,aws,guide,tutorial,0,684,"Rewrite each member about its own topic. None is a merge target: the topics differ, only the text is shared."
S8,keyword-swapped,37,0.998,DEEP REWRITE,false,0.967,5d2d9f9f-7c75-4499-9506-8dbf58f04f09,/blog/how-to-start-an-aws-cloud-career-in-2026,How to Start an AWS Cloud Career in 2026,aws,guide,career,0,693,"Rewrite each member about its own topic. None is a merge target: the topics differ, only the text is shared."
S8,keyword-swapped,37,0.998,DEEP REWRITE,false,0.967,77a5d528-ac38-4bfa-950b-081b5843945b,/blog/loading-data-into-redshift-copy-and-best-practices,Loading Data into Redshift: COPY and Best Practices,aws,guide,tutorial,0,682,"Rewrite each member about its own topic. None is a merge target: the topics differ, only the text is shared."
S8,keyword-swapped,37,0.998,DEEP REWRITE,false,0.967,a07756cb-8329-4dbd-92b7-e78bf428e535,/blog/migrating-data-to-aws-dms-and-best-practices,Migrating Data to AWS: DMS and Best Practices,aws,guide,tutorial,0,682,"Rewrite each member about its own topic. None is a merge target: the topics differ, only the text is shared."
S8,keyword-swapped,37,0.998,DEEP REWRITE,false,0.967,f75882f4-8ca5-43b6-b606-b705eb5bff4b,/blog/parquet-and-partitioning-for-cheaper-athena-queries,Parquet and Partitioning for Cheaper Athena Queries,aws,guide,tutorial,0,687,"Rewrite each member about its own topic. None is a merge target: the topics differ, only the text is shared."
S8,keyword-swapped,37,0.998,DEEP REWRITE,false,0.967,54ecb1d9-4617-48f7-a3c2-1832b2049add,/blog/partitioning-data-in-s3-for-athena-performance,Partitioning Data in S3 for Athena Performance,aws,guide,tutorial,0,687,"Rewrite each member about its own topic. None is a merge target: the topics differ, only the text is shared."
S8,keyword-swapped,37,0.998,DEEP REWRITE,false,0.967,df881e22-a523-4bc3-904c-7f80d4590def,/blog/redshift-performance-tuning-distribution-and-sort-keys,Redshift Performance Tuning: Distribution and Sort Keys,aws,guide,tutorial,0,679,"Rewrite each member about its own topic. None is a merge target: the topics differ, only the text is shared."
S8,keyword-swapped,37,0.998,DEEP REWRITE,false,0.967,7f141f7e-cb1f-4772-80ca-f0c96de72f14,/blog/redshift-spectrum-querying-s3-from-redshift,Redshift Spectrum: Querying S3 from Redshift,aws,guide,tutorial,0,676,"Rewrite each member about its own topic. None is a merge target: the topics differ, only the text is shared."
S8,keyword-swapped,37,0.998,DEEP REWRITE,false,0.967,5c9bb7f0-070f-4396-ac42-7e55fd68e633,/blog/s3-lifecycle-policies-and-storage-cost-savings,S3 Lifecycle Policies and Storage Cost Savings,aws,guide,tutorial,0,687,"Rewrite each member about its own topic. None is a merge target: the topics differ, only the text is shared."
S8,keyword-swapped,37,0.998,DEEP REWRITE,false,0.967,4678f12a-51c7-4309-85b9-e00fcb1eea94,/blog/securing-data-on-aws-encryption-and-kms,Securing Data on AWS: Encryption and KMS,aws,guide,tutorial,0,681,"Rewrite each member about its own topic. None is a merge target: the topics differ, only the text is shared."
S8,keyword-swapped,37,0.998,DEEP REWRITE,false,0.967,4a2a6d6c-8d4e-4762-9a82-badcb4a5fbc6,/blog/streaming-data-with-kinesis-to-s3-and-redshift,Streaming Data with Kinesis to S3 and Redshift,aws,guide,tutorial,0,690,"Rewrite each member about its own topic. None is a merge target: the topics differ, only the text is shared."
S8,keyword-swapped,37,0.998,DEEP REWRITE,false,0.967,6cdb6c3f-081b-4803-b713-d09ee570fa30,/blog/vpc-basics-for-data-engineers-on-aws,VPC Basics for Data Engineers on AWS,aws,guide,tutorial,0,687,"Rewrite each member about its own topic. None is a merge target: the topics differ, only the text is shared."
S9,keyword-swapped,34,0.999,DEEP REWRITE,true,1,6bda2353-932a-41de-a822-ca6f85f633e0,/blog/python-args-and-kwargs-explained-clearly,Python *args and **kwargs Explained Clearly,python,guide,tutorial,0.012,654,"Rewrite each member about its own topic. None is a merge target: the topics differ, only the text is shared."
S9,keyword-swapped,34,0.999,DEEP REWRITE,false,0.986,f428d13d-de14-4621-abc2-98478efd2475,/blog/async-programming-in-python-asyncio-explained,Async Programming in Python: asyncio Explained,python,guide,tutorial,0,650,"Rewrite each member about its own topic. None is a merge target: the topics differ, only the text is shared."
S9,keyword-swapped,34,0.999,DEEP REWRITE,false,0.986,4f437d9d-a154-4e7b-88f4-5c66ce18e35a,/blog/automate-boring-tasks-with-python-10-scripts,Automate Boring Tasks with Python: 10 Scripts,python,guide,tutorial,0,653,"Rewrite each member about its own topic. None is a merge target: the topics differ, only the text is shared."
S9,keyword-swapped,34,0.999,DEEP REWRITE,false,0.986,bd712f6b-e063-42e5-b5cc-bc8c5ee1a8c3,/blog/building-a-cli-tool-in-python-with-argparse,Building a CLI Tool in Python with argparse,python,guide,tutorial,0,660,"Rewrite each member about its own topic. None is a merge target: the topics differ, only the text is shared."
S9,keyword-swapped,34,0.999,DEEP REWRITE,false,0.986,02a50b99-e10e-491f-b765-b810d5036c57,/blog/building-rest-apis-with-python-a-practical-guide,Building REST APIs with Python: A Practical Guide,python,guide,tutorial,0,654,"Rewrite each member about its own topic. None is a merge target: the topics differ, only the text is shared."
S9,keyword-swapped,34,0.999,DEEP REWRITE,false,0.986,f3c923b3-4b18-4086-b614-82b2b838d26c,/blog/datetime-in-python-working-with-dates-and-times,Datetime in Python: Working with Dates and Times,python,guide,tutorial,0,650,"Rewrite each member about its own topic. None is a merge target: the topics differ, only the text is shared."
S9,keyword-swapped,34,0.999,DEEP REWRITE,false,0.986,38199134-27c0-4ffd-bada-22c8374b4133,/blog/environment-variables-and-secrets-in-python-apps,Environment Variables and Secrets in Python Apps,python,guide,tutorial,0,657,"Rewrite each member about its own topic. None is a merge target: the topics differ, only the text is shared."
S9,keyword-swapped,34,0.999,DEEP REWRITE,false,0.986,55efc99e-b28b-4b7a-950c-a09d9261ef1d,/blog/error-handling-in-python-try-except-and-best-practices,"Error Handling in Python: try, except and Best Practices",python,guide,tutorial,0,653,"Rewrite each member about its own topic. None is a merge target: the topics differ, only the text is shared."
S9,keyword-swapped,34,0.999,DEEP REWRITE,false,0.986,c5bf0466-e910-41b5-902f-09129ee11f75,/blog/fastapi-guide-build-a-production-api-step-by-step,FastAPI Guide: Build a Production API Step by Step,python,guide,tutorial,0,649,"Rewrite each member about its own topic. None is a merge target: the topics differ, only the text is shared."
S9,keyword-swapped,34,0.999,DEEP REWRITE,false,0.986,7c1a79b1-add2-41a7-a2c7-deb2d9b2f5b5,/blog/lambda-functions-map-filter-and-reduce-in-python,"Lambda Functions, map, filter and reduce in Python",python,guide,tutorial,0,660,"Rewrite each member about its own topic. None is a merge target: the topics differ, only the text is shared."
S9,keyword-swapped,34,0.999,DEEP REWRITE,false,0.986,b4ac66bd-2b59-4cbe-aca0-0a15202e3b22,/blog/list-comprehensions-in-python-a-complete-guide,List Comprehensions in Python: A Complete Guide,python,guide,tutorial,0,651,"Rewrite each member about its own topic. None is a merge target: the topics differ, only the text is shared."
S9,keyword-swapped,34,0.999,DEEP REWRITE,false,0.986,971b600e-0010-4f57-bae3-01850fb939d2,/blog/numpy-guide-arrays-broadcasting-and-vectorization,"NumPy Guide: Arrays, Broadcasting and Vectorization",python,guide,tutorial,0,646,"Rewrite each member about its own topic. None is a merge target: the topics differ, only the text is shared."
S9,keyword-swapped,34,0.999,DEEP REWRITE,false,0.986,29094d47-f4d0-4699-9113-51c30ce545d2,/blog/object-oriented-programming-oop-in-python-explained,Object-Oriented Programming (OOP) in Python Explained,python,guide,tutorial,0,654,"Rewrite each member about its own topic. None is a merge target: the topics differ, only the text is shared."
S9,keyword-swapped,34,0.999,DEEP REWRITE,false,0.986,e53d7658-11f7-4daf-be8f-ee90bab43b33,/blog/pandas-guide-dataframes-cleaning-and-aggregation,"Pandas Guide: DataFrames, Cleaning and Aggregation",python,guide,tutorial,0,646,"Rewrite each member about its own topic. None is a merge target: the topics differ, only the text is shared."
S9,keyword-swapped,34,0.999,DEEP REWRITE,false,0.986,b71f2897-8aec-4070-ac95-4054bd35d274,/blog/pandas-performance-making-your-code-10x-faster,Pandas Performance: Making Your Code 10x Faster,python,guide,tutorial,0,647,"Rewrite each member about its own topic. None is a merge target: the topics differ, only the text is shared."
S9,keyword-swapped,34,0.999,DEEP REWRITE,false,0.986,bf18109d-3e26-412f-9165-b47b17673d33,/blog/pydantic-explained-data-validation-in-python,Pydantic Explained: Data Validation in Python,python,guide,tutorial,0,646,"Rewrite each member about its own topic. None is a merge target: the topics differ, only the text is shared."
S9,keyword-swapped,34,0.999,DEEP REWRITE,false,0.986,c8618c10-99b8-48fd-b3e7-5d1ab1bc0d10,/blog/python-best-practices-writing-pythonic-code,Python Best Practices: Writing Pythonic Code,python,guide,tutorial,0,648,"Rewrite each member about its own topic. None is a merge target: the topics differ, only the text is shared."
S9,keyword-swapped,34,0.999,DEEP REWRITE,false,0.986,7a9cfc36-a90a-46e5-bcef-b2064e99da7b,/blog/python-coding-challenges-to-practice-for-interviews,Python Coding Challenges to Practice for Interviews,python,guide,tutorial,0,657,"Rewrite each member about its own topic. None is a merge target: the topics differ, only the text is shared."
S9,keyword-swapped,34,0.999,DEEP REWRITE,false,0.986,505159b1-b6a3-47c4-82e9-3d9ceb1c0ff2,/blog/python-data-structures-a-complete-reference,Python Data Structures: A Complete Reference,python,guide,tutorial,0,648,"Rewrite each member about its own topic. None is a merge target: the topics differ, only the text is shared."
S9,keyword-swapped,34,0.999,DEEP REWRITE,false,0.986,d28ad22e-481a-4b44-a126-c04c9a018660,/blog/python-decorators-explained-with-real-examples,Python Decorators Explained with Real Examples,python,guide,tutorial,0,654,"Rewrite each member about its own topic. None is a merge target: the topics differ, only the text is shared."
S9,keyword-swapped,34,0.999,DEEP REWRITE,false,0.986,71e0b966-419f-4e2b-b91c-a19b6b16c74a,/blog/python-f-strings-formatting-done-right,Python f-Strings: Formatting Done Right,python,guide,tutorial,0,645,"Rewrite each member about its own topic. None is a merge target: the topics differ, only the text is shared."
S9,keyword-swapped,34,0.999,DEEP REWRITE,false,0.986,338c18d9-dd6b-4b5c-a009-73ceab040a53,/blog/python-file-handling-reading-and-writing-files,Python File Handling: Reading and Writing Files,python,guide,tutorial,0,649,"Rewrite each member about its own topic. None is a merge target: the topics differ, only the text is shared."
S9,keyword-swapped,34,0.999,DEEP REWRITE,false,0.986,06416b68-aea7-4356-b7b0-3b7027b67f51,/blog/python-for-data-science-the-essential-libraries,Python for Data Science: The Essential Libraries,python,guide,tutorial,0,651,"Rewrite each member about its own topic. None is a merge target: the topics differ, only the text is shared."
S9,keyword-swapped,34,0.999,DEEP REWRITE,false,0.986,7d380389-f5d7-4fb2-b34d-be2828ad0063,/blog/python-generators-and-iterators-made-simple,Python Generators and Iterators Made Simple,python,guide,tutorial,0,654,"Rewrite each member about its own topic. None is a merge target: the topics differ, only the text is shared."
S9,keyword-swapped,34,0.999,DEEP REWRITE,false,0.986,de0d21d1-77c5-459a-8f8d-4b1bcfa9eb32,/blog/python-memory-management-and-garbage-collection,Python Memory Management and Garbage Collection,python,guide,tutorial,0,654,"Rewrite each member about its own topic. None is a merge target: the topics differ, only the text is shared."
S9,keyword-swapped,34,0.999,DEEP REWRITE,false,0.986,0d1a0303-775d-48dc-8cf6-dde91b8b809d,/blog/python-string-methods-every-developer-should-know,Python String Methods Every Developer Should Know,python,guide,tutorial,0,657,"Rewrite each member about its own topic. None is a merge target: the topics differ, only the text is shared."
S9,keyword-swapped,34,0.999,DEEP REWRITE,false,0.986,d6c2cddc-a509-4d91-9cab-433ef3a80018,/blog/python-type-hints-writing-cleaner-safer-code,"Python Type Hints: Writing Cleaner, Safer Code",python,guide,tutorial,0,649,"Rewrite each member about its own topic. None is a merge target: the topics differ, only the text is shared."
S9,keyword-swapped,34,0.999,DEEP REWRITE,false,0.986,71125b73-254b-4cec-a699-de76551a6d73,/blog/reading-and-writing-csv-files-in-python,Reading and Writing CSV Files in Python,python,guide,tutorial,0,657,"Rewrite each member about its own topic. None is a merge target: the topics differ, only the text is shared."
S9,keyword-swapped,34,0.999,DEEP REWRITE,false,0.986,6c508b0a-d7e6-40af-92e3-8622b9d693e2,/blog/regular-expressions-in-python-a-practical-guide,Regular Expressions in Python: A Practical Guide,python,guide,tutorial,0,651,"Rewrite each member about its own topic. None is a merge target: the topics differ, only the text is shared."
S9,keyword-swapped,34,0.999,DEEP REWRITE,false,0.986,6921bdfe-e4f5-4b60-a1fb-a9ec2a75cb51,/blog/sqlalchemy-tutorial-databases-in-python,SQLAlchemy Tutorial: Databases in Python,python,guide,tutorial,0,645,"Rewrite each member about its own topic. None is a merge target: the topics differ, only the text is shared."
S9,keyword-swapped,34,0.999,DEEP REWRITE,false,0.986,fb00bb14-1255-44dd-a993-191ad68481d1,/blog/top-python-libraries-every-developer-should-know,Top Python Libraries Every Developer Should Know,python,guide,tutorial,0,657,"Rewrite each member about its own topic. None is a merge target: the topics differ, only the text is shared."
S9,keyword-swapped,34,0.999,DEEP REWRITE,false,0.986,acc91fcd-de70-4654-9f7a-0206129254f2,/blog/virtual-environments-in-python-venv-pip-and-poetry,"Virtual Environments in Python: venv, pip and Poetry",python,guide,tutorial,0,652,"Rewrite each member about its own topic. None is a merge target: the topics differ, only the text is shared."
S9,keyword-swapped,34,0.999,DEEP REWRITE,false,0.986,2ae4210c-f785-4f72-933a-8ff70d3c523d,/blog/web-scraping-with-python-beautifulsoup-and-requests,Web Scraping with Python: BeautifulSoup and Requests,python,guide,tutorial,0,651,"Rewrite each member about its own topic. None is a merge target: the topics differ, only the text is shared."
S9,keyword-swapped,34,0.999,DEEP REWRITE,false,0.986,e0f3816d-fcd6-4d82-bb5b-1575f1e26792,/blog/working-with-json-in-python-a-practical-guide,Working with JSON in Python: A Practical Guide,python,guide,tutorial,0,654,"Rewrite each member about its own topic. None is a merge target: the topics differ, only the text is shared."
S10,keyword-swapped,3,0.988,DEEP REWRITE,true,1,3326b340-4af5-4485-ae8a-7dc7eeff335e,/blog/aws-certified-data-engineer-associate-exam-guide,AWS Certified Data Engineer Associate: Exam Guide,aws,certification,certification,0.005,526,"Rewrite each member about its own topic. None is a merge target: the topics differ, only the text is shared."
S10,keyword-swapped,3,0.988,DEEP REWRITE,false,0.982,809f3dda-0382-42c5-a064-098ddef421d1,/blog/aws-certification-path-for-data-roles,AWS Certification Path for Data Roles,aws,certification,certification,0,526,"Rewrite each member about its own topic. None is a merge target: the topics differ, only the text is shared."
S10,keyword-swapped,3,0.988,DEEP REWRITE,false,0.982,abdc0925-8e85-48bc-9df9-67dc4ab0a839,/blog/aws-cloud-practitioner-certification-how-to-start,AWS Cloud Practitioner Certification: How to Start,aws,certification,certification,0,525,"Rewrite each member about its own topic. None is a merge target: the topics differ, only the text is shared."
S11,keyword-swapped,2,0.986,DEEP REWRITE,true,1,c745e9a0-2f74-4e06-9556-a4bd1f56c124,/blog/azure-data-engineer-certification-dp-203-guide,Azure Data Engineer Certification (DP-203) Guide,azure-data-factory,certification,certification,0.012,534,"Rewrite each member about its own topic. None is a merge target: the topics differ, only the text is shared."
S11,keyword-swapped,2,0.986,DEEP REWRITE,false,0.986,fc90e982-6c07-4a1e-b9ad-2248908003e1,/blog/azure-fundamentals-az-900-a-quick-start-guide,Azure Fundamentals (AZ-900): A Quick-Start Guide,azure-data-factory,certification,certification,0.002,531,"Rewrite each member about its own topic. None is a merge target: the topics differ, only the text is shared."
S12,keyword-swapped,2,0.995,DEEP REWRITE,true,1,f7446b72-3e01-4c86-94d4-15fafe6fc337,/blog/microsoft-fabric-vs-azure-data-factory-what-s-new,Microsoft Fabric vs Azure Data Factory: What's New,azure-data-factory,comparison,comparison,0.003,491,"Rewrite each member about its own topic. None is a merge target: the topics differ, only the text is shared."
S12,keyword-swapped,2,0.995,DEEP REWRITE,false,0.995,49319bac-a68d-4a3d-8f7e-fcdb24e0fb3e,/blog/azure-synapse-vs-azure-data-factory-a-comparison,Azure Synapse vs Azure Data Factory: A Comparison,azure-data-factory,comparison,comparison,0,491,"Rewrite each member about its own topic. None is a merge target: the topics differ, only the text is shared."
S13,keyword-swapped,35,0.999,DEEP REWRITE,true,1,efbb8e32-f7f1-49a8-8c13-382124987b3d,/blog/bigquery-sql-tips-tricks-and-optimization,"BigQuery SQL: Tips, Tricks and Optimization",gcp,guide,tutorial,0.01,656,"Rewrite each member about its own topic. None is a merge target: the topics differ, only the text is shared."
S13,keyword-swapped,35,0.999,DEEP REWRITE,false,0.978,c37d8e1f-39b1-41b3-9188-22680beb2891,/blog/biglake-and-external-tables-in-bigquery,BigLake and External Tables in BigQuery,gcp,guide,tutorial,0,664,"Rewrite each member about its own topic. None is a merge target: the topics differ, only the text is shared."
S13,keyword-swapped,35,0.999,DEEP REWRITE,false,0.978,e233c2ec-2a91-47ff-99b1-858f94a86797,/blog/bigquery-best-practices-for-analysts,BigQuery Best Practices for Analysts,gcp,guide,tutorial,0,661,"Rewrite each member about its own topic. None is a merge target: the topics differ, only the text is shared."
S13,keyword-swapped,35,0.999,DEEP REWRITE,false,0.978,52bd5ba6-4872-4c52-995d-a1ae1e770ef7,/blog/bigquery-cost-optimization-slots-pricing-and-tips,"BigQuery Cost Optimization: Slots, Pricing and Tips",gcp,guide,tutorial,0,659,"Rewrite each member about its own topic. None is a merge target: the topics differ, only the text is shared."
S13,keyword-swapped,35,0.999,DEEP REWRITE,false,0.978,a6054653-d331-4113-a56e-ec3299744386,/blog/bigquery-explained-google-s-serverless-data-warehouse,BigQuery Explained: Google's Serverless Data Warehouse,gcp,guide,tutorial,0,656,"Rewrite each member about its own topic. None is a merge target: the topics differ, only the text is shared."
S13,keyword-swapped,35,0.999,DEEP REWRITE,false,0.978,e2275476-1f18-49da-9a73-13fd16f6acfc,/blog/bigquery-federated-queries-explained,BigQuery Federated Queries Explained,gcp,guide,tutorial,0,658,"Rewrite each member about its own topic. None is a merge target: the topics differ, only the text is shared."
S13,keyword-swapped,35,0.999,DEEP REWRITE,false,0.978,6ad5314f-9cc3-40cc-9d22-6bb4e14a9e74,/blog/bigquery-ml-machine-learning-with-sql,BigQuery ML: Machine Learning with SQL,gcp,guide,tutorial,0,656,"Rewrite each member about its own topic. None is a merge target: the topics differ, only the text is shared."
S13,keyword-swapped,35,0.999,DEEP REWRITE,false,0.978,1e779601-80f9-4ff7-a261-522153a8166e,/blog/bigquery-window-functions-and-analytic-sql,BigQuery Window Functions and Analytic SQL,gcp,guide,tutorial,0,664,"Rewrite each member about its own topic. None is a merge target: the topics differ, only the text is shared."
S13,keyword-swapped,35,0.999,DEEP REWRITE,false,0.978,694bf3b2-1c32-499d-8636-67aaca53a94d,/blog/building-a-real-time-dashboard-with-gcp,Building a Real-Time Dashboard with GCP,gcp,guide,tutorial,0,664,"Rewrite each member about its own topic. None is a merge target: the topics differ, only the text is shared."
S13,keyword-swapped,35,0.999,DEEP REWRITE,false,0.978,9afa4cf6-4a16-4cb4-8f88-da9a90a8f924,/blog/cloud-composer-airflow-on-gcp-explained,Cloud Composer (Airflow) on GCP Explained,gcp,guide,tutorial,0,664,"Rewrite each member about its own topic. None is a merge target: the topics differ, only the text is shared."
S13,keyword-swapped,35,0.999,DEEP REWRITE,false,0.978,3049df3e-995e-4bcd-95b1-df14eb18361f,/blog/cloud-functions-on-gcp-serverless-explained,Cloud Functions on GCP: Serverless Explained,gcp,guide,tutorial,0,660,"Rewrite each member about its own topic. None is a merge target: the topics differ, only the text is shared."
S13,keyword-swapped,35,0.999,DEEP REWRITE,false,0.978,fa590765-7e16-4d50-ba0f-3ad20c5ee9e3,/blog/cloud-storage-to-bigquery-building-an-ingestion-layer,Cloud Storage to BigQuery: Building an Ingestion Layer,gcp,guide,tutorial,0,662,"Rewrite each member about its own topic. None is a merge target: the topics differ, only the text is shared."
S13,keyword-swapped,35,0.999,DEEP REWRITE,false,0.978,01b812e1-7779-48a5-a431-7e592f41a035,/blog/cost-controls-and-budgets-on-google-cloud,Cost Controls and Budgets on Google Cloud,gcp,guide,tutorial,0,667,"Rewrite each member about its own topic. None is a merge target: the topics differ, only the text is shared."
S13,keyword-swapped,35,0.999,DEEP REWRITE,false,0.978,b122788d-3345-47bf-b70b-83911b9c6f27,/blog/data-catalog-and-governance-on-gcp,Data Catalog and Governance on GCP,gcp,guide,tutorial,0,664,"Rewrite each member about its own topic. None is a merge target: the topics differ, only the text is shared."
S13,keyword-swapped,35,0.999,DEEP REWRITE,false,0.978,dc06e3a2-3301-420f-9904-df486d84e207,/blog/dataflow-tutorial-stream-and-batch-processing-on-gcp,Dataflow Tutorial: Stream and Batch Processing on GCP,gcp,guide,tutorial,0,658,"Rewrite each member about its own topic. None is a merge target: the topics differ, only the text is shared."
S13,keyword-swapped,35,0.999,DEEP REWRITE,false,0.978,3284d642-e46e-44fe-bdd3-62a5b35dd4e3,/blog/disaster-recovery-and-backups-on-gcp,Disaster Recovery and Backups on GCP,gcp,guide,tutorial,0,664,"Rewrite each member about its own topic. None is a merge target: the topics differ, only the text is shared."
S13,keyword-swapped,35,0.999,DEEP REWRITE,false,0.978,08ad6f98-ce88-4ec4-8ead-f111d7eef56d,/blog/gcp-free-tier-what-you-can-build-without-paying,GCP Free Tier: What You Can Build Without Paying,gcp,guide,tutorial,0,661,"Rewrite each member about its own topic. None is a merge target: the topics differ, only the text is shared."
S13,keyword-swapped,35,0.999,DEEP REWRITE,false,0.978,4fa3d6e5-8914-4ff9-822f-86f44c007e4e,/blog/gcp-iam-explained-roles-policies-and-security,"GCP IAM Explained: Roles, Policies and Security",gcp,guide,tutorial,0,659,"Rewrite each member about its own topic. None is a merge target: the topics differ, only the text is shared."
S13,keyword-swapped,35,0.999,DEEP REWRITE,false,0.978,ce7e7cc6-95d8-4497-b5b6-a43e6d5ee608,/blog/gcp-logging-and-monitoring-with-cloud-operations,GCP Logging and Monitoring with Cloud Operations,gcp,guide,tutorial,0,667,"Rewrite each member about its own topic. None is a merge target: the topics differ, only the text is shared."
S13,keyword-swapped,35,0.999,DEEP REWRITE,false,0.978,ded66709-c53d-44d6-ad67-c02809fec6df,/blog/gcp-networking-basics-for-data-engineers,GCP Networking Basics for Data Engineers,gcp,guide,tutorial,0,664,"Rewrite each member about its own topic. None is a merge target: the topics differ, only the text is shared."
S13,keyword-swapped,35,0.999,DEEP REWRITE,false,0.978,b41fe965-a012-465a-a4b0-69a948297d05,/blog/google-cloud-storage-buckets-classes-and-best-practices,"Google Cloud Storage: Buckets, Classes and Best Practices",gcp,guide,tutorial,0,660,"Rewrite each member about its own topic. None is a merge target: the topics differ, only the text is shared."
S13,keyword-swapped,35,0.999,DEEP REWRITE,false,0.978,de23e560-4458-43a9-bc0e-288abb32dd59,/blog/loading-data-into-bigquery-batch-and-streaming,Loading Data into BigQuery: Batch and Streaming,gcp,guide,tutorial,0,661,"Rewrite each member about its own topic. None is a merge target: the topics differ, only the text is shared."
S13,keyword-swapped,35,0.999,DEEP REWRITE,false,0.978,c9fcf5cd-00cd-45fa-adcb-24226dcf60e6,/blog/looker-and-looker-studio-on-gcp-explained,Looker and Looker Studio on GCP Explained,gcp,guide,tutorial,0,667,"Rewrite each member about its own topic. None is a merge target: the topics differ, only the text is shared."
S13,keyword-swapped,35,0.999,DEEP REWRITE,false,0.978,6ae57b23-9d32-4288-8cfe-c0e2acf40913,/blog/materialized-views-in-bigquery-explained,Materialized Views in BigQuery Explained,gcp,guide,tutorial,0,661,"Rewrite each member about its own topic. None is a merge target: the topics differ, only the text is shared."
S13,keyword-swapped,35,0.999,DEEP REWRITE,false,0.978,55417d3d-ac66-4e82-ae63-27a0ec60db49,/blog/migrating-to-bigquery-a-practical-playbook,Migrating to BigQuery: A Practical Playbook,gcp,guide,tutorial,0,658,"Rewrite each member about its own topic. None is a merge target: the topics differ, only the text is shared."
S13,keyword-swapped,35,0.999,DEEP REWRITE,false,0.978,ea91d7e1-2fba-4cef-9417-d5fa4404775b,/blog/nested-and-repeated-fields-in-bigquery,Nested and Repeated Fields in BigQuery,gcp,guide,tutorial,0,664,"Rewrite each member about its own topic. None is a merge target: the topics differ, only the text is shared."
S13,keyword-swapped,35,0.999,DEEP REWRITE,false,0.978,0b8f15c1-2e69-4233-a3db-8beca4501f1d,/blog/partitioning-and-clustering-in-bigquery,Partitioning and Clustering in BigQuery,gcp,guide,tutorial,0,661,"Rewrite each member about its own topic. None is a merge target: the topics differ, only the text is shared."
S13,keyword-swapped,35,0.999,DEEP REWRITE,false,0.978,656f84c8-c9ec-485b-85ee-161954054eeb,/blog/pub-sub-explained-messaging-and-streaming-on-gcp,Pub/Sub Explained: Messaging and Streaming on GCP,gcp,guide,tutorial,0,660,"Rewrite each member about its own topic. None is a merge target: the topics differ, only the text is shared."
S13,keyword-swapped,35,0.999,DEEP REWRITE,false,0.978,d93f55a5-2d8c-4ad5-8b34-35ce4ab996b5,/blog/pub-sub-to-dataflow-to-bigquery-a-streaming-pattern,Pub/Sub to Dataflow to BigQuery: A Streaming Pattern,gcp,guide,tutorial,0,667,"Rewrite each member about its own topic. None is a merge target: the topics differ, only the text is shared."
S13,keyword-swapped,35,0.999,DEEP REWRITE,false,0.978,028b04ac-ee63-4d81-a2bd-5d2bf41f191e,/blog/scheduling-queries-in-bigquery,Scheduling Queries in BigQuery,gcp,guide,tutorial,0,658,"Rewrite each member about its own topic. None is a merge target: the topics differ, only the text is shared."
S13,keyword-swapped,35,0.999,DEEP REWRITE,false,0.978,348f8714-c6f2-457b-8924-098d9764f126,/blog/securing-data-on-gcp-encryption-and-dlp,Securing Data on GCP: Encryption and DLP,gcp,guide,tutorial,0,661,"Rewrite each member about its own topic. None is a merge target: the topics differ, only the text is shared."
S13,keyword-swapped,35,0.999,DEEP REWRITE,false,0.978,65f035b7-4947-42ec-94a0-c5d21a9e2aaa,/blog/service-accounts-and-workload-identity-on-gcp,Service Accounts and Workload Identity on GCP,gcp,guide,tutorial,0,667,"Rewrite each member about its own topic. None is a merge target: the topics differ, only the text is shared."
S13,keyword-swapped,35,0.999,DEEP REWRITE,false,0.978,54d19c99-686d-4dc9-80cb-417a13516335,/blog/streaming-data-into-bigquery-a-practical-guide,Streaming Data into BigQuery: A Practical Guide,gcp,guide,tutorial,0,661,"Rewrite each member about its own topic. None is a merge target: the topics differ, only the text is shared."
S13,keyword-swapped,35,0.999,DEEP REWRITE,false,0.978,8e1bf19a-b347-49aa-9022-da41b44a5f02,/blog/vertex-ai-pipelines-for-mlops-on-gcp,Vertex AI Pipelines for MLOps on GCP,gcp,guide,tutorial,0,667,"Rewrite each member about its own topic. None is a merge target: the topics differ, only the text is shared."
S13,keyword-swapped,35,0.999,DEEP REWRITE,false,0.978,eb5e4f5c-62cf-4cb1-9822-83941800294f,/blog/vertex-ai-tutorial-ml-on-google-cloud,Vertex AI Tutorial: ML on Google Cloud,gcp,guide,tutorial,0,659,"Rewrite each member about its own topic. None is a merge target: the topics differ, only the text is shared."
S14,keyword-swapped,19,1,DEEP REWRITE,true,1,0bdfb4e6-ca7d-4f77-a247-515fbc7a3716,/blog/how-to-answer-tell-me-about-yourself-in-interviews,How to Answer 'Tell Me About Yourself' in Interviews,career-guidance,guide,tutorial,0,651,"Rewrite each member about its own topic. None is a merge target: the topics differ, only the text is shared."
S14,keyword-swapped,19,1,DEEP REWRITE,false,1,02ad0bda-2bf8-4071-92a6-785f58d763fb,/blog/building-a-personal-brand-on-linkedin,Building a Personal Brand on LinkedIn,career-guidance,guide,tutorial,0,642,"Rewrite each member about its own topic. None is a merge target: the topics differ, only the text is shared."
S14,keyword-swapped,19,1,DEEP REWRITE,false,1,7fcc0cee-7f97-45ae-a9cd-eef649fca17e,/blog/building-confidence-for-technical-interviews,Building Confidence for Technical Interviews,career-guidance,guide,tutorial,0,639,"Rewrite each member about its own topic. None is a merge target: the topics differ, only the text is shared."
S14,keyword-swapped,19,1,DEEP REWRITE,false,1,85015ab0-23af-42e9-8520-ec6830d79306,/blog/building-credibility-as-a-self-taught-professional,Building Credibility as a Self-Taught Professional,career-guidance,guide,tutorial,0,642,"Rewrite each member about its own topic. None is a merge target: the topics differ, only the text is shared."
S14,keyword-swapped,19,1,DEEP REWRITE,false,1,4da08b23-2103-47c5-8f3e-668b4d51f0dc,/blog/common-resume-mistakes-that-get-you-rejected,Common Resume Mistakes That Get You Rejected,career-guidance,guide,tutorial,0,645,"Rewrite each member about its own topic. None is a merge target: the topics differ, only the text is shared."
S14,keyword-swapped,19,1,DEEP REWRITE,false,1,6bafd24c-d84b-449c-901c-df4e8163efbf,/blog/cracking-hr-round-questions-confidently,Cracking HR Round Questions Confidently,career-guidance,guide,tutorial,0,639,"Rewrite each member about its own topic. None is a merge target: the topics differ, only the text is shared."
S14,keyword-swapped,19,1,DEEP REWRITE,false,1,ff61386a-778b-4895-9173-fc3c20f1fe33,/blog/cracking-the-behavioral-interview-star-method,Cracking the Behavioral Interview: STAR Method,career-guidance,guide,interview,0,638,"Rewrite each member about its own topic. None is a merge target: the topics differ, only the text is shared."
S14,keyword-swapped,19,1,DEEP REWRITE,false,1,5fc6afc5-f83d-4462-89a0-25e35eba9439,/blog/crafting-an-elevator-pitch-for-tech-roles,Crafting an Elevator Pitch for Tech Roles,career-guidance,guide,tutorial,0,645,"Rewrite each member about its own topic. None is a merge target: the topics differ, only the text is shared."
S14,keyword-swapped,19,1,DEEP REWRITE,false,1,2469e61e-f691-45c2-b013-931802ca37e2,/blog/freelancing-guide-for-data-professionals,Freelancing Guide for Data Professionals,career-guidance,guide,tutorial,0,639,"Rewrite each member about its own topic. None is a merge target: the topics differ, only the text is shared."
S14,keyword-swapped,19,1,DEEP REWRITE,false,1,10bd47cf-0379-45cf-a528-f3d759538b77,/blog/github-profile-tips-to-impress-hiring-managers,GitHub Profile Tips to Impress Hiring Managers,career-guidance,guide,tutorial,0,645,"Rewrite each member about its own topic. None is a merge target: the topics differ, only the text is shared."
S14,keyword-swapped,19,1,DEEP REWRITE,false,1,f28fe1ef-f52c-4721-bb31-4aba0dd2e82c,/blog/handling-job-rejection-and-bouncing-back,Handling Job Rejection and Bouncing Back,career-guidance,guide,tutorial,0,642,"Rewrite each member about its own topic. None is a merge target: the topics differ, only the text is shared."
S14,keyword-swapped,19,1,DEEP REWRITE,false,1,27c1a6dc-026a-436b-b539-d7a9d24c9c2a,/blog/how-to-build-a-data-portfolio-website,How to Build a Data Portfolio Website,career-guidance,guide,tutorial,0,645,"Rewrite each member about its own topic. None is a merge target: the topics differ, only the text is shared."
S14,keyword-swapped,19,1,DEEP REWRITE,false,1,a7099cd5-af10-4d85-89aa-ff942fed1cbe,/blog/how-to-crack-product-based-company-interviews,How to Crack Product-Based Company Interviews,career-guidance,guide,tutorial,0,642,"Rewrite each member about its own topic. None is a merge target: the topics differ, only the text is shared."
S14,keyword-swapped,19,1,DEEP REWRITE,false,1,967d2df0-0348-4572-99ed-86c4eba17f41,/blog/how-to-find-a-mentor-in-tech,How to Find a Mentor in Tech,career-guidance,guide,tutorial,0,645,"Rewrite each member about its own topic. None is a merge target: the topics differ, only the text is shared."
S14,keyword-swapped,19,1,DEEP REWRITE,false,1,a0318615-bc1b-4d98-be65-146d5ec21e43,/blog/how-to-handle-multiple-job-offers-gracefully,How to Handle Multiple Job Offers Gracefully,career-guidance,guide,tutorial,0,645,"Rewrite each member about its own topic. None is a merge target: the topics differ, only the text is shared."
S14,keyword-swapped,19,1,DEEP REWRITE,false,1,6d1ca64b-0d66-4008-bd41-b562c2d41a01,/blog/how-to-quantify-achievements-on-your-resume,How to Quantify Achievements on Your Resume,career-guidance,guide,tutorial,0,645,"Rewrite each member about its own topic. None is a merge target: the topics differ, only the text is shared."
S14,keyword-swapped,19,1,DEEP REWRITE,false,1,ee7bcd59-2acc-4cdd-ae67-84b7bfc38ddb,/blog/imposter-syndrome-in-tech-how-to-beat-it,Imposter Syndrome in Tech: How to Beat It,career-guidance,guide,tutorial,0,640,"Rewrite each member about its own topic. None is a merge target: the topics differ, only the text is shared."
S14,keyword-swapped,19,1,DEEP REWRITE,false,1,df97d781-2b57-48aa-8851-e27f35b6d2ae,/blog/networking-for-introverts-landing-referrals,Networking for Introverts: Landing Referrals,career-guidance,guide,tutorial,0,635,"Rewrite each member about its own topic. None is a merge target: the topics differ, only the text is shared."
S14,keyword-swapped,19,1,DEEP REWRITE,false,1,65dbdc3b-c53a-4690-ba53-574bbf8283fc,/blog/reference-checks-how-to-prepare-your-referees,Reference Checks: How to Prepare Your Referees,career-guidance,guide,tutorial,0,635,"Rewrite each member about its own topic. None is a merge target: the topics differ, only the text is shared."
S15,keyword-swapped,2,1,DEEP REWRITE,true,1,edfc9ba3-9801-4400-a188-755efe377054,/blog/data-analytics-projects-for-your-resume,Data Analytics Projects for Your Resume,data-analytics,projects,project,0,566,"Rewrite each member about its own topic. None is a merge target: the topics differ, only the text is shared."
S15,keyword-swapped,2,1,DEEP REWRITE,false,1,bab7e75d-468f-44c6-9867-a3df4b78252e,/blog/building-a-sales-dashboard-a-hands-on-project,Building a Sales Dashboard: A Hands-On Project,data-analytics,projects,project,0,565,"Rewrite each member about its own topic. None is a merge target: the topics differ, only the text is shared."
S16,keyword-swapped,30,0.999,DEEP REWRITE,true,1,89abac70-82f9-4201-829c-db690950c247,/blog/data-cleaning-a-practical-step-by-step-guide,Data Cleaning: A Practical Step-by-Step Guide,data-analytics,guide,tutorial,0.01,665,"Rewrite each member about its own topic. None is a merge target: the topics differ, only the text is shared."
S16,keyword-swapped,30,0.999,DEEP REWRITE,false,0.978,5ee45119-caef-4e2f-8807-bc7fe7c2b45e,/blog/building-kpi-scorecards-for-executives,Building KPI Scorecards for Executives,data-analytics,guide,tutorial,0,670,"Rewrite each member about its own topic. None is a merge target: the topics differ, only the text is shared."
S16,keyword-swapped,30,0.999,DEEP REWRITE,false,0.978,9af19898-222a-4545-986c-3352eb626336,/blog/building-your-first-interactive-dashboard,Building Your First Interactive Dashboard,data-analytics,guide,tutorial,0,670,"Rewrite each member about its own topic. None is a merge target: the topics differ, only the text is shared."
S16,keyword-swapped,30,0.999,DEEP REWRITE,false,0.978,2d3d03c8-71fb-44d8-b1e9-0bd27c48793f,/blog/business-analytics-explained-a-beginner-s-guide,Business Analytics Explained: A Beginner's Guide,data-analytics,guide,tutorial,0,667,"Rewrite each member about its own topic. None is a merge target: the topics differ, only the text is shared."
S16,keyword-swapped,30,0.999,DEEP REWRITE,false,0.978,45e1cecb-57d7-4a9b-b432-1a0d595691ff,/blog/cohort-analysis-explained-with-examples,Cohort Analysis Explained with Examples,data-analytics,guide,tutorial,0,670,"Rewrite each member about its own topic. None is a merge target: the topics differ, only the text is shared."
S16,keyword-swapped,30,0.999,DEEP REWRITE,false,0.978,bb01aead-b563-44f6-98fc-f83e47a34d18,/blog/customer-segmentation-for-analysts-a-practical-guide,Customer Segmentation for Analysts: A Practical Guide,data-analytics,guide,tutorial,0,670,"Rewrite each member about its own topic. None is a merge target: the topics differ, only the text is shared."
S16,keyword-swapped,30,0.999,DEEP REWRITE,false,0.978,abcc9aa8-f055-4f92-926c-305aed8f2e28,/blog/dashboard-design-principles-for-data-analysts,Dashboard Design Principles for Data Analysts,data-analytics,guide,tutorial,0,673,"Rewrite each member about its own topic. None is a merge target: the topics differ, only the text is shared."
S16,keyword-swapped,30,0.999,DEEP REWRITE,false,0.978,e9bf5b6b-f249-4848-83cd-45dbc3115f77,/blog/data-governance-basics-every-analyst-should-know,Data Governance Basics Every Analyst Should Know,data-analytics,guide,tutorial,0,676,"Rewrite each member about its own topic. None is a merge target: the topics differ, only the text is shared."
S16,keyword-swapped,30,0.999,DEEP REWRITE,false,0.978,1bbe015f-4e54-4de6-9a60-2877984b7675,/blog/data-visualization-best-practices-and-common-mistakes,Data Visualization Best Practices and Common Mistakes,data-analytics,guide,tutorial,0,676,"Rewrite each member about its own topic. None is a merge target: the topics differ, only the text is shared."
S16,keyword-swapped,30,0.999,DEEP REWRITE,false,0.978,6bb829cb-8e0d-49ad-93a5-d05b9ad576ec,/blog/excel-for-data-analysis-formulas-that-matter,Excel for Data Analysis: Formulas That Matter,data-analytics,guide,tutorial,0,670,"Rewrite each member about its own topic. None is a merge target: the topics differ, only the text is shared."
S16,keyword-swapped,30,0.999,DEEP REWRITE,false,0.978,3bf72922-6d87-444c-a336-e906d69de9be,/blog/excel-power-query-cleaning-data-without-code,Excel Power Query: Cleaning Data Without Code,data-analytics,guide,tutorial,0,668,"Rewrite each member about its own topic. None is a merge target: the topics differ, only the text is shared."
S16,keyword-swapped,30,0.999,DEEP REWRITE,false,0.978,e82540e3-48e8-48ce-bf1e-8073bf7286dd,/blog/forecasting-in-excel-simple-methods-that-work,Forecasting in Excel: Simple Methods That Work,data-analytics,guide,tutorial,0,668,"Rewrite each member about its own topic. None is a merge target: the topics differ, only the text is shared."
S16,keyword-swapped,30,0.999,DEEP REWRITE,false,0.978,a763d95b-f2d9-44b9-a6a7-82f8d2a64721,/blog/from-excel-to-sql-a-smooth-transition-guide,From Excel to SQL: A Smooth Transition Guide,data-analytics,guide,tutorial,0,671,"Rewrite each member about its own topic. None is a merge target: the topics differ, only the text is shared."
S16,keyword-swapped,30,0.999,DEEP REWRITE,false,0.978,cb67551d-e33a-438f-9a5e-ed925419f863,/blog/funnel-analysis-measuring-conversion-step-by-step,Funnel Analysis: Measuring Conversion Step by Step,data-analytics,guide,tutorial,0,666,"Rewrite each member about its own topic. None is a merge target: the topics differ, only the text is shared."
S16,keyword-swapped,30,0.999,DEEP REWRITE,false,0.978,4f4ab792-b571-451a-94f8-3a56b5771523,/blog/google-sheets-for-data-analysis-underrated-power-tools,Google Sheets for Data Analysis: Underrated Power Tools,data-analytics,guide,tutorial,0,673,"Rewrite each member about its own topic. None is a merge target: the topics differ, only the text is shared."
S16,keyword-swapped,30,0.999,DEEP REWRITE,false,0.978,5eeb562c-7607-4f19-9081-614df57b3b57,/blog/how-data-analysts-add-real-business-value,How Data Analysts Add Real Business Value,data-analytics,guide,tutorial,0,676,"Rewrite each member about its own topic. None is a merge target: the topics differ, only the text is shared."
S16,keyword-swapped,30,0.999,DEEP REWRITE,false,0.978,4deb6465-7417-46e9-b653-fc5d243a5f90,/blog/how-to-audit-a-messy-dataset-before-analysis,How to Audit a Messy Dataset Before Analysis,data-analytics,guide,tutorial,0,679,"Rewrite each member about its own topic. None is a merge target: the topics differ, only the text is shared."
S16,keyword-swapped,30,0.999,DEEP REWRITE,false,0.978,d0c7160b-d8cf-45a6-ac00-a1d349e279a4,/blog/how-to-handle-missing-data-in-analytics,How to Handle Missing Data in Analytics,data-analytics,guide,tutorial,0,676,"Rewrite each member about its own topic. None is a merge target: the topics differ, only the text is shared."
S16,keyword-swapped,30,0.999,DEEP REWRITE,false,0.978,c60523ec-8b64-4ffd-b61f-29cebb764ea5,/blog/looker-studio-tutorial-free-dashboards-for-beginners,Looker Studio Tutorial: Free Dashboards for Beginners,data-analytics,guide,tutorial,0,668,"Rewrite each member about its own topic. None is a merge target: the topics differ, only the text is shared."
S16,keyword-swapped,30,0.999,DEEP REWRITE,false,0.978,62e80fbc-7155-45c9-801d-5f959fd6180a,/blog/marketing-analytics-metrics-and-dashboards-that-matter,Marketing Analytics: Metrics and Dashboards That Matter,data-analytics,guide,tutorial,0,666,"Rewrite each member about its own topic. None is a merge target: the topics differ, only the text is shared."
S16,keyword-swapped,30,0.999,DEEP REWRITE,false,0.978,e1faf93a-3d0a-4db2-ae57-4e68b6202862,/blog/outlier-detection-for-analysts-methods-and-tools,Outlier Detection for Analysts: Methods and Tools,data-analytics,guide,tutorial,0,670,"Rewrite each member about its own topic. None is a merge target: the topics differ, only the text is shared."
S16,keyword-swapped,30,0.999,DEEP REWRITE,false,0.978,7acfdae6-955f-4cdb-b65a-c962bee798e9,/blog/pivot-tables-in-excel-a-complete-tutorial,Pivot Tables in Excel: A Complete Tutorial,data-analytics,guide,tutorial,0,670,"Rewrite each member about its own topic. None is a merge target: the topics differ, only the text is shared."
S16,keyword-swapped,30,0.999,DEEP REWRITE,false,0.978,3d5bfd24-48f2-44ff-a61e-1b8d15240792,/blog/product-analytics-101-events-funnels-and-retention,"Product Analytics 101: Events, Funnels and Retention",data-analytics,guide,tutorial,0,668,"Rewrite each member about its own topic. None is a merge target: the topics differ, only the text is shared."
S16,keyword-swapped,30,0.999,DEEP REWRITE,false,0.978,2e763d01-50de-4ff7-92a1-7c9a6ffe7ec5,/blog/self-service-analytics-empowering-business-teams,Self-Service Analytics: Empowering Business Teams,data-analytics,guide,tutorial,0,664,"Rewrite each member about its own topic. None is a merge target: the topics differ, only the text is shared."
S16,keyword-swapped,30,0.999,DEEP REWRITE,false,0.978,8b5c40d8-c7d1-40e0-ae62-9f7702e89aee,/blog/spreadsheet-to-insight-a-repeatable-analysis-workflow,Spreadsheet to Insight: A Repeatable Analysis Workflow,data-analytics,guide,tutorial,0,668,"Rewrite each member about its own topic. None is a merge target: the topics differ, only the text is shared."
S16,keyword-swapped,30,0.999,DEEP REWRITE,false,0.978,0581ad5a-b57a-463d-8c46-0ab6cbe1f516,/blog/sql-for-data-analysts-the-queries-you-need-daily,SQL for Data Analysts: The Queries You Need Daily,data-analytics,guide,tutorial,0,672,"Rewrite each member about its own topic. None is a merge target: the topics differ, only the text is shared."
S16,keyword-swapped,30,0.999,DEEP REWRITE,false,0.978,17a007b7-1add-4bc0-a83d-bccdab58f616,/blog/statistical-concepts-every-data-analyst-must-know,Statistical Concepts Every Data Analyst Must Know,data-analytics,guide,tutorial,0,676,"Rewrite each member about its own topic. None is a merge target: the topics differ, only the text is shared."
S16,keyword-swapped,30,0.999,DEEP REWRITE,false,0.978,f8c255e9-0c20-4acd-89a3-83d292960c03,/blog/the-modern-data-analytics-stack-explained,The Modern Data Analytics Stack Explained,data-analytics,guide,tutorial,0,673,"Rewrite each member about its own topic. None is a merge target: the topics differ, only the text is shared."
S16,keyword-swapped,30,0.999,DEEP REWRITE,false,0.978,69a49f00-34ea-45fd-8cfc-efbf2f99a786,/blog/time-intelligence-in-analytics-trends-and-seasonality,Time Intelligence in Analytics: Trends and Seasonality,data-analytics,guide,tutorial,0,670,"Rewrite each member about its own topic. None is a merge target: the topics differ, only the text is shared."
S16,keyword-swapped,30,0.999,DEEP REWRITE,false,0.978,f8737f14-2bf4-4217-8e01-9818fb608ae3,/blog/web-analytics-basics-understanding-user-behavior,Web Analytics Basics: Understanding User Behavior,data-analytics,guide,tutorial,0,667,"Rewrite each member about its own topic. None is a merge target: the topics differ, only the text is shared."
S17,keyword-swapped,2,1,DEEP REWRITE,true,1,991b639c-cd14-482b-8edb-8bc85ac78946,/blog/career-switch-to-data-science-a-realistic-roadmap,Career Switch to Data Science: A Realistic Roadmap,career-guidance,roadmap,career,0,635,"Rewrite each member about its own topic. None is a merge target: the topics differ, only the text is shared."
S17,keyword-swapped,2,1,DEEP REWRITE,false,1,65cc76d9-89b9-4609-abe6-9d40fc23824e,/blog/career-roadmap-analyst-to-scientist-to-lead,Career Roadmap: Analyst to Scientist to Lead,career-guidance,roadmap,career,0,631,"Rewrite each member about its own topic. None is a merge target: the topics differ, only the text is shared."
S18,keyword-swapped,2,0.968,DEEP REWRITE,true,1,87668382-eb60-4dc3-ad26-8e5e2f76604d,/blog/creating-calculated-columns-vs-measures-in-power-bi,Creating Calculated Columns vs Measures in Power BI,power-bi,comparison,comparison,0.018,492,"Rewrite each member about its own topic. None is a merge target: the topics differ, only the text is shared."
S18,keyword-swapped,2,0.968,DEEP REWRITE,false,0.968,dcf588d8-092a-431d-b93b-eefde93234ed,/blog/star-schema-vs-snowflake-schema-in-power-bi,Star Schema vs Snowflake Schema in Power BI,power-bi,comparison,comparison,0.015,492,"Rewrite each member about its own topic. None is a merge target: the topics differ, only the text is shared."
S19,keyword-swapped,2,1,DEEP REWRITE,true,1,8dc99bba-d522-4b95-8b66-883df971ac7a,/blog/data-analytics-roadmap-for-non-tech-backgrounds,Data Analytics Roadmap for Non-Tech Backgrounds,data-analytics,roadmap,career,0,668,"Rewrite each member about its own topic. None is a merge target: the topics differ, only the text is shared."
S19,keyword-swapped,2,1,DEEP REWRITE,false,1,d4e69b05-c67e-4356-875b-a353ec336620,/blog/data-analyst-roadmap-2026-skills-tools-and-timeline,"Data Analyst Roadmap 2026: Skills, Tools and Timeline",data-analytics,roadmap,career,0,668,"Rewrite each member about its own topic. None is a merge target: the topics differ, only the text is shared."
S20,keyword-swapped,2,1,DEEP REWRITE,true,1,6b381aa5-df4b-4d95-bc0f-8f497ab9d6b9,/blog/from-backend-developer-to-data-engineer-a-roadmap,From Backend Developer to Data Engineer: A Roadmap,data-engineering,roadmap,career,0,678,"Rewrite each member about its own topic. None is a merge target: the topics differ, only the text is shared."
S20,keyword-swapped,2,1,DEEP REWRITE,false,1,fe0843d2-54f6-4334-beef-58606bd4d1ef,/blog/data-engineering-roadmap-2026-a-complete-guide,Data Engineering Roadmap 2026: A Complete Guide,data-engineering,roadmap,career,0,675,"Rewrite each member about its own topic. None is a merge target: the topics differ, only the text is shared."
S21,keyword-swapped,4,1,DEEP REWRITE,true,1,554f025e-b1d6-4977-83bb-7a7b91ee1a74,/blog/from-data-analyst-to-data-scientist-a-transition-roadmap,From Data Analyst to Data Scientist: A Transition Roadmap,data-science,roadmap,career,0,676,"Rewrite each member about its own topic. None is a merge target: the topics differ, only the text is shared."
S21,keyword-swapped,4,1,DEEP REWRITE,false,1,4423b7cc-2752-439e-8a78-60746423e95a,/blog/data-science-roadmap-2026-a-complete-step-by-step-guide,Data Science Roadmap 2026: A Complete Step-by-Step Guide,data-science,roadmap,career,0,673,"Rewrite each member about its own topic. None is a merge target: the topics differ, only the text is shared."
S21,keyword-swapped,4,1,DEEP REWRITE,false,1,ce868598-2bb0-47b5-831c-bab2ebb0888d,/blog/machine-learning-roadmap-for-beginners-in-2026,Machine Learning Roadmap for Beginners in 2026,data-science,roadmap,career,0,675,"Rewrite each member about its own topic. None is a merge target: the topics differ, only the text is shared."
S21,keyword-swapped,4,1,DEEP REWRITE,false,1,aec32cc5-44c3-43d8-b4b8-d35cd842b3a6,/blog/natural-language-processing-nlp-roadmap-for-2026,Natural Language Processing (NLP) Roadmap for 2026,data-science,roadmap,career,0,675,"Rewrite each member about its own topic. None is a merge target: the topics differ, only the text is shared."
S22,keyword-swapped,2,1,DEEP REWRITE,true,1,a9428529-4089-4376-accd-4d814988d1e9,/blog/from-data-scientist-to-mlops-engineer-a-roadmap,From Data Scientist to MLOps Engineer: A Roadmap,mlops,roadmap,career,0,672,"Rewrite each member about its own topic. None is a merge target: the topics differ, only the text is shared."
S22,keyword-swapped,2,1,DEEP REWRITE,false,1,6ad8f279-59f2-4b4c-a8a8-d68b1486938c,/blog/mlops-roadmap-2026-skills-tools-and-career-path,"MLOps Roadmap 2026: Skills, Tools and Career Path",mlops,roadmap,career,0,669,"Rewrite each member about its own topic. None is a merge target: the topics differ, only the text is shared."
S23,keyword-swapped,2,1,DEEP REWRITE,true,1,fca531a3-6371-45e7-befe-406c31611d94,/blog/from-power-bi-beginner-to-developer-a-career-roadmap,From Power BI Beginner to Developer: A Career Roadmap,power-bi,roadmap,career,0,698,"Rewrite each member about its own topic. None is a merge target: the topics differ, only the text is shared."
S23,keyword-swapped,2,1,DEEP REWRITE,false,1,3853b6b3-ba0e-47b1-954f-99318e3d6e7c,/blog/power-bi-roadmap-2026-from-beginner-to-job-ready,Power BI Roadmap 2026: From Beginner to Job-Ready,power-bi,roadmap,career,0,695,"Rewrite each member about its own topic. None is a merge target: the topics differ, only the text is shared."
S24,keyword-swapped,3,1,DEEP REWRITE,true,1,7ed99eca-251c-42d1-af62-27450d315fde,/blog/gcp-associate-cloud-engineer-certification-guide,GCP Associate Cloud Engineer Certification Guide,gcp,certification,certification,0,516,"Rewrite each member about its own topic. None is a merge target: the topics differ, only the text is shared."
S24,keyword-swapped,3,1,DEEP REWRITE,false,1,6ac8d50b-4494-417a-990a-a1b7d02c7488,/blog/gcp-certification-path-which-one-to-pick-first,GCP Certification Path: Which One to Pick First,gcp,certification,certification,0,515,"Rewrite each member about its own topic. None is a merge target: the topics differ, only the text is shared."
S24,keyword-swapped,3,1,DEEP REWRITE,false,1,68fa2bc2-5386-48fa-905f-9e948c10736c,/blog/gcp-professional-data-engineer-certification-guide,GCP Professional Data Engineer Certification Guide,gcp,certification,certification,0,516,"Rewrite each member about its own topic. None is a merge target: the topics differ, only the text is shared."
S25,keyword-swapped,4,1,DEEP REWRITE,true,1,b9981a86-e8a7-4851-b00f-3a348bf7e8a1,/blog/how-much-math-do-you-really-need-for-data-science,How Much Math Do You Really Need for Data Science?,data-science,guide,tutorial,0,691,"Rewrite each member about its own topic. None is a merge target: the topics differ, only the text is shared."
S25,keyword-swapped,4,1,DEEP REWRITE,false,1,459b4ba1-10c5-4900-9ee3-017a6dde20d0,/blog/probability-for-data-science-concepts-you-must-know,Probability for Data Science: Concepts You Must Know,data-science,guide,tutorial,0,677,"Rewrite each member about its own topic. None is a merge target: the topics differ, only the text is shared."
S25,keyword-swapped,4,1,DEEP REWRITE,false,1,332063e1-f1d8-4a26-9b57-d7528115da52,/blog/sql-for-data-science-queries-every-data-scientist-must-know,SQL for Data Science: Queries Every Data Scientist Must Know,data-science,guide,tutorial,0,679,"Rewrite each member about its own topic. None is a merge target: the topics differ, only the text is shared."
S25,keyword-swapped,4,1,DEEP REWRITE,false,1,1fa0de07-5d61-4389-bf15-c59e53cca95e,/blog/statistics-for-data-science-the-20-you-actually-need,Statistics for Data Science: The 20% You Actually Need,data-science,guide,tutorial,0,678,"Rewrite each member about its own topic. None is a merge target: the topics differ, only the text is shared."
S26,keyword-swapped,2,1,DEEP REWRITE,true,1,cc3aecdc-0897-4887-858d-ad034676c797,/blog/how-to-build-a-data-analyst-portfolio-in-2026,How to Build a Data Analyst Portfolio in 2026,data-analytics,guide,tutorial,0,682,"Rewrite each member about its own topic. None is a merge target: the topics differ, only the text is shared."
S26,keyword-swapped,2,1,DEEP REWRITE,false,1,27ce0eee-5eac-4485-b75c-b8673dc05135,/blog/top-free-tools-for-data-analysts-in-2026,Top Free Tools for Data Analysts in 2026,data-analytics,guide,tutorial,0,679,"Rewrite each member about its own topic. None is a merge target: the topics differ, only the text is shared."
S27,keyword-swapped,2,1,DEEP REWRITE,true,1,d511d0c2-d5b3-468d-8e53-de794bb760d5,/blog/how-to-use-kaggle-to-boost-your-job-profile,How to Use Kaggle to Boost Your Job Profile,career-guidance,guide,tutorial,0,651,"Rewrite each member about its own topic. None is a merge target: the topics differ, only the text is shared."
S27,keyword-swapped,2,1,DEEP REWRITE,false,1,32cf794d-cafa-4a23-9f3e-59970c4bdfcb,/blog/how-to-get-recruiters-to-notice-your-profile,How to Get Recruiters to Notice Your Profile,career-guidance,guide,tutorial,0,648,"Rewrite each member about its own topic. None is a merge target: the topics differ, only the text is shared."
S28,keyword-swapped,5,1,DEEP REWRITE,true,1,61c626df-9374-4773-bae2-e9b073c01985,/blog/how-to-structure-a-python-project-the-right-way,How to Structure a Python Project the Right Way,python,projects,project,0,559,"Rewrite each member about its own topic. None is a merge target: the topics differ, only the text is shared."
S28,keyword-swapped,5,1,DEEP REWRITE,false,1,ae735a1c-82cb-4ae2-83e8-7e60220d8075,/blog/python-for-automation-a-real-world-project-guide,Python for Automation: A Real-World Project Guide,python,projects,project,0,551,"Rewrite each member about its own topic. None is a merge target: the topics differ, only the text is shared."
S28,keyword-swapped,5,1,DEEP REWRITE,false,1,ef46655a-ea04-4e19-b098-9ed232e209ff,/blog/python-logging-a-practical-setup-for-real-projects,Python Logging: A Practical Setup for Real Projects,python,projects,project,0,551,"Rewrite each member about its own topic. None is a merge target: the topics differ, only the text is shared."
S28,keyword-swapped,5,1,DEEP REWRITE,false,1,f700ca21-f622-447c-b352-7339f8acca0e,/blog/python-mini-projects-to-build-in-a-weekend,Python Mini Projects to Build in a Weekend,python,projects,project,0,557,"Rewrite each member about its own topic. None is a merge target: the topics differ, only the text is shared."
S28,keyword-swapped,5,1,DEEP REWRITE,false,1,aff911c7-72df-41df-9000-e5988f91a683,/blog/python-projects-for-beginners-15-ideas-to-build,Python Projects for Beginners: 15 Ideas to Build,python,projects,project,0,553,"Rewrite each member about its own topic. None is a merge target: the topics differ, only the text is shared."
S29,keyword-swapped,2,1,DEEP REWRITE,true,1,a0224e31-c0b6-4e0b-961b-15d4d967cea9,/blog/job-search-strategy-for-the-indian-tech-market-2026,Job Search Strategy for the Indian Tech Market 2026,career-guidance,guide,tutorial,0,651,"Rewrite each member about its own topic. None is a merge target: the topics differ, only the text is shared."
S29,keyword-swapped,2,1,DEEP REWRITE,false,1,6fb04597-c9b0-46c7-a854-a262c7b17653,/blog/linkedin-optimization-for-tech-job-seekers-in-2026,LinkedIn Optimization for Tech Job Seekers in 2026,career-guidance,guide,tutorial,0,648,"Rewrite each member about its own topic. None is a merge target: the topics differ, only the text is shared."
S30,keyword-swapped,2,1,DEEP REWRITE,true,1,0896227f-5112-4a2a-88f9-e32cb3f2521c,/blog/personal-projects-that-double-as-interview-stories,Personal Projects That Double as Interview Stories,career-guidance,projects,interview,0,538,"Rewrite each member about its own topic. None is a merge target: the topics differ, only the text is shared."
S30,keyword-swapped,2,1,DEEP REWRITE,false,1,e265908e-7bcb-4aec-b825-ba3c56375899,/blog/portfolio-building-projects-that-impress-recruiters,Portfolio Building: Projects That Impress Recruiters,career-guidance,projects,project,0,532,"Rewrite each member about its own topic. None is a merge target: the topics differ, only the text is shared."
X1,exact-duplicate,2,0.692,REDIRECT,true,1,fb36b6b8-8d57-43ad-a1c6-1961da1d47d3,/blog/aws-interview-questions-for-data-engineers,AWS Interview Questions for Data Engineers,interview-questions,interview,interview,0.002,517,Done in Phase 1: the copy 301s to the kept article.
X1,exact-duplicate,2,0.692,REDIRECT,false,0.692,18c51e97-59b4-4c23-8fe8-e39112b42635,/blog/aws-interview-questions-for-data-engineers-2,AWS Interview Questions for Data Engineers,aws,interview,interview,0.034,538,Done in Phase 1: the copy 301s to the kept article.
X2,exact-duplicate,2,0.724,REDIRECT,true,1,28258a22-d9d9-4d6a-8268-84a950122a18,/blog/data-analyst-interview-questions-and-answers,Data Analyst Interview Questions and Answers,interview-questions,interview,interview,0.002,517,Done in Phase 1: the copy 301s to the kept article.
X2,exact-duplicate,2,0.724,REDIRECT,false,0.724,4ec9bd80-4b35-4b93-b9a0-6ed9b73caf8a,/blog/data-analyst-interview-questions-and-answers-2,Data Analyst Interview Questions and Answers,data-analytics,interview,interview,0.034,532,Done in Phase 1: the copy 301s to the kept article.
X3,exact-duplicate,2,0.706,REDIRECT,true,1,d378de89-5a04-49e3-beb5-faca70d91481,/blog/data-engineering-interview-questions-and-answers,Data Engineering Interview Questions and Answers,interview-questions,interview,interview,0.002,517,Done in Phase 1: the copy 301s to the kept article.
X3,exact-duplicate,2,0.706,REDIRECT,false,0.706,cbb7e717-6fcb-400e-bc2f-d979b607d658,/blog/data-engineering-interview-questions-and-answers-2,Data Engineering Interview Questions and Answers,data-engineering,interview,interview,0.034,532,Done in Phase 1: the copy 301s to the kept article.
X4,exact-duplicate,2,0.699,REDIRECT,true,1,94f00e05-193a-4156-b50f-fb1308d108a1,/blog/gcp-interview-questions-for-data-engineers,GCP Interview Questions for Data Engineers,interview-questions,interview,interview,0.002,517,Done in Phase 1: the copy 301s to the kept article.
X4,exact-duplicate,2,0.699,REDIRECT,false,0.699,cde58267-9256-4b50-9358-4c8ed46ba0ee,/blog/gcp-interview-questions-for-data-engineers-2,GCP Interview Questions for Data Engineers,gcp,interview,interview,0.032,529,Done in Phase 1: the copy 301s to the kept article.
X5,exact-duplicate,2,0.695,REDIRECT,true,1,e46dd18b-36d8-40fb-9729-5023c0219658,/blog/mlops-interview-questions-and-answers,MLOps Interview Questions and Answers,interview-questions,interview,interview,0.002,515,Done in Phase 1: the copy 301s to the kept article.
X5,exact-duplicate,2,0.695,REDIRECT,false,0.695,ed61c93c-06fc-40c7-9c17-80a144713ec6,/blog/mlops-interview-questions-and-answers-2,MLOps Interview Questions and Answers,mlops,interview,interview,0.03,531,Done in Phase 1: the copy 301s to the kept article.
T1,same-topic,3,0.734,MERGE,true,1,c1b0fd3c-408b-4aed-b3ab-a7b068bbbff0,/blog/bigquery-vs-snowflake-vs-redshift-a-comparison,BigQuery vs Snowflake vs Redshift: A Comparison,gcp,comparison,comparison,0.005,474,Search Console: merge only if the weaker article earns no distinct queries (class C or D). Otherwise rewrite it to a distinct intent.
T1,same-topic,3,0.734,MERGE,false,0.724,b812f849-6d75-4828-a2a5-1299ddabb85f,/blog/cloud-data-warehouses-compared-snowflake-vs-bigquery-vs-redshift,Cloud Data Warehouses Compared: Snowflake vs BigQuery vs Redshift,data-engineering,comparison,comparison,0.008,477,Search Console: merge only if the weaker article earns no distinct queries (class C or D). Otherwise rewrite it to a distinct intent.
T1,same-topic,3,0.734,MERGE,false,0.769,b3d0bc4f-ffb6-43e7-a665-31055fc61275,/blog/redshift-vs-snowflake-vs-bigquery-a-comparison,Redshift vs Snowflake vs BigQuery: A Comparison,aws,comparison,comparison,0.003,482,Search Console: merge only if the weaker article earns no distinct queries (class C or D). Otherwise rewrite it to a distinct intent.
T2,same-topic,2,0.716,DEEP REWRITE,true,1,c6a5b225-ec0c-48af-bac5-b1fd5f0a65ca,/blog/power-bi-vs-excel-when-to-use-each-tool,Power BI vs Excel: When to Use Each Tool,power-bi,comparison,comparison,0,489,"Phase 3 decision CHANGE INTERNAL TARGETING: The /compare page owns the comparison. Both posts reach it only through the footer: give each a contextual link to it, and merge the ""when to use each"" post after a GSC check."
T2,same-topic,2,0.716,DEEP REWRITE,false,0.716,536b47d0-5b7c-470b-977d-6860c8fccd58,/blog/excel-vs-power-bi-which-should-you-learn-first,Excel vs Power BI: Which Should You Learn First?,data-analytics,comparison,comparison,0,480,"Phase 3 decision CHANGE INTERNAL TARGETING: The /compare page owns the comparison. Both posts reach it only through the footer: give each a contextual link to it, and merge the ""when to use each"" post after a GSC check."
T3,same-topic,2,0.721,MANUAL REVIEW,true,1,a6a0eaa1-b568-4541-b5d2-922a84dab321,/blog/orchestration-airflow-vs-dagster-vs-prefect,Orchestration: Airflow vs Dagster vs Prefect,data-engineering,comparison,comparison,0.005,471,"Phase 3 decision MANUAL REVIEW: Same three tools, Data Engineering vs MLOps category. Merge, or rewrite the MLOps copy around ML-pipeline orchestration."
T3,same-topic,2,0.721,MANUAL REVIEW,false,0.721,98a63b65-4bf3-44a8-ae8b-e9bdb39d6f8c,/blog/pipeline-orchestration-airflow-vs-prefect-vs-dagster,Pipeline Orchestration: Airflow vs Prefect vs Dagster,mlops,comparison,comparison,0.005,475,"Phase 3 decision MANUAL REVIEW: Same three tools, Data Engineering vs MLOps category. Merge, or rewrite the MLOps copy around ML-pipeline orchestration."
T4,same-topic,2,0.697,MERGE,true,1,d4a2cf26-6806-4348-91e2-04762d4163be,/blog/azure-data-factory-interview-questions-and-answers,Azure Data Factory Interview Questions and Answers,azure-data-factory,interview,interview,0.021,544,Search Console: merge only if the weaker article earns no distinct queries (class C or D). Otherwise rewrite it to a distinct intent.
T4,same-topic,2,0.697,MERGE,false,0.697,e96ec2d8-45ed-48de-b9ea-ffd1e5e1c3fd,/blog/azure-data-factory-adf-interview-questions,Azure Data Factory (ADF) Interview Questions,interview-questions,interview,interview,0,517,Search Console: merge only if the weaker article earns no distinct queries (class C or D). Otherwise rewrite it to a distinct intent.
T5,same-topic,2,0.653,DEEP REWRITE,true,1,d4e69b05-c67e-4356-875b-a353ec336620,/blog/data-analyst-roadmap-2026-skills-tools-and-timeline,"Data Analyst Roadmap 2026: Skills, Tools and Timeline",data-analytics,roadmap,career,0,668,Phase 3 decision KEEP BOTH: Roadmap vs career-switch-with-no-experience: related but different questions. Cross-link them.
T5,same-topic,2,0.653,DEEP REWRITE,false,0.653,42fa332c-199e-4033-bf0a-484dfbca4f6c,/blog/how-to-become-a-data-analyst-with-no-experience,How to Become a Data Analyst with No Experience,data-analytics,guide,career,0,682,Phase 3 decision KEEP BOTH: Roadmap vs career-switch-with-no-experience: related but different questions. Cross-link them.
T6,same-topic,2,0.653,DEEP REWRITE,true,1,fe0843d2-54f6-4334-beef-58606bd4d1ef,/blog/data-engineering-roadmap-2026-a-complete-guide,Data Engineering Roadmap 2026: A Complete Guide,data-engineering,roadmap,career,0,675,Phase 3 decision KEEP BOTH: Roadmap vs how-to-become: keep both angles distinct and cross-linked.
T6,same-topic,2,0.653,DEEP REWRITE,false,0.653,b9fbae04-d29a-4a8e-a16f-3f23b53cd221,/blog/how-to-become-a-data-engineer-in-2026,How to Become a Data Engineer in 2026,data-engineering,guide,career,0,685,Phase 3 decision KEEP BOTH: Roadmap vs how-to-become: keep both angles distinct and cross-linked.
T7,same-topic,2,0.687,MERGE,true,1,d408360e-e966-4639-8d1f-970d98651d15,/blog/power-bi-interview-questions-top-40-with-answers,Power BI Interview Questions: Top 40 with Answers,power-bi,interview,interview,0.032,544,Search Console: merge only if the weaker article earns no distinct queries (class C or D). Otherwise rewrite it to a distinct intent.
T7,same-topic,2,0.687,MERGE,false,0.687,45a28bcf-874b-48d3-8589-3d7cdeca2666,/blog/power-bi-interview-questions-with-detailed-answers,Power BI Interview Questions with Detailed Answers,interview-questions,interview,interview,0.002,519,Search Console: merge only if the weaker article earns no distinct queries (class C or D). Otherwise rewrite it to a distinct intent.
T8,same-topic,2,0.699,DEEP REWRITE,true,1,4bb37f3e-673c-4d3a-994c-64d3d057831b,/blog/python-interview-questions-top-50-with-answers,Python Interview Questions: Top 50 with Answers,python,interview,interview,0.021,524,"Phase 3 decision REWRITE INTENT: Keep the general Python set as owner. The ""for data roles"" post becomes standard-library coding tasks from data interviews (Phase 4 pilot rewrite, awaiting review); pandas and NumPy questions already have their own posts."
T8,same-topic,2,0.699,DEEP REWRITE,false,0.699,8f3e6cc3-851a-459f-a821-c64d9dd4de2a,/blog/python-interview-questions-for-data-roles,Python Interview Questions for Data Roles,interview-questions,interview,interview,0.002,517,"Phase 3 decision REWRITE INTENT: Keep the general Python set as owner. The ""for data roles"" post becomes standard-library coding tasks from data interviews (Phase 4 pilot rewrite, awaiting review); pandas and NumPy questions already have their own posts."
T9,same-topic,2,1,MANUAL REVIEW,true,1,f4eb72db-c920-47bb-a8f1-e5dc195ae0c4,/blog/adf-pipelines-explained-building-your-first-pipeline,ADF Pipelines Explained: Building Your First Pipeline,azure-data-factory,guide,tutorial,0,702,"Phase 3 decision MANUAL REVIEW: Both walk through building an ADF pipeline. Merge, or keep the second strictly about ETL design."
T9,same-topic,2,1,MANUAL REVIEW,false,1,b817f985-51ae-4e6a-9a98-9c1ba8e3eda1,/blog/building-an-etl-pipeline-with-adf-step-by-step,Building an ETL Pipeline with ADF Step by Step,azure-data-factory,guide,tutorial,0,716,"Phase 3 decision MANUAL REVIEW: Both walk through building an ADF pipeline. Merge, or keep the second strictly about ETL design."
T10,same-topic,2,1,MANUAL REVIEW,true,1,c2a710dd-db6f-4119-b844-59bd08f77282,/blog/langgraph-tutorial-building-stateful-ai-agents,LangGraph Tutorial: Building Stateful AI Agents,generative-ai,guide,tutorial,0,686,Phase 3 decision MANUAL REVIEW: Two LangGraph agent tutorials in the same category. Merge is likely; needs an editor to confirm neither covers something the other does not.
T10,same-topic,2,1,MANUAL REVIEW,false,1,9e69c58c-0543-4b92-8299-0539e9e3af0d,/blog/building-ai-agents-with-langgraph-a-hands-on-tutorial,Building AI Agents with LangGraph: A Hands-On Tutorial,generative-ai,guide,tutorial,0,694,Phase 3 decision MANUAL REVIEW: Two LangGraph agent tutorials in the same category. Merge is likely; needs an editor to confirm neither covers something the other does not.
F1,template-family,43,0.9,DEEP REWRITE,true,1,2657b2bb-b314-43da-ad9a-c6cfd801f492,/blog/how-to-become-a-data-scientist-in-2026-with-no-experience,How to Become a Data Scientist in 2026 with No Experience,data-science,guide,career,0,694,Rewrite in priority order (BLOG_REWRITE_QUEUE.csv). NOINDEX only for members Search Console shows earn nothing (class C) and that are not rewritten.
F1,template-family,43,0.9,DEEP REWRITE,false,1,98c04fbf-a4db-4a88-8658-70e7ffa2e5c1,/blog/a-b-testing-for-data-scientists-a-practical-guide,A/B Testing for Data Scientists: A Practical Guide,data-science,guide,tutorial,0,682,Rewrite in priority order (BLOG_REWRITE_QUEUE.csv). NOINDEX only for members Search Console shows earn nothing (class C) and that are not rewritten.
F1,template-family,43,0.9,DEEP REWRITE,false,1,616adf5f-11dd-4e72-8455-0ca6747fbd50,/blog/anomaly-detection-techniques-and-real-world-use-cases,Anomaly Detection: Techniques and Real-World Use Cases,data-science,guide,tutorial,0,672,Rewrite in priority order (BLOG_REWRITE_QUEUE.csv). NOINDEX only for members Search Console shows earn nothing (class C) and that are not rewritten.
F1,template-family,43,0.9,DEEP REWRITE,false,1,10d1a8b9-b501-4130-9112-501faa2224aa,/blog/best-free-datasets-for-data-science-practice-in-2026,Best Free Datasets for Data Science Practice in 2026,data-science,guide,tutorial,0,688,Rewrite in priority order (BLOG_REWRITE_QUEUE.csv). NOINDEX only for members Search Console shows earn nothing (class C) and that are not rewritten.
F1,template-family,43,0.9,DEEP REWRITE,false,1,bdc682e8-b409-456d-9f59-c18dbfb1a0ce,/blog/best-programming-languages-for-data-science-in-2026,Best Programming Languages for Data Science in 2026,data-science,guide,tutorial,0,685,Rewrite in priority order (BLOG_REWRITE_QUEUE.csv). NOINDEX only for members Search Console shows earn nothing (class C) and that are not rewritten.
F1,template-family,43,0.9,DEEP REWRITE,false,1,61ba3737-0357-4ff1-a4b1-85e605217fea,/blog/bias-variance-tradeoff-explained-with-real-examples,Bias-Variance Tradeoff Explained with Real Examples,data-science,guide,tutorial,0,679,Rewrite in priority order (BLOG_REWRITE_QUEUE.csv). NOINDEX only for members Search Console shows earn nothing (class C) and that are not rewritten.
F1,template-family,43,0.9,DEEP REWRITE,false,1,97fdb896-9e3c-4c99-a0fa-30875ca2fd06,/blog/clustering-algorithms-k-means-dbscan-and-hierarchical,"Clustering Algorithms: K-Means, DBSCAN and Hierarchical",data-science,guide,tutorial,0,671,Rewrite in priority order (BLOG_REWRITE_QUEUE.csv). NOINDEX only for members Search Console shows earn nothing (class C) and that are not rewritten.
F1,template-family,43,0.9,DEEP REWRITE,false,1,f4e59a0c-c96b-45f5-b81b-4ebae254a706,/blog/computer-vision-basics-from-pixels-to-predictions,Computer Vision Basics: From Pixels to Predictions,data-science,guide,tutorial,0,674,Rewrite in priority order (BLOG_REWRITE_QUEUE.csv). NOINDEX only for members Search Console shows earn nothing (class C) and that are not rewritten.
F1,template-family,43,0.9,DEEP REWRITE,false,1,266da73c-25b7-496e-9c82-3bbae4d31c62,/blog/confusion-matrix-explained-reading-it-correctly,Confusion Matrix Explained: Reading It Correctly,data-science,guide,tutorial,0,673,Rewrite in priority order (BLOG_REWRITE_QUEUE.csv). NOINDEX only for members Search Console shows earn nothing (class C) and that are not rewritten.
F1,template-family,43,0.9,DEEP REWRITE,false,1,fd3c250d-914c-4989-a2cc-f99e964fb93a,/blog/cross-validation-in-machine-learning-a-practical-guide,Cross-Validation in Machine Learning: A Practical Guide,data-science,guide,tutorial,0,676,Rewrite in priority order (BLOG_REWRITE_QUEUE.csv). NOINDEX only for members Search Console shows earn nothing (class C) and that are not rewritten.
F1,template-family,43,0.9,DEEP REWRITE,false,1,983192f9-4044-467b-b0b2-c199d506ce15,/blog/data-preprocessing-cleaning-data-the-right-way,Data Preprocessing: Cleaning Data the Right Way,data-science,guide,tutorial,0,672,Rewrite in priority order (BLOG_REWRITE_QUEUE.csv). NOINDEX only for members Search Console shows earn nothing (class C) and that are not rewritten.
F1,template-family,43,0.9,DEEP REWRITE,false,1,0cb9e77c-f716-4288-96ad-f8c822122679,/blog/data-science-career-guide-roles-skills-and-growth-path,"Data Science Career Guide: Roles, Skills and Growth Path",data-science,guide,tutorial,0,678,Rewrite in priority order (BLOG_REWRITE_QUEUE.csv). NOINDEX only for members Search Console shows earn nothing (class C) and that are not rewritten.
F1,template-family,43,0.9,DEEP REWRITE,false,1,8b7baa4a-9a6c-40e7-89f5-8aa5fd3ebf58,/blog/data-science-internships-in-hyderabad-how-to-land-one,Data Science Internships in Hyderabad: How to Land One,data-science,guide,tutorial,0,680,Rewrite in priority order (BLOG_REWRITE_QUEUE.csv). NOINDEX only for members Search Console shows earn nothing (class C) and that are not rewritten.
F1,template-family,43,0.9,DEEP REWRITE,false,0.524,f6042b0b-7118-4f5c-85e3-ba84aaf52efd,/blog/data-science-projects-for-freshers-12-ideas-with-datasets,Data Science Projects for Freshers: 12 Ideas with Datasets,data-science,projects,project,0,571,Rewrite in priority order (BLOG_REWRITE_QUEUE.csv). NOINDEX only for members Search Console shows earn nothing (class C) and that are not rewritten.
F1,template-family,43,0.9,DEEP REWRITE,false,0.654,4423b7cc-2752-439e-8a78-60746423e95a,/blog/data-science-roadmap-2026-a-complete-step-by-step-guide,Data Science Roadmap 2026: A Complete Step-by-Step Guide,data-science,roadmap,career,0,673,Rewrite in priority order (BLOG_REWRITE_QUEUE.csv). NOINDEX only for members Search Console shows earn nothing (class C) and that are not rewritten.
F1,template-family,43,0.9,DEEP REWRITE,false,1,3fff247f-29a3-4de8-a469-2af7400da633,/blog/data-science-without-a-degree-is-it-possible-in-2026,Data Science Without a Degree: Is It Possible in 2026?,data-science,guide,tutorial,0,681,Rewrite in priority order (BLOG_REWRITE_QUEUE.csv). NOINDEX only for members Search Console shows earn nothing (class C) and that are not rewritten.
F1,template-family,43,0.9,DEEP REWRITE,false,1,1ef92364-5766-44b6-b812-375cfe61afc2,/blog/deep-learning-guide-neural-networks-explained-simply,Deep Learning Guide: Neural Networks Explained Simply,data-science,guide,tutorial,0,674,Rewrite in priority order (BLOG_REWRITE_QUEUE.csv). NOINDEX only for members Search Console shows earn nothing (class C) and that are not rewritten.
F1,template-family,43,0.9,DEEP REWRITE,false,1,c6d532f4-75cc-4af3-9e07-b2802f671fad,/blog/dimensionality-reduction-pca-and-t-sne-explained,Dimensionality Reduction: PCA and t-SNE Explained,data-science,guide,tutorial,0,671,Rewrite in priority order (BLOG_REWRITE_QUEUE.csv). NOINDEX only for members Search Console shows earn nothing (class C) and that are not rewritten.
F1,template-family,43,0.9,DEEP REWRITE,false,0.524,b9313879-f717-4644-bbfe-c98992a7ce72,/blog/end-to-end-machine-learning-project-a-complete-walkthrough,End-to-End Machine Learning Project: A Complete Walkthrough,data-science,projects,project,0,568,Rewrite in priority order (BLOG_REWRITE_QUEUE.csv). NOINDEX only for members Search Console shows earn nothing (class C) and that are not rewritten.
F1,template-family,43,0.9,DEEP REWRITE,false,1,7af3452b-010b-49e4-b978-1426046850f3,/blog/ensemble-learning-bagging-boosting-and-stacking-explained,"Ensemble Learning: Bagging, Boosting and Stacking Explained",data-science,guide,tutorial,0,672,Rewrite in priority order (BLOG_REWRITE_QUEUE.csv). NOINDEX only for members Search Console shows earn nothing (class C) and that are not rewritten.
F1,template-family,43,0.9,DEEP REWRITE,false,1,9572efd1-fa21-4652-a526-22a7a8289a6f,/blog/evaluation-metrics-accuracy-precision-recall-and-f1-demystified,"Evaluation Metrics: Accuracy, Precision, Recall and F1 Demystified",data-science,guide,tutorial,0,673,Rewrite in priority order (BLOG_REWRITE_QUEUE.csv). NOINDEX only for members Search Console shows earn nothing (class C) and that are not rewritten.
F1,template-family,43,0.9,DEEP REWRITE,false,1,5866df9b-552b-4225-b19f-c581a8c7a186,/blog/exploratory-data-analysis-eda-a-step-by-step-walkthrough,Exploratory Data Analysis (EDA): A Step-by-Step Walkthrough,data-science,guide,tutorial,0,676,Rewrite in priority order (BLOG_REWRITE_QUEUE.csv). NOINDEX only for members Search Console shows earn nothing (class C) and that are not rewritten.
F1,template-family,43,0.9,DEEP REWRITE,false,1,d7af685c-f97b-4cf9-b4f6-5a74f8549f75,/blog/feature-engineering-a-practical-guide-with-examples,Feature Engineering: A Practical Guide with Examples,data-science,guide,tutorial,0,672,Rewrite in priority order (BLOG_REWRITE_QUEUE.csv). NOINDEX only for members Search Console shows earn nothing (class C) and that are not rewritten.
F1,template-family,43,0.9,DEEP REWRITE,false,0.654,554f025e-b1d6-4977-83bb-7a7b91ee1a74,/blog/from-data-analyst-to-data-scientist-a-transition-roadmap,From Data Analyst to Data Scientist: A Transition Roadmap,data-science,roadmap,career,0,676,Rewrite in priority order (BLOG_REWRITE_QUEUE.csv). NOINDEX only for members Search Console shows earn nothing (class C) and that are not rewritten.
F1,template-family,43,0.9,DEEP REWRITE,false,1,488edca3-7e7e-4151-bf01-06d9743f516f,/blog/gradient-descent-explained-the-engine-behind-ml,Gradient Descent Explained: The Engine Behind ML,data-science,guide,tutorial,0,674,Rewrite in priority order (BLOG_REWRITE_QUEUE.csv). NOINDEX only for members Search Console shows earn nothing (class C) and that are not rewritten.
F1,template-family,43,0.9,DEEP REWRITE,false,1,7a88788d-029f-45dc-919e-6330716e6b5d,/blog/handling-imbalanced-datasets-techniques-that-work,Handling Imbalanced Datasets: Techniques That Work,data-science,guide,tutorial,0,673,Rewrite in priority order (BLOG_REWRITE_QUEUE.csv). NOINDEX only for members Search Console shows earn nothing (class C) and that are not rewritten.
F1,template-family,43,0.9,DEEP REWRITE,false,1,b9981a86-e8a7-4851-b00f-3a348bf7e8a1,/blog/how-much-math-do-you-really-need-for-data-science,How Much Math Do You Really Need for Data Science?,data-science,guide,tutorial,0,691,Rewrite in priority order (BLOG_REWRITE_QUEUE.csv). NOINDEX only for members Search Console shows earn nothing (class C) and that are not rewritten.
F1,template-family,43,0.9,DEEP REWRITE,false,1,bb7fc367-7d77-4644-b147-bcedb786cb89,/blog/how-to-build-a-data-science-portfolio-that-gets-interviews,How to Build a Data Science Portfolio That Gets Interviews,data-science,guide,tutorial,0,691,Rewrite in priority order (BLOG_REWRITE_QUEUE.csv). NOINDEX only for members Search Console shows earn nothing (class C) and that are not rewritten.
F1,template-family,43,0.9,DEEP REWRITE,false,1,43d5850f-b445-472f-93a5-a3d6c108e9b5,/blog/how-to-read-a-machine-learning-research-paper,How to Read a Machine Learning Research Paper,data-science,guide,tutorial,0,685,Rewrite in priority order (BLOG_REWRITE_QUEUE.csv). NOINDEX only for members Search Console shows earn nothing (class C) and that are not rewritten.
F1,template-family,43,0.9,DEEP REWRITE,false,1,98f34cb5-f169-42a0-ab26-872f08ec71b0,/blog/kaggle-for-beginners-how-to-start-and-win-medals,Kaggle for Beginners: How to Start and Win Medals,data-science,guide,tutorial,0,676,Rewrite in priority order (BLOG_REWRITE_QUEUE.csv). NOINDEX only for members Search Console shows earn nothing (class C) and that are not rewritten.
F1,template-family,43,0.9,DEEP REWRITE,false,0.654,ce868598-2bb0-47b5-831c-bab2ebb0888d,/blog/machine-learning-roadmap-for-beginners-in-2026,Machine Learning Roadmap for Beginners in 2026,data-science,roadmap,career,0,675,Rewrite in priority order (BLOG_REWRITE_QUEUE.csv). NOINDEX only for members Search Console shows earn nothing (class C) and that are not rewritten.
F1,template-family,43,0.9,DEEP REWRITE,false,1,5385983d-7dcc-4237-b804-77027282f3a4,/blog/mlflow-for-data-scientists-tracking-experiments,MLflow for Data Scientists: Tracking Experiments,data-science,guide,tutorial,0,675,Rewrite in priority order (BLOG_REWRITE_QUEUE.csv). NOINDEX only for members Search Console shows earn nothing (class C) and that are not rewritten.
F1,template-family,43,0.9,DEEP REWRITE,false,1,95703081-55df-4721-b839-ba2db6b81c19,/blog/model-deployment-from-notebook-to-production,Model Deployment: From Notebook to Production,data-science,guide,tutorial,0,671,Rewrite in priority order (BLOG_REWRITE_QUEUE.csv). NOINDEX only for members Search Console shows earn nothing (class C) and that are not rewritten.
F1,template-family,43,0.9,DEEP REWRITE,false,0.654,aec32cc5-44c3-43d8-b4b8-d35cd842b3a6,/blog/natural-language-processing-nlp-roadmap-for-2026,Natural Language Processing (NLP) Roadmap for 2026,data-science,roadmap,career,0,675,Rewrite in priority order (BLOG_REWRITE_QUEUE.csv). NOINDEX only for members Search Console shows earn nothing (class C) and that are not rewritten.
F1,template-family,43,0.9,DEEP REWRITE,false,1,0744d8c6-1a4c-4c93-a7ba-590e5a7dd3fa,/blog/overfitting-and-underfitting-causes-and-fixes,Overfitting and Underfitting: Causes and Fixes,data-science,guide,tutorial,0,673,Rewrite in priority order (BLOG_REWRITE_QUEUE.csv). NOINDEX only for members Search Console shows earn nothing (class C) and that are not rewritten.
F1,template-family,43,0.9,DEEP REWRITE,false,1,459b4ba1-10c5-4900-9ee3-017a6dde20d0,/blog/probability-for-data-science-concepts-you-must-know,Probability for Data Science: Concepts You Must Know,data-science,guide,tutorial,0,677,Rewrite in priority order (BLOG_REWRITE_QUEUE.csv). NOINDEX only for members Search Console shows earn nothing (class C) and that are not rewritten.
F1,template-family,43,0.9,DEEP REWRITE,false,1,691b82b8-7451-48db-bec7-0d1819005919,/blog/recommendation-systems-how-netflix-and-amazon-suggest-items,Recommendation Systems: How Netflix and Amazon Suggest Items,data-science,guide,tutorial,0,673,Rewrite in priority order (BLOG_REWRITE_QUEUE.csv). NOINDEX only for members Search Console shows earn nothing (class C) and that are not rewritten.
F1,template-family,43,0.9,DEEP REWRITE,false,1,332063e1-f1d8-4a26-9b57-d7528115da52,/blog/sql-for-data-science-queries-every-data-scientist-must-know,SQL for Data Science: Queries Every Data Scientist Must Know,data-science,guide,tutorial,0,679,Rewrite in priority order (BLOG_REWRITE_QUEUE.csv). NOINDEX only for members Search Console shows earn nothing (class C) and that are not rewritten.
F1,template-family,43,0.9,DEEP REWRITE,false,1,1fa0de07-5d61-4389-bf15-c59e53cca95e,/blog/statistics-for-data-science-the-20-you-actually-need,Statistics for Data Science: The 20% You Actually Need,data-science,guide,tutorial,0,678,Rewrite in priority order (BLOG_REWRITE_QUEUE.csv). NOINDEX only for members Search Console shows earn nothing (class C) and that are not rewritten.
F1,template-family,43,0.9,DEEP REWRITE,false,1,e4525ea5-abdc-4aeb-affb-ca76482cd1eb,/blog/time-series-forecasting-a-beginner-friendly-introduction,Time Series Forecasting: A Beginner-Friendly Introduction,data-science,guide,tutorial,0,673,Rewrite in priority order (BLOG_REWRITE_QUEUE.csv). NOINDEX only for members Search Console shows earn nothing (class C) and that are not rewritten.
F1,template-family,43,0.9,DEEP REWRITE,false,1,4c14f85c-c39e-42e1-9134-75ad45182e79,/blog/top-10-machine-learning-algorithms-explained-for-beginners,Top 10 Machine Learning Algorithms Explained for Beginners,data-science,guide,tutorial,0,685,Rewrite in priority order (BLOG_REWRITE_QUEUE.csv). NOINDEX only for members Search Console shows earn nothing (class C) and that are not rewritten.
F1,template-family,43,0.9,DEEP REWRITE,false,1,16beecb3-547b-484f-9960-dd5e6f1f1b99,/blog/top-data-science-companies-hiring-in-hyderabad,Top Data Science Companies Hiring in Hyderabad,data-science,guide,tutorial,0,682,Rewrite in priority order (BLOG_REWRITE_QUEUE.csv). NOINDEX only for members Search Console shows earn nothing (class C) and that are not rewritten.
F1,template-family,43,0.9,DEEP REWRITE,false,1,9dfbfb82-193a-43f6-83f0-fa77b8145d0d,/blog/xgboost-explained-why-it-wins-kaggle-competitions,XGBoost Explained: Why It Wins Kaggle Competitions,data-science,guide,tutorial,0,672,Rewrite in priority order (BLOG_REWRITE_QUEUE.csv). NOINDEX only for members Search Console shows earn nothing (class C) and that are not rewritten.
F2,template-family,42,0.968,DEEP REWRITE,true,1,5481aade-d3b7-4e68-ba68-dd89f9cee04f,/blog/how-to-build-an-mlops-portfolio-that-stands-out,How to Build an MLOps Portfolio That Stands Out,mlops,guide,tutorial,0,679,Rewrite in priority order (BLOG_REWRITE_QUEUE.csv). NOINDEX only for members Search Console shows earn nothing (class C) and that are not rewritten.
F2,template-family,42,0.968,DEEP REWRITE,false,1,8a4a5402-06a6-4fae-abe6-9eca4e551269,/blog/a-b-testing-ml-models-in-production,A/B Testing ML Models in Production,mlops,guide,tutorial,0,673,Rewrite in priority order (BLOG_REWRITE_QUEUE.csv). NOINDEX only for members Search Console shows earn nothing (class C) and that are not rewritten.
F2,template-family,42,0.968,DEEP REWRITE,false,1,49d10bcd-b378-4562-a2c5-a21dbd253852,/blog/airflow-for-ml-pipelines-a-practical-guide,Airflow for ML Pipelines: A Practical Guide,mlops,guide,tutorial,0,667,Rewrite in priority order (BLOG_REWRITE_QUEUE.csv). NOINDEX only for members Search Console shows earn nothing (class C) and that are not rewritten.
F2,template-family,42,0.968,DEEP REWRITE,false,1,835846f3-a25a-4d94-b632-144c055aafbe,/blog/blue-green-deployments-for-ml-services,Blue-Green Deployments for ML Services,mlops,guide,tutorial,0,667,Rewrite in priority order (BLOG_REWRITE_QUEUE.csv). NOINDEX only for members Search Console shows earn nothing (class C) and that are not rewritten.
F2,template-family,42,0.968,DEEP REWRITE,false,1,8d4d115e-f469-48da-9798-909835b23d1a,/blog/building-a-prediction-api-a-complete-walkthrough,Building a Prediction API: A Complete Walkthrough,mlops,guide,tutorial,0,667,Rewrite in priority order (BLOG_REWRITE_QUEUE.csv). NOINDEX only for members Search Console shows earn nothing (class C) and that are not rewritten.
F2,template-family,42,0.968,DEEP REWRITE,false,1,b47642b1-e580-491d-83c8-037227775308,/blog/building-an-end-to-end-mlops-pipeline,Building an End-to-End MLOps Pipeline,mlops,guide,tutorial,0,667,Rewrite in priority order (BLOG_REWRITE_QUEUE.csv). NOINDEX only for members Search Console shows earn nothing (class C) and that are not rewritten.
F2,template-family,42,0.968,DEEP REWRITE,false,1,66169667-6424-422e-8410-6dc9fe96131a,/blog/ci-cd-for-machine-learning-pipelines-that-work,CI/CD for Machine Learning: Pipelines That Work,mlops,guide,tutorial,0,670,Rewrite in priority order (BLOG_REWRITE_QUEUE.csv). NOINDEX only for members Search Console shows earn nothing (class C) and that are not rewritten.
F2,template-family,42,0.968,DEEP REWRITE,false,1,2aa3a681-1f74-4d7a-8234-c426e49b87ce,/blog/containerizing-a-machine-learning-model-step-by-step,Containerizing a Machine Learning Model Step by Step,mlops,guide,tutorial,0,676,Rewrite in priority order (BLOG_REWRITE_QUEUE.csv). NOINDEX only for members Search Console shows earn nothing (class C) and that are not rewritten.
F2,template-family,42,0.968,DEEP REWRITE,false,1,2ae8bcc2-7fe9-4211-946e-d3577a86351f,/blog/continuous-training-automating-model-retraining,Continuous Training: Automating Model Retraining,mlops,guide,tutorial,0,661,Rewrite in priority order (BLOG_REWRITE_QUEUE.csv). NOINDEX only for members Search Console shows earn nothing (class C) and that are not rewritten.
F2,template-family,42,0.968,DEEP REWRITE,false,1,73da060d-5146-4aa6-8920-eefdfc2114c6,/blog/cost-optimization-for-ml-workloads-in-the-cloud,Cost Optimization for ML Workloads in the Cloud,mlops,guide,tutorial,0,676,Rewrite in priority order (BLOG_REWRITE_QUEUE.csv). NOINDEX only for members Search Console shows earn nothing (class C) and that are not rewritten.
F2,template-family,42,0.968,DEEP REWRITE,false,1,2c0c6d07-7c3a-46c5-8e77-db091973eeed,/blog/data-versioning-with-dvc-a-hands-on-guide,Data Versioning with DVC: A Hands-On Guide,mlops,guide,tutorial,0,667,Rewrite in priority order (BLOG_REWRITE_QUEUE.csv). NOINDEX only for members Search Console shows earn nothing (class C) and that are not rewritten.
F2,template-family,42,0.968,DEEP REWRITE,false,1,3caabdbe-d1a6-4626-a93e-cfbf09e7aee7,/blog/deploying-ml-models-on-aws-azure-and-gcp,"Deploying ML Models on AWS, Azure and GCP",mlops,guide,tutorial,0,676,Rewrite in priority order (BLOG_REWRITE_QUEUE.csv). NOINDEX only for members Search Console shows earn nothing (class C) and that are not rewritten.
F2,template-family,42,0.968,DEEP REWRITE,false,1,0cfceac7-0f15-471b-8737-fea1b598669f,/blog/docker-for-machine-learning-a-practical-guide,Docker for Machine Learning: A Practical Guide,mlops,guide,tutorial,0,667,Rewrite in priority order (BLOG_REWRITE_QUEUE.csv). NOINDEX only for members Search Console shows earn nothing (class C) and that are not rewritten.
F2,template-family,42,0.968,DEEP REWRITE,false,1,84643a02-651d-47d0-b0aa-81b9a1be3de6,/blog/edge-ml-deployment-running-models-on-devices,Edge ML Deployment: Running Models on Devices,mlops,guide,tutorial,0,665,Rewrite in priority order (BLOG_REWRITE_QUEUE.csv). NOINDEX only for members Search Console shows earn nothing (class C) and that are not rewritten.
F2,template-family,42,0.968,DEEP REWRITE,false,1,5f37b0ba-cf36-409d-9b64-67e621db739c,/blog/feature-stores-explained-why-teams-need-them,Feature Stores Explained: Why Teams Need Them,mlops,guide,tutorial,0,665,Rewrite in priority order (BLOG_REWRITE_QUEUE.csv). NOINDEX only for members Search Console shows earn nothing (class C) and that are not rewritten.
F2,template-family,42,0.968,DEEP REWRITE,false,0.66,a9428529-4089-4376-accd-4d814988d1e9,/blog/from-data-scientist-to-mlops-engineer-a-roadmap,From Data Scientist to MLOps Engineer: A Roadmap,mlops,roadmap,career,0,672,Rewrite in priority order (BLOG_REWRITE_QUEUE.csv). NOINDEX only for members Search Console shows earn nothing (class C) and that are not rewritten.
F2,template-family,42,0.968,DEEP REWRITE,false,1,9954646b-55b3-452d-8dce-d580e82c9e21,/blog/github-actions-for-ml-automating-workflows,GitHub Actions for ML: Automating Workflows,mlops,guide,tutorial,0,666,Rewrite in priority order (BLOG_REWRITE_QUEUE.csv). NOINDEX only for members Search Console shows earn nothing (class C) and that are not rewritten.
F2,template-family,42,0.968,DEEP REWRITE,false,1,82467957-07cd-47ab-bc6c-20333b3376df,/blog/handling-concept-drift-in-live-ml-systems,Handling Concept Drift in Live ML Systems,mlops,guide,tutorial,0,673,Rewrite in priority order (BLOG_REWRITE_QUEUE.csv). NOINDEX only for members Search Console shows earn nothing (class C) and that are not rewritten.
F2,template-family,42,0.968,DEEP REWRITE,false,1,ec6d3a2b-d54f-4120-b2a0-cea1aca87904,/blog/kubeflow-pipelines-an-introduction-for-ml-engineers,Kubeflow Pipelines: An Introduction for ML Engineers,mlops,guide,tutorial,0,663,Rewrite in priority order (BLOG_REWRITE_QUEUE.csv). NOINDEX only for members Search Console shows earn nothing (class C) and that are not rewritten.
F2,template-family,42,0.968,DEEP REWRITE,false,1,3f2ad586-f5da-42b3-8e62-85828f47be4a,/blog/kubernetes-for-ml-deploying-models-at-scale,Kubernetes for ML: Deploying Models at Scale,mlops,guide,tutorial,0,665,Rewrite in priority order (BLOG_REWRITE_QUEUE.csv). NOINDEX only for members Search Console shows earn nothing (class C) and that are not rewritten.
F2,template-family,42,0.968,DEEP REWRITE,false,1,767a823a-60a9-4aff-a23b-adf9a2bbf1a0,/blog/logging-and-observability-for-ml-systems,Logging and Observability for ML Systems,mlops,guide,tutorial,0,670,Rewrite in priority order (BLOG_REWRITE_QUEUE.csv). NOINDEX only for members Search Console shows earn nothing (class C) and that are not rewritten.
F2,template-family,42,0.968,DEEP REWRITE,false,1,ebcac2a2-f135-4254-a5e3-f2b42e33d03c,/blog/mlflow-tutorial-tracking-experiments-and-models,MLflow Tutorial: Tracking Experiments and Models,mlops,guide,tutorial,0,662,Rewrite in priority order (BLOG_REWRITE_QUEUE.csv). NOINDEX only for members Search Console shows earn nothing (class C) and that are not rewritten.
F2,template-family,42,0.968,DEEP REWRITE,false,1,d387d8e2-1280-4957-8c8b-c240b49d8167,/blog/mlops-maturity-levels-where-does-your-team-stand,MLOps Maturity Levels: Where Does Your Team Stand?,mlops,guide,tutorial,0,666,Rewrite in priority order (BLOG_REWRITE_QUEUE.csv). NOINDEX only for members Search Console shows earn nothing (class C) and that are not rewritten.
F2,template-family,42,0.968,DEEP REWRITE,false,0.66,6ad8f279-59f2-4b4c-a8a8-d68b1486938c,/blog/mlops-roadmap-2026-skills-tools-and-career-path,"MLOps Roadmap 2026: Skills, Tools and Career Path",mlops,roadmap,career,0,669,Rewrite in priority order (BLOG_REWRITE_QUEUE.csv). NOINDEX only for members Search Console shows earn nothing (class C) and that are not rewritten.
F2,template-family,42,0.968,DEEP REWRITE,false,1,aba5050d-3cd2-49e9-b467-473786c71ea1,/blog/mlops-tools-landscape-2026-what-to-learn,MLOps Tools Landscape 2026: What to Learn,mlops,guide,tutorial,0,667,Rewrite in priority order (BLOG_REWRITE_QUEUE.csv). NOINDEX only for members Search Console shows earn nothing (class C) and that are not rewritten.
F2,template-family,42,0.968,DEEP REWRITE,false,1,e0cb7df2-8ed0-48b6-84b3-e9164ff2a366,/blog/model-compression-quantization-and-pruning-explained,Model Compression: Quantization and Pruning Explained,mlops,guide,tutorial,0,662,Rewrite in priority order (BLOG_REWRITE_QUEUE.csv). NOINDEX only for members Search Console shows earn nothing (class C) and that are not rewritten.
F2,template-family,42,0.968,DEEP REWRITE,false,1,c7b8d384-b6ee-4fe3-baca-5be0aaa8ff6a,/blog/model-drift-and-data-drift-detection-and-response,Model Drift and Data Drift: Detection and Response,mlops,guide,tutorial,0,670,Rewrite in priority order (BLOG_REWRITE_QUEUE.csv). NOINDEX only for members Search Console shows earn nothing (class C) and that are not rewritten.
F2,template-family,42,0.968,DEEP REWRITE,false,1,8db6452e-dccb-461a-b3ee-ff5ad79d2db0,/blog/model-explainability-in-production-with-shap,Model Explainability in Production with SHAP,mlops,guide,tutorial,0,670,Rewrite in priority order (BLOG_REWRITE_QUEUE.csv). NOINDEX only for members Search Console shows earn nothing (class C) and that are not rewritten.
F2,template-family,42,0.968,DEEP REWRITE,false,1,136026e8-b203-4fe7-bbf8-b096f225646d,/blog/model-packaging-from-pickle-to-production,Model Packaging: From Pickle to Production,mlops,guide,tutorial,0,662,Rewrite in priority order (BLOG_REWRITE_QUEUE.csv). NOINDEX only for members Search Console shows earn nothing (class C) and that are not rewritten.
F2,template-family,42,0.968,DEEP REWRITE,false,1,066d05c2-99c1-42a9-b4cd-bcad86cb5833,/blog/model-registry-managing-the-ml-model-lifecycle,Model Registry: Managing the ML Model Lifecycle,mlops,guide,tutorial,0,663,Rewrite in priority order (BLOG_REWRITE_QUEUE.csv). NOINDEX only for members Search Console shows earn nothing (class C) and that are not rewritten.
F2,template-family,42,0.968,DEEP REWRITE,false,1,b5b97477-c55e-48d6-8253-97b2f7bd2cdb,/blog/model-versioning-with-mlflow-and-dvc,Model Versioning with MLflow and DVC,mlops,guide,tutorial,0,670,Rewrite in priority order (BLOG_REWRITE_QUEUE.csv). NOINDEX only for members Search Console shows earn nothing (class C) and that are not rewritten.
F2,template-family,42,0.968,DEEP REWRITE,false,1,8450a5b9-ca5f-4f88-9bc2-68eca6d55743,/blog/monitoring-ml-models-in-production-a-complete-guide,Monitoring ML Models in Production: A Complete Guide,mlops,guide,tutorial,0,670,Rewrite in priority order (BLOG_REWRITE_QUEUE.csv). NOINDEX only for members Search Console shows earn nothing (class C) and that are not rewritten.
F2,template-family,42,0.968,DEEP REWRITE,false,1,11a54a99-36b2-4a0c-b83d-78e85c431a35,/blog/production-ml-systems-architecture-and-best-practices,Production ML Systems: Architecture and Best Practices,mlops,guide,tutorial,0,665,Rewrite in priority order (BLOG_REWRITE_QUEUE.csv). NOINDEX only for members Search Console shows earn nothing (class C) and that are not rewritten.
F2,template-family,42,0.968,DEEP REWRITE,false,1,a618619e-4f93-47d3-89ab-d084e486fbbd,/blog/prometheus-and-grafana-for-ml-monitoring,Prometheus and Grafana for ML Monitoring,mlops,guide,tutorial,0,670,Rewrite in priority order (BLOG_REWRITE_QUEUE.csv). NOINDEX only for members Search Console shows earn nothing (class C) and that are not rewritten.
F2,template-family,42,0.968,DEEP REWRITE,false,1,6b234168-796a-4250-8568-b44421eea48c,/blog/real-time-feature-engineering-for-online-models,Real-Time Feature Engineering for Online Models,mlops,guide,tutorial,0,670,Rewrite in priority order (BLOG_REWRITE_QUEUE.csv). NOINDEX only for members Search Console shows earn nothing (class C) and that are not rewritten.
F2,template-family,42,0.968,DEEP REWRITE,false,1,8dd12094-2a35-4855-ab12-70092b8c7ea4,/blog/reproducibility-in-ml-seeds-configs-and-pipelines,"Reproducibility in ML: Seeds, Configs and Pipelines",mlops,guide,tutorial,0,665,Rewrite in priority order (BLOG_REWRITE_QUEUE.csv). NOINDEX only for members Search Console shows earn nothing (class C) and that are not rewritten.
F2,template-family,42,0.968,DEEP REWRITE,false,1,2ea3c424-622a-41f4-931d-78d302499d18,/blog/scaling-model-training-with-distributed-computing,Scaling Model Training with Distributed Computing,mlops,guide,tutorial,0,670,Rewrite in priority order (BLOG_REWRITE_QUEUE.csv). NOINDEX only for members Search Console shows earn nothing (class C) and that are not rewritten.
F2,template-family,42,0.968,DEEP REWRITE,false,1,c3aaee5f-a913-48c6-b7d9-2eb93abeae6d,/blog/secrets-management-for-ml-pipelines,Secrets Management for ML Pipelines,mlops,guide,tutorial,0,667,Rewrite in priority order (BLOG_REWRITE_QUEUE.csv). NOINDEX only for members Search Console shows earn nothing (class C) and that are not rewritten.
F2,template-family,42,0.968,DEEP REWRITE,false,1,ec46fc26-f6d8-4ac2-a751-05b4d12b4700,/blog/serving-ml-models-with-fastapi-and-docker,Serving ML Models with FastAPI and Docker,mlops,guide,tutorial,0,673,Rewrite in priority order (BLOG_REWRITE_QUEUE.csv). NOINDEX only for members Search Console shows earn nothing (class C) and that are not rewritten.
F2,template-family,42,0.968,DEEP REWRITE,false,1,7a4942a0-20d5-4b1d-9a20-e55fd133ece9,/blog/shadow-deployment-and-canary-releases-for-ml,Shadow Deployment and Canary Releases for ML,mlops,guide,tutorial,0,673,Rewrite in priority order (BLOG_REWRITE_QUEUE.csv). NOINDEX only for members Search Console shows earn nothing (class C) and that are not rewritten.
F2,template-family,42,0.968,DEEP REWRITE,false,1,5068ffb2-f3cb-4288-aefc-106225bfe6f0,/blog/testing-machine-learning-code-and-data,Testing Machine Learning Code and Data,mlops,guide,tutorial,0,670,Rewrite in priority order (BLOG_REWRITE_QUEUE.csv). NOINDEX only for members Search Console shows earn nothing (class C) and that are not rewritten.
F2,template-family,42,0.968,DEEP REWRITE,false,1,2743054e-83b9-4e9e-bc3c-f34a8f53a3f2,/blog/vertex-ai-and-sagemaker-for-mlops-a-comparison,Vertex AI and SageMaker for MLOps: A Comparison,mlops,guide,tutorial,0,672,Rewrite in priority order (BLOG_REWRITE_QUEUE.csv). NOINDEX only for members Search Console shows earn nothing (class C) and that are not rewritten.
F3,template-family,39,0.958,DEEP REWRITE,true,1,8515f2ba-8c71-43d8-afc6-e557b7d55ad7,/blog/azure-data-factory-roadmap-2026-a-complete-guide,Azure Data Factory Roadmap 2026: A Complete Guide,azure-data-factory,roadmap,career,0.031,707,Rewrite in priority order (BLOG_REWRITE_QUEUE.csv). NOINDEX only for members Search Console shows earn nothing (class C) and that are not rewritten.
F3,template-family,39,0.958,DEEP REWRITE,false,0.654,a394607c-5b33-4f0e-b4fe-502f1091d6d5,/blog/adf-control-flow-foreach-if-and-until-activities,"ADF Control Flow: ForEach, If and Until Activities",azure-data-factory,guide,tutorial,0,703,Rewrite in priority order (BLOG_REWRITE_QUEUE.csv). NOINDEX only for members Search Console shows earn nothing (class C) and that are not rewritten.
F3,template-family,39,0.958,DEEP REWRITE,false,0.654,49cc1a94-927a-4eae-bdb6-602eae138040,/blog/adf-data-flow-transformations-a-complete-reference,ADF Data Flow Transformations: A Complete Reference,azure-data-factory,guide,tutorial,0,704,Rewrite in priority order (BLOG_REWRITE_QUEUE.csv). NOINDEX only for members Search Console shows earn nothing (class C) and that are not rewritten.
F3,template-family,39,0.958,DEEP REWRITE,false,0.654,d87b25da-9f47-44fc-9932-a6a2af8e7bf6,/blog/adf-expressions-and-functions-a-practical-guide,ADF Expressions and Functions: A Practical Guide,azure-data-factory,guide,tutorial,0,704,Rewrite in priority order (BLOG_REWRITE_QUEUE.csv). NOINDEX only for members Search Console shows earn nothing (class C) and that are not rewritten.
F3,template-family,39,0.958,DEEP REWRITE,false,0.654,0200bacd-0237-4992-b993-9c07476d0bd6,/blog/adf-global-parameters-and-variables-explained,ADF Global Parameters and Variables Explained,azure-data-factory,guide,tutorial,0,707,Rewrite in priority order (BLOG_REWRITE_QUEUE.csv). NOINDEX only for members Search Console shows earn nothing (class C) and that are not rewritten.
F3,template-family,39,0.958,DEEP REWRITE,false,0.654,81769536-7a95-4915-b4c9-37457b2ba32c,/blog/adf-logging-and-auditing-for-compliance,ADF Logging and Auditing for Compliance,azure-data-factory,guide,tutorial,0,707,Rewrite in priority order (BLOG_REWRITE_QUEUE.csv). NOINDEX only for members Search Console shows earn nothing (class C) and that are not rewritten.
F3,template-family,39,0.958,DEEP REWRITE,false,0.654,2e8c4712-05fe-46a6-9330-48d1a3766430,/blog/adf-performance-tuning-dius-and-parallelism,ADF Performance Tuning: DIUs and Parallelism,azure-data-factory,guide,tutorial,0,701,Rewrite in priority order (BLOG_REWRITE_QUEUE.csv). NOINDEX only for members Search Console shows earn nothing (class C) and that are not rewritten.
F3,template-family,39,0.958,DEEP REWRITE,false,0.654,be63b27c-3ad8-4893-b347-436949f4fe84,/blog/adf-pipeline-best-practices-for-production,ADF Pipeline Best Practices for Production,azure-data-factory,guide,tutorial,0,707,Rewrite in priority order (BLOG_REWRITE_QUEUE.csv). NOINDEX only for members Search Console shows earn nothing (class C) and that are not rewritten.
F3,template-family,39,0.958,DEEP REWRITE,false,0.654,f4eb72db-c920-47bb-a8f1-e5dc195ae0c4,/blog/adf-pipelines-explained-building-your-first-pipeline,ADF Pipelines Explained: Building Your First Pipeline,azure-data-factory,guide,tutorial,0,702,Rewrite in priority order (BLOG_REWRITE_QUEUE.csv). NOINDEX only for members Search Console shows earn nothing (class C) and that are not rewritten.
F3,template-family,39,0.958,DEEP REWRITE,false,0.513,607d2e22-650a-4f39-93ed-e5f6a2167825,/blog/azure-data-engineering-projects-for-your-portfolio,Azure Data Engineering Projects for Your Portfolio,azure-data-factory,projects,project,0.005,591,Rewrite in priority order (BLOG_REWRITE_QUEUE.csv). NOINDEX only for members Search Console shows earn nothing (class C) and that are not rewritten.
F3,template-family,39,0.958,DEEP REWRITE,false,0.654,115673c0-835c-48f7-91dc-7e97c7c9470b,/blog/azure-data-lake-storage-gen2-explained,Azure Data Lake Storage Gen2 Explained,azure-data-factory,guide,tutorial,0,707,Rewrite in priority order (BLOG_REWRITE_QUEUE.csv). NOINDEX only for members Search Console shows earn nothing (class C) and that are not rewritten.
F3,template-family,39,0.958,DEEP REWRITE,false,0.654,fa288dfa-2abf-4af0-a611-1861a28202ea,/blog/azure-databricks-with-adf-orchestration-patterns,Azure Databricks with ADF: Orchestration Patterns,azure-data-factory,guide,tutorial,0,703,Rewrite in priority order (BLOG_REWRITE_QUEUE.csv). NOINDEX only for members Search Console shows earn nothing (class C) and that are not rewritten.
F3,template-family,39,0.958,DEEP REWRITE,false,0.654,411d7c4e-1869-481a-8fa6-be2149483e0a,/blog/azure-key-vault-integration-with-data-factory,Azure Key Vault Integration with Data Factory,azure-data-factory,guide,tutorial,0,710,Rewrite in priority order (BLOG_REWRITE_QUEUE.csv). NOINDEX only for members Search Console shows earn nothing (class C) and that are not rewritten.
F3,template-family,39,0.958,DEEP REWRITE,false,0.654,a9cb8ce8-0423-49eb-bd46-90008dfe8ce1,/blog/azure-synapse-analytics-explained-for-beginners,Azure Synapse Analytics Explained for Beginners,azure-data-factory,guide,tutorial,0,707,Rewrite in priority order (BLOG_REWRITE_QUEUE.csv). NOINDEX only for members Search Console shows earn nothing (class C) and that are not rewritten.
F3,template-family,39,0.958,DEEP REWRITE,false,0.654,4a35d3c1-f3af-4f8e-b777-b6620ed2a83a,/blog/building-a-metadata-framework-for-adf-pipelines,Building a Metadata Framework for ADF Pipelines,azure-data-factory,guide,tutorial,0,710,Rewrite in priority order (BLOG_REWRITE_QUEUE.csv). NOINDEX only for members Search Console shows earn nothing (class C) and that are not rewritten.
F3,template-family,39,0.958,DEEP REWRITE,false,0.654,b817f985-51ae-4e6a-9a98-9c1ba8e3eda1,/blog/building-an-etl-pipeline-with-adf-step-by-step,Building an ETL Pipeline with ADF Step by Step,azure-data-factory,guide,tutorial,0,716,Rewrite in priority order (BLOG_REWRITE_QUEUE.csv). NOINDEX only for members Search Console shows earn nothing (class C) and that are not rewritten.
F3,template-family,39,0.958,DEEP REWRITE,false,0.654,8de12e18-a045-4d3e-ba5a-aa05ce8655d5,/blog/ci-cd-for-azure-data-factory-with-azure-devops,CI/CD for Azure Data Factory with Azure DevOps,azure-data-factory,guide,tutorial,0,716,Rewrite in priority order (BLOG_REWRITE_QUEUE.csv). NOINDEX only for members Search Console shows earn nothing (class C) and that are not rewritten.
F3,template-family,39,0.958,DEEP REWRITE,false,0.654,2ca77087-c64c-48de-86d4-5506a822bf32,/blog/connecting-adf-to-rest-apis-and-web-sources,Connecting ADF to REST APIs and Web Sources,azure-data-factory,guide,tutorial,0,713,Rewrite in priority order (BLOG_REWRITE_QUEUE.csv). NOINDEX only for members Search Console shows earn nothing (class C) and that are not rewritten.
F3,template-family,39,0.958,DEEP REWRITE,false,0.654,32f89549-d88d-4b53-918d-6c06f6b98fc1,/blog/copy-activity-in-azure-data-factory-a-practical-guide,Copy Activity in Azure Data Factory: A Practical Guide,azure-data-factory,guide,tutorial,0,710,Rewrite in priority order (BLOG_REWRITE_QUEUE.csv). NOINDEX only for members Search Console shows earn nothing (class C) and that are not rewritten.
F3,template-family,39,0.958,DEEP REWRITE,false,0.654,d83817f0-1112-407f-b188-c332e433afd6,/blog/copying-data-from-on-prem-sql-to-azure-with-adf,Copying Data from On-Prem SQL to Azure with ADF,azure-data-factory,guide,tutorial,0,716,Rewrite in priority order (BLOG_REWRITE_QUEUE.csv). NOINDEX only for members Search Console shows earn nothing (class C) and that are not rewritten.
F3,template-family,39,0.958,DEEP REWRITE,false,0.654,d9574d23-3a19-4c25-a684-b5f7038bf304,/blog/data-flow-debug-and-performance-in-adf,Data Flow Debug and Performance in ADF,azure-data-factory,guide,tutorial,0,710,Rewrite in priority order (BLOG_REWRITE_QUEUE.csv). NOINDEX only for members Search Console shows earn nothing (class C) and that are not rewritten.
F3,template-family,39,0.958,DEEP REWRITE,false,0.654,5b624059-dc21-44d7-b2e4-acad9e29bd4e,/blog/data-partitioning-strategies-in-adf-copy-activity,Data Partitioning Strategies in ADF Copy Activity,azure-data-factory,guide,tutorial,0,710,Rewrite in priority order (BLOG_REWRITE_QUEUE.csv). NOINDEX only for members Search Console shows earn nothing (class C) and that are not rewritten.
F3,template-family,39,0.958,DEEP REWRITE,false,0.654,aba4650e-4e8b-4cb7-9b9d-f912b22b271c,/blog/event-based-triggers-with-azure-event-grid-and-adf,Event-Based Triggers with Azure Event Grid and ADF,azure-data-factory,guide,tutorial,0,713,Rewrite in priority order (BLOG_REWRITE_QUEUE.csv). NOINDEX only for members Search Console shows earn nothing (class C) and that are not rewritten.
F3,template-family,39,0.958,DEEP REWRITE,false,0.654,61452b61-1932-4054-9de6-00213aa47dd0,/blog/handling-errors-and-retries-in-adf-pipelines,Handling Errors and Retries in ADF Pipelines,azure-data-factory,guide,tutorial,0,710,Rewrite in priority order (BLOG_REWRITE_QUEUE.csv). NOINDEX only for members Search Console shows earn nothing (class C) and that are not rewritten.
F3,template-family,39,0.958,DEEP REWRITE,false,0.654,f7d2d955-4ae6-465b-b5e4-74f97a2e0475,/blog/how-to-become-an-azure-data-engineer-in-2026,How to Become an Azure Data Engineer in 2026,azure-data-factory,guide,career,0,716,Rewrite in priority order (BLOG_REWRITE_QUEUE.csv). NOINDEX only for members Search Console shows earn nothing (class C) and that are not rewritten.
F3,template-family,39,0.958,DEEP REWRITE,false,0.654,7adfd977-6aeb-43ae-8a2d-eded704af268,/blog/incremental-data-loading-in-azure-data-factory,Incremental Data Loading in Azure Data Factory,azure-data-factory,guide,tutorial,0,710,Rewrite in priority order (BLOG_REWRITE_QUEUE.csv). NOINDEX only for members Search Console shows earn nothing (class C) and that are not rewritten.
F3,template-family,39,0.958,DEEP REWRITE,false,0.654,ed5125c2-68a9-4721-9b01-a5be174c8166,/blog/integration-runtimes-in-adf-azure-self-hosted-and-ssis,"Integration Runtimes in ADF: Azure, Self-Hosted and SSIS",azure-data-factory,guide,tutorial,0,705,Rewrite in priority order (BLOG_REWRITE_QUEUE.csv). NOINDEX only for members Search Console shows earn nothing (class C) and that are not rewritten.
F3,template-family,39,0.958,DEEP REWRITE,false,0.654,8224db35-de1e-43a7-b3bc-57bb3b1881bc,/blog/linked-services-in-azure-data-factory-explained,Linked Services in Azure Data Factory Explained,azure-data-factory,guide,tutorial,0,710,Rewrite in priority order (BLOG_REWRITE_QUEUE.csv). NOINDEX only for members Search Console shows earn nothing (class C) and that are not rewritten.
F3,template-family,39,0.958,DEEP REWRITE,false,0.654,486039c8-bd1c-4c44-8949-472539431d83,/blog/loading-data-into-synapse-with-adf,Loading Data into Synapse with ADF,azure-data-factory,guide,tutorial,0,707,Rewrite in priority order (BLOG_REWRITE_QUEUE.csv). NOINDEX only for members Search Console shows earn nothing (class C) and that are not rewritten.
F3,template-family,39,0.958,DEEP REWRITE,false,0.654,c802eb21-8ce4-43f3-b456-c2b882f32fcb,/blog/lookup-and-get-metadata-activities-in-adf,Lookup and Get Metadata Activities in ADF,azure-data-factory,guide,tutorial,0,710,Rewrite in priority order (BLOG_REWRITE_QUEUE.csv). NOINDEX only for members Search Console shows earn nothing (class C) and that are not rewritten.
F3,template-family,39,0.958,DEEP REWRITE,false,0.654,dab784d3-ff30-4a11-8929-aa24e93e5f8e,/blog/mapping-data-flows-in-adf-transformations-without-code,Mapping Data Flows in ADF: Transformations Without Code,azure-data-factory,guide,tutorial,0,707,Rewrite in priority order (BLOG_REWRITE_QUEUE.csv). NOINDEX only for members Search Console shows earn nothing (class C) and that are not rewritten.
F3,template-family,39,0.958,DEEP REWRITE,false,0.654,5c6a36c5-bd4a-4f60-880a-56fa1462eee6,/blog/metadata-driven-pipelines-in-azure-data-factory,Metadata-Driven Pipelines in Azure Data Factory,azure-data-factory,guide,tutorial,0,707,Rewrite in priority order (BLOG_REWRITE_QUEUE.csv). NOINDEX only for members Search Console shows earn nothing (class C) and that are not rewritten.
F3,template-family,39,0.958,DEEP REWRITE,false,0.654,5b9b0f2e-8e4c-4c68-a003-ece48bd0594c,/blog/monitoring-and-alerts-in-azure-data-factory,Monitoring and Alerts in Azure Data Factory,azure-data-factory,guide,tutorial,0,710,Rewrite in priority order (BLOG_REWRITE_QUEUE.csv). NOINDEX only for members Search Console shows earn nothing (class C) and that are not rewritten.
F3,template-family,39,0.958,DEEP REWRITE,false,0.654,ddb1110b-94f1-4b95-a6a4-9b7303eb4c75,/blog/parameterizing-pipelines-in-azure-data-factory,Parameterizing Pipelines in Azure Data Factory,azure-data-factory,guide,tutorial,0,707,Rewrite in priority order (BLOG_REWRITE_QUEUE.csv). NOINDEX only for members Search Console shows earn nothing (class C) and that are not rewritten.
F3,template-family,39,0.958,DEEP REWRITE,false,0.654,b6fb7f13-a83f-4ec0-bab5-41af1d92bfb7,/blog/pipeline-dependencies-and-scheduling-in-adf,Pipeline Dependencies and Scheduling in ADF,azure-data-factory,guide,tutorial,0,707,Rewrite in priority order (BLOG_REWRITE_QUEUE.csv). NOINDEX only for members Search Console shows earn nothing (class C) and that are not rewritten.
F3,template-family,39,0.958,DEEP REWRITE,false,0.654,498b7c41-3740-4cbb-88a4-b7104ec34843,/blog/securing-azure-data-factory-managed-identities,Securing Azure Data Factory: Managed Identities,azure-data-factory,guide,tutorial,0,703,Rewrite in priority order (BLOG_REWRITE_QUEUE.csv). NOINDEX only for members Search Console shows earn nothing (class C) and that are not rewritten.
F3,template-family,39,0.958,DEEP REWRITE,false,0.654,f723a52c-d4b9-4c74-8f96-4ba74c0070d6,/blog/slowly-changing-dimensions-in-adf-data-flows,Slowly Changing Dimensions in ADF Data Flows,azure-data-factory,guide,tutorial,0,710,Rewrite in priority order (BLOG_REWRITE_QUEUE.csv). NOINDEX only for members Search Console shows earn nothing (class C) and that are not rewritten.
F3,template-family,39,0.958,DEEP REWRITE,false,0.654,654643e1-1acf-4e0b-b40e-068a96835d2e,/blog/triggers-in-adf-schedule-tumbling-window-and-event,"Triggers in ADF: Schedule, Tumbling Window and Event",azure-data-factory,guide,tutorial,0,703,Rewrite in priority order (BLOG_REWRITE_QUEUE.csv). NOINDEX only for members Search Console shows earn nothing (class C) and that are not rewritten.
F3,template-family,39,0.958,DEEP REWRITE,false,0.654,f22c8acc-57eb-4b3d-b8a0-7b5391f0674e,/blog/tumbling-window-triggers-backfills-and-dependencies,Tumbling Window Triggers: Backfills and Dependencies,azure-data-factory,guide,tutorial,0,701,Rewrite in priority order (BLOG_REWRITE_QUEUE.csv). NOINDEX only for members Search Console shows earn nothing (class C) and that are not rewritten.
F4,template-family,10,0.752,DEEP REWRITE,true,1,206d0217-79f7-4606-95c3-6999e819ae63,/blog/wrangling-data-flows-vs-mapping-data-flows-in-adf,Wrangling Data Flows vs Mapping Data Flows in ADF,azure-data-factory,comparison,comparison,0.025,495,Rewrite in priority order (BLOG_REWRITE_QUEUE.csv). NOINDEX only for members Search Console shows earn nothing (class C) and that are not rewritten.
F4,template-family,10,0.752,DEEP REWRITE,false,0.967,57b53dd9-6367-4857-a8b4-8afc9eb6f3be,/blog/adf-vs-databricks-when-to-use-each,ADF vs Databricks: When to Use Each,azure-data-factory,comparison,comparison,0.003,487,Rewrite in priority order (BLOG_REWRITE_QUEUE.csv). NOINDEX only for members Search Console shows earn nothing (class C) and that are not rewritten.
F4,template-family,10,0.752,DEEP REWRITE,false,0.967,48879315-ca2d-497c-b288-3c2b3f3d51da,/blog/adf-vs-ssis-migrating-legacy-etl-to-the-cloud,ADF vs SSIS: Migrating Legacy ETL to the Cloud,azure-data-factory,comparison,comparison,0.003,489,Rewrite in priority order (BLOG_REWRITE_QUEUE.csv). NOINDEX only for members Search Console shows earn nothing (class C) and that are not rewritten.
F4,template-family,10,0.752,DEEP REWRITE,false,0.534,c745e9a0-2f74-4e06-9556-a4bd1f56c124,/blog/azure-data-engineer-certification-dp-203-guide,Azure Data Engineer Certification (DP-203) Guide,azure-data-factory,certification,certification,0.012,534,Rewrite in priority order (BLOG_REWRITE_QUEUE.csv). NOINDEX only for members Search Console shows earn nothing (class C) and that are not rewritten.
F4,template-family,10,0.752,DEEP REWRITE,false,0.532,ae4e1d84-d666-4cb4-bd37-eaa3bb547c8b,/blog/azure-data-engineer-salary-in-hyderabad-2026,Azure Data Engineer Salary in Hyderabad 2026,azure-data-factory,salary,salary,0.051,555,Rewrite in priority order (BLOG_REWRITE_QUEUE.csv). NOINDEX only for members Search Console shows earn nothing (class C) and that are not rewritten.
F4,template-family,10,0.752,DEEP REWRITE,false,0.538,fc90e982-6c07-4a1e-b9ad-2248908003e1,/blog/azure-fundamentals-az-900-a-quick-start-guide,Azure Fundamentals (AZ-900): A Quick-Start Guide,azure-data-factory,certification,certification,0.002,531,Rewrite in priority order (BLOG_REWRITE_QUEUE.csv). NOINDEX only for members Search Console shows earn nothing (class C) and that are not rewritten.
F4,template-family,10,0.752,DEEP REWRITE,false,0.965,790ec0a3-9c9e-4b34-953a-527e344d4420,/blog/azure-synapse-pipelines-vs-standalone-adf,Azure Synapse Pipelines vs Standalone ADF,azure-data-factory,comparison,comparison,0.005,489,Rewrite in priority order (BLOG_REWRITE_QUEUE.csv). NOINDEX only for members Search Console shows earn nothing (class C) and that are not rewritten.
F4,template-family,10,0.752,DEEP REWRITE,false,0.967,49319bac-a68d-4a3d-8f7e-fcdb24e0fb3e,/blog/azure-synapse-vs-azure-data-factory-a-comparison,Azure Synapse vs Azure Data Factory: A Comparison,azure-data-factory,comparison,comparison,0,491,Rewrite in priority order (BLOG_REWRITE_QUEUE.csv). NOINDEX only for members Search Console shows earn nothing (class C) and that are not rewritten.
F4,template-family,10,0.752,DEEP REWRITE,false,0.953,e5d3922b-905a-4a0d-8512-a2bccf8d59eb,/blog/datasets-vs-linked-services-vs-pipelines-in-adf,Datasets vs Linked Services vs Pipelines in ADF,azure-data-factory,comparison,comparison,0.023,493,Rewrite in priority order (BLOG_REWRITE_QUEUE.csv). NOINDEX only for members Search Console shows earn nothing (class C) and that are not rewritten.
F4,template-family,10,0.752,DEEP REWRITE,false,0.967,f7446b72-3e01-4c86-94d4-15fafe6fc337,/blog/microsoft-fabric-vs-azure-data-factory-what-s-new,Microsoft Fabric vs Azure Data Factory: What's New,azure-data-factory,comparison,comparison,0.003,491,Rewrite in priority order (BLOG_REWRITE_QUEUE.csv). NOINDEX only for members Search Console shows earn nothing (class C) and that are not rewritten.
F5,template-family,42,0.961,DEEP REWRITE,true,1,4fdd5dcf-a04d-4174-a9e6-db0d5f2bc974,/blog/agentic-ai-roadmap-2026-from-prompts-to-autonomous-systems,Agentic AI Roadmap 2026: From Prompts to Autonomous Systems,generative-ai,roadmap,career,0.031,694,Rewrite in priority order (BLOG_REWRITE_QUEUE.csv). NOINDEX only for members Search Console shows earn nothing (class C) and that are not rewritten.
F5,template-family,42,0.961,DEEP REWRITE,false,0.66,dd1af33f-d841-4cfc-a47a-bac70283eb03,/blog/ai-agents-guide-how-autonomous-agents-actually-work,AI Agents Guide: How Autonomous Agents Actually Work,generative-ai,guide,tutorial,0,690,Rewrite in priority order (BLOG_REWRITE_QUEUE.csv). NOINDEX only for members Search Console shows earn nothing (class C) and that are not rewritten.
F5,template-family,42,0.961,DEEP REWRITE,false,0.66,65b55718-fdbd-4334-bc3c-73882bdd0d78,/blog/ai-coding-assistants-how-to-use-them-effectively,AI Coding Assistants: How to Use Them Effectively,generative-ai,guide,tutorial,0,690,Rewrite in priority order (BLOG_REWRITE_QUEUE.csv). NOINDEX only for members Search Console shows earn nothing (class C) and that are not rewritten.
F5,template-family,42,0.961,DEEP REWRITE,false,0.66,03331497-e78e-442a-9ce9-f99d866cd1e9,/blog/building-a-customer-support-bot-with-llms,Building a Customer Support Bot with LLMs,generative-ai,guide,tutorial,0,697,Rewrite in priority order (BLOG_REWRITE_QUEUE.csv). NOINDEX only for members Search Console shows earn nothing (class C) and that are not rewritten.
F5,template-family,42,0.961,DEEP REWRITE,false,0.66,72a20872-37c4-49a1-813d-e0675a5c0a96,/blog/building-a-document-q-and-a-chatbot-with-rag,Building a Document Q&A Chatbot with RAG,generative-ai,guide,tutorial,0,700,Rewrite in priority order (BLOG_REWRITE_QUEUE.csv). NOINDEX only for members Search Console shows earn nothing (class C) and that are not rewritten.
F5,template-family,42,0.961,DEEP REWRITE,false,0.66,0f713792-a399-4270-a18a-c6a8afd148b3,/blog/building-a-multi-agent-system-patterns-and-pitfalls,Building a Multi-Agent System: Patterns and Pitfalls,generative-ai,guide,tutorial,0,691,Rewrite in priority order (BLOG_REWRITE_QUEUE.csv). NOINDEX only for members Search Console shows earn nothing (class C) and that are not rewritten.
F5,template-family,42,0.961,DEEP REWRITE,false,0.66,9e69c58c-0543-4b92-8299-0539e9e3af0d,/blog/building-ai-agents-with-langgraph-a-hands-on-tutorial,Building AI Agents with LangGraph: A Hands-On Tutorial,generative-ai,guide,tutorial,0,694,Rewrite in priority order (BLOG_REWRITE_QUEUE.csv). NOINDEX only for members Search Console shows earn nothing (class C) and that are not rewritten.
F5,template-family,42,0.961,DEEP REWRITE,false,0.66,a13c4178-f865-46db-a7a8-188185cc40bd,/blog/chain-of-thought-prompting-making-llms-reason,Chain-of-Thought Prompting: Making LLMs Reason,generative-ai,guide,tutorial,0,685,Rewrite in priority order (BLOG_REWRITE_QUEUE.csv). NOINDEX only for members Search Console shows earn nothing (class C) and that are not rewritten.
F5,template-family,42,0.961,DEEP REWRITE,false,0.66,917e4f2d-08cd-4587-ae5e-e40029e7afc7,/blog/chatgpt-complete-guide-features-prompts-and-use-cases,"ChatGPT Complete Guide: Features, Prompts and Use Cases",generative-ai,guide,tutorial,0,690,Rewrite in priority order (BLOG_REWRITE_QUEUE.csv). NOINDEX only for members Search Console shows earn nothing (class C) and that are not rewritten.
F5,template-family,42,0.961,DEEP REWRITE,false,0.66,dd5b32f3-2b2c-4289-9637-3df389d1332f,/blog/chunking-strategies-for-rag-getting-retrieval-right,Chunking Strategies for RAG: Getting Retrieval Right,generative-ai,guide,tutorial,0,691,Rewrite in priority order (BLOG_REWRITE_QUEUE.csv). NOINDEX only for members Search Console shows earn nothing (class C) and that are not rewritten.
F5,template-family,42,0.961,DEEP REWRITE,false,0.66,cc103472-38bf-4e41-ac62-3eb020762646,/blog/context-windows-explained-tokens-limits-and-costs,"Context Windows Explained: Tokens, Limits and Costs",generative-ai,guide,tutorial,0,689,Rewrite in priority order (BLOG_REWRITE_QUEUE.csv). NOINDEX only for members Search Console shows earn nothing (class C) and that are not rewritten.
F5,template-family,42,0.961,DEEP REWRITE,false,0.66,825b3a5a-7234-49ae-b739-cb31b8e97ef4,/blog/cost-optimization-for-llm-applications-in-production,Cost Optimization for LLM Applications in Production,generative-ai,guide,tutorial,0,697,Rewrite in priority order (BLOG_REWRITE_QUEUE.csv). NOINDEX only for members Search Console shows earn nothing (class C) and that are not rewritten.
F5,template-family,42,0.961,DEEP REWRITE,false,0.66,188a603c-cf59-4977-a558-e677a573312e,/blog/deploying-a-gen-ai-app-on-the-cloud-a-walkthrough,Deploying a Gen AI App on the Cloud: A Walkthrough,generative-ai,guide,tutorial,0,702,Rewrite in priority order (BLOG_REWRITE_QUEUE.csv). NOINDEX only for members Search Console shows earn nothing (class C) and that are not rewritten.
F5,template-family,42,0.961,DEEP REWRITE,false,0.66,33324384-3d3f-4b16-93cf-4b926bed29ce,/blog/embeddings-explained-the-foundation-of-modern-ai,Embeddings Explained: The Foundation of Modern AI,generative-ai,guide,tutorial,0,687,Rewrite in priority order (BLOG_REWRITE_QUEUE.csv). NOINDEX only for members Search Console shows earn nothing (class C) and that are not rewritten.
F5,template-family,42,0.961,DEEP REWRITE,false,0.66,6abc197f-b75a-44b8-8082-f08719c60124,/blog/evaluating-llm-outputs-metrics-tools-and-best-practices,"Evaluating LLM Outputs: Metrics, Tools and Best Practices",generative-ai,guide,tutorial,0,690,Rewrite in priority order (BLOG_REWRITE_QUEUE.csv). NOINDEX only for members Search Console shows earn nothing (class C) and that are not rewritten.
F5,template-family,42,0.961,DEEP REWRITE,false,0.66,febcf860-313b-4ee1-9e1a-a4bd6af1cc50,/blog/function-calling-and-tool-use-in-llms-explained,Function Calling and Tool Use in LLMs Explained,generative-ai,guide,tutorial,0,700,Rewrite in priority order (BLOG_REWRITE_QUEUE.csv). NOINDEX only for members Search Console shows earn nothing (class C) and that are not rewritten.
F5,template-family,42,0.961,DEEP REWRITE,false,0.66,ce541867-8f3d-497c-a960-d47813398c85,/blog/generative-ai-for-images-diffusion-models-explained,Generative AI for Images: Diffusion Models Explained,generative-ai,guide,tutorial,0,691,Rewrite in priority order (BLOG_REWRITE_QUEUE.csv). NOINDEX only for members Search Console shows earn nothing (class C) and that are not rewritten.
F5,template-family,42,0.961,DEEP REWRITE,false,0.66,fe788dc5-61a7-4462-93f8-b73de5f3dffa,/blog/guardrails-for-llms-keeping-ai-apps-safe-and-on-topic,Guardrails for LLMs: Keeping AI Apps Safe and On-Topic,generative-ai,guide,tutorial,0,691,Rewrite in priority order (BLOG_REWRITE_QUEUE.csv). NOINDEX only for members Search Console shows earn nothing (class C) and that are not rewritten.
F5,template-family,42,0.961,DEEP REWRITE,false,0.66,fedc7a3a-de64-4891-a319-c286b7a1556d,/blog/how-large-language-models-llms-work-under-the-hood,How Large Language Models (LLMs) Work Under the Hood,generative-ai,guide,tutorial,0,703,Rewrite in priority order (BLOG_REWRITE_QUEUE.csv). NOINDEX only for members Search Console shows earn nothing (class C) and that are not rewritten.
F5,template-family,42,0.961,DEEP REWRITE,false,0.66,6d8c9a6a-d793-4c3f-9b66-28af0be82561,/blog/how-to-become-a-generative-ai-engineer-in-2026,How to Become a Generative AI Engineer in 2026,generative-ai,guide,career,0,703,Rewrite in priority order (BLOG_REWRITE_QUEUE.csv). NOINDEX only for members Search Console shows earn nothing (class C) and that are not rewritten.
F5,template-family,42,0.961,DEEP REWRITE,false,0.66,6f6ce1a2-6cc7-4d7e-b869-3d20b14f7159,/blog/how-to-reduce-llm-hallucinations-in-production,How to Reduce LLM Hallucinations in Production,generative-ai,guide,tutorial,0,697,Rewrite in priority order (BLOG_REWRITE_QUEUE.csv). NOINDEX only for members Search Console shows earn nothing (class C) and that are not rewritten.
F5,template-family,42,0.961,DEEP REWRITE,false,0.66,85814e09-f73e-45b6-8687-c31556b4716f,/blog/how-transformers-changed-ai-attention-explained,How Transformers Changed AI: Attention Explained,generative-ai,guide,tutorial,0,690,Rewrite in priority order (BLOG_REWRITE_QUEUE.csv). NOINDEX only for members Search Console shows earn nothing (class C) and that are not rewritten.
F5,template-family,42,0.961,DEEP REWRITE,false,0.66,c46cf92e-84d8-4a2a-a1e8-1f7390d268b1,/blog/hugging-face-transformers-a-practical-getting-started-guide,Hugging Face Transformers: A Practical Getting-Started Guide,generative-ai,guide,tutorial,0,689,Rewrite in priority order (BLOG_REWRITE_QUEUE.csv). NOINDEX only for members Search Console shows earn nothing (class C) and that are not rewritten.
F5,template-family,42,0.961,DEEP REWRITE,false,0.66,42609781-0ed4-4d32-ba33-75bb19edaa6e,/blog/knowledge-graphs-and-rag-combining-structure-with-search,Knowledge Graphs and RAG: Combining Structure with Search,generative-ai,guide,tutorial,0,692,Rewrite in priority order (BLOG_REWRITE_QUEUE.csv). NOINDEX only for members Search Console shows earn nothing (class C) and that are not rewritten.
F5,template-family,42,0.961,DEEP REWRITE,false,0.66,9f745723-761c-4d15-a4c9-c633b10ad3c2,/blog/langchain-tutorial-build-your-first-llm-app,LangChain Tutorial: Build Your First LLM App,generative-ai,guide,tutorial,0,687,Rewrite in priority order (BLOG_REWRITE_QUEUE.csv). NOINDEX only for members Search Console shows earn nothing (class C) and that are not rewritten.
F5,template-family,42,0.961,DEEP REWRITE,false,0.66,c2a710dd-db6f-4119-b844-59bd08f77282,/blog/langgraph-tutorial-building-stateful-ai-agents,LangGraph Tutorial: Building Stateful AI Agents,generative-ai,guide,tutorial,0,686,Rewrite in priority order (BLOG_REWRITE_QUEUE.csv). NOINDEX only for members Search Console shows earn nothing (class C) and that are not rewritten.
F5,template-family,42,0.961,DEEP REWRITE,false,0.66,20f9abf2-4641-4a3f-94cf-382079f3bd9c,/blog/lora-and-qlora-efficient-fine-tuning-explained,LoRA and QLoRA: Efficient Fine-Tuning Explained,generative-ai,guide,tutorial,0,688,Rewrite in priority order (BLOG_REWRITE_QUEUE.csv). NOINDEX only for members Search Console shows earn nothing (class C) and that are not rewritten.
F5,template-family,42,0.961,DEEP REWRITE,false,0.66,dc6432a5-729c-4fca-b3ef-149ed2893472,/blog/model-context-protocol-mcp-explained-for-beginners,Model Context Protocol (MCP) Explained for Beginners,generative-ai,guide,tutorial,0,697,Rewrite in priority order (BLOG_REWRITE_QUEUE.csv). NOINDEX only for members Search Console shows earn nothing (class C) and that are not rewritten.
F5,template-family,42,0.961,DEEP REWRITE,false,0.66,4229a041-f228-47e3-b5ce-93e94a4df466,/blog/multimodal-ai-models-that-see-hear-and-speak,"Multimodal AI: Models That See, Hear and Speak",generative-ai,guide,tutorial,0,688,Rewrite in priority order (BLOG_REWRITE_QUEUE.csv). NOINDEX only for members Search Console shows earn nothing (class C) and that are not rewritten.
F5,template-family,42,0.961,DEEP REWRITE,false,0.66,168e48d7-4720-4d3a-81de-3e8e805905fd,/blog/ollama-tutorial-run-llms-locally-on-your-machine,Ollama Tutorial: Run LLMs Locally on Your Machine,generative-ai,guide,tutorial,0,688,Rewrite in priority order (BLOG_REWRITE_QUEUE.csv). NOINDEX only for members Search Console shows earn nothing (class C) and that are not rewritten.
F5,template-family,42,0.961,DEEP REWRITE,false,0.653,24c38835-867c-4ff6-98c5-dd47ba77dcc8,/blog/prompt-engineering-techniques-that-actually-improve-output,Prompt Engineering: Techniques That Actually Improve Output,generative-ai,guide,tutorial,0.01,687,Rewrite in priority order (BLOG_REWRITE_QUEUE.csv). NOINDEX only for members Search Console shows earn nothing (class C) and that are not rewritten.
F5,template-family,42,0.961,DEEP REWRITE,false,0.66,760a1f1f-962f-4426-a4db-1582af0025f4,/blog/prompt-injection-and-llm-security-what-you-need-to-know,Prompt Injection and LLM Security: What You Need to Know,generative-ai,guide,tutorial,0,696,Rewrite in priority order (BLOG_REWRITE_QUEUE.csv). NOINDEX only for members Search Console shows earn nothing (class C) and that are not rewritten.
F5,template-family,42,0.961,DEEP REWRITE,false,0.66,5130f2dc-04fe-4df6-9d5c-db309461c983,/blog/prompt-templates-and-versioning-managing-prompts-at-scale,Prompt Templates and Versioning: Managing Prompts at Scale,generative-ai,guide,tutorial,0,692,Rewrite in priority order (BLOG_REWRITE_QUEUE.csv). NOINDEX only for members Search Console shows earn nothing (class C) and that are not rewritten.
F5,template-family,42,0.961,DEEP REWRITE,false,0.66,7c809a1c-1807-44a9-9e31-cadcefc8342b,/blog/rag-architecture-explained-retrieval-augmented-generation,RAG Architecture Explained: Retrieval-Augmented Generation,generative-ai,guide,tutorial,0,687,Rewrite in priority order (BLOG_REWRITE_QUEUE.csv). NOINDEX only for members Search Console shows earn nothing (class C) and that are not rewritten.
F5,template-family,42,0.961,DEEP REWRITE,false,0.66,4593aa92-6902-4d4a-aed6-443838ad5b01,/blog/retrieval-evaluation-measuring-rag-quality,Retrieval Evaluation: Measuring RAG Quality,generative-ai,guide,tutorial,0,685,Rewrite in priority order (BLOG_REWRITE_QUEUE.csv). NOINDEX only for members Search Console shows earn nothing (class C) and that are not rewritten.
F5,template-family,42,0.961,DEEP REWRITE,false,0.66,e3689580-16df-46ba-91f5-4bb6fdf25da5,/blog/speech-to-text-and-text-to-speech-with-modern-ai,Speech-to-Text and Text-to-Speech with Modern AI,generative-ai,guide,tutorial,0,694,Rewrite in priority order (BLOG_REWRITE_QUEUE.csv). NOINDEX only for members Search Console shows earn nothing (class C) and that are not rewritten.
F5,template-family,42,0.961,DEEP REWRITE,false,0.66,18c24a13-bca9-454e-ae35-d9792cff2e40,/blog/synthetic-data-generation-with-llms-a-practical-guide,Synthetic Data Generation with LLMs: A Practical Guide,generative-ai,guide,tutorial,0,694,Rewrite in priority order (BLOG_REWRITE_QUEUE.csv). NOINDEX only for members Search Console shows earn nothing (class C) and that are not rewritten.
F5,template-family,42,0.961,DEEP REWRITE,false,0.66,e674e833-75fd-4a74-9f3a-1cd17454afce,/blog/tokenization-in-llms-why-it-matters-more-than-you-think,Tokenization in LLMs: Why It Matters More Than You Think,generative-ai,guide,tutorial,0,692,Rewrite in priority order (BLOG_REWRITE_QUEUE.csv). NOINDEX only for members Search Console shows earn nothing (class C) and that are not rewritten.
F5,template-family,42,0.961,DEEP REWRITE,false,0.512,539d8b10-b2b4-4f45-921c-df1bca3a0737,/blog/top-generative-ai-projects-to-build-for-your-portfolio,Top Generative AI Projects to Build for Your Portfolio,generative-ai,projects,project,0.009,586,Rewrite in priority order (BLOG_REWRITE_QUEUE.csv). NOINDEX only for members Search Console shows earn nothing (class C) and that are not rewritten.
F5,template-family,42,0.961,DEEP REWRITE,false,0.66,eff04529-9a02-4bf9-9563-a4af242cf1ed,/blog/top-generative-ai-tools-every-developer-should-know-in-2026,Top Generative AI Tools Every Developer Should Know in 2026,generative-ai,guide,tutorial,0,706,Rewrite in priority order (BLOG_REWRITE_QUEUE.csv). NOINDEX only for members Search Console shows earn nothing (class C) and that are not rewritten.
F5,template-family,42,0.961,DEEP REWRITE,false,0.66,3674820c-7224-4543-8958-ca92108595d1,/blog/vector-databases-explained-pinecone-faiss-and-chromadb,"Vector Databases Explained: Pinecone, FAISS and ChromaDB",generative-ai,guide,tutorial,0,689,Rewrite in priority order (BLOG_REWRITE_QUEUE.csv). NOINDEX only for members Search Console shows earn nothing (class C) and that are not rewritten.
F5,template-family,42,0.961,DEEP REWRITE,false,0.66,94cd98f5-f32b-456a-bf7b-934283d95244,/blog/vllm-and-model-serving-scaling-llm-inference,vLLM and Model Serving: Scaling LLM Inference,generative-ai,guide,tutorial,0,691,Rewrite in priority order (BLOG_REWRITE_QUEUE.csv). NOINDEX only for members Search Console shows earn nothing (class C) and that are not rewritten.
F6,template-family,42,0.945,DEEP REWRITE,true,1,0c26d3c0-9b76-4a0e-a340-9ae33bcd5c90,/blog/power-bi-service-publishing-sharing-and-workspaces,"Power BI Service: Publishing, Sharing and Workspaces",power-bi,guide,tutorial,0.012,691,Rewrite in priority order (BLOG_REWRITE_QUEUE.csv). NOINDEX only for members Search Console shows earn nothing (class C) and that are not rewritten.
F6,template-family,42,0.945,DEEP REWRITE,false,0.966,b8a06ca4-3c07-41f7-8831-84770192c8a5,/blog/aggregations-in-power-bi-for-large-datasets,Aggregations in Power BI for Large Datasets,power-bi,guide,tutorial,0,699,Rewrite in priority order (BLOG_REWRITE_QUEUE.csv). NOINDEX only for members Search Console shows earn nothing (class C) and that are not rewritten.
F6,template-family,42,0.945,DEEP REWRITE,false,0.966,4cff8509-27d3-4b2d-8500-d9bbefc533f5,/blog/building-a-finance-dashboard-in-power-bi,Building a Finance Dashboard in Power BI,power-bi,guide,tutorial,0,699,Rewrite in priority order (BLOG_REWRITE_QUEUE.csv). NOINDEX only for members Search Console shows earn nothing (class C) and that are not rewritten.
F6,template-family,42,0.945,DEEP REWRITE,false,0.966,1374c6dd-cd6b-4660-8d76-92f3e900d789,/blog/building-a-sales-dashboard-in-power-bi-from-scratch,Building a Sales Dashboard in Power BI from Scratch,power-bi,guide,tutorial,0,705,Rewrite in priority order (BLOG_REWRITE_QUEUE.csv). NOINDEX only for members Search Console shows earn nothing (class C) and that are not rewritten.
F6,template-family,42,0.945,DEEP REWRITE,false,0.966,23002c6f-88d5-4779-934c-64676037456e,/blog/calculation-groups-in-power-bi-explained,Calculation Groups in Power BI Explained,power-bi,guide,tutorial,0,696,Rewrite in priority order (BLOG_REWRITE_QUEUE.csv). NOINDEX only for members Search Console shows earn nothing (class C) and that are not rewritten.
F6,template-family,42,0.945,DEEP REWRITE,false,0.966,7f60b454-7361-470e-9e66-127ac4bd3e48,/blog/composite-models-and-directquery-in-power-bi,Composite Models and DirectQuery in Power BI,power-bi,guide,tutorial,0,699,Rewrite in priority order (BLOG_REWRITE_QUEUE.csv). NOINDEX only for members Search Console shows earn nothing (class C) and that are not rewritten.
F6,template-family,42,0.945,DEEP REWRITE,false,0.966,d042f0d8-e450-4cee-81dd-4fd59e8ae8dd,/blog/conditional-formatting-in-power-bi-a-practical-guide,Conditional Formatting in Power BI: A Practical Guide,power-bi,guide,tutorial,0,696,Rewrite in priority order (BLOG_REWRITE_QUEUE.csv). NOINDEX only for members Search Console shows earn nothing (class C) and that are not rewritten.
F6,template-family,42,0.945,DEEP REWRITE,false,0.966,244a4994-e18b-4bfa-a7c8-0b43a9d6cd45,/blog/connecting-power-bi-to-sql-server-a-step-by-step-guide,Connecting Power BI to SQL Server: A Step-by-Step Guide,power-bi,guide,tutorial,0,699,Rewrite in priority order (BLOG_REWRITE_QUEUE.csv). NOINDEX only for members Search Console shows earn nothing (class C) and that are not rewritten.
F6,template-family,42,0.945,DEEP REWRITE,false,0.966,f4b752a8-5ff2-4f18-a4c4-a5703e82cbc9,/blog/data-modeling-in-power-bi-star-schema-explained,Data Modeling in Power BI: Star Schema Explained,power-bi,guide,tutorial,0,696,Rewrite in priority order (BLOG_REWRITE_QUEUE.csv). NOINDEX only for members Search Console shows earn nothing (class C) and that are not rewritten.
F6,template-family,42,0.945,DEEP REWRITE,false,0.966,0ea1d927-f54c-4c5a-810d-8432c826232c,/blog/dax-calculate-function-explained-step-by-step,DAX CALCULATE Function Explained Step by Step,power-bi,guide,tutorial,0,699,Rewrite in priority order (BLOG_REWRITE_QUEUE.csv). NOINDEX only for members Search Console shows earn nothing (class C) and that are not rewritten.
F6,template-family,42,0.945,DEEP REWRITE,false,0.966,d0bbea83-5fe6-40ee-9171-20603222bb8d,/blog/dax-filter-and-all-functions-explained,DAX FILTER and ALL Functions Explained,power-bi,guide,tutorial,0,696,Rewrite in priority order (BLOG_REWRITE_QUEUE.csv). NOINDEX only for members Search Console shows earn nothing (class C) and that are not rewritten.
F6,template-family,42,0.945,DEEP REWRITE,false,0.966,75fdbf2d-cb26-4b83-adeb-5af50745506c,/blog/dax-guide-measures-calculated-columns-and-context,"DAX Guide: Measures, Calculated Columns and Context",power-bi,guide,tutorial,0,689,Rewrite in priority order (BLOG_REWRITE_QUEUE.csv). NOINDEX only for members Search Console shows earn nothing (class C) and that are not rewritten.
F6,template-family,42,0.945,DEEP REWRITE,false,0.966,db641a82-4ef3-4c50-9e72-43cdf446170e,/blog/dax-variables-writing-cleaner-faster-measures,"DAX Variables: Writing Cleaner, Faster Measures",power-bi,guide,tutorial,0,688,Rewrite in priority order (BLOG_REWRITE_QUEUE.csv). NOINDEX only for members Search Console shows earn nothing (class C) and that are not rewritten.
F6,template-family,42,0.945,DEEP REWRITE,false,0.632,fca531a3-6371-45e7-befe-406c31611d94,/blog/from-power-bi-beginner-to-developer-a-career-roadmap,From Power BI Beginner to Developer: A Career Roadmap,power-bi,roadmap,career,0,698,Rewrite in priority order (BLOG_REWRITE_QUEUE.csv). NOINDEX only for members Search Console shows earn nothing (class C) and that are not rewritten.
F6,template-family,42,0.945,DEEP REWRITE,false,0.966,fe96ca4c-293e-4203-8159-47f6fcc7fb34,/blog/handling-many-to-many-relationships-in-power-bi,Handling Many-to-Many Relationships in Power BI,power-bi,guide,tutorial,0,696,Rewrite in priority order (BLOG_REWRITE_QUEUE.csv). NOINDEX only for members Search Console shows earn nothing (class C) and that are not rewritten.
F6,template-family,42,0.945,DEEP REWRITE,false,0.966,9bd7b9be-7935-4a63-8c48-c02ccdcb4f74,/blog/how-to-learn-power-bi-in-30-days-a-study-plan,How to Learn Power BI in 30 Days: A Study Plan,power-bi,guide,tutorial,0,705,Rewrite in priority order (BLOG_REWRITE_QUEUE.csv). NOINDEX only for members Search Console shows earn nothing (class C) and that are not rewritten.
F6,template-family,42,0.945,DEEP REWRITE,false,0.966,20b6b032-57ba-4d74-8e29-d935a28ce978,/blog/kpis-and-cards-in-power-bi-designing-scorecards,KPIs and Cards in Power BI: Designing Scorecards,power-bi,guide,tutorial,0,698,Rewrite in priority order (BLOG_REWRITE_QUEUE.csv). NOINDEX only for members Search Console shows earn nothing (class C) and that are not rewritten.
F6,template-family,42,0.945,DEEP REWRITE,false,0.966,ac54a57b-a101-4b02-8314-b6b60720ed14,/blog/power-bi-bookmarks-and-buttons-for-interactivity,Power BI Bookmarks and Buttons for Interactivity,power-bi,guide,tutorial,0,699,Rewrite in priority order (BLOG_REWRITE_QUEUE.csv). NOINDEX only for members Search Console shows earn nothing (class C) and that are not rewritten.
F6,template-family,42,0.945,DEEP REWRITE,false,0.966,e0e64b5f-c271-48d6-afe9-c96d8bd65973,/blog/power-bi-custom-visuals-when-and-how-to-use-them,Power BI Custom Visuals: When and How to Use Them,power-bi,guide,tutorial,0,696,Rewrite in priority order (BLOG_REWRITE_QUEUE.csv). NOINDEX only for members Search Console shows earn nothing (class C) and that are not rewritten.
F6,template-family,42,0.945,DEEP REWRITE,false,0.966,74411ff7-3d1d-4954-a8db-edd0939d1897,/blog/power-bi-dashboard-design-a-practical-guide,Power BI Dashboard Design: A Practical Guide,power-bi,guide,tutorial,0,693,Rewrite in priority order (BLOG_REWRITE_QUEUE.csv). NOINDEX only for members Search Console shows earn nothing (class C) and that are not rewritten.
F6,template-family,42,0.945,DEEP REWRITE,false,0.966,8e7454d8-8501-4013-a662-1718d8ebbaf1,/blog/power-bi-data-refresh-scheduled-and-incremental,Power BI Data Refresh: Scheduled and Incremental,power-bi,guide,tutorial,0,693,Rewrite in priority order (BLOG_REWRITE_QUEUE.csv). NOINDEX only for members Search Console shows earn nothing (class C) and that are not rewritten.
F6,template-family,42,0.945,DEEP REWRITE,false,0.966,0dcbe8b7-c8b7-47aa-a914-f5af1eaad0f1,/blog/power-bi-dataflows-explained-for-beginners,Power BI Dataflows Explained for Beginners,power-bi,guide,tutorial,0,696,Rewrite in priority order (BLOG_REWRITE_QUEUE.csv). NOINDEX only for members Search Console shows earn nothing (class C) and that are not rewritten.
F6,template-family,42,0.945,DEEP REWRITE,false,0.966,111b5beb-348f-4c0c-855e-babf6f9c3bdf,/blog/power-bi-deployment-pipelines-for-teams,Power BI Deployment Pipelines for Teams,power-bi,guide,tutorial,0,696,Rewrite in priority order (BLOG_REWRITE_QUEUE.csv). NOINDEX only for members Search Console shows earn nothing (class C) and that are not rewritten.
F6,template-family,42,0.945,DEEP REWRITE,false,0.966,15d93744-8e75-4237-a606-1f53fd2c194c,/blog/power-bi-drillthrough-and-drilldown-explained,Power BI Drillthrough and Drilldown Explained,power-bi,guide,tutorial,0,696,Rewrite in priority order (BLOG_REWRITE_QUEUE.csv). NOINDEX only for members Search Console shows earn nothing (class C) and that are not rewritten.
F6,template-family,42,0.945,DEEP REWRITE,false,0.966,980ae5a5-0aff-4e88-b07b-af02384614dd,/blog/power-bi-error-handling-in-power-query,Power BI Error Handling in Power Query,power-bi,guide,tutorial,0,699,Rewrite in priority order (BLOG_REWRITE_QUEUE.csv). NOINDEX only for members Search Console shows earn nothing (class C) and that are not rewritten.
F6,template-family,42,0.945,DEEP REWRITE,false,0.966,efe1b233-e84a-4fd4-bbba-a98585087b2e,/blog/power-bi-field-parameters-dynamic-reports-made-easy,Power BI Field Parameters: Dynamic Reports Made Easy,power-bi,guide,tutorial,0,694,Rewrite in priority order (BLOG_REWRITE_QUEUE.csv). NOINDEX only for members Search Console shows earn nothing (class C) and that are not rewritten.
F6,template-family,42,0.945,DEEP REWRITE,false,0.966,46d452e0-4b9f-4898-8b6a-ebfc87600bbf,/blog/power-bi-filters-visual-page-and-report-level,"Power BI Filters: Visual, Page and Report Level",power-bi,guide,tutorial,0,692,Rewrite in priority order (BLOG_REWRITE_QUEUE.csv). NOINDEX only for members Search Console shows earn nothing (class C) and that are not rewritten.
F6,template-family,42,0.945,DEEP REWRITE,false,0.966,415eef9e-07f1-4e59-98d2-27e293d379d7,/blog/power-bi-for-beginners-your-first-report-in-1-hour,Power BI for Beginners: Your First Report in 1 Hour,power-bi,guide,tutorial,0,696,Rewrite in priority order (BLOG_REWRITE_QUEUE.csv). NOINDEX only for members Search Console shows earn nothing (class C) and that are not rewritten.
F6,template-family,42,0.945,DEEP REWRITE,false,0.966,dbb2d267-a1da-4c56-b8ed-5b4696787778,/blog/power-bi-gateway-explained-connecting-on-prem-data,Power BI Gateway Explained: Connecting On-Prem Data,power-bi,guide,tutorial,0,693,Rewrite in priority order (BLOG_REWRITE_QUEUE.csv). NOINDEX only for members Search Console shows earn nothing (class C) and that are not rewritten.
F6,template-family,42,0.945,DEEP REWRITE,false,0.966,3ec9d7e8-7a28-4e59-a1e0-230b5f14d01a,/blog/power-bi-mobile-designing-reports-for-phones,Power BI Mobile: Designing Reports for Phones,power-bi,guide,tutorial,0,691,Rewrite in priority order (BLOG_REWRITE_QUEUE.csv). NOINDEX only for members Search Console shows earn nothing (class C) and that are not rewritten.
F6,template-family,42,0.945,DEEP REWRITE,false,0.966,b86793f4-f74f-4082-9c49-12b139c1722c,/blog/power-bi-performance-tuning-make-reports-faster,Power BI Performance Tuning: Make Reports Faster,power-bi,guide,tutorial,0,693,Rewrite in priority order (BLOG_REWRITE_QUEUE.csv). NOINDEX only for members Search Console shows earn nothing (class C) and that are not rewritten.
F6,template-family,42,0.945,DEEP REWRITE,false,0.506,e945f187-a5cc-4167-942d-b0b3c77adfa8,/blog/power-bi-projects-to-build-for-your-portfolio,Power BI Projects to Build for Your Portfolio,power-bi,projects,project,0.007,583,Rewrite in priority order (BLOG_REWRITE_QUEUE.csv). NOINDEX only for members Search Console shows earn nothing (class C) and that are not rewritten.
F6,template-family,42,0.945,DEEP REWRITE,false,0.966,352998fc-5836-45c1-8d93-4d991cbe236a,/blog/power-bi-relationships-one-to-many-and-cardinality,Power BI Relationships: One-to-Many and Cardinality,power-bi,guide,tutorial,0,690,Rewrite in priority order (BLOG_REWRITE_QUEUE.csv). NOINDEX only for members Search Console shows earn nothing (class C) and that are not rewritten.
F6,template-family,42,0.945,DEEP REWRITE,false,0.632,3853b6b3-ba0e-47b1-954f-99318e3d6e7c,/blog/power-bi-roadmap-2026-from-beginner-to-job-ready,Power BI Roadmap 2026: From Beginner to Job-Ready,power-bi,roadmap,career,0,695,Rewrite in priority order (BLOG_REWRITE_QUEUE.csv). NOINDEX only for members Search Console shows earn nothing (class C) and that are not rewritten.
F6,template-family,42,0.945,DEEP REWRITE,false,0.966,3a561532-b7ef-484f-b1b4-7e18da800aa3,/blog/power-bi-slicers-sync-hierarchies-and-best-practices,"Power BI Slicers: Sync, Hierarchies and Best Practices",power-bi,guide,tutorial,0,692,Rewrite in priority order (BLOG_REWRITE_QUEUE.csv). NOINDEX only for members Search Console shows earn nothing (class C) and that are not rewritten.
F6,template-family,42,0.945,DEEP REWRITE,false,0.966,1096e715-f3bf-433e-877f-a7bfeee37a05,/blog/power-bi-themes-and-branding-for-professional-reports,Power BI Themes and Branding for Professional Reports,power-bi,guide,tutorial,0,702,Rewrite in priority order (BLOG_REWRITE_QUEUE.csv). NOINDEX only for members Search Console shows earn nothing (class C) and that are not rewritten.
F6,template-family,42,0.945,DEEP REWRITE,false,0.966,b9e42ce4-452d-4307-9811-0f458d861066,/blog/power-bi-tooltips-adding-context-to-visuals,Power BI Tooltips: Adding Context to Visuals,power-bi,guide,tutorial,0,691,Rewrite in priority order (BLOG_REWRITE_QUEUE.csv). NOINDEX only for members Search Console shows earn nothing (class C) and that are not rewritten.
F6,template-family,42,0.945,DEEP REWRITE,false,0.966,7d9fd8dc-46d8-4489-9e43-95e2b11d277f,/blog/power-query-m-language-basics-for-beginners,Power Query M Language Basics for Beginners,power-bi,guide,tutorial,0,699,Rewrite in priority order (BLOG_REWRITE_QUEUE.csv). NOINDEX only for members Search Console shows earn nothing (class C) and that are not rewritten.
F6,template-family,42,0.945,DEEP REWRITE,false,0.966,18829db1-a7d4-4951-ad0d-fdc622e4d4c8,/blog/power-query-tutorial-transforming-data-without-code,Power Query Tutorial: Transforming Data Without Code,power-bi,guide,tutorial,0,691,Rewrite in priority order (BLOG_REWRITE_QUEUE.csv). NOINDEX only for members Search Console shows earn nothing (class C) and that are not rewritten.
F6,template-family,42,0.945,DEEP REWRITE,false,0.966,6cc86ea3-a38c-4938-b30a-43704261d261,/blog/row-level-security-rls-in-power-bi-a-complete-guide,Row-Level Security (RLS) in Power BI: A Complete Guide,power-bi,guide,tutorial,0,699,Rewrite in priority order (BLOG_REWRITE_QUEUE.csv). NOINDEX only for members Search Console shows earn nothing (class C) and that are not rewritten.
F6,template-family,42,0.945,DEEP REWRITE,false,0.966,ff266896-33c3-43d0-97d8-8fc1c048f946,/blog/time-intelligence-in-dax-ytd-mtd-and-comparisons,"Time Intelligence in DAX: YTD, MTD and Comparisons",power-bi,guide,tutorial,0,694,Rewrite in priority order (BLOG_REWRITE_QUEUE.csv). NOINDEX only for members Search Console shows earn nothing (class C) and that are not rewritten.
F6,template-family,42,0.945,DEEP REWRITE,false,0.966,8918d340-828d-4091-b261-ad1cf334074e,/blog/top-20-dax-functions-every-analyst-should-know,Top 20 DAX Functions Every Analyst Should Know,power-bi,guide,tutorial,0,702,Rewrite in priority order (BLOG_REWRITE_QUEUE.csv). NOINDEX only for members Search Console shows earn nothing (class C) and that are not rewritten.
F7,template-family,49,0.996,DEEP REWRITE,true,1,09f2a01c-0f55-4a77-987b-ee0eb6fbaece,/blog/docker-and-kubernetes-interview-questions-for-ml,Docker and Kubernetes Interview Questions for ML,interview-questions,interview,interview,0.002,519,Rewrite in priority order (BLOG_REWRITE_QUEUE.csv). NOINDEX only for members Search Console shows earn nothing (class C) and that are not rewritten.
F7,template-family,49,0.996,DEEP REWRITE,false,0.995,2e06b1e7-1562-4bb8-8eb5-56f7aba5c4a9,/blog/airflow-interview-questions-for-data-engineers,Airflow Interview Questions for Data Engineers,interview-questions,interview,interview,0.002,517,Rewrite in priority order (BLOG_REWRITE_QUEUE.csv). NOINDEX only for members Search Console shows earn nothing (class C) and that are not rewritten.
F7,template-family,49,0.996,DEEP REWRITE,false,0.995,91ec07f1-35b5-4283-985c-68c07bbdbad1,/blog/apache-spark-interview-questions-and-answers,Apache Spark Interview Questions and Answers,interview-questions,interview,interview,0.002,517,Rewrite in priority order (BLOG_REWRITE_QUEUE.csv). NOINDEX only for members Search Console shows earn nothing (class C) and that are not rewritten.
F7,template-family,49,0.996,DEEP REWRITE,false,0.995,fb36b6b8-8d57-43ad-a1c6-1961da1d47d3,/blog/aws-interview-questions-for-data-engineers,AWS Interview Questions for Data Engineers,interview-questions,interview,interview,0.002,517,Rewrite in priority order (BLOG_REWRITE_QUEUE.csv). NOINDEX only for members Search Console shows earn nothing (class C) and that are not rewritten.
F7,template-family,49,0.996,DEEP REWRITE,false,0.998,e96ec2d8-45ed-48de-b9ea-ffd1e5e1c3fd,/blog/azure-data-factory-adf-interview-questions,Azure Data Factory (ADF) Interview Questions,interview-questions,interview,interview,0,517,Rewrite in priority order (BLOG_REWRITE_QUEUE.csv). NOINDEX only for members Search Console shows earn nothing (class C) and that are not rewritten.
F7,template-family,49,0.996,DEEP REWRITE,false,0.995,72c3f650-0df8-4772-bd7f-f750cdab4341,/blog/azure-interview-questions-for-data-engineers,Azure Interview Questions for Data Engineers,interview-questions,interview,interview,0.002,517,Rewrite in priority order (BLOG_REWRITE_QUEUE.csv). NOINDEX only for members Search Console shows earn nothing (class C) and that are not rewritten.
F7,template-family,49,0.996,DEEP REWRITE,false,0.995,33b74348-521e-4edd-8dd4-a36b7b482ae2,/blog/behavioral-interview-questions-for-data-roles,Behavioral Interview Questions for Data Roles,interview-questions,interview,interview,0.002,517,Rewrite in priority order (BLOG_REWRITE_QUEUE.csv). NOINDEX only for members Search Console shows earn nothing (class C) and that are not rewritten.
F7,template-family,49,0.996,DEEP REWRITE,false,0.995,2ea9a851-4aa0-4556-98b2-7fde44c6c725,/blog/bigquery-interview-questions-and-answers,BigQuery Interview Questions and Answers,interview-questions,interview,interview,0.002,515,Rewrite in priority order (BLOG_REWRITE_QUEUE.csv). NOINDEX only for members Search Console shows earn nothing (class C) and that are not rewritten.
F7,template-family,49,0.996,DEEP REWRITE,false,0.995,f969569b-56de-47e2-8a5f-d3f4da8de529,/blog/computer-vision-interview-questions-and-answers,Computer Vision Interview Questions and Answers,interview-questions,interview,interview,0.002,517,Rewrite in priority order (BLOG_REWRITE_QUEUE.csv). NOINDEX only for members Search Console shows earn nothing (class C) and that are not rewritten.
F7,template-family,49,0.996,DEEP REWRITE,false,0.995,28258a22-d9d9-4d6a-8268-84a950122a18,/blog/data-analyst-interview-questions-and-answers,Data Analyst Interview Questions and Answers,interview-questions,interview,interview,0.002,517,Rewrite in priority order (BLOG_REWRITE_QUEUE.csv). NOINDEX only for members Search Console shows earn nothing (class C) and that are not rewritten.
F7,template-family,49,0.996,DEEP REWRITE,false,0.995,d378de89-5a04-49e3-beb5-faca70d91481,/blog/data-engineering-interview-questions-and-answers,Data Engineering Interview Questions and Answers,interview-questions,interview,interview,0.002,517,Rewrite in priority order (BLOG_REWRITE_QUEUE.csv). NOINDEX only for members Search Console shows earn nothing (class C) and that are not rewritten.
F7,template-family,49,0.996,DEEP REWRITE,false,0.995,3538b8fb-f0ce-4f9b-9dae-4eb95b41e7f5,/blog/data-modeling-interview-questions-explained,Data Modeling Interview Questions Explained,interview-questions,interview,interview,0.002,515,Rewrite in priority order (BLOG_REWRITE_QUEUE.csv). NOINDEX only for members Search Console shows earn nothing (class C) and that are not rewritten.
F7,template-family,49,0.996,DEEP REWRITE,false,0.995,ceeedef7-eee6-4812-82fd-9d0980553063,/blog/data-science-interview-questions-and-answers-2026,Data Science Interview Questions and Answers 2026,interview-questions,interview,interview,0.002,519,Rewrite in priority order (BLOG_REWRITE_QUEUE.csv). NOINDEX only for members Search Console shows earn nothing (class C) and that are not rewritten.
F7,template-family,49,0.996,DEEP REWRITE,false,0.995,d65f1972-854c-4a7e-a393-f8b21f2d4301,/blog/data-warehouse-interview-questions-and-answers,Data Warehouse Interview Questions and Answers,interview-questions,interview,interview,0.002,517,Rewrite in priority order (BLOG_REWRITE_QUEUE.csv). NOINDEX only for members Search Console shows earn nothing (class C) and that are not rewritten.
F7,template-family,49,0.996,DEEP REWRITE,false,0.995,693e2cc1-4c16-495a-bd09-3dcb072bf57b,/blog/databricks-interview-questions-and-answers,Databricks Interview Questions and Answers,interview-questions,interview,interview,0.002,515,Rewrite in priority order (BLOG_REWRITE_QUEUE.csv). NOINDEX only for members Search Console shows earn nothing (class C) and that are not rewritten.
F7,template-family,49,0.996,DEEP REWRITE,false,0.995,d4b16ad8-8e08-4516-b3be-31e343134910,/blog/dax-interview-questions-for-power-bi-developers,DAX Interview Questions for Power BI Developers,interview-questions,interview,interview,0.002,519,Rewrite in priority order (BLOG_REWRITE_QUEUE.csv). NOINDEX only for members Search Console shows earn nothing (class C) and that are not rewritten.
F7,template-family,49,0.996,DEEP REWRITE,false,0.995,ef2fdaa6-042c-420f-a1f7-1b7d89740818,/blog/deep-learning-interview-questions-and-answers,Deep Learning Interview Questions and Answers,interview-questions,interview,interview,0.002,517,Rewrite in priority order (BLOG_REWRITE_QUEUE.csv). NOINDEX only for members Search Console shows earn nothing (class C) and that are not rewritten.
F7,template-family,49,0.996,DEEP REWRITE,false,0.995,336dac4c-9938-4bce-b4ad-042010a2fbdd,/blog/etl-interview-questions-for-data-engineers,ETL Interview Questions for Data Engineers,interview-questions,interview,interview,0.002,517,Rewrite in priority order (BLOG_REWRITE_QUEUE.csv). NOINDEX only for members Search Console shows earn nothing (class C) and that are not rewritten.
F7,template-family,49,0.996,DEEP REWRITE,false,0.995,9671d0ef-8c4c-4a64-86a6-3e0afb66dcb0,/blog/excel-interview-questions-for-data-analysts,Excel Interview Questions for Data Analysts,interview-questions,interview,interview,0.002,517,Rewrite in priority order (BLOG_REWRITE_QUEUE.csv). NOINDEX only for members Search Console shows earn nothing (class C) and that are not rewritten.
F7,template-family,49,0.996,DEEP REWRITE,false,0.998,79a54bb1-a722-4563-886d-be683ce70183,/blog/feature-engineering-interview-questions,Feature Engineering Interview Questions,interview-questions,interview,interview,0,513,Rewrite in priority order (BLOG_REWRITE_QUEUE.csv). NOINDEX only for members Search Console shows earn nothing (class C) and that are not rewritten.
F7,template-family,49,0.996,DEEP REWRITE,false,0.995,94f00e05-193a-4156-b50f-fb1308d108a1,/blog/gcp-interview-questions-for-data-engineers,GCP Interview Questions for Data Engineers,interview-questions,interview,interview,0.002,517,Rewrite in priority order (BLOG_REWRITE_QUEUE.csv). NOINDEX only for members Search Console shows earn nothing (class C) and that are not rewritten.
F7,template-family,49,0.996,DEEP REWRITE,false,0.998,cf8d6c2e-47b8-451f-97dd-3879366b47f0,/blog/generative-ai-and-llm-interview-questions,Generative AI and LLM Interview Questions,interview-questions,interview,interview,0,517,Rewrite in priority order (BLOG_REWRITE_QUEUE.csv). NOINDEX only for members Search Console shows earn nothing (class C) and that are not rewritten.
F7,template-family,49,0.996,DEEP REWRITE,false,0.995,103de154-885e-430a-87c4-b3e7dc09386a,/blog/git-interview-questions-every-developer-should-know,Git Interview Questions Every Developer Should Know,interview-questions,interview,interview,0.002,519,Rewrite in priority order (BLOG_REWRITE_QUEUE.csv). NOINDEX only for members Search Console shows earn nothing (class C) and that are not rewritten.
F7,template-family,49,0.996,DEEP REWRITE,false,0.995,b06e96a2-0c26-4a22-92f5-6961ba72d034,/blog/hadoop-interview-questions-and-answers,Hadoop Interview Questions and Answers,interview-questions,interview,interview,0.002,515,Rewrite in priority order (BLOG_REWRITE_QUEUE.csv). NOINDEX only for members Search Console shows earn nothing (class C) and that are not rewritten.
F7,template-family,49,0.996,DEEP REWRITE,false,0.995,a1d2eb6a-b749-455a-a269-4a6f4b870673,/blog/kafka-interview-questions-explained,Kafka Interview Questions Explained,interview-questions,interview,interview,0.002,513,Rewrite in priority order (BLOG_REWRITE_QUEUE.csv). NOINDEX only for members Search Console shows earn nothing (class C) and that are not rewritten.
F7,template-family,49,0.996,DEEP REWRITE,false,0.995,e29aba5c-08bd-4f10-99d5-d1b1418cff33,/blog/linux-interview-questions-for-data-engineers,Linux Interview Questions for Data Engineers,interview-questions,interview,interview,0.002,517,Rewrite in priority order (BLOG_REWRITE_QUEUE.csv). NOINDEX only for members Search Console shows earn nothing (class C) and that are not rewritten.
F7,template-family,49,0.996,DEEP REWRITE,false,0.998,91d16817-f3bf-4b01-b6d3-01df7e635c83,/blog/machine-learning-interview-questions-concepts-and-answers,Machine Learning Interview Questions: Concepts and Answers,interview-questions,interview,interview,0,516,Rewrite in priority order (BLOG_REWRITE_QUEUE.csv). NOINDEX only for members Search Console shows earn nothing (class C) and that are not rewritten.
F7,template-family,49,0.996,DEEP REWRITE,false,0.995,e46dd18b-36d8-40fb-9729-5023c0219658,/blog/mlops-interview-questions-and-answers,MLOps Interview Questions and Answers,interview-questions,interview,interview,0.002,515,Rewrite in priority order (BLOG_REWRITE_QUEUE.csv). NOINDEX only for members Search Console shows earn nothing (class C) and that are not rewritten.
F7,template-family,49,0.996,DEEP REWRITE,false,0.995,fd1b5c74-df47-411d-b587-8600970de604,/blog/nlp-interview-questions-for-data-scientists,NLP Interview Questions for Data Scientists,interview-questions,interview,interview,0.002,517,Rewrite in priority order (BLOG_REWRITE_QUEUE.csv). NOINDEX only for members Search Console shows earn nothing (class C) and that are not rewritten.
F7,template-family,49,0.996,DEEP REWRITE,false,0.995,b3b16932-4699-4144-8b25-2d7f09b7ec3f,/blog/numpy-interview-questions-for-data-roles,NumPy Interview Questions for Data Roles,interview-questions,interview,interview,0.002,517,Rewrite in priority order (BLOG_REWRITE_QUEUE.csv). NOINDEX only for members Search Console shows earn nothing (class C) and that are not rewritten.
F7,template-family,49,0.996,DEEP REWRITE,false,0.995,fc4360ad-8aae-49ec-886e-23ae17a2a9c8,/blog/pandas-interview-questions-every-analyst-should-know,Pandas Interview Questions Every Analyst Should Know,interview-questions,interview,interview,0.002,519,Rewrite in priority order (BLOG_REWRITE_QUEUE.csv). NOINDEX only for members Search Console shows earn nothing (class C) and that are not rewritten.
F7,template-family,49,0.996,DEEP REWRITE,false,0.995,45a28bcf-874b-48d3-8589-3d7cdeca2666,/blog/power-bi-interview-questions-with-detailed-answers,Power BI Interview Questions with Detailed Answers,interview-questions,interview,interview,0.002,519,Rewrite in priority order (BLOG_REWRITE_QUEUE.csv). NOINDEX only for members Search Console shows earn nothing (class C) and that are not rewritten.
F7,template-family,49,0.996,DEEP REWRITE,false,0.995,dfd6e4b1-074e-4822-b61f-52f3aa65d16a,/blog/probability-interview-questions-for-data-science,Probability Interview Questions for Data Science,interview-questions,interview,interview,0.002,517,Rewrite in priority order (BLOG_REWRITE_QUEUE.csv). NOINDEX only for members Search Console shows earn nothing (class C) and that are not rewritten.
F7,template-family,49,0.996,DEEP REWRITE,false,0.995,6c03ff22-411c-4983-8ad6-a42a6df1fdfb,/blog/pyspark-interview-questions-with-examples,PySpark Interview Questions with Examples,interview-questions,interview,interview,0.002,515,Rewrite in priority order (BLOG_REWRITE_QUEUE.csv). NOINDEX only for members Search Console shows earn nothing (class C) and that are not rewritten.
F7,template-family,49,0.996,DEEP REWRITE,false,0.995,37fd49e4-04a3-45b0-a5c0-bc59154ca904,/blog/python-coding-interview-questions-and-patterns,Python Coding Interview Questions and Patterns,interview-questions,interview,interview,0.002,517,Rewrite in priority order (BLOG_REWRITE_QUEUE.csv). NOINDEX only for members Search Console shows earn nothing (class C) and that are not rewritten.
F7,template-family,49,0.996,DEEP REWRITE,false,0.995,8f3e6cc3-851a-459f-a821-c64d9dd4de2a,/blog/python-interview-questions-for-data-roles,Python Interview Questions for Data Roles,interview-questions,interview,interview,0.002,517,Rewrite in priority order (BLOG_REWRITE_QUEUE.csv). NOINDEX only for members Search Console shows earn nothing (class C) and that are not rewritten.
F7,template-family,49,0.996,DEEP REWRITE,false,0.995,d072e01d-bfd2-43ff-9414-949102f7ac8f,/blog/redshift-interview-questions-and-answers,Redshift Interview Questions and Answers,interview-questions,interview,interview,0.002,515,Rewrite in priority order (BLOG_REWRITE_QUEUE.csv). NOINDEX only for members Search Console shows earn nothing (class C) and that are not rewritten.
F7,template-family,49,0.996,DEEP REWRITE,false,0.995,74a2fb9b-d043-44be-a9c3-9b12ea1ab0bb,/blog/rest-api-interview-questions-and-answers,REST API Interview Questions and Answers,interview-questions,interview,interview,0.002,517,Rewrite in priority order (BLOG_REWRITE_QUEUE.csv). NOINDEX only for members Search Console shows earn nothing (class C) and that are not rewritten.
F7,template-family,49,0.996,DEEP REWRITE,false,0.998,6e1e8360-d516-42a5-b0ff-28815b2b62b4,/blog/scenario-based-sql-interview-questions,Scenario-Based SQL Interview Questions,interview-questions,interview,interview,0,513,Rewrite in priority order (BLOG_REWRITE_QUEUE.csv). NOINDEX only for members Search Console shows earn nothing (class C) and that are not rewritten.
F7,template-family,49,0.996,DEEP REWRITE,false,0.995,e7ebd93c-043d-432b-81ed-d30b646913ac,/blog/snowflake-interview-questions-for-data-engineers,Snowflake Interview Questions for Data Engineers,interview-questions,interview,interview,0.002,517,Rewrite in priority order (BLOG_REWRITE_QUEUE.csv). NOINDEX only for members Search Console shows earn nothing (class C) and that are not rewritten.
F7,template-family,49,0.996,DEEP REWRITE,false,0.998,1bc64f43-9695-45a0-8f10-ec5565d163a2,/blog/spark-performance-interview-questions,Spark Performance Interview Questions,interview-questions,interview,interview,0,513,Rewrite in priority order (BLOG_REWRITE_QUEUE.csv). NOINDEX only for members Search Console shows earn nothing (class C) and that are not rewritten.
F7,template-family,49,0.996,DEEP REWRITE,false,0.998,7b6eac4b-442b-49d6-b36a-e9b17a16fc59,/blog/sql-interview-questions-top-50-with-answers,SQL Interview Questions: Top 50 with Answers,interview-questions,interview,interview,0,515,Rewrite in priority order (BLOG_REWRITE_QUEUE.csv). NOINDEX only for members Search Console shows earn nothing (class C) and that are not rewritten.
F7,template-family,49,0.996,DEEP REWRITE,false,0.995,aac6475a-e773-439f-9b1c-bee32b550604,/blog/sql-joins-interview-questions-explained,SQL Joins Interview Questions Explained,interview-questions,interview,interview,0.002,515,Rewrite in priority order (BLOG_REWRITE_QUEUE.csv). NOINDEX only for members Search Console shows earn nothing (class C) and that are not rewritten.
F7,template-family,49,0.996,DEEP REWRITE,false,0.998,f6b8ce40-2762-4f88-9812-fa523dcad34c,/blog/sql-query-optimization-interview-questions,SQL Query Optimization Interview Questions,interview-questions,interview,interview,0,515,Rewrite in priority order (BLOG_REWRITE_QUEUE.csv). NOINDEX only for members Search Console shows earn nothing (class C) and that are not rewritten.
F7,template-family,49,0.996,DEEP REWRITE,false,0.995,a84dfe9a-49ee-4ec0-9307-68bfcf6c4495,/blog/statistics-interview-questions-for-data-science,Statistics Interview Questions for Data Science,interview-questions,interview,interview,0.002,517,Rewrite in priority order (BLOG_REWRITE_QUEUE.csv). NOINDEX only for members Search Console shows earn nothing (class C) and that are not rewritten.
F7,template-family,49,0.996,DEEP REWRITE,false,0.995,a29327d8-4825-422a-aefa-bd84284bc548,/blog/system-design-interview-questions-for-data-engineers,System Design Interview Questions for Data Engineers,interview-questions,interview,interview,0.002,519,Rewrite in priority order (BLOG_REWRITE_QUEUE.csv). NOINDEX only for members Search Console shows earn nothing (class C) and that are not rewritten.
F7,template-family,49,0.996,DEEP REWRITE,false,0.995,65382c79-0cdd-40af-bb31-09a03b6e4c0c,/blog/tableau-interview-questions-and-answers,Tableau Interview Questions and Answers,interview-questions,interview,interview,0.002,515,Rewrite in priority order (BLOG_REWRITE_QUEUE.csv). NOINDEX only for members Search Console shows earn nothing (class C) and that are not rewritten.
F7,template-family,49,0.996,DEEP REWRITE,false,0.995,350a81ab-9383-4028-a0d0-33f585eeedc3,/blog/time-series-interview-questions-for-data-science,Time Series Interview Questions for Data Science,interview-questions,interview,interview,0.002,519,Rewrite in priority order (BLOG_REWRITE_QUEUE.csv). NOINDEX only for members Search Console shows earn nothing (class C) and that are not rewritten.
F7,template-family,49,0.996,DEEP REWRITE,false,0.998,1ebea313-c19e-45ea-9b86-e6682e0c5ed3,/blog/window-functions-sql-interview-questions,Window Functions SQL Interview Questions,interview-questions,interview,interview,0,515,Rewrite in priority order (BLOG_REWRITE_QUEUE.csv). NOINDEX only for members Search Console shows earn nothing (class C) and that are not rewritten.
F8,template-family,35,0.935,DEEP REWRITE,true,1,b9fbae04-d29a-4a8e-a16f-3f23b53cd221,/blog/how-to-become-a-data-engineer-in-2026,How to Become a Data Engineer in 2026,data-engineering,guide,career,0,685,Rewrite in priority order (BLOG_REWRITE_QUEUE.csv). NOINDEX only for members Search Console shows earn nothing (class C) and that are not rewritten.
F8,template-family,35,0.935,DEEP REWRITE,false,1,5d57b451-b542-4e96-9cee-2ea19f961d27,/blog/airflow-tutorial-orchestrating-data-pipelines,Airflow Tutorial: Orchestrating Data Pipelines,data-engineering,guide,tutorial,0,670,Rewrite in priority order (BLOG_REWRITE_QUEUE.csv). NOINDEX only for members Search Console shows earn nothing (class C) and that are not rewritten.
F8,template-family,35,0.935,DEEP REWRITE,false,1,e73532ca-6c20-4b39-b190-b8d3e3243ac8,/blog/apache-kafka-explained-streaming-data-basics,Apache Kafka Explained: Streaming Data Basics,data-engineering,guide,tutorial,0,673,Rewrite in priority order (BLOG_REWRITE_QUEUE.csv). NOINDEX only for members Search Console shows earn nothing (class C) and that are not rewritten.
F8,template-family,35,0.935,DEEP REWRITE,false,1,4ebc971b-8e9d-467c-a277-1af051bda29b,/blog/apache-spark-explained-for-beginners,Apache Spark Explained for Beginners,data-engineering,guide,tutorial,0,676,Rewrite in priority order (BLOG_REWRITE_QUEUE.csv). NOINDEX only for members Search Console shows earn nothing (class C) and that are not rewritten.
F8,template-family,35,0.935,DEEP REWRITE,false,1,69913a9c-53e8-4caa-abe4-3cf11ca9b30b,/blog/building-a-data-warehouse-a-step-by-step-guide,Building a Data Warehouse: A Step-by-Step Guide,data-engineering,guide,tutorial,0,676,Rewrite in priority order (BLOG_REWRITE_QUEUE.csv). NOINDEX only for members Search Console shows earn nothing (class C) and that are not rewritten.
F8,template-family,35,0.935,DEEP REWRITE,false,1,747abbc1-4071-4aaf-84af-3bbcc7f62ff1,/blog/building-a-streaming-pipeline-with-kafka-and-spark,Building a Streaming Pipeline with Kafka and Spark,data-engineering,guide,tutorial,0,685,Rewrite in priority order (BLOG_REWRITE_QUEUE.csv). NOINDEX only for members Search Console shows earn nothing (class C) and that are not rewritten.
F8,template-family,35,0.935,DEEP REWRITE,false,1,bead229f-3b4b-42ea-8fd3-07d44b415a1d,/blog/building-incremental-data-loads-that-scale,Building Incremental Data Loads That Scale,data-engineering,guide,tutorial,0,679,Rewrite in priority order (BLOG_REWRITE_QUEUE.csv). NOINDEX only for members Search Console shows earn nothing (class C) and that are not rewritten.
F8,template-family,35,0.935,DEEP REWRITE,false,1,df25f830-9e0f-469c-b913-552ae161ace8,/blog/building-your-first-data-pipeline-a-walkthrough,Building Your First Data Pipeline: A Walkthrough,data-engineering,guide,tutorial,0,678,Rewrite in priority order (BLOG_REWRITE_QUEUE.csv). NOINDEX only for members Search Console shows earn nothing (class C) and that are not rewritten.
F8,template-family,35,0.935,DEEP REWRITE,false,1,07e8b86d-4546-4062-82e7-a772e4c8174f,/blog/cdc-change-data-capture-explained-with-examples,CDC (Change Data Capture) Explained with Examples,data-engineering,guide,tutorial,0,682,Rewrite in priority order (BLOG_REWRITE_QUEUE.csv). NOINDEX only for members Search Console shows earn nothing (class C) and that are not rewritten.
F8,template-family,35,0.935,DEEP REWRITE,false,1,50cd4f22-ea78-4a29-b3b1-7aea85eb9d82,/blog/data-contracts-reliable-pipelines-between-teams,Data Contracts: Reliable Pipelines Between Teams,data-engineering,guide,tutorial,0,671,Rewrite in priority order (BLOG_REWRITE_QUEUE.csv). NOINDEX only for members Search Console shows earn nothing (class C) and that are not rewritten.
F8,template-family,35,0.935,DEEP REWRITE,false,0.524,7688d79a-0f96-4d11-ad3e-9f100f7c4d40,/blog/data-engineering-projects-for-your-portfolio,Data Engineering Projects for Your Portfolio,data-engineering,projects,project,0.012,573,Rewrite in priority order (BLOG_REWRITE_QUEUE.csv). NOINDEX only for members Search Console shows earn nothing (class C) and that are not rewritten.
F8,template-family,35,0.935,DEEP REWRITE,false,0.653,fe0843d2-54f6-4334-beef-58606bd4d1ef,/blog/data-engineering-roadmap-2026-a-complete-guide,Data Engineering Roadmap 2026: A Complete Guide,data-engineering,roadmap,career,0,675,Rewrite in priority order (BLOG_REWRITE_QUEUE.csv). NOINDEX only for members Search Console shows earn nothing (class C) and that are not rewritten.
F8,template-family,35,0.935,DEEP REWRITE,false,1,ad6c6db4-7122-40af-8016-86960a506c49,/blog/data-engineering-tools-you-must-learn-in-2026,Data Engineering Tools You Must Learn in 2026,data-engineering,guide,tutorial,0,685,Rewrite in priority order (BLOG_REWRITE_QUEUE.csv). NOINDEX only for members Search Console shows earn nothing (class C) and that are not rewritten.
F8,template-family,35,0.935,DEEP REWRITE,false,1,d3cc84b7-ca6c-4f99-a198-d99035480b18,/blog/data-modeling-star-schema-snowflake-and-data-vault,"Data Modeling: Star Schema, Snowflake and Data Vault",data-engineering,guide,tutorial,0,673,Rewrite in priority order (BLOG_REWRITE_QUEUE.csv). NOINDEX only for members Search Console shows earn nothing (class C) and that are not rewritten.
F8,template-family,35,0.935,DEEP REWRITE,false,1,40ef6920-5fa8-4eb3-a79f-93a58b864e04,/blog/data-quality-testing-and-validation-in-pipelines,Data Quality: Testing and Validation in Pipelines,data-engineering,guide,tutorial,0,672,Rewrite in priority order (BLOG_REWRITE_QUEUE.csv). NOINDEX only for members Search Console shows earn nothing (class C) and that are not rewritten.
F8,template-family,35,0.935,DEEP REWRITE,false,1,fa556191-c716-47e5-8742-41ccd92ced2b,/blog/data-warehouse-explained-concepts-and-architecture,Data Warehouse Explained: Concepts and Architecture,data-engineering,guide,tutorial,0,673,Rewrite in priority order (BLOG_REWRITE_QUEUE.csv). NOINDEX only for members Search Console shows earn nothing (class C) and that are not rewritten.
F8,template-family,35,0.935,DEEP REWRITE,false,1,f82e181d-ac01-49be-beae-19a1ea358f60,/blog/databricks-tutorial-a-beginner-s-guide,Databricks Tutorial: A Beginner's Guide,data-engineering,guide,tutorial,0,670,Rewrite in priority order (BLOG_REWRITE_QUEUE.csv). NOINDEX only for members Search Console shows earn nothing (class C) and that are not rewritten.
F8,template-family,35,0.935,DEEP REWRITE,false,1,1d22fc41-7822-4da0-b930-3fb492f53d3a,/blog/dbt-tutorial-transformations-in-the-modern-data-stack,dbt Tutorial: Transformations in the Modern Data Stack,data-engineering,guide,tutorial,0,673,Rewrite in priority order (BLOG_REWRITE_QUEUE.csv). NOINDEX only for members Search Console shows earn nothing (class C) and that are not rewritten.
F8,template-family,35,0.935,DEEP REWRITE,false,1,d14ca241-79af-44c8-b0ec-c36463b23f4e,/blog/delta-lake-explained-reliable-lakes-with-acid,Delta Lake Explained: Reliable Lakes with ACID,data-engineering,guide,tutorial,0,674,Rewrite in priority order (BLOG_REWRITE_QUEUE.csv). NOINDEX only for members Search Console shows earn nothing (class C) and that are not rewritten.
F8,template-family,35,0.935,DEEP REWRITE,false,1,6d99b234-3768-4d44-a80b-09f0071c027b,/blog/designing-fact-and-dimension-tables,Designing Fact and Dimension Tables,data-engineering,guide,tutorial,0,676,Rewrite in priority order (BLOG_REWRITE_QUEUE.csv). NOINDEX only for members Search Console shows earn nothing (class C) and that are not rewritten.
F8,template-family,35,0.935,DEEP REWRITE,false,1,522f166c-4611-42e9-8a7a-c071f08f2993,/blog/distributed-systems-basics-for-data-engineers,Distributed Systems Basics for Data Engineers,data-engineering,guide,tutorial,0,679,Rewrite in priority order (BLOG_REWRITE_QUEUE.csv). NOINDEX only for members Search Console shows earn nothing (class C) and that are not rewritten.
F8,template-family,35,0.935,DEEP REWRITE,false,0.653,6b381aa5-df4b-4d95-bc0f-8f497ab9d6b9,/blog/from-backend-developer-to-data-engineer-a-roadmap,From Backend Developer to Data Engineer: A Roadmap,data-engineering,roadmap,career,0,678,Rewrite in priority order (BLOG_REWRITE_QUEUE.csv). NOINDEX only for members Search Console shows earn nothing (class C) and that are not rewritten.
F8,template-family,35,0.935,DEEP REWRITE,false,1,8e24f914-032a-466a-b6ba-1157d670978d,/blog/handling-late-arriving-data-in-pipelines,Handling Late-Arriving Data in Pipelines,data-engineering,guide,tutorial,0,676,Rewrite in priority order (BLOG_REWRITE_QUEUE.csv). NOINDEX only for members Search Console shows earn nothing (class C) and that are not rewritten.
F8,template-family,35,0.935,DEEP REWRITE,false,1,8797d685-cfa2-4c42-b713-b989639d4417,/blog/idempotency-in-data-pipelines-why-it-matters,Idempotency in Data Pipelines: Why It Matters,data-engineering,guide,tutorial,0,676,Rewrite in priority order (BLOG_REWRITE_QUEUE.csv). NOINDEX only for members Search Console shows earn nothing (class C) and that are not rewritten.
F8,template-family,35,0.935,DEEP REWRITE,false,1,ed385058-9ad5-4a1d-a1af-68f915c51b0b,/blog/medallion-architecture-bronze-silver-and-gold-layers,"Medallion Architecture: Bronze, Silver and Gold Layers",data-engineering,guide,tutorial,0,672,Rewrite in priority order (BLOG_REWRITE_QUEUE.csv). NOINDEX only for members Search Console shows earn nothing (class C) and that are not rewritten.
F8,template-family,35,0.935,DEEP REWRITE,false,1,2bd4e975-fbf9-4721-b99e-40d86e2f9187,/blog/partitioning-and-bucketing-in-spark-explained,Partitioning and Bucketing in Spark Explained,data-engineering,guide,tutorial,0,679,Rewrite in priority order (BLOG_REWRITE_QUEUE.csv). NOINDEX only for members Search Console shows earn nothing (class C) and that are not rewritten.
F8,template-family,35,0.935,DEEP REWRITE,false,1,b63e7d74-670c-45b9-9235-f8a40ba07cab,/blog/pyspark-tutorial-dataframes-transformations-and-actions,"PySpark Tutorial: DataFrames, Transformations and Actions",data-engineering,guide,tutorial,0,671,Rewrite in priority order (BLOG_REWRITE_QUEUE.csv). NOINDEX only for members Search Console shows earn nothing (class C) and that are not rewritten.
F8,template-family,35,0.935,DEEP REWRITE,false,1,94ae6a42-36ac-42ff-b4b7-e8bf99caf3b0,/blog/real-time-analytics-architecture-and-tools,Real-Time Analytics: Architecture and Tools,data-engineering,guide,tutorial,0,670,Rewrite in priority order (BLOG_REWRITE_QUEUE.csv). NOINDEX only for members Search Console shows earn nothing (class C) and that are not rewritten.
F8,template-family,35,0.935,DEEP REWRITE,false,1,16247e73-2517-4f0f-996d-bf38a858ccc1,/blog/schema-evolution-handling-changing-data-structures,Schema Evolution: Handling Changing Data Structures,data-engineering,guide,tutorial,0,671,Rewrite in priority order (BLOG_REWRITE_QUEUE.csv). NOINDEX only for members Search Console shows earn nothing (class C) and that are not rewritten.
F8,template-family,35,0.935,DEEP REWRITE,false,1,6e3bb926-8c77-4478-920e-a235cf7e0a3d,/blog/slowly-changing-dimensions-scd-types-explained,Slowly Changing Dimensions (SCD) Types Explained,data-engineering,guide,tutorial,0,679,Rewrite in priority order (BLOG_REWRITE_QUEUE.csv). NOINDEX only for members Search Console shows earn nothing (class C) and that are not rewritten.
F8,template-family,35,0.935,DEEP REWRITE,false,1,5467e7b0-3db3-463a-8fa8-b7fe5b3565c7,/blog/snowflake-explained-the-cloud-data-warehouse,Snowflake Explained: The Cloud Data Warehouse,data-engineering,guide,tutorial,0,671,Rewrite in priority order (BLOG_REWRITE_QUEUE.csv). NOINDEX only for members Search Console shows earn nothing (class C) and that are not rewritten.
F8,template-family,35,0.935,DEEP REWRITE,false,1,ae52065a-5346-47db-83bf-08c044606f55,/blog/spark-performance-tuning-shuffles-joins-and-caching,"Spark Performance Tuning: Shuffles, Joins and Caching",data-engineering,guide,tutorial,0,674,Rewrite in priority order (BLOG_REWRITE_QUEUE.csv). NOINDEX only for members Search Console shows earn nothing (class C) and that are not rewritten.
F8,template-family,35,0.935,DEEP REWRITE,false,1,bdec5416-d332-4027-8859-0a0af5b167e1,/blog/sql-optimization-for-data-engineers,SQL Optimization for Data Engineers,data-engineering,guide,tutorial,0,676,Rewrite in priority order (BLOG_REWRITE_QUEUE.csv). NOINDEX only for members Search Console shows earn nothing (class C) and that are not rewritten.
F8,template-family,35,0.935,DEEP REWRITE,false,1,adda97ca-0c6a-4b1a-93f3-73ab2c4b9e56,/blog/window-functions-in-sql-for-data-engineers,Window Functions in SQL for Data Engineers,data-engineering,guide,tutorial,0,682,Rewrite in priority order (BLOG_REWRITE_QUEUE.csv). NOINDEX only for members Search Console shows earn nothing (class C) and that are not rewritten.
F8,template-family,35,0.935,DEEP REWRITE,false,1,b23df0ec-f12d-4e01-b766-925c41a39f6a,/blog/workflow-orchestration-with-apache-airflow-dags,Workflow Orchestration with Apache Airflow DAGs,data-engineering,guide,tutorial,0,679,Rewrite in priority order (BLOG_REWRITE_QUEUE.csv). NOINDEX only for members Search Console shows earn nothing (class C) and that are not rewritten.
F9,template-family,40,0.958,DEEP REWRITE,true,1,9b5f372e-9d6e-4cd4-b32d-fc64c4881104,/blog/aws-roadmap-2026-for-data-engineers,AWS Roadmap 2026 for Data Engineers,aws,roadmap,career,0.023,685,Rewrite in priority order (BLOG_REWRITE_QUEUE.csv). NOINDEX only for members Search Console shows earn nothing (class C) and that are not rewritten.
F9,template-family,40,0.958,DEEP REWRITE,false,0.638,ae40295b-4ad6-4f94-9816-71fc8ff05487,/blog/amazon-athena-querying-s3-with-sql,Amazon Athena: Querying S3 with SQL,aws,guide,tutorial,0.012,676,Rewrite in priority order (BLOG_REWRITE_QUEUE.csv). NOINDEX only for members Search Console shows earn nothing (class C) and that are not rewritten.
F9,template-family,40,0.958,DEEP REWRITE,false,0.661,c8197807-6dec-4b93-82b9-cfcd461c3b5b,/blog/amazon-dynamodb-explained-for-beginners,Amazon DynamoDB Explained for Beginners,aws,guide,tutorial,0,681,Rewrite in priority order (BLOG_REWRITE_QUEUE.csv). NOINDEX only for members Search Console shows earn nothing (class C) and that are not rewritten.
F9,template-family,40,0.958,DEEP REWRITE,false,0.661,34d19c0e-ed5b-4d89-aa3c-b316a1043bcf,/blog/amazon-ec2-explained-instances-types-and-pricing,"Amazon EC2 Explained: Instances, Types and Pricing",aws,guide,tutorial,0,679,Rewrite in priority order (BLOG_REWRITE_QUEUE.csv). NOINDEX only for members Search Console shows earn nothing (class C) and that are not rewritten.
F9,template-family,40,0.958,DEEP REWRITE,false,0.661,3404fd01-f4ec-4dc1-ba13-df9903fc23e1,/blog/amazon-emr-explained-big-data-on-aws,Amazon EMR Explained: Big Data on AWS,aws,guide,tutorial,0,679,Rewrite in priority order (BLOG_REWRITE_QUEUE.csv). NOINDEX only for members Search Console shows earn nothing (class C) and that are not rewritten.
F9,template-family,40,0.958,DEEP REWRITE,false,0.661,91518a9c-fe75-447b-8e91-b75d38aadc78,/blog/amazon-kinesis-explained-real-time-streaming,Amazon Kinesis Explained: Real-Time Streaming,aws,guide,tutorial,0,677,Rewrite in priority order (BLOG_REWRITE_QUEUE.csv). NOINDEX only for members Search Console shows earn nothing (class C) and that are not rewritten.
F9,template-family,40,0.958,DEEP REWRITE,false,0.661,3c63c20d-a99a-411b-902f-f6e4dd06131a,/blog/amazon-msk-managed-kafka-on-aws,Amazon MSK: Managed Kafka on AWS,aws,guide,tutorial,0,676,Rewrite in priority order (BLOG_REWRITE_QUEUE.csv). NOINDEX only for members Search Console shows earn nothing (class C) and that are not rewritten.
F9,template-family,40,0.958,DEEP REWRITE,false,0.661,bbfa6ba7-3b85-4256-9478-90f299254d11,/blog/amazon-redshift-explained-the-cloud-data-warehouse,Amazon Redshift Explained: The Cloud Data Warehouse,aws,guide,tutorial,0,679,Rewrite in priority order (BLOG_REWRITE_QUEUE.csv). NOINDEX only for members Search Console shows earn nothing (class C) and that are not rewritten.
F9,template-family,40,0.958,DEEP REWRITE,false,0.661,3a84fe40-cddb-42a3-9f22-25f5aa574716,/blog/amazon-s3-explained-storage-classes-and-best-practices,"Amazon S3 Explained: Storage, Classes and Best Practices",aws,guide,tutorial,0,680,Rewrite in priority order (BLOG_REWRITE_QUEUE.csv). NOINDEX only for members Search Console shows earn nothing (class C) and that are not rewritten.
F9,template-family,40,0.958,DEEP REWRITE,false,0.661,80e049d5-c6f5-4474-8cb3-a3447f1fedd4,/blog/athena-federated-queries-explained,Athena Federated Queries Explained,aws,guide,tutorial,0,678,Rewrite in priority order (BLOG_REWRITE_QUEUE.csv). NOINDEX only for members Search Console shows earn nothing (class C) and that are not rewritten.
F9,template-family,40,0.958,DEEP REWRITE,false,0.661,f56d3762-478a-4c31-98e0-ef38caae222e,/blog/aws-cloudwatch-for-monitoring-data-pipelines,AWS CloudWatch for Monitoring Data Pipelines,aws,guide,tutorial,0,684,Rewrite in priority order (BLOG_REWRITE_QUEUE.csv). NOINDEX only for members Search Console shows earn nothing (class C) and that are not rewritten.
F9,template-family,40,0.958,DEEP REWRITE,false,0.661,2d2684b7-6e03-4a37-930b-fdca72ccceb5,/blog/aws-cost-optimization-for-data-workloads,AWS Cost Optimization for Data Workloads,aws,guide,tutorial,0,684,Rewrite in priority order (BLOG_REWRITE_QUEUE.csv). NOINDEX only for members Search Console shows earn nothing (class C) and that are not rewritten.
F9,template-family,40,0.958,DEEP REWRITE,false,0.661,fc7dc45f-56ea-4e11-a850-901156b19a51,/blog/aws-data-engineer-guide-skills-and-services,AWS Data Engineer Guide: Skills and Services,aws,guide,tutorial,0,681,Rewrite in priority order (BLOG_REWRITE_QUEUE.csv). NOINDEX only for members Search Console shows earn nothing (class C) and that are not rewritten.
F9,template-family,40,0.958,DEEP REWRITE,false,0.52,ae7ae544-c4d7-4f2f-a428-85af7acecd27,/blog/aws-data-engineering-projects-for-your-portfolio,AWS Data Engineering Projects for Your Portfolio,aws,projects,project,0.011,571,Rewrite in priority order (BLOG_REWRITE_QUEUE.csv). NOINDEX only for members Search Console shows earn nothing (class C) and that are not rewritten.
F9,template-family,40,0.958,DEEP REWRITE,false,0.661,3e35ca71-6f6f-47fa-b6c4-f93c4476881d,/blog/aws-free-tier-what-you-can-build-for-practice,AWS Free Tier: What You Can Build for Practice,aws,guide,tutorial,0,681,Rewrite in priority order (BLOG_REWRITE_QUEUE.csv). NOINDEX only for members Search Console shows earn nothing (class C) and that are not rewritten.
F9,template-family,40,0.958,DEEP REWRITE,false,0.661,ee1f5b0c-6973-4e9d-9bf6-8197721caa41,/blog/aws-glue-data-catalog-and-crawlers-explained,AWS Glue Data Catalog and Crawlers Explained,aws,guide,tutorial,0,687,Rewrite in priority order (BLOG_REWRITE_QUEUE.csv). NOINDEX only for members Search Console shows earn nothing (class C) and that are not rewritten.
F9,template-family,40,0.958,DEEP REWRITE,false,0.661,5bb06e8d-8c3a-4689-8979-0190b055bd23,/blog/aws-glue-jobs-pyspark-on-serverless-spark,AWS Glue Jobs: PySpark on Serverless Spark,aws,guide,tutorial,0,679,Rewrite in priority order (BLOG_REWRITE_QUEUE.csv). NOINDEX only for members Search Console shows earn nothing (class C) and that are not rewritten.
F9,template-family,40,0.958,DEEP REWRITE,false,0.661,43090c3b-d496-410d-ba59-c679d6506321,/blog/aws-glue-studio-visual-etl-for-beginners,AWS Glue Studio: Visual ETL for Beginners,aws,guide,tutorial,0,679,Rewrite in priority order (BLOG_REWRITE_QUEUE.csv). NOINDEX only for members Search Console shows earn nothing (class C) and that are not rewritten.
F9,template-family,40,0.958,DEEP REWRITE,false,0.661,b02836b8-0ec5-4cbd-83fc-31b420215099,/blog/aws-glue-tutorial-serverless-etl-on-aws,AWS Glue Tutorial: Serverless ETL on AWS,aws,guide,tutorial,0,679,Rewrite in priority order (BLOG_REWRITE_QUEUE.csv). NOINDEX only for members Search Console shows earn nothing (class C) and that are not rewritten.
F9,template-family,40,0.958,DEEP REWRITE,false,0.661,1347f457-e649-430e-8513-d5897456f917,/blog/aws-iam-explained-users-roles-and-policies,"AWS IAM Explained: Users, Roles and Policies",aws,guide,tutorial,0,679,Rewrite in priority order (BLOG_REWRITE_QUEUE.csv). NOINDEX only for members Search Console shows earn nothing (class C) and that are not rewritten.
F9,template-family,40,0.958,DEEP REWRITE,false,0.661,bb5962f1-02dc-4ecf-be8c-4e4cdb5c7124,/blog/aws-lake-formation-governance-for-data-lakes,AWS Lake Formation: Governance for Data Lakes,aws,guide,tutorial,0,679,Rewrite in priority order (BLOG_REWRITE_QUEUE.csv). NOINDEX only for members Search Console shows earn nothing (class C) and that are not rewritten.
F9,template-family,40,0.958,DEEP REWRITE,false,0.661,fb486884-17a7-4d47-94a8-a1f8ba948646,/blog/aws-lambda-explained-serverless-for-beginners,AWS Lambda Explained: Serverless for Beginners,aws,guide,tutorial,0,678,Rewrite in priority order (BLOG_REWRITE_QUEUE.csv). NOINDEX only for members Search Console shows earn nothing (class C) and that are not rewritten.
F9,template-family,40,0.958,DEEP REWRITE,false,0.661,1da99e24-0ef1-4ec5-9e4e-d054a84b0497,/blog/aws-solutions-architect-associate-a-study-guide,AWS Solutions Architect Associate: A Study Guide,aws,guide,tutorial,0,681,Rewrite in priority order (BLOG_REWRITE_QUEUE.csv). NOINDEX only for members Search Console shows earn nothing (class C) and that are not rewritten.
F9,template-family,40,0.958,DEEP REWRITE,false,0.661,8e059829-fbfc-4507-8320-7545457d05d1,/blog/aws-step-functions-orchestrating-serverless-workflows,AWS Step Functions: Orchestrating Serverless Workflows,aws,guide,tutorial,0,678,Rewrite in priority order (BLOG_REWRITE_QUEUE.csv). NOINDEX only for members Search Console shows earn nothing (class C) and that are not rewritten.
F9,template-family,40,0.958,DEEP REWRITE,false,0.661,30e98dbd-6043-4fad-9cac-003022856ac1,/blog/building-a-data-lake-on-aws-with-s3-and-glue,Building a Data Lake on AWS with S3 and Glue,aws,guide,tutorial,0,696,Rewrite in priority order (BLOG_REWRITE_QUEUE.csv). NOINDEX only for members Search Console shows earn nothing (class C) and that are not rewritten.
F9,template-family,40,0.958,DEEP REWRITE,false,0.661,044f5228-5920-45d4-ba35-ef1a23f8163b,/blog/building-a-serverless-analytics-stack-on-aws,Building a Serverless Analytics Stack on AWS,aws,guide,tutorial,0,687,Rewrite in priority order (BLOG_REWRITE_QUEUE.csv). NOINDEX only for members Search Console shows earn nothing (class C) and that are not rewritten.
F9,template-family,40,0.958,DEEP REWRITE,false,0.661,065531f7-6777-4584-9ccf-1cfc54ca5556,/blog/building-an-etl-pipeline-on-aws-step-by-step,Building an ETL Pipeline on AWS Step by Step,aws,guide,tutorial,0,693,Rewrite in priority order (BLOG_REWRITE_QUEUE.csv). NOINDEX only for members Search Console shows earn nothing (class C) and that are not rewritten.
F9,template-family,40,0.958,DEEP REWRITE,false,0.661,5fa7b9c2-0077-45c5-a192-74d533b354a3,/blog/data-modeling-in-redshift-a-practical-guide,Data Modeling in Redshift: A Practical Guide,aws,guide,tutorial,0,681,Rewrite in priority order (BLOG_REWRITE_QUEUE.csv). NOINDEX only for members Search Console shows earn nothing (class C) and that are not rewritten.
F9,template-family,40,0.958,DEEP REWRITE,false,0.661,1bb90268-f1da-4792-8f4f-2958d6184bf9,/blog/event-driven-pipelines-with-lambda-and-s3,Event-Driven Pipelines with Lambda and S3,aws,guide,tutorial,0,684,Rewrite in priority order (BLOG_REWRITE_QUEUE.csv). NOINDEX only for members Search Console shows earn nothing (class C) and that are not rewritten.
F9,template-family,40,0.958,DEEP REWRITE,false,0.661,5d2d9f9f-7c75-4499-9506-8dbf58f04f09,/blog/how-to-start-an-aws-cloud-career-in-2026,How to Start an AWS Cloud Career in 2026,aws,guide,career,0,693,Rewrite in priority order (BLOG_REWRITE_QUEUE.csv). NOINDEX only for members Search Console shows earn nothing (class C) and that are not rewritten.
F9,template-family,40,0.958,DEEP REWRITE,false,0.661,77a5d528-ac38-4bfa-950b-081b5843945b,/blog/loading-data-into-redshift-copy-and-best-practices,Loading Data into Redshift: COPY and Best Practices,aws,guide,tutorial,0,682,Rewrite in priority order (BLOG_REWRITE_QUEUE.csv). NOINDEX only for members Search Console shows earn nothing (class C) and that are not rewritten.
F9,template-family,40,0.958,DEEP REWRITE,false,0.661,a07756cb-8329-4dbd-92b7-e78bf428e535,/blog/migrating-data-to-aws-dms-and-best-practices,Migrating Data to AWS: DMS and Best Practices,aws,guide,tutorial,0,682,Rewrite in priority order (BLOG_REWRITE_QUEUE.csv). NOINDEX only for members Search Console shows earn nothing (class C) and that are not rewritten.
F9,template-family,40,0.958,DEEP REWRITE,false,0.661,f75882f4-8ca5-43b6-b606-b705eb5bff4b,/blog/parquet-and-partitioning-for-cheaper-athena-queries,Parquet and Partitioning for Cheaper Athena Queries,aws,guide,tutorial,0,687,Rewrite in priority order (BLOG_REWRITE_QUEUE.csv). NOINDEX only for members Search Console shows earn nothing (class C) and that are not rewritten.
F9,template-family,40,0.958,DEEP REWRITE,false,0.661,54ecb1d9-4617-48f7-a3c2-1832b2049add,/blog/partitioning-data-in-s3-for-athena-performance,Partitioning Data in S3 for Athena Performance,aws,guide,tutorial,0,687,Rewrite in priority order (BLOG_REWRITE_QUEUE.csv). NOINDEX only for members Search Console shows earn nothing (class C) and that are not rewritten.
F9,template-family,40,0.958,DEEP REWRITE,false,0.661,df881e22-a523-4bc3-904c-7f80d4590def,/blog/redshift-performance-tuning-distribution-and-sort-keys,Redshift Performance Tuning: Distribution and Sort Keys,aws,guide,tutorial,0,679,Rewrite in priority order (BLOG_REWRITE_QUEUE.csv). NOINDEX only for members Search Console shows earn nothing (class C) and that are not rewritten.
F9,template-family,40,0.958,DEEP REWRITE,false,0.661,7f141f7e-cb1f-4772-80ca-f0c96de72f14,/blog/redshift-spectrum-querying-s3-from-redshift,Redshift Spectrum: Querying S3 from Redshift,aws,guide,tutorial,0,676,Rewrite in priority order (BLOG_REWRITE_QUEUE.csv). NOINDEX only for members Search Console shows earn nothing (class C) and that are not rewritten.
F9,template-family,40,0.958,DEEP REWRITE,false,0.661,5c9bb7f0-070f-4396-ac42-7e55fd68e633,/blog/s3-lifecycle-policies-and-storage-cost-savings,S3 Lifecycle Policies and Storage Cost Savings,aws,guide,tutorial,0,687,Rewrite in priority order (BLOG_REWRITE_QUEUE.csv). NOINDEX only for members Search Console shows earn nothing (class C) and that are not rewritten.
F9,template-family,40,0.958,DEEP REWRITE,false,0.661,4678f12a-51c7-4309-85b9-e00fcb1eea94,/blog/securing-data-on-aws-encryption-and-kms,Securing Data on AWS: Encryption and KMS,aws,guide,tutorial,0,681,Rewrite in priority order (BLOG_REWRITE_QUEUE.csv). NOINDEX only for members Search Console shows earn nothing (class C) and that are not rewritten.
F9,template-family,40,0.958,DEEP REWRITE,false,0.661,4a2a6d6c-8d4e-4762-9a82-badcb4a5fbc6,/blog/streaming-data-with-kinesis-to-s3-and-redshift,Streaming Data with Kinesis to S3 and Redshift,aws,guide,tutorial,0,690,Rewrite in priority order (BLOG_REWRITE_QUEUE.csv). NOINDEX only for members Search Console shows earn nothing (class C) and that are not rewritten.
F9,template-family,40,0.958,DEEP REWRITE,false,0.661,6cdb6c3f-081b-4803-b713-d09ee570fa30,/blog/vpc-basics-for-data-engineers-on-aws,VPC Basics for Data Engineers on AWS,aws,guide,tutorial,0,687,Rewrite in priority order (BLOG_REWRITE_QUEUE.csv). NOINDEX only for members Search Console shows earn nothing (class C) and that are not rewritten.
F10,template-family,14,0.921,DEEP REWRITE,true,1,663d55df-fc74-45f8-bde8-b1f62492fc11,/blog/apache-iceberg-vs-delta-lake-vs-hudi,Apache Iceberg vs Delta Lake vs Hudi,data-engineering,comparison,comparison,0.01,478,Rewrite in priority order (BLOG_REWRITE_QUEUE.csv). NOINDEX only for members Search Console shows earn nothing (class C) and that are not rewritten.
F10,template-family,14,0.921,DEEP REWRITE,false,0.982,fb9c9772-df13-4071-ae31-00e932fba319,/blog/batch-vs-streaming-data-processing-a-clear-comparison,Batch vs Streaming Data Processing: A Clear Comparison,data-engineering,comparison,comparison,0.005,477,Rewrite in priority order (BLOG_REWRITE_QUEUE.csv). NOINDEX only for members Search Console shows earn nothing (class C) and that are not rewritten.
F10,template-family,14,0.921,DEEP REWRITE,false,0.982,b812f849-6d75-4828-a2a5-1299ddabb85f,/blog/cloud-data-warehouses-compared-snowflake-vs-bigquery-vs-redshift,Cloud Data Warehouses Compared: Snowflake vs BigQuery vs Redshift,data-engineering,comparison,comparison,0.008,477,Rewrite in priority order (BLOG_REWRITE_QUEUE.csv). NOINDEX only for members Search Console shows earn nothing (class C) and that are not rewritten.
F10,template-family,14,0.921,DEEP REWRITE,false,0.532,55a1b6e1-679f-4d59-a2ae-87c1ce863dff,/blog/data-engineer-salary-in-hyderabad-2026,Data Engineer Salary in Hyderabad 2026,data-engineering,salary,salary,0.035,538,Rewrite in priority order (BLOG_REWRITE_QUEUE.csv). NOINDEX only for members Search Console shows earn nothing (class C) and that are not rewritten.
F10,template-family,14,0.921,DEEP REWRITE,false,0.984,528ab0f5-ce67-4c9f-8e7c-32028224fb63,/blog/data-engineering-vs-data-science-roles-compared,Data Engineering vs Data Science: Roles Compared,data-engineering,comparison,comparison,0.003,476,Rewrite in priority order (BLOG_REWRITE_QUEUE.csv). NOINDEX only for members Search Console shows earn nothing (class C) and that are not rewritten.
F10,template-family,14,0.921,DEEP REWRITE,false,0.979,9b30f136-ca6a-43c2-be4d-ee6d6f7e192d,/blog/data-lake-vs-data-warehouse-vs-lakehouse,Data Lake vs Data Warehouse vs Lakehouse,data-engineering,comparison,comparison,0.01,478,Rewrite in priority order (BLOG_REWRITE_QUEUE.csv). NOINDEX only for members Search Console shows earn nothing (class C) and that are not rewritten.
F10,template-family,14,0.921,DEEP REWRITE,false,0.984,4d5339c3-b07c-4fb4-87b0-5c7772773e9e,/blog/etl-vs-elt-differences-and-when-to-use-each,ETL vs ELT: Differences and When to Use Each,data-engineering,comparison,comparison,0.005,476,Rewrite in priority order (BLOG_REWRITE_QUEUE.csv). NOINDEX only for members Search Console shows earn nothing (class C) and that are not rewritten.
F10,template-family,14,0.921,DEEP REWRITE,false,0.982,ea96d1e8-01dc-4c4f-9a01-037a1b1f961b,/blog/kafka-vs-rabbitmq-vs-pulsar-a-comparison,Kafka vs RabbitMQ vs Pulsar: A Comparison,data-engineering,comparison,comparison,0.008,476,Rewrite in priority order (BLOG_REWRITE_QUEUE.csv). NOINDEX only for members Search Console shows earn nothing (class C) and that are not rewritten.
F10,template-family,14,0.921,DEEP REWRITE,false,0.982,8ba7805d-9e58-483f-9b23-4f261c9b40c5,/blog/lambda-vs-kappa-architecture-explained,Lambda vs Kappa Architecture Explained,data-engineering,comparison,comparison,0.008,474,Rewrite in priority order (BLOG_REWRITE_QUEUE.csv). NOINDEX only for members Search Console shows earn nothing (class C) and that are not rewritten.
F10,template-family,14,0.921,DEEP REWRITE,false,0.984,46a5c35f-62e6-47dd-a3e4-39be726a0f80,/blog/oltp-vs-olap-transactional-vs-analytical-systems,OLTP vs OLAP: Transactional vs Analytical Systems,data-engineering,comparison,comparison,0.005,474,Rewrite in priority order (BLOG_REWRITE_QUEUE.csv). NOINDEX only for members Search Console shows earn nothing (class C) and that are not rewritten.
F10,template-family,14,0.921,DEEP REWRITE,false,0.982,a6a0eaa1-b568-4541-b5d2-922a84dab321,/blog/orchestration-airflow-vs-dagster-vs-prefect,Orchestration: Airflow vs Dagster vs Prefect,data-engineering,comparison,comparison,0.005,471,Rewrite in priority order (BLOG_REWRITE_QUEUE.csv). NOINDEX only for members Search Console shows earn nothing (class C) and that are not rewritten.
F10,template-family,14,0.921,DEEP REWRITE,false,0.982,e3bbfea1-1393-400c-b732-946dc65fdecf,/blog/parquet-vs-orc-vs-avro-file-formats-compared,Parquet vs ORC vs Avro: File Formats Compared,data-engineering,comparison,comparison,0.008,477,Rewrite in priority order (BLOG_REWRITE_QUEUE.csv). NOINDEX only for members Search Console shows earn nothing (class C) and that are not rewritten.
F10,template-family,14,0.921,DEEP REWRITE,false,0.984,0db55933-b6b8-47b3-9a74-cd0d530a678c,/blog/pyspark-vs-pandas-when-to-use-which,PySpark vs Pandas: When to Use Which,data-engineering,comparison,comparison,0.003,474,Rewrite in priority order (BLOG_REWRITE_QUEUE.csv). NOINDEX only for members Search Console shows earn nothing (class C) and that are not rewritten.
F10,template-family,14,0.921,DEEP REWRITE,false,0.984,22dc0ab8-b604-40ad-9e5e-ff4fb7bfdb84,/blog/spark-vs-hadoop-what-changed-and-why,Spark vs Hadoop: What Changed and Why,data-engineering,comparison,comparison,0.005,474,Rewrite in priority order (BLOG_REWRITE_QUEUE.csv). NOINDEX only for members Search Console shows earn nothing (class C) and that are not rewritten.
F11,template-family,50,0.864,DEEP REWRITE,true,1,6fc575b7-af6c-4336-81d0-295c93ed6238,/blog/salary-negotiation-how-to-get-paid-what-you-re-worth,Salary Negotiation: How to Get Paid What You're Worth,career-guidance,salary,salary,0.074,535,Rewrite in priority order (BLOG_REWRITE_QUEUE.csv). NOINDEX only for members Search Console shows earn nothing (class C) and that are not rewritten.
F11,template-family,50,0.864,DEEP REWRITE,false,0.49,48f55520-ae7a-490d-ad01-f803b86e6207,/blog/asking-for-a-raise-timing-script-and-evidence,"Asking for a Raise: Timing, Script and Evidence",career-guidance,guide,tutorial,0,640,Rewrite in priority order (BLOG_REWRITE_QUEUE.csv). NOINDEX only for members Search Console shows earn nothing (class C) and that are not rewritten.
F11,template-family,50,0.864,DEEP REWRITE,false,0.49,0abaa0c1-b9c8-4cb8-9eba-e5cc7c31344c,/blog/building-a-30-60-90-day-plan-for-a-new-data-job,Building a 30-60-90 Day Plan for a New Data Job,career-guidance,guide,tutorial,0,654,Rewrite in priority order (BLOG_REWRITE_QUEUE.csv). NOINDEX only for members Search Console shows earn nothing (class C) and that are not rewritten.
F11,template-family,50,0.864,DEEP REWRITE,false,0.49,02ad0bda-2bf8-4071-92a6-785f58d763fb,/blog/building-a-personal-brand-on-linkedin,Building a Personal Brand on LinkedIn,career-guidance,guide,tutorial,0,642,Rewrite in priority order (BLOG_REWRITE_QUEUE.csv). NOINDEX only for members Search Console shows earn nothing (class C) and that are not rewritten.
F11,template-family,50,0.864,DEEP REWRITE,false,0.49,7fcc0cee-7f97-45ae-a9cd-eef649fca17e,/blog/building-confidence-for-technical-interviews,Building Confidence for Technical Interviews,career-guidance,guide,tutorial,0,639,Rewrite in priority order (BLOG_REWRITE_QUEUE.csv). NOINDEX only for members Search Console shows earn nothing (class C) and that are not rewritten.
F11,template-family,50,0.864,DEEP REWRITE,false,0.49,85015ab0-23af-42e9-8520-ec6830d79306,/blog/building-credibility-as-a-self-taught-professional,Building Credibility as a Self-Taught Professional,career-guidance,guide,tutorial,0,642,Rewrite in priority order (BLOG_REWRITE_QUEUE.csv). NOINDEX only for members Search Console shows earn nothing (class C) and that are not rewritten.
F11,template-family,50,0.864,DEEP REWRITE,false,0.533,349ea1de-4798-4906-bb07-274ac701eaef,/blog/career-growth-when-to-stay-vs-when-to-switch,Career Growth: When to Stay vs When to Switch,career-guidance,comparison,comparison,0.013,476,Rewrite in priority order (BLOG_REWRITE_QUEUE.csv). NOINDEX only for members Search Console shows earn nothing (class C) and that are not rewritten.
F11,template-family,50,0.864,DEEP REWRITE,false,0.399,65cc76d9-89b9-4609-abe6-9d40fc23824e,/blog/career-roadmap-analyst-to-scientist-to-lead,Career Roadmap: Analyst to Scientist to Lead,career-guidance,roadmap,career,0,631,Rewrite in priority order (BLOG_REWRITE_QUEUE.csv). NOINDEX only for members Search Console shows earn nothing (class C) and that are not rewritten.
F11,template-family,50,0.864,DEEP REWRITE,false,0.399,991b639c-cd14-482b-8edb-8bc85ac78946,/blog/career-switch-to-data-science-a-realistic-roadmap,Career Switch to Data Science: A Realistic Roadmap,career-guidance,roadmap,career,0,635,Rewrite in priority order (BLOG_REWRITE_QUEUE.csv). NOINDEX only for members Search Console shows earn nothing (class C) and that are not rewritten.
F11,template-family,50,0.864,DEEP REWRITE,false,0.49,4da08b23-2103-47c5-8f3e-668b4d51f0dc,/blog/common-resume-mistakes-that-get-you-rejected,Common Resume Mistakes That Get You Rejected,career-guidance,guide,tutorial,0,645,Rewrite in priority order (BLOG_REWRITE_QUEUE.csv). NOINDEX only for members Search Console shows earn nothing (class C) and that are not rewritten.
F11,template-family,50,0.864,DEEP REWRITE,false,0.49,6bafd24c-d84b-449c-901c-df4e8163efbf,/blog/cracking-hr-round-questions-confidently,Cracking HR Round Questions Confidently,career-guidance,guide,tutorial,0,639,Rewrite in priority order (BLOG_REWRITE_QUEUE.csv). NOINDEX only for members Search Console shows earn nothing (class C) and that are not rewritten.
F11,template-family,50,0.864,DEEP REWRITE,false,0.49,ff61386a-778b-4895-9173-fc3c20f1fe33,/blog/cracking-the-behavioral-interview-star-method,Cracking the Behavioral Interview: STAR Method,career-guidance,guide,interview,0,638,Rewrite in priority order (BLOG_REWRITE_QUEUE.csv). NOINDEX only for members Search Console shows earn nothing (class C) and that are not rewritten.
F11,template-family,50,0.864,DEEP REWRITE,false,0.49,5fc6afc5-f83d-4462-89a0-25e35eba9439,/blog/crafting-an-elevator-pitch-for-tech-roles,Crafting an Elevator Pitch for Tech Roles,career-guidance,guide,tutorial,0,645,Rewrite in priority order (BLOG_REWRITE_QUEUE.csv). NOINDEX only for members Search Console shows earn nothing (class C) and that are not rewritten.
F11,template-family,50,0.864,DEEP REWRITE,false,0.49,2469e61e-f691-45c2-b013-931802ca37e2,/blog/freelancing-guide-for-data-professionals,Freelancing Guide for Data Professionals,career-guidance,guide,tutorial,0,639,Rewrite in priority order (BLOG_REWRITE_QUEUE.csv). NOINDEX only for members Search Console shows earn nothing (class C) and that are not rewritten.
F11,template-family,50,0.864,DEEP REWRITE,false,0.49,fc463cee-1723-4b25-b0c9-fd01b482d4d3,/blog/from-college-to-corporate-a-fresher-s-survival-guide,From College to Corporate: A Fresher's Survival Guide,career-guidance,guide,tutorial,0,640,Rewrite in priority order (BLOG_REWRITE_QUEUE.csv). NOINDEX only for members Search Console shows earn nothing (class C) and that are not rewritten.
F11,template-family,50,0.864,DEEP REWRITE,false,0.49,5af445b3-82b0-43b2-baa9-e37d3c607de0,/blog/from-service-to-product-company-a-transition-guide,From Service to Product Company: A Transition Guide,career-guidance,guide,tutorial,0,642,Rewrite in priority order (BLOG_REWRITE_QUEUE.csv). NOINDEX only for members Search Console shows earn nothing (class C) and that are not rewritten.
F11,template-family,50,0.864,DEEP REWRITE,false,0.49,10bd47cf-0379-45cf-a528-f3d759538b77,/blog/github-profile-tips-to-impress-hiring-managers,GitHub Profile Tips to Impress Hiring Managers,career-guidance,guide,tutorial,0,645,Rewrite in priority order (BLOG_REWRITE_QUEUE.csv). NOINDEX only for members Search Console shows earn nothing (class C) and that are not rewritten.
F11,template-family,50,0.864,DEEP REWRITE,false,0.49,f28fe1ef-f52c-4721-bb31-4aba0dd2e82c,/blog/handling-job-rejection-and-bouncing-back,Handling Job Rejection and Bouncing Back,career-guidance,guide,tutorial,0,642,Rewrite in priority order (BLOG_REWRITE_QUEUE.csv). NOINDEX only for members Search Console shows earn nothing (class C) and that are not rewritten.
F11,template-family,50,0.864,DEEP REWRITE,false,0.49,0bdfb4e6-ca7d-4f77-a247-515fbc7a3716,/blog/how-to-answer-tell-me-about-yourself-in-interviews,How to Answer 'Tell Me About Yourself' in Interviews,career-guidance,guide,tutorial,0,651,Rewrite in priority order (BLOG_REWRITE_QUEUE.csv). NOINDEX only for members Search Console shows earn nothing (class C) and that are not rewritten.
F11,template-family,50,0.864,DEEP REWRITE,false,0.49,27c1a6dc-026a-436b-b539-d7a9d24c9c2a,/blog/how-to-build-a-data-portfolio-website,How to Build a Data Portfolio Website,career-guidance,guide,tutorial,0,645,Rewrite in priority order (BLOG_REWRITE_QUEUE.csv). NOINDEX only for members Search Console shows earn nothing (class C) and that are not rewritten.
F11,template-family,50,0.864,DEEP REWRITE,false,0.49,a7099cd5-af10-4d85-89aa-ff942fed1cbe,/blog/how-to-crack-product-based-company-interviews,How to Crack Product-Based Company Interviews,career-guidance,guide,tutorial,0,642,Rewrite in priority order (BLOG_REWRITE_QUEUE.csv). NOINDEX only for members Search Console shows earn nothing (class C) and that are not rewritten.
F11,template-family,50,0.864,DEEP REWRITE,false,0.49,967d2df0-0348-4572-99ed-86c4eba17f41,/blog/how-to-find-a-mentor-in-tech,How to Find a Mentor in Tech,career-guidance,guide,tutorial,0,645,Rewrite in priority order (BLOG_REWRITE_QUEUE.csv). NOINDEX only for members Search Console shows earn nothing (class C) and that are not rewritten.
F11,template-family,50,0.864,DEEP REWRITE,false,0.49,29786512-1893-41b9-ae9a-e806a4a6b0bb,/blog/how-to-get-promoted-in-a-data-team,How to Get Promoted in a Data Team,career-guidance,guide,tutorial,0,648,Rewrite in priority order (BLOG_REWRITE_QUEUE.csv). NOINDEX only for members Search Console shows earn nothing (class C) and that are not rewritten.
F11,template-family,50,0.864,DEEP REWRITE,false,0.49,32cf794d-cafa-4a23-9f3e-59970c4bdfcb,/blog/how-to-get-recruiters-to-notice-your-profile,How to Get Recruiters to Notice Your Profile,career-guidance,guide,tutorial,0,648,Rewrite in priority order (BLOG_REWRITE_QUEUE.csv). NOINDEX only for members Search Console shows earn nothing (class C) and that are not rewritten.
F11,template-family,50,0.864,DEEP REWRITE,false,0.49,aab7ba0a-93a0-41f4-9e23-3cba7707ffbf,/blog/how-to-get-your-first-data-job-with-no-experience,How to Get Your First Data Job with No Experience,career-guidance,guide,tutorial,0,654,Rewrite in priority order (BLOG_REWRITE_QUEUE.csv). NOINDEX only for members Search Console shows earn nothing (class C) and that are not rewritten.
F11,template-family,50,0.864,DEEP REWRITE,false,0.49,a0318615-bc1b-4d98-be65-146d5ec21e43,/blog/how-to-handle-multiple-job-offers-gracefully,How to Handle Multiple Job Offers Gracefully,career-guidance,guide,tutorial,0,645,Rewrite in priority order (BLOG_REWRITE_QUEUE.csv). NOINDEX only for members Search Console shows earn nothing (class C) and that are not rewritten.
F11,template-family,50,0.864,DEEP REWRITE,false,0.49,13f7db9c-eb08-496e-ba69-a4d0014165ca,/blog/how-to-make-a-career-pivot-without-a-pay-cut,How to Make a Career Pivot Without a Pay Cut,career-guidance,guide,tutorial,0,654,Rewrite in priority order (BLOG_REWRITE_QUEUE.csv). NOINDEX only for members Search Console shows earn nothing (class C) and that are not rewritten.
F11,template-family,50,0.864,DEEP REWRITE,false,0.49,e4d3dfbf-9891-48ca-9780-5154a5b3b399,/blog/how-to-negotiate-a-job-offer-email-step-by-step,How to Negotiate a Job Offer Email Step by Step,career-guidance,guide,tutorial,0,654,Rewrite in priority order (BLOG_REWRITE_QUEUE.csv). NOINDEX only for members Search Console shows earn nothing (class C) and that are not rewritten.
F11,template-family,50,0.864,DEEP REWRITE,false,0.49,9f20c19d-0345-4d71-a818-7fbeca99a099,/blog/how-to-plan-a-5-year-career-in-data,How to Plan a 5-Year Career in Data,career-guidance,guide,career,0,648,Rewrite in priority order (BLOG_REWRITE_QUEUE.csv). NOINDEX only for members Search Console shows earn nothing (class C) and that are not rewritten.
F11,template-family,50,0.864,DEEP REWRITE,false,0.49,10d428e9-db13-45b5-b561-20494be01b7c,/blog/how-to-prepare-for-an-interview-in-one-week,How to Prepare for an Interview in One Week,career-guidance,guide,interview,0,651,Rewrite in priority order (BLOG_REWRITE_QUEUE.csv). NOINDEX only for members Search Console shows earn nothing (class C) and that are not rewritten.
F11,template-family,50,0.864,DEEP REWRITE,false,0.49,6d1ca64b-0d66-4008-bd41-b562c2d41a01,/blog/how-to-quantify-achievements-on-your-resume,How to Quantify Achievements on Your Resume,career-guidance,guide,tutorial,0,645,Rewrite in priority order (BLOG_REWRITE_QUEUE.csv). NOINDEX only for members Search Console shows earn nothing (class C) and that are not rewritten.
F11,template-family,50,0.864,DEEP REWRITE,false,0.49,2566c21c-4ed1-4e8d-9667-b1a8ca6cf96f,/blog/how-to-stand-out-in-a-crowded-junior-job-market,How to Stand Out in a Crowded Junior Job Market,career-guidance,guide,tutorial,0,654,Rewrite in priority order (BLOG_REWRITE_QUEUE.csv). NOINDEX only for members Search Console shows earn nothing (class C) and that are not rewritten.
F11,template-family,50,0.864,DEEP REWRITE,false,0.49,4e48b7b9-3d77-4565-af17-6656bb2060ed,/blog/how-to-switch-careers-after-30-a-practical-guide,How to Switch Careers After 30: A Practical Guide,career-guidance,guide,tutorial,0,645,Rewrite in priority order (BLOG_REWRITE_QUEUE.csv). NOINDEX only for members Search Console shows earn nothing (class C) and that are not rewritten.
F11,template-family,50,0.864,DEEP REWRITE,false,0.49,d10e174e-a146-4391-89c9-2ba88fa170a2,/blog/how-to-transition-from-testing-to-data-engineering,How to Transition from Testing to Data Engineering,career-guidance,guide,tutorial,0,648,Rewrite in priority order (BLOG_REWRITE_QUEUE.csv). NOINDEX only for members Search Console shows earn nothing (class C) and that are not rewritten.
F11,template-family,50,0.864,DEEP REWRITE,false,0.49,d511d0c2-d5b3-468d-8e53-de794bb760d5,/blog/how-to-use-kaggle-to-boost-your-job-profile,How to Use Kaggle to Boost Your Job Profile,career-guidance,guide,tutorial,0,651,Rewrite in priority order (BLOG_REWRITE_QUEUE.csv). NOINDEX only for members Search Console shows earn nothing (class C) and that are not rewritten.
F11,template-family,50,0.864,DEEP REWRITE,false,0.49,4c19b315-d7a3-4d71-803f-c178ab0810e5,/blog/how-to-write-a-cover-letter-that-gets-read,How to Write a Cover Letter That Gets Read,career-guidance,guide,tutorial,0,651,Rewrite in priority order (BLOG_REWRITE_QUEUE.csv). NOINDEX only for members Search Console shows earn nothing (class C) and that are not rewritten.
F11,template-family,50,0.864,DEEP REWRITE,false,0.49,1b0581ad-8b47-4731-b786-9b8b3be0ada0,/blog/how-to-write-linkedin-posts-that-get-you-noticed,How to Write LinkedIn Posts That Get You Noticed,career-guidance,guide,tutorial,0,651,Rewrite in priority order (BLOG_REWRITE_QUEUE.csv). NOINDEX only for members Search Console shows earn nothing (class C) and that are not rewritten.
F11,template-family,50,0.864,DEEP REWRITE,false,0.49,ee7bcd59-2acc-4cdd-ae67-84b7bfc38ddb,/blog/imposter-syndrome-in-tech-how-to-beat-it,Imposter Syndrome in Tech: How to Beat It,career-guidance,guide,tutorial,0,640,Rewrite in priority order (BLOG_REWRITE_QUEUE.csv). NOINDEX only for members Search Console shows earn nothing (class C) and that are not rewritten.
F11,template-family,50,0.864,DEEP REWRITE,false,0.536,1b0dde28-b020-4114-a180-4e693a672b9a,/blog/internships-vs-certifications-what-recruiters-value,Internships vs Certifications: What Recruiters Value,career-guidance,comparison,certification,0.005,474,Rewrite in priority order (BLOG_REWRITE_QUEUE.csv). NOINDEX only for members Search Console shows earn nothing (class C) and that are not rewritten.
F11,template-family,50,0.864,DEEP REWRITE,false,0.49,b72f8d3e-b8e6-421c-94c2-cb7807bee0a4,/blog/interview-tips-for-freshers-how-to-stand-out,Interview Tips for Freshers: How to Stand Out,career-guidance,guide,interview,0,640,Rewrite in priority order (BLOG_REWRITE_QUEUE.csv). NOINDEX only for members Search Console shows earn nothing (class C) and that are not rewritten.
F11,template-family,50,0.864,DEEP REWRITE,false,0.49,a0224e31-c0b6-4e0b-961b-15d4d967cea9,/blog/job-search-strategy-for-the-indian-tech-market-2026,Job Search Strategy for the Indian Tech Market 2026,career-guidance,guide,tutorial,0,651,Rewrite in priority order (BLOG_REWRITE_QUEUE.csv). NOINDEX only for members Search Console shows earn nothing (class C) and that are not rewritten.
F11,template-family,50,0.864,DEEP REWRITE,false,0.49,6fb04597-c9b0-46c7-a854-a262c7b17653,/blog/linkedin-optimization-for-tech-job-seekers-in-2026,LinkedIn Optimization for Tech Job Seekers in 2026,career-guidance,guide,tutorial,0,648,Rewrite in priority order (BLOG_REWRITE_QUEUE.csv). NOINDEX only for members Search Console shows earn nothing (class C) and that are not rewritten.
F11,template-family,50,0.864,DEEP REWRITE,false,0.49,df97d781-2b57-48aa-8851-e27f35b6d2ae,/blog/networking-for-introverts-landing-referrals,Networking for Introverts: Landing Referrals,career-guidance,guide,tutorial,0,635,Rewrite in priority order (BLOG_REWRITE_QUEUE.csv). NOINDEX only for members Search Console shows earn nothing (class C) and that are not rewritten.
F11,template-family,50,0.864,DEEP REWRITE,false,0.416,0896227f-5112-4a2a-88f9-e32cb3f2521c,/blog/personal-projects-that-double-as-interview-stories,Personal Projects That Double as Interview Stories,career-guidance,projects,interview,0,538,Rewrite in priority order (BLOG_REWRITE_QUEUE.csv). NOINDEX only for members Search Console shows earn nothing (class C) and that are not rewritten.
F11,template-family,50,0.864,DEEP REWRITE,false,0.416,e265908e-7bcb-4aec-b825-ba3c56375899,/blog/portfolio-building-projects-that-impress-recruiters,Portfolio Building: Projects That Impress Recruiters,career-guidance,projects,project,0,532,Rewrite in priority order (BLOG_REWRITE_QUEUE.csv). NOINDEX only for members Search Console shows earn nothing (class C) and that are not rewritten.
F11,template-family,50,0.864,DEEP REWRITE,false,0.49,65dbdc3b-c53a-4690-ba53-574bbf8283fc,/blog/reference-checks-how-to-prepare-your-referees,Reference Checks: How to Prepare Your Referees,career-guidance,guide,tutorial,0,635,Rewrite in priority order (BLOG_REWRITE_QUEUE.csv). NOINDEX only for members Search Console shows earn nothing (class C) and that are not rewritten.
F11,template-family,50,0.864,DEEP REWRITE,false,0.49,28421f30-eaea-45ea-97e6-e9fede6b9a19,/blog/remote-data-jobs-how-to-find-and-land-them,Remote Data Jobs: How to Find and Land Them,career-guidance,guide,tutorial,0,639,Rewrite in priority order (BLOG_REWRITE_QUEUE.csv). NOINDEX only for members Search Console shows earn nothing (class C) and that are not rewritten.
F11,template-family,50,0.864,DEEP REWRITE,false,0.49,b92d9d8b-5b0b-4be1-bf61-d6ef77b71366,/blog/resume-building-for-data-roles-a-complete-guide,Resume Building for Data Roles: A Complete Guide,career-guidance,guide,tutorial,0,642,Rewrite in priority order (BLOG_REWRITE_QUEUE.csv). NOINDEX only for members Search Console shows earn nothing (class C) and that are not rewritten.
F11,template-family,50,0.864,DEEP REWRITE,false,0.49,d7690432-053e-4d13-a095-57b20926aed1,/blog/soft-skills-that-make-data-professionals-stand-out,Soft Skills That Make Data Professionals Stand Out,career-guidance,guide,tutorial,0,648,Rewrite in priority order (BLOG_REWRITE_QUEUE.csv). NOINDEX only for members Search Console shows earn nothing (class C) and that are not rewritten.
F11,template-family,50,0.864,DEEP REWRITE,false,0.536,b482f317-6b74-4891-ae75-92b4aa07a7f4,/blog/upskilling-vs-reskilling-which-path-fits-you,Upskilling vs Reskilling: Which Path Fits You?,career-guidance,comparison,comparison,0.005,475,Rewrite in priority order (BLOG_REWRITE_QUEUE.csv). NOINDEX only for members Search Console shows earn nothing (class C) and that are not rewritten.
F12,template-family,43,0.886,DEEP REWRITE,true,1,92281b73-ee0d-43f7-b140-250bb2a84d7d,/blog/learn-python-from-scratch-a-complete-2026-roadmap,Learn Python from Scratch: A Complete 2026 Roadmap,python,roadmap,career,0.03,648,Rewrite in priority order (BLOG_REWRITE_QUEUE.csv). NOINDEX only for members Search Console shows earn nothing (class C) and that are not rewritten.
F12,template-family,43,0.886,DEEP REWRITE,false,0.652,f428d13d-de14-4621-abc2-98478efd2475,/blog/async-programming-in-python-asyncio-explained,Async Programming in Python: asyncio Explained,python,guide,tutorial,0,650,Rewrite in priority order (BLOG_REWRITE_QUEUE.csv). NOINDEX only for members Search Console shows earn nothing (class C) and that are not rewritten.
F12,template-family,43,0.886,DEEP REWRITE,false,0.652,4f437d9d-a154-4e7b-88f4-5c66ce18e35a,/blog/automate-boring-tasks-with-python-10-scripts,Automate Boring Tasks with Python: 10 Scripts,python,guide,tutorial,0,653,Rewrite in priority order (BLOG_REWRITE_QUEUE.csv). NOINDEX only for members Search Console shows earn nothing (class C) and that are not rewritten.
F12,template-family,43,0.886,DEEP REWRITE,false,0.652,bd712f6b-e063-42e5-b5cc-bc8c5ee1a8c3,/blog/building-a-cli-tool-in-python-with-argparse,Building a CLI Tool in Python with argparse,python,guide,tutorial,0,660,Rewrite in priority order (BLOG_REWRITE_QUEUE.csv). NOINDEX only for members Search Console shows earn nothing (class C) and that are not rewritten.
F12,template-family,43,0.886,DEEP REWRITE,false,0.652,02a50b99-e10e-491f-b765-b810d5036c57,/blog/building-rest-apis-with-python-a-practical-guide,Building REST APIs with Python: A Practical Guide,python,guide,tutorial,0,654,Rewrite in priority order (BLOG_REWRITE_QUEUE.csv). NOINDEX only for members Search Console shows earn nothing (class C) and that are not rewritten.
F12,template-family,43,0.886,DEEP REWRITE,false,0.652,f3c923b3-4b18-4086-b614-82b2b838d26c,/blog/datetime-in-python-working-with-dates-and-times,Datetime in Python: Working with Dates and Times,python,guide,tutorial,0,650,Rewrite in priority order (BLOG_REWRITE_QUEUE.csv). NOINDEX only for members Search Console shows earn nothing (class C) and that are not rewritten.
F12,template-family,43,0.886,DEEP REWRITE,false,0.652,38199134-27c0-4ffd-bada-22c8374b4133,/blog/environment-variables-and-secrets-in-python-apps,Environment Variables and Secrets in Python Apps,python,guide,tutorial,0,657,Rewrite in priority order (BLOG_REWRITE_QUEUE.csv). NOINDEX only for members Search Console shows earn nothing (class C) and that are not rewritten.
F12,template-family,43,0.886,DEEP REWRITE,false,0.652,55efc99e-b28b-4b7a-950c-a09d9261ef1d,/blog/error-handling-in-python-try-except-and-best-practices,"Error Handling in Python: try, except and Best Practices",python,guide,tutorial,0,653,Rewrite in priority order (BLOG_REWRITE_QUEUE.csv). NOINDEX only for members Search Console shows earn nothing (class C) and that are not rewritten.
F12,template-family,43,0.886,DEEP REWRITE,false,0.652,c5bf0466-e910-41b5-902f-09129ee11f75,/blog/fastapi-guide-build-a-production-api-step-by-step,FastAPI Guide: Build a Production API Step by Step,python,guide,tutorial,0,649,Rewrite in priority order (BLOG_REWRITE_QUEUE.csv). NOINDEX only for members Search Console shows earn nothing (class C) and that are not rewritten.
F12,template-family,43,0.886,DEEP REWRITE,false,0.652,07bda889-f7fe-4b0c-8c3c-d2ea24c44d6c,/blog/from-python-beginner-to-job-ready-a-6-month-plan,From Python Beginner to Job-Ready: A 6-Month Plan,python,guide,tutorial,0,654,Rewrite in priority order (BLOG_REWRITE_QUEUE.csv). NOINDEX only for members Search Console shows earn nothing (class C) and that are not rewritten.
F12,template-family,43,0.886,DEEP REWRITE,false,0.652,9ac4af73-9ca7-4fe8-8e96-eb0cb785b42a,/blog/how-to-learn-python-faster-a-proven-study-plan,How to Learn Python Faster: A Proven Study Plan,python,guide,tutorial,0,655,Rewrite in priority order (BLOG_REWRITE_QUEUE.csv). NOINDEX only for members Search Console shows earn nothing (class C) and that are not rewritten.
F12,template-family,43,0.886,DEEP REWRITE,false,0.513,61c626df-9374-4773-bae2-e9b073c01985,/blog/how-to-structure-a-python-project-the-right-way,How to Structure a Python Project the Right Way,python,projects,project,0,559,Rewrite in priority order (BLOG_REWRITE_QUEUE.csv). NOINDEX only for members Search Console shows earn nothing (class C) and that are not rewritten.
F12,template-family,43,0.886,DEEP REWRITE,false,0.652,7c1a79b1-add2-41a7-a2c7-deb2d9b2f5b5,/blog/lambda-functions-map-filter-and-reduce-in-python,"Lambda Functions, map, filter and reduce in Python",python,guide,tutorial,0,660,Rewrite in priority order (BLOG_REWRITE_QUEUE.csv). NOINDEX only for members Search Console shows earn nothing (class C) and that are not rewritten.
F12,template-family,43,0.886,DEEP REWRITE,false,0.652,b4ac66bd-2b59-4cbe-aca0-0a15202e3b22,/blog/list-comprehensions-in-python-a-complete-guide,List Comprehensions in Python: A Complete Guide,python,guide,tutorial,0,651,Rewrite in priority order (BLOG_REWRITE_QUEUE.csv). NOINDEX only for members Search Console shows earn nothing (class C) and that are not rewritten.
F12,template-family,43,0.886,DEEP REWRITE,false,0.652,971b600e-0010-4f57-bae3-01850fb939d2,/blog/numpy-guide-arrays-broadcasting-and-vectorization,"NumPy Guide: Arrays, Broadcasting and Vectorization",python,guide,tutorial,0,646,Rewrite in priority order (BLOG_REWRITE_QUEUE.csv). NOINDEX only for members Search Console shows earn nothing (class C) and that are not rewritten.
F12,template-family,43,0.886,DEEP REWRITE,false,0.652,29094d47-f4d0-4699-9113-51c30ce545d2,/blog/object-oriented-programming-oop-in-python-explained,Object-Oriented Programming (OOP) in Python Explained,python,guide,tutorial,0,654,Rewrite in priority order (BLOG_REWRITE_QUEUE.csv). NOINDEX only for members Search Console shows earn nothing (class C) and that are not rewritten.
F12,template-family,43,0.886,DEEP REWRITE,false,0.652,e53d7658-11f7-4daf-be8f-ee90bab43b33,/blog/pandas-guide-dataframes-cleaning-and-aggregation,"Pandas Guide: DataFrames, Cleaning and Aggregation",python,guide,tutorial,0,646,Rewrite in priority order (BLOG_REWRITE_QUEUE.csv). NOINDEX only for members Search Console shows earn nothing (class C) and that are not rewritten.
F12,template-family,43,0.886,DEEP REWRITE,false,0.652,b71f2897-8aec-4070-ac95-4054bd35d274,/blog/pandas-performance-making-your-code-10x-faster,Pandas Performance: Making Your Code 10x Faster,python,guide,tutorial,0,647,Rewrite in priority order (BLOG_REWRITE_QUEUE.csv). NOINDEX only for members Search Console shows earn nothing (class C) and that are not rewritten.
F12,template-family,43,0.886,DEEP REWRITE,false,0.652,bf18109d-3e26-412f-9165-b47b17673d33,/blog/pydantic-explained-data-validation-in-python,Pydantic Explained: Data Validation in Python,python,guide,tutorial,0,646,Rewrite in priority order (BLOG_REWRITE_QUEUE.csv). NOINDEX only for members Search Console shows earn nothing (class C) and that are not rewritten.
F12,template-family,43,0.886,DEEP REWRITE,false,0.644,6bda2353-932a-41de-a822-ca6f85f633e0,/blog/python-args-and-kwargs-explained-clearly,Python *args and **kwargs Explained Clearly,python,guide,tutorial,0.012,654,Rewrite in priority order (BLOG_REWRITE_QUEUE.csv). NOINDEX only for members Search Console shows earn nothing (class C) and that are not rewritten.
F12,template-family,43,0.886,DEEP REWRITE,false,0.652,c8618c10-99b8-48fd-b3e7-5d1ab1bc0d10,/blog/python-best-practices-writing-pythonic-code,Python Best Practices: Writing Pythonic Code,python,guide,tutorial,0,648,Rewrite in priority order (BLOG_REWRITE_QUEUE.csv). NOINDEX only for members Search Console shows earn nothing (class C) and that are not rewritten.
F12,template-family,43,0.886,DEEP REWRITE,false,0.652,7a9cfc36-a90a-46e5-bcef-b2064e99da7b,/blog/python-coding-challenges-to-practice-for-interviews,Python Coding Challenges to Practice for Interviews,python,guide,tutorial,0,657,Rewrite in priority order (BLOG_REWRITE_QUEUE.csv). NOINDEX only for members Search Console shows earn nothing (class C) and that are not rewritten.
F12,template-family,43,0.886,DEEP REWRITE,false,0.652,505159b1-b6a3-47c4-82e9-3d9ceb1c0ff2,/blog/python-data-structures-a-complete-reference,Python Data Structures: A Complete Reference,python,guide,tutorial,0,648,Rewrite in priority order (BLOG_REWRITE_QUEUE.csv). NOINDEX only for members Search Console shows earn nothing (class C) and that are not rewritten.
F12,template-family,43,0.886,DEEP REWRITE,false,0.652,d28ad22e-481a-4b44-a126-c04c9a018660,/blog/python-decorators-explained-with-real-examples,Python Decorators Explained with Real Examples,python,guide,tutorial,0,654,Rewrite in priority order (BLOG_REWRITE_QUEUE.csv). NOINDEX only for members Search Console shows earn nothing (class C) and that are not rewritten.
F12,template-family,43,0.886,DEEP REWRITE,false,0.652,71e0b966-419f-4e2b-b91c-a19b6b16c74a,/blog/python-f-strings-formatting-done-right,Python f-Strings: Formatting Done Right,python,guide,tutorial,0,645,Rewrite in priority order (BLOG_REWRITE_QUEUE.csv). NOINDEX only for members Search Console shows earn nothing (class C) and that are not rewritten.
F12,template-family,43,0.886,DEEP REWRITE,false,0.652,338c18d9-dd6b-4b5c-a009-73ceab040a53,/blog/python-file-handling-reading-and-writing-files,Python File Handling: Reading and Writing Files,python,guide,tutorial,0,649,Rewrite in priority order (BLOG_REWRITE_QUEUE.csv). NOINDEX only for members Search Console shows earn nothing (class C) and that are not rewritten.
F12,template-family,43,0.886,DEEP REWRITE,false,0.513,ae735a1c-82cb-4ae2-83e8-7e60220d8075,/blog/python-for-automation-a-real-world-project-guide,Python for Automation: A Real-World Project Guide,python,projects,project,0,551,Rewrite in priority order (BLOG_REWRITE_QUEUE.csv). NOINDEX only for members Search Console shows earn nothing (class C) and that are not rewritten.
F12,template-family,43,0.886,DEEP REWRITE,false,0.652,06416b68-aea7-4356-b7b0-3b7027b67f51,/blog/python-for-data-science-the-essential-libraries,Python for Data Science: The Essential Libraries,python,guide,tutorial,0,651,Rewrite in priority order (BLOG_REWRITE_QUEUE.csv). NOINDEX only for members Search Console shows earn nothing (class C) and that are not rewritten.
F12,template-family,43,0.886,DEEP REWRITE,false,0.652,7d380389-f5d7-4fb2-b34d-be2828ad0063,/blog/python-generators-and-iterators-made-simple,Python Generators and Iterators Made Simple,python,guide,tutorial,0,654,Rewrite in priority order (BLOG_REWRITE_QUEUE.csv). NOINDEX only for members Search Console shows earn nothing (class C) and that are not rewritten.
F12,template-family,43,0.886,DEEP REWRITE,false,0.513,ef46655a-ea04-4e19-b098-9ed232e209ff,/blog/python-logging-a-practical-setup-for-real-projects,Python Logging: A Practical Setup for Real Projects,python,projects,project,0,551,Rewrite in priority order (BLOG_REWRITE_QUEUE.csv). NOINDEX only for members Search Console shows earn nothing (class C) and that are not rewritten.
F12,template-family,43,0.886,DEEP REWRITE,false,0.652,de0d21d1-77c5-459a-8f8d-4b1bcfa9eb32,/blog/python-memory-management-and-garbage-collection,Python Memory Management and Garbage Collection,python,guide,tutorial,0,654,Rewrite in priority order (BLOG_REWRITE_QUEUE.csv). NOINDEX only for members Search Console shows earn nothing (class C) and that are not rewritten.
F12,template-family,43,0.886,DEEP REWRITE,false,0.513,f700ca21-f622-447c-b352-7339f8acca0e,/blog/python-mini-projects-to-build-in-a-weekend,Python Mini Projects to Build in a Weekend,python,projects,project,0,557,Rewrite in priority order (BLOG_REWRITE_QUEUE.csv). NOINDEX only for members Search Console shows earn nothing (class C) and that are not rewritten.
F12,template-family,43,0.886,DEEP REWRITE,false,0.513,aff911c7-72df-41df-9000-e5988f91a683,/blog/python-projects-for-beginners-15-ideas-to-build,Python Projects for Beginners: 15 Ideas to Build,python,projects,project,0,553,Rewrite in priority order (BLOG_REWRITE_QUEUE.csv). NOINDEX only for members Search Console shows earn nothing (class C) and that are not rewritten.
F12,template-family,43,0.886,DEEP REWRITE,false,0.652,0d1a0303-775d-48dc-8cf6-dde91b8b809d,/blog/python-string-methods-every-developer-should-know,Python String Methods Every Developer Should Know,python,guide,tutorial,0,657,Rewrite in priority order (BLOG_REWRITE_QUEUE.csv). NOINDEX only for members Search Console shows earn nothing (class C) and that are not rewritten.
F12,template-family,43,0.886,DEEP REWRITE,false,0.652,d6c2cddc-a509-4d91-9cab-433ef3a80018,/blog/python-type-hints-writing-cleaner-safer-code,"Python Type Hints: Writing Cleaner, Safer Code",python,guide,tutorial,0,649,Rewrite in priority order (BLOG_REWRITE_QUEUE.csv). NOINDEX only for members Search Console shows earn nothing (class C) and that are not rewritten.
F12,template-family,43,0.886,DEEP REWRITE,false,0.652,71125b73-254b-4cec-a699-de76551a6d73,/blog/reading-and-writing-csv-files-in-python,Reading and Writing CSV Files in Python,python,guide,tutorial,0,657,Rewrite in priority order (BLOG_REWRITE_QUEUE.csv). NOINDEX only for members Search Console shows earn nothing (class C) and that are not rewritten.
F12,template-family,43,0.886,DEEP REWRITE,false,0.652,6c508b0a-d7e6-40af-92e3-8622b9d693e2,/blog/regular-expressions-in-python-a-practical-guide,Regular Expressions in Python: A Practical Guide,python,guide,tutorial,0,651,Rewrite in priority order (BLOG_REWRITE_QUEUE.csv). NOINDEX only for members Search Console shows earn nothing (class C) and that are not rewritten.
F12,template-family,43,0.886,DEEP REWRITE,false,0.652,6921bdfe-e4f5-4b60-a1fb-a9ec2a75cb51,/blog/sqlalchemy-tutorial-databases-in-python,SQLAlchemy Tutorial: Databases in Python,python,guide,tutorial,0,645,Rewrite in priority order (BLOG_REWRITE_QUEUE.csv). NOINDEX only for members Search Console shows earn nothing (class C) and that are not rewritten.
F12,template-family,43,0.886,DEEP REWRITE,false,0.652,fb00bb14-1255-44dd-a993-191ad68481d1,/blog/top-python-libraries-every-developer-should-know,Top Python Libraries Every Developer Should Know,python,guide,tutorial,0,657,Rewrite in priority order (BLOG_REWRITE_QUEUE.csv). NOINDEX only for members Search Console shows earn nothing (class C) and that are not rewritten.
F12,template-family,43,0.886,DEEP REWRITE,false,0.652,5ac372af-8be7-4f6b-8db4-d4c51c8887f0,/blog/unit-testing-in-python-with-pytest-a-beginner-s-guide,Unit Testing in Python with pytest: A Beginner's Guide,python,guide,tutorial,0,657,Rewrite in priority order (BLOG_REWRITE_QUEUE.csv). NOINDEX only for members Search Console shows earn nothing (class C) and that are not rewritten.
F12,template-family,43,0.886,DEEP REWRITE,false,0.652,acc91fcd-de70-4654-9f7a-0206129254f2,/blog/virtual-environments-in-python-venv-pip-and-poetry,"Virtual Environments in Python: venv, pip and Poetry",python,guide,tutorial,0,652,Rewrite in priority order (BLOG_REWRITE_QUEUE.csv). NOINDEX only for members Search Console shows earn nothing (class C) and that are not rewritten.
F12,template-family,43,0.886,DEEP REWRITE,false,0.652,2ae4210c-f785-4f72-933a-8ff70d3c523d,/blog/web-scraping-with-python-beautifulsoup-and-requests,Web Scraping with Python: BeautifulSoup and Requests,python,guide,tutorial,0,651,Rewrite in priority order (BLOG_REWRITE_QUEUE.csv). NOINDEX only for members Search Console shows earn nothing (class C) and that are not rewritten.
F12,template-family,43,0.886,DEEP REWRITE,false,0.652,e0f3816d-fcd6-4d82-bb5b-1575f1e26792,/blog/working-with-json-in-python-a-practical-guide,Working with JSON in Python: A Practical Guide,python,guide,tutorial,0,654,Rewrite in priority order (BLOG_REWRITE_QUEUE.csv). NOINDEX only for members Search Console shows earn nothing (class C) and that are not rewritten.
F13,template-family,9,0.699,DEEP REWRITE,true,1,89d1ddb6-eaa8-4b4b-abad-15e836f1bfb9,/blog/aws-glue-vs-emr-vs-lambda-for-etl,AWS Glue vs EMR vs Lambda for ETL,aws,comparison,comparison,0.02,486,Rewrite in priority order (BLOG_REWRITE_QUEUE.csv). NOINDEX only for members Search Console shows earn nothing (class C) and that are not rewritten.
F13,template-family,9,0.699,DEEP REWRITE,false,0.973,fe5c86f7-bb93-4c98-b8b3-dbbff6ade8ff,/blog/athena-vs-redshift-when-to-use-each,Athena vs Redshift: When to Use Each,aws,comparison,comparison,0.003,480,Rewrite in priority order (BLOG_REWRITE_QUEUE.csv). NOINDEX only for members Search Console shows earn nothing (class C) and that are not rewritten.
F13,template-family,9,0.699,DEEP REWRITE,false,0.542,809f3dda-0382-42c5-a064-098ddef421d1,/blog/aws-certification-path-for-data-roles,AWS Certification Path for Data Roles,aws,certification,certification,0,526,Rewrite in priority order (BLOG_REWRITE_QUEUE.csv). NOINDEX only for members Search Console shows earn nothing (class C) and that are not rewritten.
F13,template-family,9,0.699,DEEP REWRITE,false,0.546,3326b340-4af5-4485-ae8a-7dc7eeff335e,/blog/aws-certified-data-engineer-associate-exam-guide,AWS Certified Data Engineer Associate: Exam Guide,aws,certification,certification,0.005,526,Rewrite in priority order (BLOG_REWRITE_QUEUE.csv). NOINDEX only for members Search Console shows earn nothing (class C) and that are not rewritten.
F13,template-family,9,0.699,DEEP REWRITE,false,0.542,abdc0925-8e85-48bc-9df9-67dc4ab0a839,/blog/aws-cloud-practitioner-certification-how-to-start,AWS Cloud Practitioner Certification: How to Start,aws,certification,certification,0,525,Rewrite in priority order (BLOG_REWRITE_QUEUE.csv). NOINDEX only for members Search Console shows earn nothing (class C) and that are not rewritten.
F13,template-family,9,0.699,DEEP REWRITE,false,0.538,b68ea347-7b1a-4b77-93eb-167f15a3a5fc,/blog/aws-data-engineer-salary-in-india-2026,AWS Data Engineer Salary in India 2026,aws,salary,salary,0.048,545,Rewrite in priority order (BLOG_REWRITE_QUEUE.csv). NOINDEX only for members Search Console shows earn nothing (class C) and that are not rewritten.
F13,template-family,9,0.699,DEEP REWRITE,false,0.965,82fbbce1-9d3f-4ad8-84bf-09eccc2b4440,/blog/glue-workflows-vs-step-functions-for-orchestration,Glue Workflows vs Step Functions for Orchestration,aws,comparison,comparison,0.015,484,Rewrite in priority order (BLOG_REWRITE_QUEUE.csv). NOINDEX only for members Search Console shows earn nothing (class C) and that are not rewritten.
F13,template-family,9,0.699,DEEP REWRITE,false,0.97,b3d0bc4f-ffb6-43e7-a665-31055fc61275,/blog/redshift-vs-snowflake-vs-bigquery-a-comparison,Redshift vs Snowflake vs BigQuery: A Comparison,aws,comparison,comparison,0.003,482,Rewrite in priority order (BLOG_REWRITE_QUEUE.csv). NOINDEX only for members Search Console shows earn nothing (class C) and that are not rewritten.
F13,template-family,9,0.699,DEEP REWRITE,false,0.97,069e71b9-fc55-4f69-9e3e-c37a3e5dfb40,/blog/s3-vs-ebs-vs-efs-aws-storage-compared,S3 vs EBS vs EFS: AWS Storage Compared,aws,comparison,comparison,0.008,483,Rewrite in priority order (BLOG_REWRITE_QUEUE.csv). NOINDEX only for members Search Console shows earn nothing (class C) and that are not rewritten.
F14,template-family,7,0.764,DEEP REWRITE,true,1,a2b66d02-f14c-4ee2-9d23-89950b3e9e07,/blog/what-is-mlops-devops-for-machine-learning-explained,What Is MLOps? DevOps for Machine Learning Explained,mlops,whatis,informational,0.064,474,Rewrite in priority order (BLOG_REWRITE_QUEUE.csv). NOINDEX only for members Search Console shows earn nothing (class C) and that are not rewritten.
F14,template-family,7,0.764,DEEP REWRITE,false,0.6,74716dbb-b81a-4ac0-9988-41d618491427,/blog/batch-vs-real-time-model-inference-tradeoffs,Batch vs Real-Time Model Inference: Tradeoffs,mlops,comparison,comparison,0.015,477,Rewrite in priority order (BLOG_REWRITE_QUEUE.csv). NOINDEX only for members Search Console shows earn nothing (class C) and that are not rewritten.
F14,template-family,7,0.764,DEEP REWRITE,false,0.605,dc80be95-e9d3-4d23-80fd-db1a8afa209c,/blog/experiment-tracking-mlflow-vs-weights-and-biases,Experiment Tracking: MLflow vs Weights & Biases,mlops,comparison,comparison,0.005,474,Rewrite in priority order (BLOG_REWRITE_QUEUE.csv). NOINDEX only for members Search Console shows earn nothing (class C) and that are not rewritten.
F14,template-family,7,0.764,DEEP REWRITE,false,0.604,a1bae9d9-b0db-4a43-b126-cc6d75252b82,/blog/gpu-vs-cpu-for-ml-when-you-actually-need-a-gpu,GPU vs CPU for ML: When You Actually Need a GPU,mlops,comparison,comparison,0.01,482,Rewrite in priority order (BLOG_REWRITE_QUEUE.csv). NOINDEX only for members Search Console shows earn nothing (class C) and that are not rewritten.
F14,template-family,7,0.764,DEEP REWRITE,false,0.549,bee0d0aa-37be-44cf-925f-fc866bda97ee,/blog/mlops-engineer-salary-in-india-2026,MLOps Engineer Salary in India 2026,mlops,salary,salary,0.032,539,Rewrite in priority order (BLOG_REWRITE_QUEUE.csv). NOINDEX only for members Search Console shows earn nothing (class C) and that are not rewritten.
F14,template-family,7,0.764,DEEP REWRITE,false,0.604,e4fb675c-8d34-4ef7-9bad-a5596ddd1949,/blog/mlops-vs-devops-vs-dataops-key-differences,MLOps vs DevOps vs DataOps: Key Differences,mlops,comparison,comparison,0.005,478,Rewrite in priority order (BLOG_REWRITE_QUEUE.csv). NOINDEX only for members Search Console shows earn nothing (class C) and that are not rewritten.
F14,template-family,7,0.764,DEEP REWRITE,false,0.604,98a63b65-4bf3-44a8-ae8b-e9bdb39d6f8c,/blog/pipeline-orchestration-airflow-vs-prefect-vs-dagster,Pipeline Orchestration: Airflow vs Prefect vs Dagster,mlops,comparison,comparison,0.005,475,Rewrite in priority order (BLOG_REWRITE_QUEUE.csv). NOINDEX only for members Search Console shows earn nothing (class C) and that are not rewritten.
F15,template-family,39,0.958,DEEP REWRITE,true,1,2c35233c-ec5a-4439-891d-afb62ace4b4e,/blog/gcp-roadmap-2026-for-data-engineers,GCP Roadmap 2026 for Data Engineers,gcp,roadmap,career,0.019,665,Rewrite in priority order (BLOG_REWRITE_QUEUE.csv). NOINDEX only for members Search Console shows earn nothing (class C) and that are not rewritten.
F15,template-family,39,0.958,DEEP REWRITE,false,0.659,c37d8e1f-39b1-41b3-9188-22680beb2891,/blog/biglake-and-external-tables-in-bigquery,BigLake and External Tables in BigQuery,gcp,guide,tutorial,0,664,Rewrite in priority order (BLOG_REWRITE_QUEUE.csv). NOINDEX only for members Search Console shows earn nothing (class C) and that are not rewritten.
F15,template-family,39,0.958,DEEP REWRITE,false,0.659,e233c2ec-2a91-47ff-99b1-858f94a86797,/blog/bigquery-best-practices-for-analysts,BigQuery Best Practices for Analysts,gcp,guide,tutorial,0,661,Rewrite in priority order (BLOG_REWRITE_QUEUE.csv). NOINDEX only for members Search Console shows earn nothing (class C) and that are not rewritten.
F15,template-family,39,0.958,DEEP REWRITE,false,0.659,52bd5ba6-4872-4c52-995d-a1ae1e770ef7,/blog/bigquery-cost-optimization-slots-pricing-and-tips,"BigQuery Cost Optimization: Slots, Pricing and Tips",gcp,guide,tutorial,0,659,Rewrite in priority order (BLOG_REWRITE_QUEUE.csv). NOINDEX only for members Search Console shows earn nothing (class C) and that are not rewritten.
F15,template-family,39,0.958,DEEP REWRITE,false,0.659,a6054653-d331-4113-a56e-ec3299744386,/blog/bigquery-explained-google-s-serverless-data-warehouse,BigQuery Explained: Google's Serverless Data Warehouse,gcp,guide,tutorial,0,656,Rewrite in priority order (BLOG_REWRITE_QUEUE.csv). NOINDEX only for members Search Console shows earn nothing (class C) and that are not rewritten.
F15,template-family,39,0.958,DEEP REWRITE,false,0.659,e2275476-1f18-49da-9a73-13fd16f6acfc,/blog/bigquery-federated-queries-explained,BigQuery Federated Queries Explained,gcp,guide,tutorial,0,658,Rewrite in priority order (BLOG_REWRITE_QUEUE.csv). NOINDEX only for members Search Console shows earn nothing (class C) and that are not rewritten.
F15,template-family,39,0.958,DEEP REWRITE,false,0.659,6ad5314f-9cc3-40cc-9d22-6bb4e14a9e74,/blog/bigquery-ml-machine-learning-with-sql,BigQuery ML: Machine Learning with SQL,gcp,guide,tutorial,0,656,Rewrite in priority order (BLOG_REWRITE_QUEUE.csv). NOINDEX only for members Search Console shows earn nothing (class C) and that are not rewritten.
F15,template-family,39,0.958,DEEP REWRITE,false,0.655,efbb8e32-f7f1-49a8-8c13-382124987b3d,/blog/bigquery-sql-tips-tricks-and-optimization,"BigQuery SQL: Tips, Tricks and Optimization",gcp,guide,tutorial,0.01,656,Rewrite in priority order (BLOG_REWRITE_QUEUE.csv). NOINDEX only for members Search Console shows earn nothing (class C) and that are not rewritten.
F15,template-family,39,0.958,DEEP REWRITE,false,0.659,1e779601-80f9-4ff7-a261-522153a8166e,/blog/bigquery-window-functions-and-analytic-sql,BigQuery Window Functions and Analytic SQL,gcp,guide,tutorial,0,664,Rewrite in priority order (BLOG_REWRITE_QUEUE.csv). NOINDEX only for members Search Console shows earn nothing (class C) and that are not rewritten.
F15,template-family,39,0.958,DEEP REWRITE,false,0.659,e7be8204-552d-4409-8f68-a5748629519e,/blog/building-a-data-pipeline-on-gcp-end-to-end,Building a Data Pipeline on GCP End to End,gcp,guide,tutorial,0,673,Rewrite in priority order (BLOG_REWRITE_QUEUE.csv). NOINDEX only for members Search Console shows earn nothing (class C) and that are not rewritten.
F15,template-family,39,0.958,DEEP REWRITE,false,0.659,694bf3b2-1c32-499d-8636-67aaca53a94d,/blog/building-a-real-time-dashboard-with-gcp,Building a Real-Time Dashboard with GCP,gcp,guide,tutorial,0,664,Rewrite in priority order (BLOG_REWRITE_QUEUE.csv). NOINDEX only for members Search Console shows earn nothing (class C) and that are not rewritten.
F15,template-family,39,0.958,DEEP REWRITE,false,0.659,9afa4cf6-4a16-4cb4-8f88-da9a90a8f924,/blog/cloud-composer-airflow-on-gcp-explained,Cloud Composer (Airflow) on GCP Explained,gcp,guide,tutorial,0,664,Rewrite in priority order (BLOG_REWRITE_QUEUE.csv). NOINDEX only for members Search Console shows earn nothing (class C) and that are not rewritten.
F15,template-family,39,0.958,DEEP REWRITE,false,0.659,3049df3e-995e-4bcd-95b1-df14eb18361f,/blog/cloud-functions-on-gcp-serverless-explained,Cloud Functions on GCP: Serverless Explained,gcp,guide,tutorial,0,660,Rewrite in priority order (BLOG_REWRITE_QUEUE.csv). NOINDEX only for members Search Console shows earn nothing (class C) and that are not rewritten.
F15,template-family,39,0.958,DEEP REWRITE,false,0.659,fa590765-7e16-4d50-ba0f-3ad20c5ee9e3,/blog/cloud-storage-to-bigquery-building-an-ingestion-layer,Cloud Storage to BigQuery: Building an Ingestion Layer,gcp,guide,tutorial,0,662,Rewrite in priority order (BLOG_REWRITE_QUEUE.csv). NOINDEX only for members Search Console shows earn nothing (class C) and that are not rewritten.
F15,template-family,39,0.958,DEEP REWRITE,false,0.659,01b812e1-7779-48a5-a431-7e592f41a035,/blog/cost-controls-and-budgets-on-google-cloud,Cost Controls and Budgets on Google Cloud,gcp,guide,tutorial,0,667,Rewrite in priority order (BLOG_REWRITE_QUEUE.csv). NOINDEX only for members Search Console shows earn nothing (class C) and that are not rewritten.
F15,template-family,39,0.958,DEEP REWRITE,false,0.659,b122788d-3345-47bf-b70b-83911b9c6f27,/blog/data-catalog-and-governance-on-gcp,Data Catalog and Governance on GCP,gcp,guide,tutorial,0,664,Rewrite in priority order (BLOG_REWRITE_QUEUE.csv). NOINDEX only for members Search Console shows earn nothing (class C) and that are not rewritten.
F15,template-family,39,0.958,DEEP REWRITE,false,0.659,dc06e3a2-3301-420f-9904-df486d84e207,/blog/dataflow-tutorial-stream-and-batch-processing-on-gcp,Dataflow Tutorial: Stream and Batch Processing on GCP,gcp,guide,tutorial,0,658,Rewrite in priority order (BLOG_REWRITE_QUEUE.csv). NOINDEX only for members Search Console shows earn nothing (class C) and that are not rewritten.
F15,template-family,39,0.958,DEEP REWRITE,false,0.659,3284d642-e46e-44fe-bdd3-62a5b35dd4e3,/blog/disaster-recovery-and-backups-on-gcp,Disaster Recovery and Backups on GCP,gcp,guide,tutorial,0,664,Rewrite in priority order (BLOG_REWRITE_QUEUE.csv). NOINDEX only for members Search Console shows earn nothing (class C) and that are not rewritten.
F15,template-family,39,0.958,DEEP REWRITE,false,0.514,55d42132-ad82-48e3-856b-da34261caeb5,/blog/gcp-data-engineering-projects-for-your-portfolio,GCP Data Engineering Projects for Your Portfolio,gcp,projects,project,0.009,558,Rewrite in priority order (BLOG_REWRITE_QUEUE.csv). NOINDEX only for members Search Console shows earn nothing (class C) and that are not rewritten.
F15,template-family,39,0.958,DEEP REWRITE,false,0.659,08ad6f98-ce88-4ec4-8ead-f111d7eef56d,/blog/gcp-free-tier-what-you-can-build-without-paying,GCP Free Tier: What You Can Build Without Paying,gcp,guide,tutorial,0,661,Rewrite in priority order (BLOG_REWRITE_QUEUE.csv). NOINDEX only for members Search Console shows earn nothing (class C) and that are not rewritten.
F15,template-family,39,0.958,DEEP REWRITE,false,0.659,4fa3d6e5-8914-4ff9-822f-86f44c007e4e,/blog/gcp-iam-explained-roles-policies-and-security,"GCP IAM Explained: Roles, Policies and Security",gcp,guide,tutorial,0,659,Rewrite in priority order (BLOG_REWRITE_QUEUE.csv). NOINDEX only for members Search Console shows earn nothing (class C) and that are not rewritten.
F15,template-family,39,0.958,DEEP REWRITE,false,0.659,ce7e7cc6-95d8-4497-b5b6-a43e6d5ee608,/blog/gcp-logging-and-monitoring-with-cloud-operations,GCP Logging and Monitoring with Cloud Operations,gcp,guide,tutorial,0,667,Rewrite in priority order (BLOG_REWRITE_QUEUE.csv). NOINDEX only for members Search Console shows earn nothing (class C) and that are not rewritten.
F15,template-family,39,0.958,DEEP REWRITE,false,0.659,ded66709-c53d-44d6-ad67-c02809fec6df,/blog/gcp-networking-basics-for-data-engineers,GCP Networking Basics for Data Engineers,gcp,guide,tutorial,0,664,Rewrite in priority order (BLOG_REWRITE_QUEUE.csv). NOINDEX only for members Search Console shows earn nothing (class C) and that are not rewritten.
F15,template-family,39,0.958,DEEP REWRITE,false,0.659,b41fe965-a012-465a-a4b0-69a948297d05,/blog/google-cloud-storage-buckets-classes-and-best-practices,"Google Cloud Storage: Buckets, Classes and Best Practices",gcp,guide,tutorial,0,660,Rewrite in priority order (BLOG_REWRITE_QUEUE.csv). NOINDEX only for members Search Console shows earn nothing (class C) and that are not rewritten.
F15,template-family,39,0.958,DEEP REWRITE,false,0.659,5ce052bf-f4eb-4d92-81d9-8678b23fb228,/blog/how-to-start-a-career-in-google-cloud-in-2026,How to Start a Career in Google Cloud in 2026,gcp,guide,career,0,676,Rewrite in priority order (BLOG_REWRITE_QUEUE.csv). NOINDEX only for members Search Console shows earn nothing (class C) and that are not rewritten.
F15,template-family,39,0.958,DEEP REWRITE,false,0.659,de23e560-4458-43a9-bc0e-288abb32dd59,/blog/loading-data-into-bigquery-batch-and-streaming,Loading Data into BigQuery: Batch and Streaming,gcp,guide,tutorial,0,661,Rewrite in priority order (BLOG_REWRITE_QUEUE.csv). NOINDEX only for members Search Console shows earn nothing (class C) and that are not rewritten.
F15,template-family,39,0.958,DEEP REWRITE,false,0.659,c9fcf5cd-00cd-45fa-adcb-24226dcf60e6,/blog/looker-and-looker-studio-on-gcp-explained,Looker and Looker Studio on GCP Explained,gcp,guide,tutorial,0,667,Rewrite in priority order (BLOG_REWRITE_QUEUE.csv). NOINDEX only for members Search Console shows earn nothing (class C) and that are not rewritten.
F15,template-family,39,0.958,DEEP REWRITE,false,0.659,6ae57b23-9d32-4288-8cfe-c0e2acf40913,/blog/materialized-views-in-bigquery-explained,Materialized Views in BigQuery Explained,gcp,guide,tutorial,0,661,Rewrite in priority order (BLOG_REWRITE_QUEUE.csv). NOINDEX only for members Search Console shows earn nothing (class C) and that are not rewritten.
F15,template-family,39,0.958,DEEP REWRITE,false,0.659,55417d3d-ac66-4e82-ae63-27a0ec60db49,/blog/migrating-to-bigquery-a-practical-playbook,Migrating to BigQuery: A Practical Playbook,gcp,guide,tutorial,0,658,Rewrite in priority order (BLOG_REWRITE_QUEUE.csv). NOINDEX only for members Search Console shows earn nothing (class C) and that are not rewritten.
F15,template-family,39,0.958,DEEP REWRITE,false,0.659,ea91d7e1-2fba-4cef-9417-d5fa4404775b,/blog/nested-and-repeated-fields-in-bigquery,Nested and Repeated Fields in BigQuery,gcp,guide,tutorial,0,664,Rewrite in priority order (BLOG_REWRITE_QUEUE.csv). NOINDEX only for members Search Console shows earn nothing (class C) and that are not rewritten.
F15,template-family,39,0.958,DEEP REWRITE,false,0.659,0b8f15c1-2e69-4233-a3db-8beca4501f1d,/blog/partitioning-and-clustering-in-bigquery,Partitioning and Clustering in BigQuery,gcp,guide,tutorial,0,661,Rewrite in priority order (BLOG_REWRITE_QUEUE.csv). NOINDEX only for members Search Console shows earn nothing (class C) and that are not rewritten.
F15,template-family,39,0.958,DEEP REWRITE,false,0.659,656f84c8-c9ec-485b-85ee-161954054eeb,/blog/pub-sub-explained-messaging-and-streaming-on-gcp,Pub/Sub Explained: Messaging and Streaming on GCP,gcp,guide,tutorial,0,660,Rewrite in priority order (BLOG_REWRITE_QUEUE.csv). NOINDEX only for members Search Console shows earn nothing (class C) and that are not rewritten.
F15,template-family,39,0.958,DEEP REWRITE,false,0.659,d93f55a5-2d8c-4ad5-8b34-35ce4ab996b5,/blog/pub-sub-to-dataflow-to-bigquery-a-streaming-pattern,Pub/Sub to Dataflow to BigQuery: A Streaming Pattern,gcp,guide,tutorial,0,667,Rewrite in priority order (BLOG_REWRITE_QUEUE.csv). NOINDEX only for members Search Console shows earn nothing (class C) and that are not rewritten.
F15,template-family,39,0.958,DEEP REWRITE,false,0.659,028b04ac-ee63-4d81-a2bd-5d2bf41f191e,/blog/scheduling-queries-in-bigquery,Scheduling Queries in BigQuery,gcp,guide,tutorial,0,658,Rewrite in priority order (BLOG_REWRITE_QUEUE.csv). NOINDEX only for members Search Console shows earn nothing (class C) and that are not rewritten.
F15,template-family,39,0.958,DEEP REWRITE,false,0.659,348f8714-c6f2-457b-8924-098d9764f126,/blog/securing-data-on-gcp-encryption-and-dlp,Securing Data on GCP: Encryption and DLP,gcp,guide,tutorial,0,661,Rewrite in priority order (BLOG_REWRITE_QUEUE.csv). NOINDEX only for members Search Console shows earn nothing (class C) and that are not rewritten.
F15,template-family,39,0.958,DEEP REWRITE,false,0.659,65f035b7-4947-42ec-94a0-c5d21a9e2aaa,/blog/service-accounts-and-workload-identity-on-gcp,Service Accounts and Workload Identity on GCP,gcp,guide,tutorial,0,667,Rewrite in priority order (BLOG_REWRITE_QUEUE.csv). NOINDEX only for members Search Console shows earn nothing (class C) and that are not rewritten.
F15,template-family,39,0.958,DEEP REWRITE,false,0.659,54d19c99-686d-4dc9-80cb-417a13516335,/blog/streaming-data-into-bigquery-a-practical-guide,Streaming Data into BigQuery: A Practical Guide,gcp,guide,tutorial,0,661,Rewrite in priority order (BLOG_REWRITE_QUEUE.csv). NOINDEX only for members Search Console shows earn nothing (class C) and that are not rewritten.
F15,template-family,39,0.958,DEEP REWRITE,false,0.659,8e1bf19a-b347-49aa-9022-da41b44a5f02,/blog/vertex-ai-pipelines-for-mlops-on-gcp,Vertex AI Pipelines for MLOps on GCP,gcp,guide,tutorial,0,667,Rewrite in priority order (BLOG_REWRITE_QUEUE.csv). NOINDEX only for members Search Console shows earn nothing (class C) and that are not rewritten.
F15,template-family,39,0.958,DEEP REWRITE,false,0.659,eb5e4f5c-62cf-4cb1-9822-83941800294f,/blog/vertex-ai-tutorial-ml-on-google-cloud,Vertex AI Tutorial: ML on Google Cloud,gcp,guide,tutorial,0,659,Rewrite in priority order (BLOG_REWRITE_QUEUE.csv). NOINDEX only for members Search Console shows earn nothing (class C) and that are not rewritten.
F16,template-family,10,0.713,DEEP REWRITE,true,1,c0518696-92c7-4659-af66-522bb15ca6ba,/blog/gcp-vs-aws-vs-azure-for-data-engineering,GCP vs AWS vs Azure for Data Engineering,gcp,comparison,comparison,0.015,478,Rewrite in priority order (BLOG_REWRITE_QUEUE.csv). NOINDEX only for members Search Console shows earn nothing (class C) and that are not rewritten.
F16,template-family,10,0.713,DEEP REWRITE,false,0.972,c1b0fd3c-408b-4aed-b3ab-a7b068bbbff0,/blog/bigquery-vs-snowflake-vs-redshift-a-comparison,BigQuery vs Snowflake vs Redshift: A Comparison,gcp,comparison,comparison,0.005,474,Rewrite in priority order (BLOG_REWRITE_QUEUE.csv). NOINDEX only for members Search Console shows earn nothing (class C) and that are not rewritten.
F16,template-family,10,0.713,DEEP REWRITE,false,0.967,0f0a07e1-c8d0-4959-b2cc-113f4cfb2a6c,/blog/cloud-run-vs-cloud-functions-vs-app-engine,Cloud Run vs Cloud Functions vs App Engine,gcp,comparison,comparison,0.013,478,Rewrite in priority order (BLOG_REWRITE_QUEUE.csv). NOINDEX only for members Search Console shows earn nothing (class C) and that are not rewritten.
F16,template-family,10,0.713,DEEP REWRITE,false,0.972,8ea0df09-f083-4c11-ac50-13937fb46e64,/blog/cloud-sql-vs-spanner-vs-bigtable-when-to-use-each,Cloud SQL vs Spanner vs Bigtable: When to Use Each,gcp,comparison,comparison,0.008,478,Rewrite in priority order (BLOG_REWRITE_QUEUE.csv). NOINDEX only for members Search Console shows earn nothing (class C) and that are not rewritten.
F16,template-family,10,0.713,DEEP REWRITE,false,0.972,4bb43a6d-35d4-4d8d-aae3-91af49594a9e,/blog/dataform-vs-dbt-on-gcp-a-comparison,Dataform vs dbt on GCP: A Comparison,gcp,comparison,comparison,0.008,474,Rewrite in priority order (BLOG_REWRITE_QUEUE.csv). NOINDEX only for members Search Console shows earn nothing (class C) and that are not rewritten.
F16,template-family,10,0.713,DEEP REWRITE,false,0.974,f1ee09f0-dc8e-4a34-a2e3-c455493f7b6d,/blog/dataproc-vs-dataflow-which-to-choose,Dataproc vs Dataflow: Which to Choose,gcp,comparison,comparison,0.005,471,Rewrite in priority order (BLOG_REWRITE_QUEUE.csv). NOINDEX only for members Search Console shows earn nothing (class C) and that are not rewritten.
F16,template-family,10,0.713,DEEP REWRITE,false,0.537,7ed99eca-251c-42d1-af62-27450d315fde,/blog/gcp-associate-cloud-engineer-certification-guide,GCP Associate Cloud Engineer Certification Guide,gcp,certification,certification,0,516,Rewrite in priority order (BLOG_REWRITE_QUEUE.csv). NOINDEX only for members Search Console shows earn nothing (class C) and that are not rewritten.
F16,template-family,10,0.713,DEEP REWRITE,false,0.537,6ac8d50b-4494-417a-990a-a1b7d02c7488,/blog/gcp-certification-path-which-one-to-pick-first,GCP Certification Path: Which One to Pick First,gcp,certification,certification,0,515,Rewrite in priority order (BLOG_REWRITE_QUEUE.csv). NOINDEX only for members Search Console shows earn nothing (class C) and that are not rewritten.
F16,template-family,10,0.713,DEEP REWRITE,false,0.535,66f37063-d9bd-4621-a57d-8e0f451b6dd1,/blog/gcp-data-engineer-salary-in-india-2026,GCP Data Engineer Salary in India 2026,gcp,salary,salary,0.012,535,Rewrite in priority order (BLOG_REWRITE_QUEUE.csv). NOINDEX only for members Search Console shows earn nothing (class C) and that are not rewritten.
F16,template-family,10,0.713,DEEP REWRITE,false,0.537,68fa2bc2-5386-48fa-905f-9e948c10736c,/blog/gcp-professional-data-engineer-certification-guide,GCP Professional Data Engineer Certification Guide,gcp,certification,certification,0,516,Rewrite in priority order (BLOG_REWRITE_QUEUE.csv). NOINDEX only for members Search Console shows earn nothing (class C) and that are not rewritten.
F17,template-family,42,0.924,DEEP REWRITE,true,1,89abac70-82f9-4201-829c-db690950c247,/blog/data-cleaning-a-practical-step-by-step-guide,Data Cleaning: A Practical Step-by-Step Guide,data-analytics,guide,tutorial,0.01,665,Rewrite in priority order (BLOG_REWRITE_QUEUE.csv). NOINDEX only for members Search Console shows earn nothing (class C) and that are not rewritten.
F17,template-family,42,0.924,DEEP REWRITE,false,0.525,bab7e75d-468f-44c6-9867-a3df4b78252e,/blog/building-a-sales-dashboard-a-hands-on-project,Building a Sales Dashboard: A Hands-On Project,data-analytics,projects,project,0,565,Rewrite in priority order (BLOG_REWRITE_QUEUE.csv). NOINDEX only for members Search Console shows earn nothing (class C) and that are not rewritten.
F17,template-family,42,0.924,DEEP REWRITE,false,0.978,5ee45119-caef-4e2f-8807-bc7fe7c2b45e,/blog/building-kpi-scorecards-for-executives,Building KPI Scorecards for Executives,data-analytics,guide,tutorial,0,670,Rewrite in priority order (BLOG_REWRITE_QUEUE.csv). NOINDEX only for members Search Console shows earn nothing (class C) and that are not rewritten.
F17,template-family,42,0.924,DEEP REWRITE,false,0.978,9af19898-222a-4545-986c-3352eb626336,/blog/building-your-first-interactive-dashboard,Building Your First Interactive Dashboard,data-analytics,guide,tutorial,0,670,Rewrite in priority order (BLOG_REWRITE_QUEUE.csv). NOINDEX only for members Search Console shows earn nothing (class C) and that are not rewritten.
F17,template-family,42,0.924,DEEP REWRITE,false,0.978,2d3d03c8-71fb-44d8-b1e9-0bd27c48793f,/blog/business-analytics-explained-a-beginner-s-guide,Business Analytics Explained: A Beginner's Guide,data-analytics,guide,tutorial,0,667,Rewrite in priority order (BLOG_REWRITE_QUEUE.csv). NOINDEX only for members Search Console shows earn nothing (class C) and that are not rewritten.
F17,template-family,42,0.924,DEEP REWRITE,false,0.978,45e1cecb-57d7-4a9b-b432-1a0d595691ff,/blog/cohort-analysis-explained-with-examples,Cohort Analysis Explained with Examples,data-analytics,guide,tutorial,0,670,Rewrite in priority order (BLOG_REWRITE_QUEUE.csv). NOINDEX only for members Search Console shows earn nothing (class C) and that are not rewritten.
F17,template-family,42,0.924,DEEP REWRITE,false,0.978,bb01aead-b563-44f6-98fc-f83e47a34d18,/blog/customer-segmentation-for-analysts-a-practical-guide,Customer Segmentation for Analysts: A Practical Guide,data-analytics,guide,tutorial,0,670,Rewrite in priority order (BLOG_REWRITE_QUEUE.csv). NOINDEX only for members Search Console shows earn nothing (class C) and that are not rewritten.
F17,template-family,42,0.924,DEEP REWRITE,false,0.978,abcc9aa8-f055-4f92-926c-305aed8f2e28,/blog/dashboard-design-principles-for-data-analysts,Dashboard Design Principles for Data Analysts,data-analytics,guide,tutorial,0,673,Rewrite in priority order (BLOG_REWRITE_QUEUE.csv). NOINDEX only for members Search Console shows earn nothing (class C) and that are not rewritten.
F17,template-family,42,0.924,DEEP REWRITE,false,0.978,cb17f4df-fef4-4f32-bb1a-9cd80315418c,/blog/data-analyst-career-path-from-junior-to-lead,Data Analyst Career Path: From Junior to Lead,data-analytics,guide,career,0,671,Rewrite in priority order (BLOG_REWRITE_QUEUE.csv). NOINDEX only for members Search Console shows earn nothing (class C) and that are not rewritten.
F17,template-family,42,0.924,DEEP REWRITE,false,0.649,d4e69b05-c67e-4356-875b-a353ec336620,/blog/data-analyst-roadmap-2026-skills-tools-and-timeline,"Data Analyst Roadmap 2026: Skills, Tools and Timeline",data-analytics,roadmap,career,0,668,Rewrite in priority order (BLOG_REWRITE_QUEUE.csv). NOINDEX only for members Search Console shows earn nothing (class C) and that are not rewritten.
F17,template-family,42,0.924,DEEP REWRITE,false,0.525,edfc9ba3-9801-4400-a188-755efe377054,/blog/data-analytics-projects-for-your-resume,Data Analytics Projects for Your Resume,data-analytics,projects,project,0,566,Rewrite in priority order (BLOG_REWRITE_QUEUE.csv). NOINDEX only for members Search Console shows earn nothing (class C) and that are not rewritten.
F17,template-family,42,0.924,DEEP REWRITE,false,0.649,8dc99bba-d522-4b95-8b66-883df971ac7a,/blog/data-analytics-roadmap-for-non-tech-backgrounds,Data Analytics Roadmap for Non-Tech Backgrounds,data-analytics,roadmap,career,0,668,Rewrite in priority order (BLOG_REWRITE_QUEUE.csv). NOINDEX only for members Search Console shows earn nothing (class C) and that are not rewritten.
F17,template-family,42,0.924,DEEP REWRITE,false,0.978,e9bf5b6b-f249-4848-83cd-45dbc3115f77,/blog/data-governance-basics-every-analyst-should-know,Data Governance Basics Every Analyst Should Know,data-analytics,guide,tutorial,0,676,Rewrite in priority order (BLOG_REWRITE_QUEUE.csv). NOINDEX only for members Search Console shows earn nothing (class C) and that are not rewritten.
F17,template-family,42,0.924,DEEP REWRITE,false,0.978,1bbe015f-4e54-4de6-9a60-2877984b7675,/blog/data-visualization-best-practices-and-common-mistakes,Data Visualization Best Practices and Common Mistakes,data-analytics,guide,tutorial,0,676,Rewrite in priority order (BLOG_REWRITE_QUEUE.csv). NOINDEX only for members Search Console shows earn nothing (class C) and that are not rewritten.
F17,template-family,42,0.924,DEEP REWRITE,false,0.978,6bb829cb-8e0d-49ad-93a5-d05b9ad576ec,/blog/excel-for-data-analysis-formulas-that-matter,Excel for Data Analysis: Formulas That Matter,data-analytics,guide,tutorial,0,670,Rewrite in priority order (BLOG_REWRITE_QUEUE.csv). NOINDEX only for members Search Console shows earn nothing (class C) and that are not rewritten.
F17,template-family,42,0.924,DEEP REWRITE,false,0.978,3bf72922-6d87-444c-a336-e906d69de9be,/blog/excel-power-query-cleaning-data-without-code,Excel Power Query: Cleaning Data Without Code,data-analytics,guide,tutorial,0,668,Rewrite in priority order (BLOG_REWRITE_QUEUE.csv). NOINDEX only for members Search Console shows earn nothing (class C) and that are not rewritten.
F17,template-family,42,0.924,DEEP REWRITE,false,0.978,e82540e3-48e8-48ce-bf1e-8073bf7286dd,/blog/forecasting-in-excel-simple-methods-that-work,Forecasting in Excel: Simple Methods That Work,data-analytics,guide,tutorial,0,668,Rewrite in priority order (BLOG_REWRITE_QUEUE.csv). NOINDEX only for members Search Console shows earn nothing (class C) and that are not rewritten.
F17,template-family,42,0.924,DEEP REWRITE,false,0.978,a763d95b-f2d9-44b9-a6a7-82f8d2a64721,/blog/from-excel-to-sql-a-smooth-transition-guide,From Excel to SQL: A Smooth Transition Guide,data-analytics,guide,tutorial,0,671,Rewrite in priority order (BLOG_REWRITE_QUEUE.csv). NOINDEX only for members Search Console shows earn nothing (class C) and that are not rewritten.
F17,template-family,42,0.924,DEEP REWRITE,false,0.978,cb67551d-e33a-438f-9a5e-ed925419f863,/blog/funnel-analysis-measuring-conversion-step-by-step,Funnel Analysis: Measuring Conversion Step by Step,data-analytics,guide,tutorial,0,666,Rewrite in priority order (BLOG_REWRITE_QUEUE.csv). NOINDEX only for members Search Console shows earn nothing (class C) and that are not rewritten.
F17,template-family,42,0.924,DEEP REWRITE,false,0.978,4f4ab792-b571-451a-94f8-3a56b5771523,/blog/google-sheets-for-data-analysis-underrated-power-tools,Google Sheets for Data Analysis: Underrated Power Tools,data-analytics,guide,tutorial,0,673,Rewrite in priority order (BLOG_REWRITE_QUEUE.csv). NOINDEX only for members Search Console shows earn nothing (class C) and that are not rewritten.
F17,template-family,42,0.924,DEEP REWRITE,false,0.978,5eeb562c-7607-4f19-9081-614df57b3b57,/blog/how-data-analysts-add-real-business-value,How Data Analysts Add Real Business Value,data-analytics,guide,tutorial,0,676,Rewrite in priority order (BLOG_REWRITE_QUEUE.csv). NOINDEX only for members Search Console shows earn nothing (class C) and that are not rewritten.
F17,template-family,42,0.924,DEEP REWRITE,false,0.978,4deb6465-7417-46e9-b653-fc5d243a5f90,/blog/how-to-audit-a-messy-dataset-before-analysis,How to Audit a Messy Dataset Before Analysis,data-analytics,guide,tutorial,0,679,Rewrite in priority order (BLOG_REWRITE_QUEUE.csv). NOINDEX only for members Search Console shows earn nothing (class C) and that are not rewritten.
F17,template-family,42,0.924,DEEP REWRITE,false,0.978,42fa332c-199e-4033-bf0a-484dfbca4f6c,/blog/how-to-become-a-data-analyst-with-no-experience,How to Become a Data Analyst with No Experience,data-analytics,guide,career,0,682,Rewrite in priority order (BLOG_REWRITE_QUEUE.csv). NOINDEX only for members Search Console shows earn nothing (class C) and that are not rewritten.
F17,template-family,42,0.924,DEEP REWRITE,false,0.978,cc3aecdc-0897-4887-858d-ad034676c797,/blog/how-to-build-a-data-analyst-portfolio-in-2026,How to Build a Data Analyst Portfolio in 2026,data-analytics,guide,tutorial,0,682,Rewrite in priority order (BLOG_REWRITE_QUEUE.csv). NOINDEX only for members Search Console shows earn nothing (class C) and that are not rewritten.
F17,template-family,42,0.924,DEEP REWRITE,false,0.978,bf2f35ac-4845-4e4e-8562-ccdad92336ff,/blog/how-to-create-effective-kpis-for-any-business,How to Create Effective KPIs for Any Business,data-analytics,guide,tutorial,0,679,Rewrite in priority order (BLOG_REWRITE_QUEUE.csv). NOINDEX only for members Search Console shows earn nothing (class C) and that are not rewritten.
F17,template-family,42,0.924,DEEP REWRITE,false,0.978,d0c7160b-d8cf-45a6-ac00-a1d349e279a4,/blog/how-to-handle-missing-data-in-analytics,How to Handle Missing Data in Analytics,data-analytics,guide,tutorial,0,676,Rewrite in priority order (BLOG_REWRITE_QUEUE.csv). NOINDEX only for members Search Console shows earn nothing (class C) and that are not rewritten.
F17,template-family,42,0.924,DEEP REWRITE,false,0.978,130aeb07-a012-4a7a-b534-88da59592824,/blog/how-to-present-data-to-non-technical-stakeholders,How to Present Data to Non-Technical Stakeholders,data-analytics,guide,tutorial,0,676,Rewrite in priority order (BLOG_REWRITE_QUEUE.csv). NOINDEX only for members Search Console shows earn nothing (class C) and that are not rewritten.
F17,template-family,42,0.924,DEEP REWRITE,false,0.978,0f91d9e0-9355-4520-9ad7-6533c737f1af,/blog/how-to-tell-a-story-with-data-a-practical-framework,How to Tell a Story with Data: A Practical Framework,data-analytics,guide,tutorial,0,679,Rewrite in priority order (BLOG_REWRITE_QUEUE.csv). NOINDEX only for members Search Console shows earn nothing (class C) and that are not rewritten.
F17,template-family,42,0.924,DEEP REWRITE,false,0.978,3aef54d1-39f7-419e-aa5d-a71209829732,/blog/how-to-write-a-data-analysis-report-that-gets-read,How to Write a Data Analysis Report That Gets Read,data-analytics,guide,tutorial,0,685,Rewrite in priority order (BLOG_REWRITE_QUEUE.csv). NOINDEX only for members Search Console shows earn nothing (class C) and that are not rewritten.
F17,template-family,42,0.924,DEEP REWRITE,false,0.978,c60523ec-8b64-4ffd-b61f-29cebb764ea5,/blog/looker-studio-tutorial-free-dashboards-for-beginners,Looker Studio Tutorial: Free Dashboards for Beginners,data-analytics,guide,tutorial,0,668,Rewrite in priority order (BLOG_REWRITE_QUEUE.csv). NOINDEX only for members Search Console shows earn nothing (class C) and that are not rewritten.
F17,template-family,42,0.924,DEEP REWRITE,false,0.978,62e80fbc-7155-45c9-801d-5f959fd6180a,/blog/marketing-analytics-metrics-and-dashboards-that-matter,Marketing Analytics: Metrics and Dashboards That Matter,data-analytics,guide,tutorial,0,666,Rewrite in priority order (BLOG_REWRITE_QUEUE.csv). NOINDEX only for members Search Console shows earn nothing (class C) and that are not rewritten.
F17,template-family,42,0.924,DEEP REWRITE,false,0.978,e1faf93a-3d0a-4db2-ae57-4e68b6202862,/blog/outlier-detection-for-analysts-methods-and-tools,Outlier Detection for Analysts: Methods and Tools,data-analytics,guide,tutorial,0,670,Rewrite in priority order (BLOG_REWRITE_QUEUE.csv). NOINDEX only for members Search Console shows earn nothing (class C) and that are not rewritten.
F17,template-family,42,0.924,DEEP REWRITE,false,0.978,7acfdae6-955f-4cdb-b65a-c962bee798e9,/blog/pivot-tables-in-excel-a-complete-tutorial,Pivot Tables in Excel: A Complete Tutorial,data-analytics,guide,tutorial,0,670,Rewrite in priority order (BLOG_REWRITE_QUEUE.csv). NOINDEX only for members Search Console shows earn nothing (class C) and that are not rewritten.
F17,template-family,42,0.924,DEEP REWRITE,false,0.978,3d5bfd24-48f2-44ff-a61e-1b8d15240792,/blog/product-analytics-101-events-funnels-and-retention,"Product Analytics 101: Events, Funnels and Retention",data-analytics,guide,tutorial,0,668,Rewrite in priority order (BLOG_REWRITE_QUEUE.csv). NOINDEX only for members Search Console shows earn nothing (class C) and that are not rewritten.
F17,template-family,42,0.924,DEEP REWRITE,false,0.978,2e763d01-50de-4ff7-92a1-7c9a6ffe7ec5,/blog/self-service-analytics-empowering-business-teams,Self-Service Analytics: Empowering Business Teams,data-analytics,guide,tutorial,0,664,Rewrite in priority order (BLOG_REWRITE_QUEUE.csv). NOINDEX only for members Search Console shows earn nothing (class C) and that are not rewritten.
F17,template-family,42,0.924,DEEP REWRITE,false,0.978,8b5c40d8-c7d1-40e0-ae62-9f7702e89aee,/blog/spreadsheet-to-insight-a-repeatable-analysis-workflow,Spreadsheet to Insight: A Repeatable Analysis Workflow,data-analytics,guide,tutorial,0,668,Rewrite in priority order (BLOG_REWRITE_QUEUE.csv). NOINDEX only for members Search Console shows earn nothing (class C) and that are not rewritten.
F17,template-family,42,0.924,DEEP REWRITE,false,0.978,0581ad5a-b57a-463d-8c46-0ab6cbe1f516,/blog/sql-for-data-analysts-the-queries-you-need-daily,SQL for Data Analysts: The Queries You Need Daily,data-analytics,guide,tutorial,0,672,Rewrite in priority order (BLOG_REWRITE_QUEUE.csv). NOINDEX only for members Search Console shows earn nothing (class C) and that are not rewritten.
F17,template-family,42,0.924,DEEP REWRITE,false,0.978,17a007b7-1add-4bc0-a83d-bccdab58f616,/blog/statistical-concepts-every-data-analyst-must-know,Statistical Concepts Every Data Analyst Must Know,data-analytics,guide,tutorial,0,676,Rewrite in priority order (BLOG_REWRITE_QUEUE.csv). NOINDEX only for members Search Console shows earn nothing (class C) and that are not rewritten.
F17,template-family,42,0.924,DEEP REWRITE,false,0.978,f8c255e9-0c20-4acd-89a3-83d292960c03,/blog/the-modern-data-analytics-stack-explained,The Modern Data Analytics Stack Explained,data-analytics,guide,tutorial,0,673,Rewrite in priority order (BLOG_REWRITE_QUEUE.csv). NOINDEX only for members Search Console shows earn nothing (class C) and that are not rewritten.
F17,template-family,42,0.924,DEEP REWRITE,false,0.978,69a49f00-34ea-45fd-8cfc-efbf2f99a786,/blog/time-intelligence-in-analytics-trends-and-seasonality,Time Intelligence in Analytics: Trends and Seasonality,data-analytics,guide,tutorial,0,670,Rewrite in priority order (BLOG_REWRITE_QUEUE.csv). NOINDEX only for members Search Console shows earn nothing (class C) and that are not rewritten.
F17,template-family,42,0.924,DEEP REWRITE,false,0.978,27ce0eee-5eac-4485-b75c-b8673dc05135,/blog/top-free-tools-for-data-analysts-in-2026,Top Free Tools for Data Analysts in 2026,data-analytics,guide,tutorial,0,679,Rewrite in priority order (BLOG_REWRITE_QUEUE.csv). NOINDEX only for members Search Console shows earn nothing (class C) and that are not rewritten.
F17,template-family,42,0.924,DEEP REWRITE,false,0.978,f8737f14-2bf4-4217-8e01-9818fb608ae3,/blog/web-analytics-basics-understanding-user-behavior,Web Analytics Basics: Understanding User Behavior,data-analytics,guide,tutorial,0,667,Rewrite in priority order (BLOG_REWRITE_QUEUE.csv). NOINDEX only for members Search Console shows earn nothing (class C) and that are not rewritten.
F18,template-family,7,0.858,DEEP REWRITE,true,1,f6cb42bb-1814-4a35-80f4-158669fdc47e,/blog/data-analyst-salary-in-hyderabad-2026,Data Analyst Salary in Hyderabad 2026,data-analytics,salary,salary,0.072,538,Rewrite in priority order (BLOG_REWRITE_QUEUE.csv). NOINDEX only for members Search Console shows earn nothing (class C) and that are not rewritten.
F18,template-family,7,0.858,DEEP REWRITE,false,0.535,a1a1edd7-f647-405b-933e-549399d33f3c,/blog/correlation-vs-causation-a-must-know-for-analysts,Correlation vs Causation: A Must-Know for Analysts,data-analytics,comparison,comparison,0.005,477,Rewrite in priority order (BLOG_REWRITE_QUEUE.csv). NOINDEX only for members Search Console shows earn nothing (class C) and that are not rewritten.
F18,template-family,7,0.858,DEEP REWRITE,false,0.535,1c16821a-373d-4355-b5c7-431df23822fc,/blog/data-analyst-vs-business-analyst-key-differences,Data Analyst vs Business Analyst: Key Differences,data-analytics,comparison,comparison,0.005,479,Rewrite in priority order (BLOG_REWRITE_QUEUE.csv). NOINDEX only for members Search Console shows earn nothing (class C) and that are not rewritten.
F18,template-family,7,0.858,DEEP REWRITE,false,0.533,8fb0cd10-53bc-47da-8d3e-b7bf0c5d5823,/blog/descriptive-vs-diagnostic-vs-predictive-analytics,Descriptive vs Diagnostic vs Predictive Analytics,data-analytics,comparison,comparison,0.01,479,Rewrite in priority order (BLOG_REWRITE_QUEUE.csv). NOINDEX only for members Search Console shows earn nothing (class C) and that are not rewritten.
F18,template-family,7,0.858,DEEP REWRITE,false,0.535,536b47d0-5b7c-470b-977d-6860c8fccd58,/blog/excel-vs-power-bi-which-should-you-learn-first,Excel vs Power BI: Which Should You Learn First?,data-analytics,comparison,comparison,0,480,Rewrite in priority order (BLOG_REWRITE_QUEUE.csv). NOINDEX only for members Search Console shows earn nothing (class C) and that are not rewritten.
F18,template-family,7,0.858,DEEP REWRITE,false,0.535,6bbe6d3a-0fa3-4d15-8f8b-692bb40aa8ac,/blog/metrics-that-matter-vanity-vs-actionable-metrics,Metrics That Matter: Vanity vs Actionable Metrics,data-analytics,comparison,comparison,0.005,477,Rewrite in priority order (BLOG_REWRITE_QUEUE.csv). NOINDEX only for members Search Console shows earn nothing (class C) and that are not rewritten.
F18,template-family,7,0.858,DEEP REWRITE,false,0.534,a1896117-62a9-4924-b95d-4e498c7fe074,/blog/power-bi-vs-tableau-vs-looker-a-2026-comparison,Power BI vs Tableau vs Looker: A 2026 Comparison,data-analytics,comparison,comparison,0.005,482,Rewrite in priority order (BLOG_REWRITE_QUEUE.csv). NOINDEX only for members Search Console shows earn nothing (class C) and that are not rewritten.
F19,template-family,7,0.747,DEEP REWRITE,true,1,77874e6c-5eb2-4208-8ac6-77870aabf046,/blog/power-bi-developer-salary-in-hyderabad-2026,Power BI Developer Salary in Hyderabad 2026,power-bi,salary,salary,0.081,552,Rewrite in priority order (BLOG_REWRITE_QUEUE.csv). NOINDEX only for members Search Console shows earn nothing (class C) and that are not rewritten.
F19,template-family,7,0.747,DEEP REWRITE,false,0.535,87668382-eb60-4dc3-ad26-8e5e2f76604d,/blog/creating-calculated-columns-vs-measures-in-power-bi,Creating Calculated Columns vs Measures in Power BI,power-bi,comparison,comparison,0.018,492,Rewrite in priority order (BLOG_REWRITE_QUEUE.csv). NOINDEX only for members Search Console shows earn nothing (class C) and that are not rewritten.
F19,template-family,7,0.747,DEEP REWRITE,false,0.497,da35abfe-ac74-44cd-889f-60a164f78af5,/blog/power-bi-certification-pl-300-how-to-prepare,Power BI Certification (PL-300): How to Prepare,power-bi,certification,certification,0.023,533,Rewrite in priority order (BLOG_REWRITE_QUEUE.csv). NOINDEX only for members Search Console shows earn nothing (class C) and that are not rewritten.
F19,template-family,7,0.747,DEEP REWRITE,false,0.538,71a925aa-dcf6-4cb9-9db4-8e8a723d4ce7,/blog/power-bi-paginated-reports-vs-interactive-reports,Power BI Paginated Reports vs Interactive Reports,power-bi,comparison,comparison,0.008,490,Rewrite in priority order (BLOG_REWRITE_QUEUE.csv). NOINDEX only for members Search Console shows earn nothing (class C) and that are not rewritten.
F19,template-family,7,0.747,DEEP REWRITE,false,0.539,c6a5b225-ec0c-48af-bac5-b1fd5f0a65ca,/blog/power-bi-vs-excel-when-to-use-each-tool,Power BI vs Excel: When to Use Each Tool,power-bi,comparison,comparison,0,489,Rewrite in priority order (BLOG_REWRITE_QUEUE.csv). NOINDEX only for members Search Console shows earn nothing (class C) and that are not rewritten.
F19,template-family,7,0.747,DEEP REWRITE,false,0.539,f18face6-f8ee-43e3-8ce0-b14d1d824e92,/blog/power-bi-vs-tableau-a-detailed-2026-comparison,Power BI vs Tableau: A Detailed 2026 Comparison,power-bi,comparison,comparison,0.003,488,Rewrite in priority order (BLOG_REWRITE_QUEUE.csv). NOINDEX only for members Search Console shows earn nothing (class C) and that are not rewritten.
F19,template-family,7,0.747,DEEP REWRITE,false,0.536,dcf588d8-092a-431d-b93b-eefde93234ed,/blog/star-schema-vs-snowflake-schema-in-power-bi,Star Schema vs Snowflake Schema in Power BI,power-bi,comparison,comparison,0.015,492,Rewrite in priority order (BLOG_REWRITE_QUEUE.csv). NOINDEX only for members Search Console shows earn nothing (class C) and that are not rewritten.
F20,template-family,7,0.855,DEEP REWRITE,true,1,481de930-9098-4ba9-b9c0-9d18bbe08b85,/blog/hyperparameter-tuning-grid-search-vs-random-search-vs-bayesian,Hyperparameter Tuning: Grid Search vs Random Search vs Bayesian,data-science,comparison,comparison,0.013,480,Rewrite in priority order (BLOG_REWRITE_QUEUE.csv). NOINDEX only for members Search Console shows earn nothing (class C) and that are not rewritten.
F20,template-family,7,0.855,DEEP REWRITE,false,0.982,ded4f3b2-9da3-4214-83ee-ed356c855727,/blog/data-science-vs-data-analytics-which-career-is-right-for-you,Data Science vs Data Analytics: Which Career Is Right for You?,data-science,comparison,comparison,0.003,485,Rewrite in priority order (BLOG_REWRITE_QUEUE.csv). NOINDEX only for members Search Console shows earn nothing (class C) and that are not rewritten.
F20,template-family,7,0.855,DEEP REWRITE,false,0.977,7d33dee8-9547-4349-a379-c57a33577e5d,/blog/data-science-vs-machine-learning-vs-ai-what-s-the-difference,Data Science vs Machine Learning vs AI: What's the Difference?,data-science,comparison,comparison,0.008,486,Rewrite in priority order (BLOG_REWRITE_QUEUE.csv). NOINDEX only for members Search Console shows earn nothing (class C) and that are not rewritten.
F20,template-family,7,0.855,DEEP REWRITE,false,0.534,400513d0-289e-4522-b6f1-950df8a2df00,/blog/data-scientist-salary-in-hyderabad-2026-freshers-to-senior,Data Scientist Salary in Hyderabad 2026: Freshers to Senior,data-science,salary,salary,0.032,545,Rewrite in priority order (BLOG_REWRITE_QUEUE.csv). NOINDEX only for members Search Console shows earn nothing (class C) and that are not rewritten.
F20,template-family,7,0.855,DEEP REWRITE,false,0.974,6604ee3c-d43d-47cc-893c-cbb8a522acce,/blog/pandas-vs-sql-for-data-analysis-when-to-use-which,Pandas vs SQL for Data Analysis: When to Use Which,data-science,comparison,comparison,0.008,485,Rewrite in priority order (BLOG_REWRITE_QUEUE.csv). NOINDEX only for members Search Console shows earn nothing (class C) and that are not rewritten.
F20,template-family,7,0.855,DEEP REWRITE,false,0.982,e6b30108-46f6-435c-866d-1b4454ffce97,/blog/regression-vs-classification-when-to-use-each,Regression vs Classification: When to Use Each,data-science,comparison,comparison,0.005,479,Rewrite in priority order (BLOG_REWRITE_QUEUE.csv). NOINDEX only for members Search Console shows earn nothing (class C) and that are not rewritten.
F20,template-family,7,0.855,DEEP REWRITE,false,0.982,77b9be0e-1abc-4266-85bf-09cf7877874f,/blog/supervised-vs-unsupervised-learning-a-clear-comparison,Supervised vs Unsupervised Learning: A Clear Comparison,data-science,comparison,comparison,0.005,480,Rewrite in priority order (BLOG_REWRITE_QUEUE.csv). NOINDEX only for members Search Console shows earn nothing (class C) and that are not rewritten.
F21,template-family,7,0.769,DEEP REWRITE,true,1,d8136654-8ef6-4165-adbb-e7ef90167d60,/blog/what-is-generative-ai-a-complete-beginner-s-guide,What Is Generative AI? A Complete Beginner's Guide,generative-ai,whatis,informational,0.063,489,Rewrite in priority order (BLOG_REWRITE_QUEUE.csv). NOINDEX only for members Search Console shows earn nothing (class C) and that are not rewritten.
F21,template-family,7,0.769,DEEP REWRITE,false,0.603,ad1b9f26-5eba-4ea4-adf5-2fcf332d235f,/blog/few-shot-vs-zero-shot-prompting-a-practical-guide,Few-Shot vs Zero-Shot Prompting: A Practical Guide,generative-ai,comparison,comparison,0.008,485,Rewrite in priority order (BLOG_REWRITE_QUEUE.csv). NOINDEX only for members Search Console shows earn nothing (class C) and that are not rewritten.
F21,template-family,7,0.769,DEEP REWRITE,false,0.605,ea25d844-b2ca-44f5-a7a0-e5228eb9373a,/blog/fine-tuning-vs-rag-which-should-you-choose,Fine-Tuning vs RAG: Which Should You Choose?,generative-ai,comparison,comparison,0.005,484,Rewrite in priority order (BLOG_REWRITE_QUEUE.csv). NOINDEX only for members Search Console shows earn nothing (class C) and that are not rewritten.
F21,template-family,7,0.769,DEEP REWRITE,false,0.549,a1a82bbf-bd01-4144-a3df-d3eb17fa9d81,/blog/generative-ai-salary-in-india-2026-roles-and-pay,Generative AI Salary in India 2026: Roles and Pay,generative-ai,salary,salary,0.087,550,Rewrite in priority order (BLOG_REWRITE_QUEUE.csv). NOINDEX only for members Search Console shows earn nothing (class C) and that are not rewritten.
F21,template-family,7,0.769,DEEP REWRITE,false,0.605,febfa389-7f80-45fd-bde4-25b5ae7d0d6e,/blog/llamaindex-vs-langchain-which-framework-to-pick,LlamaIndex vs LangChain: Which Framework to Pick,generative-ai,comparison,comparison,0.005,484,Rewrite in priority order (BLOG_REWRITE_QUEUE.csv). NOINDEX only for members Search Console shows earn nothing (class C) and that are not rewritten.
F21,template-family,7,0.769,DEEP REWRITE,false,0.603,9d55d0fa-b133-405e-ad2d-f3689df43731,/blog/open-source-llms-vs-closed-models-a-2026-comparison,Open-Source LLMs vs Closed Models: A 2026 Comparison,generative-ai,comparison,comparison,0.008,487,Rewrite in priority order (BLOG_REWRITE_QUEUE.csv). NOINDEX only for members Search Console shows earn nothing (class C) and that are not rewritten.
F21,template-family,7,0.769,DEEP REWRITE,false,0.605,c777ccaa-54e0-4b68-9360-3d8cc77ba425,/blog/semantic-search-vs-keyword-search-what-changed-with-ai,Semantic Search vs Keyword Search: What Changed with AI,generative-ai,comparison,comparison,0.005,488,Rewrite in priority order (BLOG_REWRITE_QUEUE.csv). NOINDEX only for members Search Console shows earn nothing (class C) and that are not rewritten.
F22,template-family,6,0.833,DEEP REWRITE,true,1,5fa5ea97-2b5b-445f-84ff-e114024942f8,/blog/python-salary-in-india-2026-roles-and-expectations,Python Salary in India 2026: Roles and Expectations,python,salary,salary,0.076,530,Rewrite in priority order (BLOG_REWRITE_QUEUE.csv). NOINDEX only for members Search Console shows earn nothing (class C) and that are not rewritten.
F22,template-family,6,0.833,DEEP REWRITE,false,0.537,aa5c6497-b5a2-486a-99a1-ca203b5a94bc,/blog/flask-vs-fastapi-vs-django-which-to-choose-in-2026,Flask vs FastAPI vs Django: Which to Choose in 2026,python,comparison,comparison,0.008,475,Rewrite in priority order (BLOG_REWRITE_QUEUE.csv). NOINDEX only for members Search Console shows earn nothing (class C) and that are not rewritten.
F22,template-family,6,0.833,DEEP REWRITE,false,0.537,e184c4e9-172d-4a6c-8282-e7f23ab80f58,/blog/multithreading-vs-multiprocessing-in-python,Multithreading vs Multiprocessing in Python,python,comparison,comparison,0.01,470,Rewrite in priority order (BLOG_REWRITE_QUEUE.csv). NOINDEX only for members Search Console shows earn nothing (class C) and that are not rewritten.
F22,template-family,6,0.833,DEEP REWRITE,false,0.538,12438fac-dec5-41fc-8c30-2c0347844f5d,/blog/python-decorators-vs-context-managers-when-to-use-each,Python Decorators vs Context Managers: When to Use Each,python,comparison,comparison,0.005,474,Rewrite in priority order (BLOG_REWRITE_QUEUE.csv). NOINDEX only for members Search Console shows earn nothing (class C) and that are not rewritten.
F22,template-family,6,0.833,DEEP REWRITE,false,0.537,6720186f-8f88-4738-b509-b57b93c85555,/blog/python-iterators-vs-generators-vs-comprehensions,Python Iterators vs Generators vs Comprehensions,python,comparison,comparison,0.008,472,Rewrite in priority order (BLOG_REWRITE_QUEUE.csv). NOINDEX only for members Search Console shows earn nothing (class C) and that are not rewritten.
F22,template-family,6,0.833,DEEP REWRITE,false,0.535,58ffec7c-fc6d-44cb-ae65-5eb3fad8cb92,/blog/python-lists-vs-tuples-vs-sets-vs-dictionaries,Python Lists vs Tuples vs Sets vs Dictionaries,python,comparison,comparison,0.013,476,Rewrite in priority order (BLOG_REWRITE_QUEUE.csv). NOINDEX only for members Search Console shows earn nothing (class C) and that are not rewritten.
