id,slug,url,title,status,category,category_name,kind,author,author_key,author_id,published_date,published_at,updated_date,updated_at,created_at,words,content_blocks,content_sha256,content_location,excerpt,excerpt_length,featured_image,meta_title,meta_title_length,meta_description,meta_description_length,og_title,og_description,og_image,canonical_url,canonical_effective,noindex,seo_keywords,tags,internal_links_count,internal_links,external_links_count,external_links,faq_items,read_time,featured,trending,popular,redirected_to,views_or_traffic,processing_status
98c04fbf-a4db-4a88-8658-70e7ffa2e5c1,a-b-testing-for-data-scientists-a-practical-guide,/blog/a-b-testing-for-data-scientists-a-practical-guide,A/B Testing for Data Scientists: A Practical Guide,published,data-science,Data Science,guide,GloryTecks Team,glorytecks-team,3bbe4550-883d-4859-8188-29c88e22563e,2025-11-29,2025-11-29T00:00:00+00:00,2026-01-14,2026-09-18T14:37:07.161579+00:00,2026-09-18T14:37:07.161579+00:00,682,26,45d6394ed8d960516a33237df70ef34a8196731bd4df7056d9146a18d875c966,posts/a-b-testing-for-data-scientists-a-practical-guide.json in the backup,"A/B Testing for Data Scientists: A Practical Guide — A practical, example-led guide you can apply right away.",109,,A/B Testing for Data Scientists: A Practical Guide,50,"A/B Testing for Data Scientists: A Practical Guide — A practical, example-led guide you can apply right away. Explained by GloryTecks Data Science mentors in Hyderabad.",168,A/B Testing for Data Scientists: A Practical Guide,"A/B Testing for Data Scientists: A Practical Guide — A practical, example-led guide you can apply right away. Explained by GloryTecks Data Science mentors in Hyderabad.",,,/blog/a-b-testing-for-data-scientists-a-practical-guide (set by the page template),false,data science; testing; data; scientists; practical,data science; testing; data; scientists; practical,0,,0,,4,10 min,false,false,false,,not available: no views column in the CMS and no Search Console export,analyzed
8a4a5402-06a6-4fae-abe6-9eca4e551269,a-b-testing-ml-models-in-production,/blog/a-b-testing-ml-models-in-production,A/B Testing ML Models in Production,published,mlops,MLOps,guide,Sneha Reddy,sneha-reddy,682d13de-46d8-47b4-914e-58e25b899413,2026-03-08,2026-03-08T00:00:00+00:00,2026-03-08,2026-09-18T14:37:03.893983+00:00,2026-09-18T14:37:03.893983+00:00,673,26,ea401808e26a508436bdebbce26a14c386a7ae61ee2b2e0830cd8c4a42a70016,posts/a-b-testing-ml-models-in-production.json in the backup,"A/B Testing ML Models in Production — A practical, example-led guide you can apply right away.",94,,A/B Testing ML Models in Production,35,"A/B Testing ML Models in Production — A practical, example-led guide you can apply right away. Explained by GloryTecks MLOps mentors in Hyderabad.",146,A/B Testing ML Models in Production,"A/B Testing ML Models in Production — A practical, example-led guide you can apply right away. Explained by GloryTecks MLOps mentors in Hyderabad.",,,/blog/a-b-testing-ml-models-in-production (set by the page template),false,mlops; testing; models; production,mlops; testing; models; production,0,,0,,4,10 min,false,false,false,,not available: no views column in the CMS and no Search Console export,analyzed
a394607c-5b33-4f0e-b4fe-502f1091d6d5,adf-control-flow-foreach-if-and-until-activities,/blog/adf-control-flow-foreach-if-and-until-activities,"ADF Control Flow: ForEach, If and Until Activities",published,azure-data-factory,Azure Data Factory,guide,GloryTecks Team,glorytecks-team,3bbe4550-883d-4859-8188-29c88e22563e,2026-03-25,2026-03-25T00:00:00+00:00,2026-03-25,2026-09-18T14:37:01.989257+00:00,2026-09-18T14:37:01.989257+00:00,703,26,5ee6bd3f9f7c543702d604fe5f4da0835259299ee047f87756d8b90ef92ec467,posts/adf-control-flow-foreach-if-and-until-activities.json in the backup,"ADF Control Flow: ForEach, If and Until Activities — A practical, example-led guide you can apply right away.",109,,"ADF Control Flow: ForEach, If and Until Activities",50,"ADF Control Flow: ForEach, If and Until Activities — A practical, example-led guide you can apply right away. Explained by GloryTecks Azure Data Factory mentors in Hyderabad.",174,"ADF Control Flow: ForEach, If and Until Activities","ADF Control Flow: ForEach, If and Until Activities — A practical, example-led guide you can apply right away. Explained by GloryTecks Azure Data Factory mentors in Hyderabad.",,,/blog/adf-control-flow-foreach-if-and-until-activities (set by the page template),false,azure data factory; adf; control; flow; foreach,azure data factory; adf; control; flow; foreach,0,,0,,4,10 min,false,false,false,,not available: no views column in the CMS and no Search Console export,analyzed
49cc1a94-927a-4eae-bdb6-602eae138040,adf-data-flow-transformations-a-complete-reference,/blog/adf-data-flow-transformations-a-complete-reference,ADF Data Flow Transformations: A Complete Reference,published,azure-data-factory,Azure Data Factory,guide,GloryTecks Team,glorytecks-team,3bbe4550-883d-4859-8188-29c88e22563e,2025-09-14,2025-09-14T00:00:00+00:00,2025-09-14,2026-09-18T14:37:08.808906+00:00,2026-09-18T14:37:08.808906+00:00,704,26,c79476f73bedd33e0d63015ab23d9fab3bc14432480a3ff2f15ace12d4a6b44d,posts/adf-data-flow-transformations-a-complete-reference.json in the backup,"ADF Data Flow Transformations: A Complete Reference — A practical, example-led guide you can apply right away.",110,,ADF Data Flow Transformations: A Complete Reference,51,"ADF Data Flow Transformations: A Complete Reference — A practical, example-led guide you can apply right away. Explained by GloryTecks Azure Data Factory mentors in Hyderabad.",175,ADF Data Flow Transformations: A Complete Reference,"ADF Data Flow Transformations: A Complete Reference — A practical, example-led guide you can apply right away. Explained by GloryTecks Azure Data Factory mentors in Hyderabad.",,,/blog/adf-data-flow-transformations-a-complete-reference (set by the page template),false,azure data factory; adf; data; flow; transformations,azure data factory; adf; data; flow; transformations,0,,0,,4,10 min,false,false,false,,not available: no views column in the CMS and no Search Console export,analyzed
d87b25da-9f47-44fc-9932-a6a2af8e7bf6,adf-expressions-and-functions-a-practical-guide,/blog/adf-expressions-and-functions-a-practical-guide,ADF Expressions and Functions: A Practical Guide,published,azure-data-factory,Azure Data Factory,guide,Sneha Reddy,sneha-reddy,682d13de-46d8-47b4-914e-58e25b899413,2026-01-30,2026-01-30T00:00:00+00:00,2026-01-30,2026-09-18T14:37:03.893983+00:00,2026-09-18T14:37:03.893983+00:00,704,26,54b509eedbde2e87196dfbd894c03f0efd1141abe596e3f47dc482884b4cb700,posts/adf-expressions-and-functions-a-practical-guide.json in the backup,"ADF Expressions and Functions: A Practical Guide — A practical, example-led guide you can apply right away.",107,,ADF Expressions and Functions: A Practical Guide,48,"ADF Expressions and Functions: A Practical Guide — A practical, example-led guide you can apply right away. Explained by GloryTecks Azure Data Factory mentors in Hyderabad.",172,ADF Expressions and Functions: A Practical Guide,"ADF Expressions and Functions: A Practical Guide — A practical, example-led guide you can apply right away. Explained by GloryTecks Azure Data Factory mentors in Hyderabad.",,,/blog/adf-expressions-and-functions-a-practical-guide (set by the page template),false,azure data factory; adf; expressions; functions; practical,azure data factory; adf; expressions; functions; practical,0,,0,,4,10 min,false,false,false,,not available: no views column in the CMS and no Search Console export,analyzed
0200bacd-0237-4992-b993-9c07476d0bd6,adf-global-parameters-and-variables-explained,/blog/adf-global-parameters-and-variables-explained,ADF Global Parameters and Variables Explained,published,azure-data-factory,Azure Data Factory,guide,GloryTecks Team,glorytecks-team,3bbe4550-883d-4859-8188-29c88e22563e,2025-11-13,2025-11-13T00:00:00+00:00,2025-11-13,2026-09-18T14:37:07.161579+00:00,2026-09-18T14:37:07.161579+00:00,707,26,0051e90cf11514475d7e13dcb22ef7daaffc35317edda69b8020949965099809,posts/adf-global-parameters-and-variables-explained.json in the backup,"ADF Global Parameters and Variables Explained — A practical, example-led guide you can apply right away.",104,,ADF Global Parameters and Variables Explained,45,"ADF Global Parameters and Variables Explained — A practical, example-led guide you can apply right away. Explained by GloryTecks Azure Data Factory mentors in Hyderabad.",169,ADF Global Parameters and Variables Explained,"ADF Global Parameters and Variables Explained — A practical, example-led guide you can apply right away. Explained by GloryTecks Azure Data Factory mentors in Hyderabad.",,,/blog/adf-global-parameters-and-variables-explained (set by the page template),false,azure data factory; adf; global; parameters; variables,azure data factory; adf; global; parameters; variables,0,,0,,4,10 min,false,false,false,,not available: no views column in the CMS and no Search Console export,analyzed
81769536-7a95-4915-b4c9-37457b2ba32c,adf-logging-and-auditing-for-compliance,/blog/adf-logging-and-auditing-for-compliance,ADF Logging and Auditing for Compliance,published,azure-data-factory,Azure Data Factory,guide,GloryTecks Team,glorytecks-team,3bbe4550-883d-4859-8188-29c88e22563e,2025-08-21,2025-08-21T00:00:00+00:00,2025-08-21,2026-09-18T14:37:09.131349+00:00,2026-09-18T14:37:09.131349+00:00,707,26,9216ffc99fd3db5a5015eb10fc890befb13147a40d2d305cccd97b14cca7b5ed,posts/adf-logging-and-auditing-for-compliance.json in the backup,"ADF Logging and Auditing for Compliance — A practical, example-led guide you can apply right away.",98,,ADF Logging and Auditing for Compliance,39,"ADF Logging and Auditing for Compliance — A practical, example-led guide you can apply right away. Explained by GloryTecks Azure Data Factory mentors in Hyderabad.",163,ADF Logging and Auditing for Compliance,"ADF Logging and Auditing for Compliance — A practical, example-led guide you can apply right away. Explained by GloryTecks Azure Data Factory mentors in Hyderabad.",,,/blog/adf-logging-and-auditing-for-compliance (set by the page template),false,azure data factory; adf; logging; auditing; compliance,azure data factory; adf; logging; auditing; compliance,0,,0,,4,10 min,false,false,false,,not available: no views column in the CMS and no Search Console export,analyzed
2e8c4712-05fe-46a6-9330-48d1a3766430,adf-performance-tuning-dius-and-parallelism,/blog/adf-performance-tuning-dius-and-parallelism,ADF Performance Tuning: DIUs and Parallelism,published,azure-data-factory,Azure Data Factory,guide,Sneha Reddy,sneha-reddy,682d13de-46d8-47b4-914e-58e25b899413,2025-10-02,2025-10-02T00:00:00+00:00,2025-10-02,2026-09-18T14:37:08.808906+00:00,2026-09-18T14:37:08.808906+00:00,701,26,fb60ae3e12b1e65ab3808fdc2206aaa6737ef03fa1a8ed56033d906585f7fe13,posts/adf-performance-tuning-dius-and-parallelism.json in the backup,"ADF Performance Tuning: DIUs and Parallelism — A practical, example-led guide you can apply right away.",103,,ADF Performance Tuning: DIUs and Parallelism,44,"ADF Performance Tuning: DIUs and Parallelism — A practical, example-led guide you can apply right away. Explained by GloryTecks Azure Data Factory mentors in Hyderabad.",168,ADF Performance Tuning: DIUs and Parallelism,"ADF Performance Tuning: DIUs and Parallelism — A practical, example-led guide you can apply right away. Explained by GloryTecks Azure Data Factory mentors in Hyderabad.",,,/blog/adf-performance-tuning-dius-and-parallelism (set by the page template),false,azure data factory; adf; performance; tuning; dius,azure data factory; adf; performance; tuning; dius,0,,0,,4,10 min,false,false,false,,not available: no views column in the CMS and no Search Console export,analyzed
be63b27c-3ad8-4893-b347-436949f4fe84,adf-pipeline-best-practices-for-production,/blog/adf-pipeline-best-practices-for-production,ADF Pipeline Best Practices for Production,published,azure-data-factory,Azure Data Factory,guide,GloryTecks Team,glorytecks-team,3bbe4550-883d-4859-8188-29c88e22563e,2025-12-31,2025-12-31T00:00:00+00:00,2025-12-31,2026-09-18T14:37:05.849802+00:00,2026-09-18T14:37:05.849802+00:00,707,26,f1fb9b2f35ef7a2a34a5a9d2fca95de13a86335314a2073e6c5d16361de84d49,posts/adf-pipeline-best-practices-for-production.json in the backup,"ADF Pipeline Best Practices for Production — A practical, example-led guide you can apply right away.",101,,ADF Pipeline Best Practices for Production,42,"ADF Pipeline Best Practices for Production — A practical, example-led guide you can apply right away. Explained by GloryTecks Azure Data Factory mentors in Hyderabad.",166,ADF Pipeline Best Practices for Production,"ADF Pipeline Best Practices for Production — A practical, example-led guide you can apply right away. Explained by GloryTecks Azure Data Factory mentors in Hyderabad.",,,/blog/adf-pipeline-best-practices-for-production (set by the page template),false,azure data factory; adf; pipeline; best; practices,azure data factory; adf; pipeline; best; practices,0,,0,,4,10 min,false,false,false,,not available: no views column in the CMS and no Search Console export,analyzed
f4eb72db-c920-47bb-a8f1-e5dc195ae0c4,adf-pipelines-explained-building-your-first-pipeline,/blog/adf-pipelines-explained-building-your-first-pipeline,ADF Pipelines Explained: Building Your First Pipeline,published,azure-data-factory,Azure Data Factory,guide,GloryTecks Team,glorytecks-team,3bbe4550-883d-4859-8188-29c88e22563e,2026-06-05,2026-06-05T00:00:00+00:00,2026-06-05,2026-09-18T14:07:23.803103+00:00,2026-09-18T14:07:23.803103+00:00,702,26,84eac39308e472e1d331fd2b2f7a168a802fddf9c03a13b91baa9637ea3506f0,posts/adf-pipelines-explained-building-your-first-pipeline.json in the backup,"ADF Pipelines Explained: Building Your First Pipeline — A practical, example-led guide you can apply right away.",112,,ADF Pipelines Explained: Building Your First Pipeline,53,"ADF Pipelines Explained: Building Your First Pipeline — A practical, example-led guide you can apply right away. Explained by GloryTecks Azure Data Factory mentors in Hyderabad.",177,ADF Pipelines Explained: Building Your First Pipeline,"ADF Pipelines Explained: Building Your First Pipeline — A practical, example-led guide you can apply right away. Explained by GloryTecks Azure Data Factory mentors in Hyderabad.",,,/blog/adf-pipelines-explained-building-your-first-pipeline (set by the page template),false,azure data factory; adf; pipelines; building; first,azure data factory; adf; pipelines; building; first,0,,0,,4,10 min,false,true,false,,not available: no views column in the CMS and no Search Console export,analyzed
57b53dd9-6367-4857-a8b4-8afc9eb6f3be,adf-vs-databricks-when-to-use-each,/blog/adf-vs-databricks-when-to-use-each,ADF vs Databricks: When to Use Each,published,azure-data-factory,Azure Data Factory,comparison,GloryTecks Team,glorytecks-team,3bbe4550-883d-4859-8188-29c88e22563e,2026-04-06,2026-04-06T00:00:00+00:00,2026-04-06,2026-09-18T14:37:01.989257+00:00,2026-09-18T14:37:01.989257+00:00,487,17,42f329689cec310cded46c4013fb9982d50e9927687f37508a2ead1042eb2e92,posts/adf-vs-databricks-when-to-use-each.json in the backup,"ADF vs Databricks: When to Use Each — A clear, practical comparison to help you decide.",87,,ADF vs Databricks: When to Use Each,35,"ADF vs Databricks: When to Use Each — A clear, practical comparison to help you decide. Explained by GloryTecks Azure Data Factory mentors in Hyderabad.",152,ADF vs Databricks: When to Use Each,"ADF vs Databricks: When to Use Each — A clear, practical comparison to help you decide. Explained by GloryTecks Azure Data Factory mentors in Hyderabad.",,,/blog/adf-vs-databricks-when-to-use-each (set by the page template),false,azure data factory; adf; databricks; when; use,azure data factory; adf; databricks; when; use,0,,0,,4,7 min,false,false,true,,not available: no views column in the CMS and no Search Console export,analyzed
48879315-ca2d-497c-b288-3c2b3f3d51da,adf-vs-ssis-migrating-legacy-etl-to-the-cloud,/blog/adf-vs-ssis-migrating-legacy-etl-to-the-cloud,ADF vs SSIS: Migrating Legacy ETL to the Cloud,published,azure-data-factory,Azure Data Factory,comparison,Sneha Reddy,sneha-reddy,682d13de-46d8-47b4-914e-58e25b899413,2025-12-13,2025-12-13T00:00:00+00:00,2025-12-13,2026-09-18T14:37:05.849802+00:00,2026-09-18T14:37:05.849802+00:00,489,17,2ca3fb534a073e93e1fe404b35af1da039048aff66d9e6f98994dafdd5ea27c5,posts/adf-vs-ssis-migrating-legacy-etl-to-the-cloud.json in the backup,"ADF vs SSIS: Migrating Legacy ETL to the Cloud — A clear, practical comparison to help you decide.",98,,ADF vs SSIS: Migrating Legacy ETL to the Cloud,46,"ADF vs SSIS: Migrating Legacy ETL to the Cloud — A clear, practical comparison to help you decide. Explained by GloryTecks Azure Data Factory mentors in Hyderabad.",163,ADF vs SSIS: Migrating Legacy ETL to the Cloud,"ADF vs SSIS: Migrating Legacy ETL to the Cloud — A clear, practical comparison to help you decide. Explained by GloryTecks Azure Data Factory mentors in Hyderabad.",,,/blog/adf-vs-ssis-migrating-legacy-etl-to-the-cloud (set by the page template),false,azure data factory; adf; ssis; migrating; legacy,azure data factory; adf; ssis; migrating; legacy,0,,0,,4,7 min,false,false,false,,not available: no views column in the CMS and no Search Console export,analyzed
4fdd5dcf-a04d-4174-a9e6-db0d5f2bc974,agentic-ai-roadmap-2026-from-prompts-to-autonomous-systems,/blog/agentic-ai-roadmap-2026-from-prompts-to-autonomous-systems,Agentic AI Roadmap 2026: From Prompts to Autonomous Systems,published,generative-ai,Generative AI,roadmap,GloryTecks Team,glorytecks-team,3bbe4550-883d-4859-8188-29c88e22563e,2026-04-21,2026-04-21T00:00:00+00:00,2026-04-21,2026-09-18T14:37:01.989257+00:00,2026-09-18T14:37:01.989257+00:00,694,28,96946e0af46f8e9dc27cc9c9c77c1560a20b953e39edb669a64132cf0e74cb51,posts/agentic-ai-roadmap-2026-from-prompts-to-autonomous-systems.json in the backup,"Agentic AI Roadmap 2026: From Prompts to Autonomous Systems — A step-by-step roadmap with skills, tools and a realistic timeline.",129,,Agentic AI Roadmap 2026: From Prompts to Autonomous Systems,59,"Agentic AI Roadmap 2026: From Prompts to Autonomous Systems — A step-by-step roadmap with skills, tools and a realistic timeline. Explained by GloryTecks Generative AI mentors in Hyderabad.",189,Agentic AI Roadmap 2026: From Prompts to Autonomous Systems,"Agentic AI Roadmap 2026: From Prompts to Autonomous Systems — A step-by-step roadmap with skills, tools and a realistic timeline. Explained by GloryTecks Generative AI mentors in Hyderabad.",,,/blog/agentic-ai-roadmap-2026-from-prompts-to-autonomous-systems (set by the page template),false,generative ai; agentic; roadmap; prompts; autonomous,generative ai; agentic; roadmap; prompts; autonomous,0,,0,,4,13 min,false,false,false,,not available: no views column in the CMS and no Search Console export,analyzed
b8a06ca4-3c07-41f7-8831-84770192c8a5,aggregations-in-power-bi-for-large-datasets,/blog/aggregations-in-power-bi-for-large-datasets,Aggregations in Power BI for Large Datasets,published,power-bi,Power BI,guide,Arjun Nair,arjun-nair,ffb6b867-319d-461f-ba3c-c736b5113800,2025-12-03,2025-12-03T00:00:00+00:00,2025-12-03,2026-09-18T14:37:07.161579+00:00,2026-09-18T14:37:07.161579+00:00,699,26,c2199a49787b912927261473b6c51a48af60653b468f11e6df6ea5388c004e47,posts/aggregations-in-power-bi-for-large-datasets.json in the backup,"Aggregations in Power BI for Large Datasets — A practical, example-led guide you can apply right away.",102,,Aggregations in Power BI for Large Datasets,43,"Aggregations in Power BI for Large Datasets — A practical, example-led guide you can apply right away. Explained by GloryTecks Power BI mentors in Hyderabad.",157,Aggregations in Power BI for Large Datasets,"Aggregations in Power BI for Large Datasets — A practical, example-led guide you can apply right away. Explained by GloryTecks Power BI mentors in Hyderabad.",,,/blog/aggregations-in-power-bi-for-large-datasets (set by the page template),false,power bi; aggregations; power; large; datasets,power bi; aggregations; power; large; datasets,0,,0,,4,10 min,false,false,false,,not available: no views column in the CMS and no Search Console export,analyzed
dd1af33f-d841-4cfc-a47a-bac70283eb03,ai-agents-guide-how-autonomous-agents-actually-work,/blog/ai-agents-guide-how-autonomous-agents-actually-work,AI Agents Guide: How Autonomous Agents Actually Work,published,generative-ai,Generative AI,guide,GloryTecks Team,glorytecks-team,3bbe4550-883d-4859-8188-29c88e22563e,2026-05-15,2026-05-15T00:00:00+00:00,2026-05-15,2026-09-18T14:07:40.372827+00:00,2026-09-18T14:07:40.372827+00:00,690,26,72aa9411d70a922fc3967ce703871381ad96a6ee830dadffaca92ece5ab62920,posts/ai-agents-guide-how-autonomous-agents-actually-work.json in the backup,"AI Agents Guide: How Autonomous Agents Actually Work — A practical, example-led guide you can apply right away.",111,,AI Agents Guide: How Autonomous Agents Actually Work,52,"AI Agents Guide: How Autonomous Agents Actually Work — A practical, example-led guide you can apply right away. Explained by GloryTecks Generative AI mentors in Hyderabad.",171,AI Agents Guide: How Autonomous Agents Actually Work,"AI Agents Guide: How Autonomous Agents Actually Work — A practical, example-led guide you can apply right away. Explained by GloryTecks Generative AI mentors in Hyderabad.",,,/blog/ai-agents-guide-how-autonomous-agents-actually-work (set by the page template),false,generative ai; agents; autonomous; actually; work,generative ai; agents; autonomous; actually; work,0,,0,,4,10 min,false,false,false,,not available: no views column in the CMS and no Search Console export,analyzed
65b55718-fdbd-4334-bc3c-73882bdd0d78,ai-coding-assistants-how-to-use-them-effectively,/blog/ai-coding-assistants-how-to-use-them-effectively,AI Coding Assistants: How to Use Them Effectively,published,generative-ai,Generative AI,guide,Ravi Kumar,ravi-kumar,4fa1201f-a7aa-4e99-9cc2-b037e972a216,2025-10-29,2025-10-29T00:00:00+00:00,2025-10-29,2026-09-18T14:37:07.161579+00:00,2026-09-18T14:37:07.161579+00:00,690,26,ce38a718574793a12cce354d8ea6396d14c2b67bbf3a50443dd2fb4d7fda2e71,posts/ai-coding-assistants-how-to-use-them-effectively.json in the backup,"AI Coding Assistants: How to Use Them Effectively — A practical, example-led guide you can apply right away.",108,,AI Coding Assistants: How to Use Them Effectively,49,"AI Coding Assistants: How to Use Them Effectively — A practical, example-led guide you can apply right away. Explained by GloryTecks Generative AI mentors in Hyderabad.",168,AI Coding Assistants: How to Use Them Effectively,"AI Coding Assistants: How to Use Them Effectively — A practical, example-led guide you can apply right away. Explained by GloryTecks Generative AI mentors in Hyderabad.",,,/blog/ai-coding-assistants-how-to-use-them-effectively (set by the page template),false,generative ai; coding; assistants; use; them,generative ai; coding; assistants; use; them,0,,0,,4,10 min,false,false,false,,not available: no views column in the CMS and no Search Console export,analyzed
49d10bcd-b378-4562-a2c5-a21dbd253852,airflow-for-ml-pipelines-a-practical-guide,/blog/airflow-for-ml-pipelines-a-practical-guide,Airflow for ML Pipelines: A Practical Guide,published,mlops,MLOps,guide,Ravi Kumar,ravi-kumar,4fa1201f-a7aa-4e99-9cc2-b037e972a216,2025-12-08,2025-12-08T00:00:00+00:00,2025-12-08,2026-09-18T14:37:05.849802+00:00,2026-09-18T14:37:05.849802+00:00,667,26,2d4469109507d1fbde285dcef6a7c57e9058207338667319640095a2b0382852,posts/airflow-for-ml-pipelines-a-practical-guide.json in the backup,"Airflow for ML Pipelines: A Practical Guide — A practical, example-led guide you can apply right away.",102,,Airflow for ML Pipelines: A Practical Guide,43,"Airflow for ML Pipelines: A Practical Guide — A practical, example-led guide you can apply right away. Explained by GloryTecks MLOps mentors in Hyderabad.",154,Airflow for ML Pipelines: A Practical Guide,"Airflow for ML Pipelines: A Practical Guide — A practical, example-led guide you can apply right away. Explained by GloryTecks MLOps mentors in Hyderabad.",,,/blog/airflow-for-ml-pipelines-a-practical-guide (set by the page template),false,mlops; airflow; pipelines; practical,mlops; airflow; pipelines; practical,0,,0,,4,10 min,false,false,false,,not available: no views column in the CMS and no Search Console export,analyzed
2e06b1e7-1562-4bb8-8eb5-56f7aba5c4a9,airflow-interview-questions-for-data-engineers,/blog/airflow-interview-questions-for-data-engineers,Airflow Interview Questions for Data Engineers,published,interview-questions,Interview Questions,interview,Ravi Kumar,ravi-kumar,4fa1201f-a7aa-4e99-9cc2-b037e972a216,2026-02-15,2026-02-15T00:00:00+00:00,2026-02-15,2026-09-18T14:37:03.893983+00:00,2026-09-18T14:37:03.893983+00:00,517,13,c1c09f4e5819c88694026d85c3e26555a87d09340efb447bdcc5df1785e52d85,posts/airflow-interview-questions-for-data-engineers.json in the backup,"Airflow Interview Questions for Data Engineers — The questions companies actually ask, with concise model answers.",114,,Airflow Interview Questions for Data Engineers,46,"Airflow Interview Questions for Data Engineers — The questions companies actually ask, with concise model answers. Explained by GloryTecks Interview Questions mentors in Hyderabad.",180,Airflow Interview Questions for Data Engineers,"Airflow Interview Questions for Data Engineers — The questions companies actually ask, with concise model answers. Explained by GloryTecks Interview Questions mentors in Hyderabad.",,,/blog/airflow-interview-questions-for-data-engineers (set by the page template),false,interview questions; airflow; interview; questions; data,interview questions; airflow; interview; questions; data,0,,0,,9,16 min,false,false,false,,not available: no views column in the CMS and no Search Console export,analyzed
5d57b451-b542-4e96-9cee-2ea19f961d27,airflow-tutorial-orchestrating-data-pipelines,/blog/airflow-tutorial-orchestrating-data-pipelines,Airflow Tutorial: Orchestrating Data Pipelines,published,data-engineering,Data Engineering,guide,GloryTecks Team,glorytecks-team,3bbe4550-883d-4859-8188-29c88e22563e,2026-04-19,2026-04-19T00:00:00+00:00,2026-06-02,2026-09-18T14:37:01.989257+00:00,2026-09-18T14:37:01.989257+00:00,670,26,f41cac7c8155ba0429e117179b98cecae9c3ec1153005be2f341e25f8d515d47,posts/airflow-tutorial-orchestrating-data-pipelines.json in the backup,"Airflow Tutorial: Orchestrating Data Pipelines — A practical, example-led guide you can apply right away.",105,,Airflow Tutorial: Orchestrating Data Pipelines,46,"Airflow Tutorial: Orchestrating Data Pipelines — A practical, example-led guide you can apply right away. Explained by GloryTecks Data Engineering mentors in Hyderabad.",168,Airflow Tutorial: Orchestrating Data Pipelines,"Airflow Tutorial: Orchestrating Data Pipelines — A practical, example-led guide you can apply right away. Explained by GloryTecks Data Engineering mentors in Hyderabad.",,,/blog/airflow-tutorial-orchestrating-data-pipelines (set by the page template),false,data engineering; airflow; tutorial; orchestrating; data,data engineering; airflow; tutorial; orchestrating; data,0,,0,,4,10 min,false,false,false,,not available: no views column in the CMS and no Search Console export,analyzed
ae40295b-4ad6-4f94-9816-71fc8ff05487,amazon-athena-querying-s3-with-sql,/blog/amazon-athena-querying-s3-with-sql,Amazon Athena: Querying S3 with SQL,published,aws,AWS,guide,Sneha Reddy,sneha-reddy,682d13de-46d8-47b4-914e-58e25b899413,2026-05-05,2026-05-05T00:00:00+00:00,2026-05-16,2026-09-18T14:37:01.989257+00:00,2026-09-18T14:37:01.989257+00:00,676,26,6f5c553b8fe2d390422a586bfcdc71626a44c860865cb31d72d807e621972fc5,posts/amazon-athena-querying-s3-with-sql.json in the backup,"Amazon Athena: Querying S3 with SQL — A practical, example-led guide you can apply right away.",94,,Amazon Athena: Querying S3 with SQL,35,"Amazon Athena: Querying S3 with SQL — A practical, example-led guide you can apply right away. Explained by GloryTecks AWS mentors in Hyderabad.",144,Amazon Athena: Querying S3 with SQL,"Amazon Athena: Querying S3 with SQL — A practical, example-led guide you can apply right away. Explained by GloryTecks AWS mentors in Hyderabad.",,,/blog/amazon-athena-querying-s3-with-sql (set by the page template),false,aws; amazon; athena; querying; sql,aws; amazon; athena; querying; sql,0,,0,,4,10 min,false,false,false,,not available: no views column in the CMS and no Search Console export,analyzed
c8197807-6dec-4b93-82b9-cfcd461c3b5b,amazon-dynamodb-explained-for-beginners,/blog/amazon-dynamodb-explained-for-beginners,Amazon DynamoDB Explained for Beginners,published,aws,AWS,guide,GloryTecks Team,glorytecks-team,3bbe4550-883d-4859-8188-29c88e22563e,2026-02-04,2026-02-04T00:00:00+00:00,2026-03-07,2026-09-18T14:37:03.893983+00:00,2026-09-18T14:37:03.893983+00:00,681,26,418a52237334b7e8c6550f196dfde9ea6a23269987144c797983692dc39bf89d,posts/amazon-dynamodb-explained-for-beginners.json in the backup,"Amazon DynamoDB Explained for Beginners — A practical, example-led guide you can apply right away.",98,,Amazon DynamoDB Explained for Beginners,39,"Amazon DynamoDB Explained for Beginners — A practical, example-led guide you can apply right away. Explained by GloryTecks AWS mentors in Hyderabad.",148,Amazon DynamoDB Explained for Beginners,"Amazon DynamoDB Explained for Beginners — A practical, example-led guide you can apply right away. Explained by GloryTecks AWS mentors in Hyderabad.",,,/blog/amazon-dynamodb-explained-for-beginners (set by the page template),false,aws; amazon; dynamodb; beginners,aws; amazon; dynamodb; beginners,0,,0,,4,10 min,false,false,false,,not available: no views column in the CMS and no Search Console export,analyzed
34d19c0e-ed5b-4d89-aa3c-b316a1043bcf,amazon-ec2-explained-instances-types-and-pricing,/blog/amazon-ec2-explained-instances-types-and-pricing,"Amazon EC2 Explained: Instances, Types and Pricing",published,aws,AWS,guide,Sneha Reddy,sneha-reddy,682d13de-46d8-47b4-914e-58e25b899413,2026-05-29,2026-05-29T00:00:00+00:00,2026-06-15,2026-09-18T14:07:29.042683+00:00,2026-09-18T14:07:29.042683+00:00,679,26,1535b7786efe7a32417d4936cc179e62b7d8ef0c09b024955f8eb168fe35944b,posts/amazon-ec2-explained-instances-types-and-pricing.json in the backup,"Amazon EC2 Explained: Instances, Types and Pricing — A practical, example-led guide you can apply right away.",109,,"Amazon EC2 Explained: Instances, Types and Pricing",50,"Amazon EC2 Explained: Instances, Types and Pricing — A practical, example-led guide you can apply right away. Explained by GloryTecks AWS mentors in Hyderabad.",159,"Amazon EC2 Explained: Instances, Types and Pricing","Amazon EC2 Explained: Instances, Types and Pricing — A practical, example-led guide you can apply right away. Explained by GloryTecks AWS mentors in Hyderabad.",,,/blog/amazon-ec2-explained-instances-types-and-pricing (set by the page template),false,aws; amazon; ec2; instances; types,aws; amazon; ec2; instances; types,0,,0,,4,10 min,false,true,false,,not available: no views column in the CMS and no Search Console export,analyzed
3404fd01-f4ec-4dc1-ba13-df9903fc23e1,amazon-emr-explained-big-data-on-aws,/blog/amazon-emr-explained-big-data-on-aws,Amazon EMR Explained: Big Data on AWS,published,aws,AWS,guide,GloryTecks Team,glorytecks-team,3bbe4550-883d-4859-8188-29c88e22563e,2026-04-29,2026-04-29T00:00:00+00:00,2026-05-22,2026-09-18T14:37:01.989257+00:00,2026-09-18T14:37:01.989257+00:00,679,26,721bfc8e731514720346bc24604632fbe607fa2afa31447f7be6fd4f03bee67f,posts/amazon-emr-explained-big-data-on-aws.json in the backup,"Amazon EMR Explained: Big Data on AWS — A practical, example-led guide you can apply right away.",96,,Amazon EMR Explained: Big Data on AWS,37,"Amazon EMR Explained: Big Data on AWS — A practical, example-led guide you can apply right away. Explained by GloryTecks AWS mentors in Hyderabad.",146,Amazon EMR Explained: Big Data on AWS,"Amazon EMR Explained: Big Data on AWS — A practical, example-led guide you can apply right away. Explained by GloryTecks AWS mentors in Hyderabad.",,,/blog/amazon-emr-explained-big-data-on-aws (set by the page template),false,aws; amazon; emr; big; data,aws; amazon; emr; big; data,0,,0,,4,10 min,false,false,false,,not available: no views column in the CMS and no Search Console export,analyzed
91518a9c-fe75-447b-8e91-b75d38aadc78,amazon-kinesis-explained-real-time-streaming,/blog/amazon-kinesis-explained-real-time-streaming,Amazon Kinesis Explained: Real-Time Streaming,published,aws,AWS,guide,GloryTecks Team,glorytecks-team,3bbe4550-883d-4859-8188-29c88e22563e,2026-03-24,2026-03-24T00:00:00+00:00,2026-04-08,2026-09-18T14:37:01.989257+00:00,2026-09-18T14:37:01.989257+00:00,677,26,a99713f4a59736c7e76dd2eeb03644e2bff4fde63f036f34949b5fb97464eeda,posts/amazon-kinesis-explained-real-time-streaming.json in the backup,"Amazon Kinesis Explained: Real-Time Streaming — A practical, example-led guide you can apply right away.",104,,Amazon Kinesis Explained: Real-Time Streaming,45,"Amazon Kinesis Explained: Real-Time Streaming — A practical, example-led guide you can apply right away. Explained by GloryTecks AWS mentors in Hyderabad.",154,Amazon Kinesis Explained: Real-Time Streaming,"Amazon Kinesis Explained: Real-Time Streaming — A practical, example-led guide you can apply right away. Explained by GloryTecks AWS mentors in Hyderabad.",,,/blog/amazon-kinesis-explained-real-time-streaming (set by the page template),false,aws; amazon; kinesis; real; time,aws; amazon; kinesis; real; time,0,,0,,4,10 min,false,false,false,,not available: no views column in the CMS and no Search Console export,analyzed
3c63c20d-a99a-411b-902f-f6e4dd06131a,amazon-msk-managed-kafka-on-aws,/blog/amazon-msk-managed-kafka-on-aws,Amazon MSK: Managed Kafka on AWS,published,aws,AWS,guide,Sneha Reddy,sneha-reddy,682d13de-46d8-47b4-914e-58e25b899413,2025-11-06,2025-11-06T00:00:00+00:00,2025-11-17,2026-09-18T14:37:07.161579+00:00,2026-09-18T14:37:07.161579+00:00,676,26,701b96e753e3ae7da137a7bd6368efd42586b8ddd8af9402db38f6cd86cecfcb,posts/amazon-msk-managed-kafka-on-aws.json in the backup,"Amazon MSK: Managed Kafka on AWS — A practical, example-led guide you can apply right away.",91,,Amazon MSK: Managed Kafka on AWS,32,"Amazon MSK: Managed Kafka on AWS — A practical, example-led guide you can apply right away. Explained by GloryTecks AWS mentors in Hyderabad.",141,Amazon MSK: Managed Kafka on AWS,"Amazon MSK: Managed Kafka on AWS — A practical, example-led guide you can apply right away. Explained by GloryTecks AWS mentors in Hyderabad.",,,/blog/amazon-msk-managed-kafka-on-aws (set by the page template),false,aws; amazon; msk; managed; kafka,aws; amazon; msk; managed; kafka,0,,0,,4,10 min,false,false,true,,not available: no views column in the CMS and no Search Console export,analyzed
bbfa6ba7-3b85-4256-9478-90f299254d11,amazon-redshift-explained-the-cloud-data-warehouse,/blog/amazon-redshift-explained-the-cloud-data-warehouse,Amazon Redshift Explained: The Cloud Data Warehouse,published,aws,AWS,guide,GloryTecks Team,glorytecks-team,3bbe4550-883d-4859-8188-29c88e22563e,2026-05-11,2026-05-11T00:00:00+00:00,2026-06-15,2026-09-18T14:07:45.268511+00:00,2026-09-18T14:07:45.268511+00:00,679,26,c9ae88ae8c03eb144277df069292a7d7e10f0efdf6826d14cb21651652e666d4,posts/amazon-redshift-explained-the-cloud-data-warehouse.json in the backup,"Amazon Redshift Explained: The Cloud Data Warehouse — A practical, example-led guide you can apply right away.",110,,Amazon Redshift Explained: The Cloud Data Warehouse,51,"Amazon Redshift Explained: The Cloud Data Warehouse — A practical, example-led guide you can apply right away. Explained by GloryTecks AWS mentors in Hyderabad.",160,Amazon Redshift Explained: The Cloud Data Warehouse,"Amazon Redshift Explained: The Cloud Data Warehouse — A practical, example-led guide you can apply right away. Explained by GloryTecks AWS mentors in Hyderabad.",,,/blog/amazon-redshift-explained-the-cloud-data-warehouse (set by the page template),false,aws; amazon; redshift; cloud; data,aws; amazon; redshift; cloud; data,0,,0,,4,10 min,false,false,false,,not available: no views column in the CMS and no Search Console export,analyzed
3a84fe40-cddb-42a3-9f22-25f5aa574716,amazon-s3-explained-storage-classes-and-best-practices,/blog/amazon-s3-explained-storage-classes-and-best-practices,"Amazon S3 Explained: Storage, Classes and Best Practices",published,aws,AWS,guide,GloryTecks Team,glorytecks-team,3bbe4550-883d-4859-8188-29c88e22563e,2026-06-04,2026-06-04T00:00:00+00:00,2026-06-15,2026-09-18T14:07:24.202205+00:00,2026-09-18T14:07:24.202205+00:00,680,26,b59dae03e56d82f209cc4577e1befeb14eef23efc69ae738e37da30bba66d757,posts/amazon-s3-explained-storage-classes-and-best-practices.json in the backup,"Amazon S3 Explained: Storage, Classes and Best Practices — A practical, example-led guide you can apply right away.",115,,"Amazon S3 Explained: Storage, Classes and Best Practices",56,"Amazon S3 Explained: Storage, Classes and Best Practices — A practical, example-led guide you can apply right away. Explained by GloryTecks AWS mentors in Hyderabad.",165,"Amazon S3 Explained: Storage, Classes and Best Practices","Amazon S3 Explained: Storage, Classes and Best Practices — A practical, example-led guide you can apply right away. Explained by GloryTecks AWS mentors in Hyderabad.",,,/blog/amazon-s3-explained-storage-classes-and-best-practices (set by the page template),false,aws; amazon; storage; classes; best,aws; amazon; storage; classes; best,0,,0,,4,10 min,false,true,true,,not available: no views column in the CMS and no Search Console export,needs_review
616adf5f-11dd-4e72-8455-0ca6747fbd50,anomaly-detection-techniques-and-real-world-use-cases,/blog/anomaly-detection-techniques-and-real-world-use-cases,Anomaly Detection: Techniques and Real-World Use Cases,published,data-science,Data Science,guide,GloryTecks Team,glorytecks-team,3bbe4550-883d-4859-8188-29c88e22563e,2025-11-17,2025-11-17T00:00:00+00:00,2025-12-17,2026-09-18T14:37:07.161579+00:00,2026-09-18T14:37:07.161579+00:00,672,26,d375a15a81de8992c4c52949fe2522270bd6b6ed7cc1dd3d8ab49c4c0991c2c4,posts/anomaly-detection-techniques-and-real-world-use-cases.json in the backup,"Anomaly Detection: Techniques and Real-World Use Cases — A practical, example-led guide you can apply right away.",113,,Anomaly Detection: Techniques and Real-World Use Cases,54,"Anomaly Detection: Techniques and Real-World Use Cases — A practical, example-led guide you can apply right away. Explained by GloryTecks Data Science mentors in Hyderabad.",172,Anomaly Detection: Techniques and Real-World Use Cases,"Anomaly Detection: Techniques and Real-World Use Cases — A practical, example-led guide you can apply right away. Explained by GloryTecks Data Science mentors in Hyderabad.",,,/blog/anomaly-detection-techniques-and-real-world-use-cases (set by the page template),false,data science; anomaly; detection; techniques; real,data science; anomaly; detection; techniques; real,0,,0,,4,10 min,false,false,true,,not available: no views column in the CMS and no Search Console export,analyzed
663d55df-fc74-45f8-bde8-b1f62492fc11,apache-iceberg-vs-delta-lake-vs-hudi,/blog/apache-iceberg-vs-delta-lake-vs-hudi,Apache Iceberg vs Delta Lake vs Hudi,published,data-engineering,Data Engineering,comparison,GloryTecks Team,glorytecks-team,3bbe4550-883d-4859-8188-29c88e22563e,2025-11-26,2025-11-26T00:00:00+00:00,2025-12-08,2026-09-18T14:37:07.161579+00:00,2026-09-18T14:37:07.161579+00:00,478,17,80498f0618ead875d861dc0db824b7cb803c6aebbdab9fcc7a81bc5a397d6a0d,posts/apache-iceberg-vs-delta-lake-vs-hudi.json in the backup,"Apache Iceberg vs Delta Lake vs Hudi — A clear, practical comparison to help you decide.",88,,Apache Iceberg vs Delta Lake vs Hudi,36,"Apache Iceberg vs Delta Lake vs Hudi — A clear, practical comparison to help you decide. Explained by GloryTecks Data Engineering mentors in Hyderabad.",151,Apache Iceberg vs Delta Lake vs Hudi,"Apache Iceberg vs Delta Lake vs Hudi — A clear, practical comparison to help you decide. Explained by GloryTecks Data Engineering mentors in Hyderabad.",,,/blog/apache-iceberg-vs-delta-lake-vs-hudi (set by the page template),false,data engineering; apache; iceberg; delta; lake,data engineering; apache; iceberg; delta; lake,0,,0,,4,7 min,false,false,false,,not available: no views column in the CMS and no Search Console export,analyzed
e73532ca-6c20-4b39-b190-b8d3e3243ac8,apache-kafka-explained-streaming-data-basics,/blog/apache-kafka-explained-streaming-data-basics,Apache Kafka Explained: Streaming Data Basics,published,data-engineering,Data Engineering,guide,Sneha Reddy,sneha-reddy,682d13de-46d8-47b4-914e-58e25b899413,2026-04-25,2026-04-25T00:00:00+00:00,2026-05-27,2026-09-18T14:37:01.989257+00:00,2026-09-18T14:37:01.989257+00:00,673,26,6d6bdfceb9b0849962e024f48e6333663852c6195adb5fcffd968caf7a5909b5,posts/apache-kafka-explained-streaming-data-basics.json in the backup,"Apache Kafka Explained: Streaming Data Basics — A practical, example-led guide you can apply right away.",104,,Apache Kafka Explained: Streaming Data Basics,45,"Apache Kafka Explained: Streaming Data Basics — A practical, example-led guide you can apply right away. Explained by GloryTecks Data Engineering mentors in Hyderabad.",167,Apache Kafka Explained: Streaming Data Basics,"Apache Kafka Explained: Streaming Data Basics — A practical, example-led guide you can apply right away. Explained by GloryTecks Data Engineering mentors in Hyderabad.",,,/blog/apache-kafka-explained-streaming-data-basics (set by the page template),false,data engineering; apache; kafka; streaming; data,data engineering; apache; kafka; streaming; data,0,,0,,4,10 min,false,false,false,,not available: no views column in the CMS and no Search Console export,analyzed
4ebc971b-8e9d-467c-a277-1af051bda29b,apache-spark-explained-for-beginners,/blog/apache-spark-explained-for-beginners,Apache Spark Explained for Beginners,published,data-engineering,Data Engineering,guide,GloryTecks Team,glorytecks-team,3bbe4550-883d-4859-8188-29c88e22563e,2026-05-13,2026-05-13T00:00:00+00:00,2026-06-15,2026-09-18T14:07:43.106541+00:00,2026-09-18T14:07:43.106541+00:00,676,26,00aed3dc4983deffbfdb44742cd53790d25df8651ce341c00e56a067b735fa31,posts/apache-spark-explained-for-beginners.json in the backup,"Apache Spark Explained for Beginners — A practical, example-led guide you can apply right away.",95,,Apache Spark Explained for Beginners,36,"Apache Spark Explained for Beginners — A practical, example-led guide you can apply right away. Explained by GloryTecks Data Engineering mentors in Hyderabad.",158,Apache Spark Explained for Beginners,"Apache Spark Explained for Beginners — A practical, example-led guide you can apply right away. Explained by GloryTecks Data Engineering mentors in Hyderabad.",,,/blog/apache-spark-explained-for-beginners (set by the page template),false,data engineering; apache; spark; beginners,data engineering; apache; spark; beginners,0,,0,,4,10 min,false,false,false,,not available: no views column in the CMS and no Search Console export,analyzed
91ec07f1-35b5-4283-985c-68c07bbdbad1,apache-spark-interview-questions-and-answers,/blog/apache-spark-interview-questions-and-answers,Apache Spark Interview Questions and Answers,published,interview-questions,Interview Questions,interview,Priya Sharma,priya-sharma,2ef777f6-83c0-4249-9c0b-c4d1f2e17b89,2026-05-04,2026-05-04T00:00:00+00:00,2026-05-04,2026-09-18T14:37:01.989257+00:00,2026-09-18T14:37:01.989257+00:00,517,13,af2ce3f1d041c2091b4539388757839a82599e4ce37db4bbfce105c76c458274,posts/apache-spark-interview-questions-and-answers.json in the backup,"Apache Spark Interview Questions and Answers — The questions companies actually ask, with concise model answers.",112,,Apache Spark Interview Questions and Answers,44,"Apache Spark Interview Questions and Answers — The questions companies actually ask, with concise model answers. Explained by GloryTecks Interview Questions mentors in Hyderabad.",178,Apache Spark Interview Questions and Answers,"Apache Spark Interview Questions and Answers — The questions companies actually ask, with concise model answers. Explained by GloryTecks Interview Questions mentors in Hyderabad.",,,/blog/apache-spark-interview-questions-and-answers (set by the page template),false,interview questions; apache; spark; interview; questions,interview questions; apache; spark; interview; questions,0,,0,,9,16 min,false,false,false,,not available: no views column in the CMS and no Search Console export,analyzed
48f55520-ae7a-490d-ad01-f803b86e6207,asking-for-a-raise-timing-script-and-evidence,/blog/asking-for-a-raise-timing-script-and-evidence,"Asking for a Raise: Timing, Script and Evidence",published,career-guidance,Career Guidance,guide,Priya Sharma,priya-sharma,2ef777f6-83c0-4249-9c0b-c4d1f2e17b89,2025-11-06,2025-11-06T00:00:00+00:00,2025-11-06,2026-09-18T14:37:07.161579+00:00,2026-09-18T14:37:07.161579+00:00,640,24,c76dca80da9d265cd751c3a5115a7c1dc71bd8cd353a748fdffd9a5aa8c8ec73,posts/asking-for-a-raise-timing-script-and-evidence.json in the backup,"Asking for a Raise: Timing, Script and Evidence — A practical, example-led guide you can apply right away.",106,,"Asking for a Raise: Timing, Script and Evidence",47,"Asking for a Raise: Timing, Script and Evidence — A practical, example-led guide you can apply right away. Explained by GloryTecks Career Guidance mentors in Hyderabad.",168,"Asking for a Raise: Timing, Script and Evidence","Asking for a Raise: Timing, Script and Evidence — A practical, example-led guide you can apply right away. Explained by GloryTecks Career Guidance mentors in Hyderabad.",,,/blog/asking-for-a-raise-timing-script-and-evidence (set by the page template),false,career guidance; asking; raise; timing; script,career guidance; asking; raise; timing; script,0,,0,,4,10 min,false,false,false,,not available: no views column in the CMS and no Search Console export,merge_candidate
f428d13d-de14-4621-abc2-98478efd2475,async-programming-in-python-asyncio-explained,/blog/async-programming-in-python-asyncio-explained,Async Programming in Python: asyncio Explained,published,python,Python,guide,GloryTecks Team,glorytecks-team,3bbe4550-883d-4859-8188-29c88e22563e,2026-01-15,2026-01-15T00:00:00+00:00,2026-01-15,2026-09-18T14:37:05.849802+00:00,2026-09-18T14:37:05.849802+00:00,650,26,0815434dd16dbb9385247f6ac372d15f2e119c0dceab276cee9f214ea0692f5d,posts/async-programming-in-python-asyncio-explained.json in the backup,"Async Programming in Python: asyncio Explained — A practical, example-led guide you can apply right away.",105,,Async Programming in Python: asyncio Explained,46,"Async Programming in Python: asyncio Explained — A practical, example-led guide you can apply right away. Explained by GloryTecks Python mentors in Hyderabad.",158,Async Programming in Python: asyncio Explained,"Async Programming in Python: asyncio Explained — A practical, example-led guide you can apply right away. Explained by GloryTecks Python mentors in Hyderabad.",,,/blog/async-programming-in-python-asyncio-explained (set by the page template),false,async; programming; python; asyncio,async; programming; python; asyncio,0,,0,,4,10 min,false,false,false,,not available: no views column in the CMS and no Search Console export,analyzed
80e049d5-c6f5-4474-8cb3-a3447f1fedd4,athena-federated-queries-explained,/blog/athena-federated-queries-explained,Athena Federated Queries Explained,published,aws,AWS,guide,GloryTecks Team,glorytecks-team,3bbe4550-883d-4859-8188-29c88e22563e,2025-09-25,2025-09-25T00:00:00+00:00,2025-10-10,2026-09-18T14:37:08.808906+00:00,2026-09-18T14:37:08.808906+00:00,678,26,0beefe8e3dd5ccbc30d838e5eb971f2e29ffd71fae20e96bc0c0d6f64b531ae5,posts/athena-federated-queries-explained.json in the backup,"Athena Federated Queries Explained — A practical, example-led guide you can apply right away.",93,,Athena Federated Queries Explained,34,"Athena Federated Queries Explained — A practical, example-led guide you can apply right away. Explained by GloryTecks AWS mentors in Hyderabad.",143,Athena Federated Queries Explained,"Athena Federated Queries Explained — A practical, example-led guide you can apply right away. Explained by GloryTecks AWS mentors in Hyderabad.",,,/blog/athena-federated-queries-explained (set by the page template),false,aws; athena; federated; queries,aws; athena; federated; queries,0,,0,,4,10 min,false,false,true,,not available: no views column in the CMS and no Search Console export,analyzed
fe5c86f7-bb93-4c98-b8b3-dbbff6ade8ff,athena-vs-redshift-when-to-use-each,/blog/athena-vs-redshift-when-to-use-each,Athena vs Redshift: When to Use Each,published,aws,AWS,comparison,GloryTecks Team,glorytecks-team,3bbe4550-883d-4859-8188-29c88e22563e,2025-12-18,2025-12-18T00:00:00+00:00,2026-02-03,2026-09-18T14:37:05.849802+00:00,2026-09-18T14:37:05.849802+00:00,480,17,5af5534de2b7845997191b18490912fc4d276d7f75519bb43345207d23b5a2d8,posts/athena-vs-redshift-when-to-use-each.json in the backup,"Athena vs Redshift: When to Use Each — A clear, practical comparison to help you decide.",88,,Athena vs Redshift: When to Use Each,36,"Athena vs Redshift: When to Use Each — A clear, practical comparison to help you decide. Explained by GloryTecks AWS mentors in Hyderabad.",138,Athena vs Redshift: When to Use Each,"Athena vs Redshift: When to Use Each — A clear, practical comparison to help you decide. Explained by GloryTecks AWS mentors in Hyderabad.",,,/blog/athena-vs-redshift-when-to-use-each (set by the page template),false,aws; athena; redshift; when; use,aws; athena; redshift; when; use,0,,0,,4,7 min,false,false,true,,not available: no views column in the CMS and no Search Console export,analyzed
4f437d9d-a154-4e7b-88f4-5c66ce18e35a,automate-boring-tasks-with-python-10-scripts,/blog/automate-boring-tasks-with-python-10-scripts,Automate Boring Tasks with Python: 10 Scripts,published,python,Python,guide,GloryTecks Team,glorytecks-team,3bbe4550-883d-4859-8188-29c88e22563e,2026-02-08,2026-02-08T00:00:00+00:00,2026-02-08,2026-09-18T14:37:03.893983+00:00,2026-09-18T14:37:03.893983+00:00,653,26,d5c9efec1bf95ec5d75f8416e86180d694769a3059485feab678f6a099b0e203,posts/automate-boring-tasks-with-python-10-scripts.json in the backup,"Automate Boring Tasks with Python: 10 Scripts — A practical, example-led guide you can apply right away.",104,,Automate Boring Tasks with Python: 10 Scripts,45,"Automate Boring Tasks with Python: 10 Scripts — A practical, example-led guide you can apply right away. Explained by GloryTecks Python mentors in Hyderabad.",157,Automate Boring Tasks with Python: 10 Scripts,"Automate Boring Tasks with Python: 10 Scripts — A practical, example-led guide you can apply right away. Explained by GloryTecks Python mentors in Hyderabad.",,,/blog/automate-boring-tasks-with-python-10-scripts (set by the page template),false,automate; boring; tasks; python,automate; boring; tasks; python,0,,0,,4,10 min,false,false,false,,not available: no views column in the CMS and no Search Console export,analyzed
809f3dda-0382-42c5-a064-098ddef421d1,aws-certification-path-for-data-roles,/blog/aws-certification-path-for-data-roles,AWS Certification Path for Data Roles,published,aws,AWS,certification,GloryTecks Team,glorytecks-team,3bbe4550-883d-4859-8188-29c88e22563e,2025-08-20,2025-08-20T00:00:00+00:00,2025-10-06,2026-09-18T14:37:09.131349+00:00,2026-09-18T14:37:09.131349+00:00,526,18,01c8cb7d249ef119fbb64e55247ca66a45cd23e00de90eb92cf8212013b76ebe,posts/aws-certification-path-for-data-roles.json in the backup,"AWS Certification Path for Data Roles — Exam structure, syllabus, prep plan and resources that work.",100,,AWS Certification Path for Data Roles,37,"AWS Certification Path for Data Roles — Exam structure, syllabus, prep plan and resources that work. Explained by GloryTecks AWS mentors in Hyderabad.",150,AWS Certification Path for Data Roles,"AWS Certification Path for Data Roles — Exam structure, syllabus, prep plan and resources that work. Explained by GloryTecks AWS mentors in Hyderabad.",,,/blog/aws-certification-path-for-data-roles (set by the page template),false,aws; certification; path; data,aws; certification; path; data,0,,0,,5,9 min,false,false,false,,not available: no views column in the CMS and no Search Console export,analyzed
3326b340-4af5-4485-ae8a-7dc7eeff335e,aws-certified-data-engineer-associate-exam-guide,/blog/aws-certified-data-engineer-associate-exam-guide,AWS Certified Data Engineer Associate: Exam Guide,published,aws,AWS,certification,GloryTecks Team,glorytecks-team,3bbe4550-883d-4859-8188-29c88e22563e,2026-04-17,2026-04-17T00:00:00+00:00,2026-06-03,2026-09-18T14:37:01.989257+00:00,2026-09-18T14:37:01.989257+00:00,526,18,54b08d4f96737236ddcd6198a0d265620f4b4bf70fd39b128a3cc2514c9e3ce6,posts/aws-certified-data-engineer-associate-exam-guide.json in the backup,"AWS Certified Data Engineer Associate: Exam Guide — Exam structure, syllabus, prep plan and resources that work.",112,,AWS Certified Data Engineer Associate: Exam Guide,49,"AWS Certified Data Engineer Associate: Exam Guide — Exam structure, syllabus, prep plan and resources that work. Explained by GloryTecks AWS mentors in Hyderabad.",162,AWS Certified Data Engineer Associate: Exam Guide,"AWS Certified Data Engineer Associate: Exam Guide — Exam structure, syllabus, prep plan and resources that work. Explained by GloryTecks AWS mentors in Hyderabad.",,,/blog/aws-certified-data-engineer-associate-exam-guide (set by the page template),false,aws; certified; data; engineer,aws; certified; data; engineer,0,,0,,5,9 min,false,false,false,,not available: no views column in the CMS and no Search Console export,analyzed
abdc0925-8e85-48bc-9df9-67dc4ab0a839,aws-cloud-practitioner-certification-how-to-start,/blog/aws-cloud-practitioner-certification-how-to-start,AWS Cloud Practitioner Certification: How to Start,published,aws,AWS,certification,Sneha Reddy,sneha-reddy,682d13de-46d8-47b4-914e-58e25b899413,2026-02-10,2026-02-10T00:00:00+00:00,2026-03-01,2026-09-18T14:37:03.893983+00:00,2026-09-18T14:37:03.893983+00:00,525,18,edc0e8949818020d184111624aa448f188053a407b91da00690a652e2867108d,posts/aws-cloud-practitioner-certification-how-to-start.json in the backup,"AWS Cloud Practitioner Certification: How to Start — Exam structure, syllabus, prep plan and resources that work.",113,,AWS Cloud Practitioner Certification: How to Start,50,"AWS Cloud Practitioner Certification: How to Start — Exam structure, syllabus, prep plan and resources that work. Explained by GloryTecks AWS mentors in Hyderabad.",163,AWS Cloud Practitioner Certification: How to Start,"AWS Cloud Practitioner Certification: How to Start — Exam structure, syllabus, prep plan and resources that work. Explained by GloryTecks AWS mentors in Hyderabad.",,,/blog/aws-cloud-practitioner-certification-how-to-start (set by the page template),false,aws; cloud; practitioner; certification,aws; cloud; practitioner; certification,0,,0,,5,9 min,false,false,false,,not available: no views column in the CMS and no Search Console export,analyzed
f56d3762-478a-4c31-98e0-ef38caae222e,aws-cloudwatch-for-monitoring-data-pipelines,/blog/aws-cloudwatch-for-monitoring-data-pipelines,AWS CloudWatch for Monitoring Data Pipelines,published,aws,AWS,guide,Sneha Reddy,sneha-reddy,682d13de-46d8-47b4-914e-58e25b899413,2025-10-25,2025-10-25T00:00:00+00:00,2025-11-29,2026-09-18T14:37:07.161579+00:00,2026-09-18T14:37:07.161579+00:00,684,26,a1bafd2bdc484daca5068e99b395913c18ed30da2f1548c1aebf61de834da565,posts/aws-cloudwatch-for-monitoring-data-pipelines.json in the backup,"AWS CloudWatch for Monitoring Data Pipelines — A practical, example-led guide you can apply right away.",103,,AWS CloudWatch for Monitoring Data Pipelines,44,"AWS CloudWatch for Monitoring Data Pipelines — A practical, example-led guide you can apply right away. Explained by GloryTecks AWS mentors in Hyderabad.",153,AWS CloudWatch for Monitoring Data Pipelines,"AWS CloudWatch for Monitoring Data Pipelines — A practical, example-led guide you can apply right away. Explained by GloryTecks AWS mentors in Hyderabad.",,,/blog/aws-cloudwatch-for-monitoring-data-pipelines (set by the page template),false,aws; cloudwatch; monitoring; data,aws; cloudwatch; monitoring; data,0,,0,,4,10 min,false,false,false,,not available: no views column in the CMS and no Search Console export,analyzed
2d2684b7-6e03-4a37-930b-fdca72ccceb5,aws-cost-optimization-for-data-workloads,/blog/aws-cost-optimization-for-data-workloads,AWS Cost Optimization for Data Workloads,published,aws,AWS,guide,GloryTecks Team,glorytecks-team,3bbe4550-883d-4859-8188-29c88e22563e,2026-01-11,2026-01-11T00:00:00+00:00,2026-02-19,2026-09-18T14:37:05.849802+00:00,2026-09-18T14:37:05.849802+00:00,684,26,6f0448a6bbcaf0479b34e53ef6cd418758bc99b3dbb39b646bcdd29ebad8c5bf,posts/aws-cost-optimization-for-data-workloads.json in the backup,"AWS Cost Optimization for Data Workloads — A practical, example-led guide you can apply right away.",99,,AWS Cost Optimization for Data Workloads,40,"AWS Cost Optimization for Data Workloads — A practical, example-led guide you can apply right away. Explained by GloryTecks AWS mentors in Hyderabad.",149,AWS Cost Optimization for Data Workloads,"AWS Cost Optimization for Data Workloads — A practical, example-led guide you can apply right away. Explained by GloryTecks AWS mentors in Hyderabad.",,,/blog/aws-cost-optimization-for-data-workloads (set by the page template),false,aws; cost; optimization; data,aws; cost; optimization; data,0,,0,,4,10 min,false,false,false,,not available: no views column in the CMS and no Search Console export,analyzed
fc7dc45f-56ea-4e11-a850-901156b19a51,aws-data-engineer-guide-skills-and-services,/blog/aws-data-engineer-guide-skills-and-services,AWS Data Engineer Guide: Skills and Services,published,aws,AWS,guide,Sneha Reddy,sneha-reddy,682d13de-46d8-47b4-914e-58e25b899413,2026-04-23,2026-04-23T00:00:00+00:00,2026-05-28,2026-09-18T14:37:01.989257+00:00,2026-09-18T14:37:01.989257+00:00,681,26,2a7574c51c675617f4f4eb616a294f67f3be4eef6bc140f3c8fc03eb8a011e7f,posts/aws-data-engineer-guide-skills-and-services.json in the backup,"AWS Data Engineer Guide: Skills and Services — A practical, example-led guide you can apply right away.",103,,AWS Data Engineer Guide: Skills and Services,44,"AWS Data Engineer Guide: Skills and Services — A practical, example-led guide you can apply right away. Explained by GloryTecks AWS mentors in Hyderabad.",153,AWS Data Engineer Guide: Skills and Services,"AWS Data Engineer Guide: Skills and Services — A practical, example-led guide you can apply right away. Explained by GloryTecks AWS mentors in Hyderabad.",,,/blog/aws-data-engineer-guide-skills-and-services (set by the page template),false,aws; data; engineer; skills,aws; data; engineer; skills,0,,0,,4,10 min,false,false,true,,not available: no views column in the CMS and no Search Console export,merge_candidate
b68ea347-7b1a-4b77-93eb-167f15a3a5fc,aws-data-engineer-salary-in-india-2026,/blog/aws-data-engineer-salary-in-india-2026,AWS Data Engineer Salary in India 2026,published,aws,AWS,salary,Sneha Reddy,sneha-reddy,682d13de-46d8-47b4-914e-58e25b899413,2025-11-18,2025-11-18T00:00:00+00:00,2025-12-15,2026-09-18T14:37:07.161579+00:00,2026-09-18T14:37:07.161579+00:00,545,17,703f2d0bf49a98b3a13222a2c60fafe0e08c3936769e1490b6ba0d4db5319878,posts/aws-data-engineer-salary-in-india-2026.json in the backup,"AWS Data Engineer Salary in India 2026 — Up-to-date salary ranges, the factors that move pay, and how to earn more.",115,,AWS Data Engineer Salary in India 2026,38,"AWS Data Engineer Salary in India 2026 — Up-to-date salary ranges, the factors that move pay, and how to earn more. Explained by GloryTecks AWS mentors in Hyderabad.",165,AWS Data Engineer Salary in India 2026,"AWS Data Engineer Salary in India 2026 — Up-to-date salary ranges, the factors that move pay, and how to earn more. Explained by GloryTecks AWS mentors in Hyderabad.",,,/blog/aws-data-engineer-salary-in-india-2026 (set by the page template),false,aws; data; engineer; salary,aws; data; engineer; salary,0,,0,,5,8 min,false,false,false,,not available: no views column in the CMS and no Search Console export,needs_review
ae7ae544-c4d7-4f2f-a428-85af7acecd27,aws-data-engineering-projects-for-your-portfolio,/blog/aws-data-engineering-projects-for-your-portfolio,AWS Data Engineering Projects for Your Portfolio,published,aws,AWS,projects,Sneha Reddy,sneha-reddy,682d13de-46d8-47b4-914e-58e25b899413,2025-09-07,2025-09-07T00:00:00+00:00,2025-09-18,2026-09-18T14:37:08.808906+00:00,2026-09-18T14:37:08.808906+00:00,571,21,aa0133313787a0fd74684140c1fcd0ad74ddc69c3d61a77dfa69e6f6d7aa8d34,posts/aws-data-engineering-projects-for-your-portfolio.json in the backup,"AWS Data Engineering Projects for Your Portfolio — Hands-on project ideas with datasets, scope and what to showcase.",116,,AWS Data Engineering Projects for Your Portfolio,48,"AWS Data Engineering Projects for Your Portfolio — Hands-on project ideas with datasets, scope and what to showcase. Explained by GloryTecks AWS mentors in Hyderabad.",166,AWS Data Engineering Projects for Your Portfolio,"AWS Data Engineering Projects for Your Portfolio — Hands-on project ideas with datasets, scope and what to showcase. Explained by GloryTecks AWS mentors in Hyderabad.",,,/blog/aws-data-engineering-projects-for-your-portfolio (set by the page template),false,aws; data; engineering; projects,aws; data; engineering; projects,0,,0,,4,11 min,false,false,false,,not available: no views column in the CMS and no Search Console export,analyzed
3e35ca71-6f6f-47fa-b6c4-f93c4476881d,aws-free-tier-what-you-can-build-for-practice,/blog/aws-free-tier-what-you-can-build-for-practice,AWS Free Tier: What You Can Build for Practice,published,aws,AWS,guide,Sneha Reddy,sneha-reddy,682d13de-46d8-47b4-914e-58e25b899413,2025-09-19,2025-09-19T00:00:00+00:00,2025-10-16,2026-09-18T14:37:08.808906+00:00,2026-09-18T14:37:08.808906+00:00,681,26,39f3cae6e0d5f8b4352cc29bd3fd34d8bff713e46e1141462985870fe2bb1864,posts/aws-free-tier-what-you-can-build-for-practice.json in the backup,"AWS Free Tier: What You Can Build for Practice — A practical, example-led guide you can apply right away.",105,,AWS Free Tier: What You Can Build for Practice,46,"AWS Free Tier: What You Can Build for Practice — A practical, example-led guide you can apply right away. Explained by GloryTecks AWS mentors in Hyderabad.",155,AWS Free Tier: What You Can Build for Practice,"AWS Free Tier: What You Can Build for Practice — A practical, example-led guide you can apply right away. Explained by GloryTecks AWS mentors in Hyderabad.",,,/blog/aws-free-tier-what-you-can-build-for-practice (set by the page template),false,aws; free; tier; can,aws; free; tier; can,0,,0,,4,10 min,false,false,false,,not available: no views column in the CMS and no Search Console export,analyzed
ee1f5b0c-6973-4e9d-9bf6-8197721caa41,aws-glue-data-catalog-and-crawlers-explained,/blog/aws-glue-data-catalog-and-crawlers-explained,AWS Glue Data Catalog and Crawlers Explained,published,aws,AWS,guide,Sneha Reddy,sneha-reddy,682d13de-46d8-47b4-914e-58e25b899413,2026-02-22,2026-02-22T00:00:00+00:00,2026-03-29,2026-09-18T14:37:03.893983+00:00,2026-09-18T14:37:03.893983+00:00,687,26,7bac8e36bcdf16c9d5b763d9474bb963d39d60768de27cc85bb1ce718ccb1ab0,posts/aws-glue-data-catalog-and-crawlers-explained.json in the backup,"AWS Glue Data Catalog and Crawlers Explained — A practical, example-led guide you can apply right away.",103,,AWS Glue Data Catalog and Crawlers Explained,44,"AWS Glue Data Catalog and Crawlers Explained — A practical, example-led guide you can apply right away. Explained by GloryTecks AWS mentors in Hyderabad.",153,AWS Glue Data Catalog and Crawlers Explained,"AWS Glue Data Catalog and Crawlers Explained — A practical, example-led guide you can apply right away. Explained by GloryTecks AWS mentors in Hyderabad.",,,/blog/aws-glue-data-catalog-and-crawlers-explained (set by the page template),false,aws; glue; data; catalog,aws; glue; data; catalog,0,,0,,4,10 min,false,false,false,,not available: no views column in the CMS and no Search Console export,analyzed
5bb06e8d-8c3a-4689-8979-0190b055bd23,aws-glue-jobs-pyspark-on-serverless-spark,/blog/aws-glue-jobs-pyspark-on-serverless-spark,AWS Glue Jobs: PySpark on Serverless Spark,published,aws,AWS,guide,GloryTecks Team,glorytecks-team,3bbe4550-883d-4859-8188-29c88e22563e,2025-12-30,2025-12-30T00:00:00+00:00,2026-01-22,2026-09-18T14:37:05.849802+00:00,2026-09-18T14:37:05.849802+00:00,679,26,9dc0ddb9768ace210308ec3741e3bd51c6043ca0f4cd26983bd9ecd8e76934ca,posts/aws-glue-jobs-pyspark-on-serverless-spark.json in the backup,"AWS Glue Jobs: PySpark on Serverless Spark — A practical, example-led guide you can apply right away.",101,,AWS Glue Jobs: PySpark on Serverless Spark,42,"AWS Glue Jobs: PySpark on Serverless Spark — A practical, example-led guide you can apply right away. Explained by GloryTecks AWS mentors in Hyderabad.",151,AWS Glue Jobs: PySpark on Serverless Spark,"AWS Glue Jobs: PySpark on Serverless Spark — A practical, example-led guide you can apply right away. Explained by GloryTecks AWS mentors in Hyderabad.",,,/blog/aws-glue-jobs-pyspark-on-serverless-spark (set by the page template),false,aws; glue; jobs; pyspark,aws; glue; jobs; pyspark,0,,0,,4,10 min,false,false,false,,not available: no views column in the CMS and no Search Console export,analyzed
43090c3b-d496-410d-ba59-c679d6506321,aws-glue-studio-visual-etl-for-beginners,/blog/aws-glue-studio-visual-etl-for-beginners,AWS Glue Studio: Visual ETL for Beginners,published,aws,AWS,guide,Sneha Reddy,sneha-reddy,682d13de-46d8-47b4-914e-58e25b899413,2025-11-30,2025-11-30T00:00:00+00:00,2026-01-12,2026-09-18T14:37:07.161579+00:00,2026-09-18T14:37:07.161579+00:00,679,26,1c8cd9f84f8771abefdfee891824f05d35390e796e4ddc9442ad698c7ade2fec,posts/aws-glue-studio-visual-etl-for-beginners.json in the backup,"AWS Glue Studio: Visual ETL for Beginners — A practical, example-led guide you can apply right away.",100,,AWS Glue Studio: Visual ETL for Beginners,41,"AWS Glue Studio: Visual ETL for Beginners — A practical, example-led guide you can apply right away. Explained by GloryTecks AWS mentors in Hyderabad.",150,AWS Glue Studio: Visual ETL for Beginners,"AWS Glue Studio: Visual ETL for Beginners — A practical, example-led guide you can apply right away. Explained by GloryTecks AWS mentors in Hyderabad.",,,/blog/aws-glue-studio-visual-etl-for-beginners (set by the page template),false,aws; glue; studio; visual,aws; glue; studio; visual,0,,0,,4,10 min,false,false,false,,not available: no views column in the CMS and no Search Console export,analyzed
b02836b8-0ec5-4cbd-83fc-31b420215099,aws-glue-tutorial-serverless-etl-on-aws,/blog/aws-glue-tutorial-serverless-etl-on-aws,AWS Glue Tutorial: Serverless ETL on AWS,published,aws,AWS,guide,Sneha Reddy,sneha-reddy,682d13de-46d8-47b4-914e-58e25b899413,2026-05-17,2026-05-17T00:00:00+00:00,2026-06-13,2026-09-18T14:07:38.729241+00:00,2026-09-18T14:07:38.729241+00:00,679,26,c59e27e6e0db0ecf7f302478702ce7843004e0cb90ae690e70b70ba8bb613369,posts/aws-glue-tutorial-serverless-etl-on-aws.json in the backup,"AWS Glue Tutorial: Serverless ETL on AWS — A practical, example-led guide you can apply right away.",99,,AWS Glue Tutorial: Serverless ETL on AWS,40,"AWS Glue Tutorial: Serverless ETL on AWS — A practical, example-led guide you can apply right away. Explained by GloryTecks AWS mentors in Hyderabad.",149,AWS Glue Tutorial: Serverless ETL on AWS,"AWS Glue Tutorial: Serverless ETL on AWS — A practical, example-led guide you can apply right away. Explained by GloryTecks AWS mentors in Hyderabad.",,,/blog/aws-glue-tutorial-serverless-etl-on-aws (set by the page template),false,aws; glue; tutorial; serverless,aws; glue; tutorial; serverless,0,,0,,4,10 min,false,true,false,,not available: no views column in the CMS and no Search Console export,analyzed
89d1ddb6-eaa8-4b4b-abad-15e836f1bfb9,aws-glue-vs-emr-vs-lambda-for-etl,/blog/aws-glue-vs-emr-vs-lambda-for-etl,AWS Glue vs EMR vs Lambda for ETL,published,aws,AWS,comparison,GloryTecks Team,glorytecks-team,3bbe4550-883d-4859-8188-29c88e22563e,2026-04-05,2026-04-05T00:00:00+00:00,2026-05-06,2026-09-18T14:37:01.989257+00:00,2026-09-18T14:37:01.989257+00:00,486,17,3af7e50dc00e1c5a7ae4fcc1243f87b8dfce90f03f99f4589f76c6e984b17f83,posts/aws-glue-vs-emr-vs-lambda-for-etl.json in the backup,"AWS Glue vs EMR vs Lambda for ETL — A clear, practical comparison to help you decide.",85,,AWS Glue vs EMR vs Lambda for ETL,33,"AWS Glue vs EMR vs Lambda for ETL — A clear, practical comparison to help you decide. Explained by GloryTecks AWS mentors in Hyderabad.",135,AWS Glue vs EMR vs Lambda for ETL,"AWS Glue vs EMR vs Lambda for ETL — A clear, practical comparison to help you decide. Explained by GloryTecks AWS mentors in Hyderabad.",,,/blog/aws-glue-vs-emr-vs-lambda-for-etl (set by the page template),false,aws; glue; emr; lambda,aws; glue; emr; lambda,0,,0,,4,7 min,false,false,false,,not available: no views column in the CMS and no Search Console export,analyzed
1347f457-e649-430e-8513-d5897456f917,aws-iam-explained-users-roles-and-policies,/blog/aws-iam-explained-users-roles-and-policies,"AWS IAM Explained: Users, Roles and Policies",published,aws,AWS,guide,Sneha Reddy,sneha-reddy,682d13de-46d8-47b4-914e-58e25b899413,2026-03-18,2026-03-18T00:00:00+00:00,2026-04-14,2026-09-18T14:37:01.989257+00:00,2026-09-18T14:37:01.989257+00:00,679,26,3f93ed98d89f685a964ff2f0b92f593605b09924252251747d58aeee1732c22b,posts/aws-iam-explained-users-roles-and-policies.json in the backup,"AWS IAM Explained: Users, Roles and Policies — A practical, example-led guide you can apply right away.",103,,"AWS IAM Explained: Users, Roles and Policies",44,"AWS IAM Explained: Users, Roles and Policies — A practical, example-led guide you can apply right away. Explained by GloryTecks AWS mentors in Hyderabad.",153,"AWS IAM Explained: Users, Roles and Policies","AWS IAM Explained: Users, Roles and Policies — A practical, example-led guide you can apply right away. Explained by GloryTecks AWS mentors in Hyderabad.",,,/blog/aws-iam-explained-users-roles-and-policies (set by the page template),false,aws; iam; users; roles,aws; iam; users; roles,0,,0,,4,10 min,false,false,false,,not available: no views column in the CMS and no Search Console export,analyzed
fb36b6b8-8d57-43ad-a1c6-1961da1d47d3,aws-interview-questions-for-data-engineers,/blog/aws-interview-questions-for-data-engineers,AWS Interview Questions for Data Engineers,published,interview-questions,Interview Questions,interview,Priya Sharma,priya-sharma,2ef777f6-83c0-4249-9c0b-c4d1f2e17b89,2026-05-16,2026-05-16T00:00:00+00:00,2026-05-16,2026-09-18T14:07:39.546381+00:00,2026-09-18T14:07:39.546381+00:00,517,13,da294270d459802076368ad25016deaa3078b4f0169f9750d123b96787fa2676,posts/aws-interview-questions-for-data-engineers.json in the backup,"AWS Interview Questions for Data Engineers — The questions companies actually ask, with concise model answers.",110,,AWS Interview Questions for Data Engineers,42,"AWS Interview Questions for Data Engineers — The questions companies actually ask, with concise model answers. Explained by GloryTecks Interview Questions mentors in Hyderabad.",176,AWS Interview Questions for Data Engineers,"AWS Interview Questions for Data Engineers — The questions companies actually ask, with concise model answers. Explained by GloryTecks Interview Questions mentors in Hyderabad.",,,/blog/aws-interview-questions-for-data-engineers (set by the page template),false,interview questions; aws; interview; questions; data,interview questions; aws; interview; questions; data,0,,0,,9,16 min,false,true,false,,not available: no views column in the CMS and no Search Console export,needs_review
18c51e97-59b4-4c23-8fe8-e39112b42635,aws-interview-questions-for-data-engineers-2,/blog/aws-interview-questions-for-data-engineers-2,AWS Interview Questions for Data Engineers,published,aws,AWS,interview,Sneha Reddy,sneha-reddy,682d13de-46d8-47b4-914e-58e25b899413,2025-10-13,2025-10-13T00:00:00+00:00,2025-11-01,2026-09-18T14:37:08.808906+00:00,2026-09-18T14:37:08.808906+00:00,538,15,fa2d5af83d8bcc02c39744fc10197cf829b94f40bcce797efb067af34e505bd4,posts/aws-interview-questions-for-data-engineers-2.json in the backup,"AWS Interview Questions for Data Engineers — The questions companies actually ask, with concise model answers.",110,,AWS Interview Questions for Data Engineers,42,"AWS Interview Questions for Data Engineers — The questions companies actually ask, with concise model answers. Explained by GloryTecks AWS mentors in Hyderabad.",160,AWS Interview Questions for Data Engineers,"AWS Interview Questions for Data Engineers — The questions companies actually ask, with concise model answers. Explained by GloryTecks AWS mentors in Hyderabad.",,,/blog/aws-interview-questions-for-data-engineers-2 (set by the page template),false,aws; interview; questions; data,aws; interview; questions; data,0,,0,,9,16 min,false,false,false,aws-interview-questions-for-data-engineers,not available: no views column in the CMS and no Search Console export,redirected
bb5962f1-02dc-4ecf-be8c-4e4cdb5c7124,aws-lake-formation-governance-for-data-lakes,/blog/aws-lake-formation-governance-for-data-lakes,AWS Lake Formation: Governance for Data Lakes,published,aws,AWS,guide,GloryTecks Team,glorytecks-team,3bbe4550-883d-4859-8188-29c88e22563e,2026-01-23,2026-01-23T00:00:00+00:00,2026-02-07,2026-09-18T14:37:05.849802+00:00,2026-09-18T14:37:05.849802+00:00,679,26,1544bebac155f164bd99254c0dc138d0faf3c5058fcf0857e9ea49e3b87eca64,posts/aws-lake-formation-governance-for-data-lakes.json in the backup,"AWS Lake Formation: Governance for Data Lakes — A practical, example-led guide you can apply right away.",104,,AWS Lake Formation: Governance for Data Lakes,45,"AWS Lake Formation: Governance for Data Lakes — A practical, example-led guide you can apply right away. Explained by GloryTecks AWS mentors in Hyderabad.",154,AWS Lake Formation: Governance for Data Lakes,"AWS Lake Formation: Governance for Data Lakes — A practical, example-led guide you can apply right away. Explained by GloryTecks AWS mentors in Hyderabad.",,,/blog/aws-lake-formation-governance-for-data-lakes (set by the page template),false,aws; lake; formation; governance,aws; lake; formation; governance,0,,0,,4,10 min,false,false,false,,not available: no views column in the CMS and no Search Console export,analyzed
fb486884-17a7-4d47-94a8-a1f8ba948646,aws-lambda-explained-serverless-for-beginners,/blog/aws-lambda-explained-serverless-for-beginners,AWS Lambda Explained: Serverless for Beginners,published,aws,AWS,guide,GloryTecks Team,glorytecks-team,3bbe4550-883d-4859-8188-29c88e22563e,2026-05-23,2026-05-23T00:00:00+00:00,2026-06-07,2026-09-18T14:07:33.890057+00:00,2026-09-18T14:07:33.890057+00:00,678,26,3418e95ba569b2e7299db0a680fd47757a2bc426d4531d237c2dc18e0de7e25c,posts/aws-lambda-explained-serverless-for-beginners.json in the backup,"AWS Lambda Explained: Serverless for Beginners — A practical, example-led guide you can apply right away.",105,,AWS Lambda Explained: Serverless for Beginners,46,"AWS Lambda Explained: Serverless for Beginners — A practical, example-led guide you can apply right away. Explained by GloryTecks AWS mentors in Hyderabad.",155,AWS Lambda Explained: Serverless for Beginners,"AWS Lambda Explained: Serverless for Beginners — A practical, example-led guide you can apply right away. Explained by GloryTecks AWS mentors in Hyderabad.",,,/blog/aws-lambda-explained-serverless-for-beginners (set by the page template),false,aws; lambda; serverless; beginners,aws; lambda; serverless; beginners,0,,0,,4,10 min,false,true,false,,not available: no views column in the CMS and no Search Console export,analyzed
9b5f372e-9d6e-4cd4-b32d-fc64c4881104,aws-roadmap-2026-for-data-engineers,/blog/aws-roadmap-2026-for-data-engineers,AWS Roadmap 2026 for Data Engineers,published,aws,AWS,roadmap,Sneha Reddy,sneha-reddy,682d13de-46d8-47b4-914e-58e25b899413,2026-06-10,2026-06-10T00:00:00+00:00,2026-06-15,2026-09-18T14:07:19.048383+00:00,2026-09-18T14:07:19.048383+00:00,685,28,b6ccdad0a779b8f7d2252732f8dfa3fd7a9e2e37f39776b38e3e4848b49cf34f,posts/aws-roadmap-2026-for-data-engineers.json in the backup,"AWS Roadmap 2026 for Data Engineers — A step-by-step roadmap with skills, tools and a realistic timeline.",105,,AWS Roadmap 2026 for Data Engineers,35,"AWS Roadmap 2026 for Data Engineers — A step-by-step roadmap with skills, tools and a realistic timeline. Explained by GloryTecks AWS mentors in Hyderabad.",155,AWS Roadmap 2026 for Data Engineers,"AWS Roadmap 2026 for Data Engineers — A step-by-step roadmap with skills, tools and a realistic timeline. Explained by GloryTecks AWS mentors in Hyderabad.",,,/blog/aws-roadmap-2026-for-data-engineers (set by the page template),false,aws; roadmap; data; engineers,aws; roadmap; data; engineers,0,,0,,4,13 min,true,false,false,,not available: no views column in the CMS and no Search Console export,needs_review
1da99e24-0ef1-4ec5-9e4e-d054a84b0497,aws-solutions-architect-associate-a-study-guide,/blog/aws-solutions-architect-associate-a-study-guide,AWS Solutions Architect Associate: A Study Guide,published,aws,AWS,guide,Sneha Reddy,sneha-reddy,682d13de-46d8-47b4-914e-58e25b899413,2025-12-12,2025-12-12T00:00:00+00:00,2025-12-31,2026-09-18T14:37:05.849802+00:00,2026-09-18T14:37:05.849802+00:00,681,26,cf208c3b6cea8a58f1c8f2ba671e56f3097a58dcf5b3f31e05ec7a7ad79cb250,posts/aws-solutions-architect-associate-a-study-guide.json in the backup,"AWS Solutions Architect Associate: A Study Guide — A practical, example-led guide you can apply right away.",107,,AWS Solutions Architect Associate: A Study Guide,48,"AWS Solutions Architect Associate: A Study Guide — A practical, example-led guide you can apply right away. Explained by GloryTecks AWS mentors in Hyderabad.",157,AWS Solutions Architect Associate: A Study Guide,"AWS Solutions Architect Associate: A Study Guide — A practical, example-led guide you can apply right away. Explained by GloryTecks AWS mentors in Hyderabad.",,,/blog/aws-solutions-architect-associate-a-study-guide (set by the page template),false,aws; solutions; architect; associate,aws; solutions; architect; associate,0,,0,,4,10 min,false,false,false,,not available: no views column in the CMS and no Search Console export,analyzed
8e059829-fbfc-4507-8320-7545457d05d1,aws-step-functions-orchestrating-serverless-workflows,/blog/aws-step-functions-orchestrating-serverless-workflows,AWS Step Functions: Orchestrating Serverless Workflows,published,aws,AWS,guide,Sneha Reddy,sneha-reddy,682d13de-46d8-47b4-914e-58e25b899413,2026-03-06,2026-03-06T00:00:00+00:00,2026-03-17,2026-09-18T14:37:03.893983+00:00,2026-09-18T14:37:03.893983+00:00,678,26,67e24884f6dbbfa7d2ab6a804e7e9ba384ddbb7ee5b7cec0f9076b5ca9cb7e8b,posts/aws-step-functions-orchestrating-serverless-workflows.json in the backup,"AWS Step Functions: Orchestrating Serverless Workflows — A practical, example-led guide you can apply right away.",113,,AWS Step Functions: Orchestrating Serverless Workflows,54,"AWS Step Functions: Orchestrating Serverless Workflows — A practical, example-led guide you can apply right away. Explained by GloryTecks AWS mentors in Hyderabad.",163,AWS Step Functions: Orchestrating Serverless Workflows,"AWS Step Functions: Orchestrating Serverless Workflows — A practical, example-led guide you can apply right away. Explained by GloryTecks AWS mentors in Hyderabad.",,,/blog/aws-step-functions-orchestrating-serverless-workflows (set by the page template),false,aws; functions; orchestrating; serverless,aws; functions; orchestrating; serverless,0,,0,,4,10 min,false,false,false,,not available: no views column in the CMS and no Search Console export,analyzed
c745e9a0-2f74-4e06-9556-a4bd1f56c124,azure-data-engineer-certification-dp-203-guide,/blog/azure-data-engineer-certification-dp-203-guide,Azure Data Engineer Certification (DP-203) Guide,published,azure-data-factory,Azure Data Factory,certification,Sneha Reddy,sneha-reddy,682d13de-46d8-47b4-914e-58e25b899413,2026-05-06,2026-05-06T00:00:00+00:00,2026-05-06,2026-09-18T14:37:01.989257+00:00,2026-09-18T14:37:01.989257+00:00,534,18,c42474046f6dd14f2765a11bd75f7780fd6253f2d6e6976fa2d47227dbfe63cc,posts/azure-data-engineer-certification-dp-203-guide.json in the backup,"Azure Data Engineer Certification (DP-203) Guide — Exam structure, syllabus, prep plan and resources that work.",111,,Azure Data Engineer Certification (DP-203) Guide,48,"Azure Data Engineer Certification (DP-203) Guide — Exam structure, syllabus, prep plan and resources that work. Explained by GloryTecks Azure Data Factory mentors in Hyderabad.",176,Azure Data Engineer Certification (DP-203) Guide,"Azure Data Engineer Certification (DP-203) Guide — Exam structure, syllabus, prep plan and resources that work. Explained by GloryTecks Azure Data Factory mentors in Hyderabad.",,,/blog/azure-data-engineer-certification-dp-203-guide (set by the page template),false,azure data factory; azure; data; engineer; certification,azure data factory; azure; data; engineer; certification,0,,0,,5,9 min,false,false,false,,not available: no views column in the CMS and no Search Console export,analyzed
ae4e1d84-d666-4cb4-bd37-eaa3bb547c8b,azure-data-engineer-salary-in-hyderabad-2026,/blog/azure-data-engineer-salary-in-hyderabad-2026,Azure Data Engineer Salary in Hyderabad 2026,published,azure-data-factory,Azure Data Factory,salary,Sneha Reddy,sneha-reddy,682d13de-46d8-47b4-914e-58e25b899413,2025-11-19,2025-11-19T00:00:00+00:00,2025-11-19,2026-09-18T14:37:07.161579+00:00,2026-09-18T14:37:07.161579+00:00,555,17,5797d1583aeee552fc7cf3d5adf00605c2a9ebf3f00ba6ccd2f866455f1e8b58,posts/azure-data-engineer-salary-in-hyderabad-2026.json in the backup,"Azure Data Engineer Salary in Hyderabad 2026 — Up-to-date salary ranges, the factors that move pay, and how to earn more.",121,,Azure Data Engineer Salary in Hyderabad 2026,44,"Azure Data Engineer Salary in Hyderabad 2026 — Up-to-date salary ranges, the factors that move pay, and how to earn more. Explained by GloryTecks Azure Data Factory mentors in Hyderabad.",186,Azure Data Engineer Salary in Hyderabad 2026,"Azure Data Engineer Salary in Hyderabad 2026 — Up-to-date salary ranges, the factors that move pay, and how to earn more. Explained by GloryTecks Azure Data Factory mentors in Hyderabad.",,,/blog/azure-data-engineer-salary-in-hyderabad-2026 (set by the page template),false,azure data factory; azure; data; engineer; salary,azure data factory; azure; data; engineer; salary,0,,0,,5,8 min,false,false,false,,not available: no views column in the CMS and no Search Console export,needs_review
607d2e22-650a-4f39-93ed-e5f6a2167825,azure-data-engineering-projects-for-your-portfolio,/blog/azure-data-engineering-projects-for-your-portfolio,Azure Data Engineering Projects for Your Portfolio,published,azure-data-factory,Azure Data Factory,projects,GloryTecks Team,glorytecks-team,3bbe4550-883d-4859-8188-29c88e22563e,2025-09-02,2025-09-02T00:00:00+00:00,2025-09-02,2026-09-18T14:37:08.808906+00:00,2026-09-18T14:37:08.808906+00:00,591,21,2a9b039d94a8633d5be640fc73d98ff2ab86056bf3c10be3d796361148eee334,posts/azure-data-engineering-projects-for-your-portfolio.json in the backup,"Azure Data Engineering Projects for Your Portfolio — Hands-on project ideas with datasets, scope and what to showcase.",118,,Azure Data Engineering Projects for Your Portfolio,50,"Azure Data Engineering Projects for Your Portfolio — Hands-on project ideas with datasets, scope and what to showcase. Explained by GloryTecks Azure Data Factory mentors in Hyderabad.",183,Azure Data Engineering Projects for Your Portfolio,"Azure Data Engineering Projects for Your Portfolio — Hands-on project ideas with datasets, scope and what to showcase. Explained by GloryTecks Azure Data Factory mentors in Hyderabad.",,,/blog/azure-data-engineering-projects-for-your-portfolio (set by the page template),false,azure data factory; azure; data; engineering; projects,azure data factory; azure; data; engineering; projects,0,,0,,4,11 min,false,false,false,,not available: no views column in the CMS and no Search Console export,analyzed
e96ec2d8-45ed-48de-b9ea-ffd1e5e1c3fd,azure-data-factory-adf-interview-questions,/blog/azure-data-factory-adf-interview-questions,Azure Data Factory (ADF) Interview Questions,published,interview-questions,Interview Questions,interview,Ravi Kumar,ravi-kumar,4fa1201f-a7aa-4e99-9cc2-b037e972a216,2026-05-22,2026-05-22T00:00:00+00:00,2026-05-22,2026-09-18T14:07:34.699824+00:00,2026-09-18T14:07:34.699824+00:00,517,13,1c206ce211133b0acfe22aebea385d274b8f91315c7cc2d4011412e74c57677a,posts/azure-data-factory-adf-interview-questions.json in the backup,"Azure Data Factory (ADF) Interview Questions — The questions companies actually ask, with concise model answers.",112,,Azure Data Factory (ADF) Interview Questions,44,"Azure Data Factory (ADF) Interview Questions — The questions companies actually ask, with concise model answers. Explained by GloryTecks Interview Questions mentors in Hyderabad.",178,Azure Data Factory (ADF) Interview Questions,"Azure Data Factory (ADF) Interview Questions — The questions companies actually ask, with concise model answers. Explained by GloryTecks Interview Questions mentors in Hyderabad.",,,/blog/azure-data-factory-adf-interview-questions (set by the page template),false,interview questions; azure; data; factory; adf,interview questions; azure; data; factory; adf,0,,0,,9,16 min,false,true,false,,not available: no views column in the CMS and no Search Console export,merge_candidate
d4a2cf26-6806-4348-91e2-04762d4163be,azure-data-factory-interview-questions-and-answers,/blog/azure-data-factory-interview-questions-and-answers,Azure Data Factory Interview Questions and Answers,published,azure-data-factory,Azure Data Factory,interview,GloryTecks Team,glorytecks-team,3bbe4550-883d-4859-8188-29c88e22563e,2025-11-01,2025-11-01T00:00:00+00:00,2025-11-01,2026-09-18T14:37:07.161579+00:00,2026-09-18T14:37:07.161579+00:00,544,15,ff895020a7d6d66dc7096abc23dca22656d3dc83fa980d9f1818e91d9c68c064,posts/azure-data-factory-interview-questions-and-answers.json in the backup,"Azure Data Factory Interview Questions and Answers — The questions companies actually ask, with concise model answers.",118,,Azure Data Factory Interview Questions and Answers,50,"Azure Data Factory Interview Questions and Answers — The questions companies actually ask, with concise model answers. Explained by GloryTecks Azure Data Factory mentors in Hyderabad.",183,Azure Data Factory Interview Questions and Answers,"Azure Data Factory Interview Questions and Answers — The questions companies actually ask, with concise model answers. Explained by GloryTecks Azure Data Factory mentors in Hyderabad.",,,/blog/azure-data-factory-interview-questions-and-answers (set by the page template),false,azure data factory; azure; data; factory; interview,azure data factory; azure; data; factory; interview,0,,0,,9,16 min,false,false,false,,not available: no views column in the CMS and no Search Console export,analyzed
8515f2ba-8c71-43d8-afc6-e557b7d55ad7,azure-data-factory-roadmap-2026-a-complete-guide,/blog/azure-data-factory-roadmap-2026-a-complete-guide,Azure Data Factory Roadmap 2026: A Complete Guide,published,azure-data-factory,Azure Data Factory,roadmap,Sneha Reddy,sneha-reddy,682d13de-46d8-47b4-914e-58e25b899413,2026-06-11,2026-06-11T00:00:00+00:00,2026-06-11,2026-09-18T14:07:18.646962+00:00,2026-09-18T14:07:18.646962+00:00,707,28,0e264aee2cf26b5590396c8869a0788110a8d6375196d856cc3921337834cd8b,posts/azure-data-factory-roadmap-2026-a-complete-guide.json in the backup,"Azure Data Factory Roadmap 2026: A Complete Guide — A step-by-step roadmap with skills, tools and a realistic timeline.",119,,Azure Data Factory Roadmap 2026: A Complete Guide,49,"Azure Data Factory Roadmap 2026: A Complete Guide — A step-by-step roadmap with skills, tools and a realistic timeline. Explained by GloryTecks Azure Data Factory mentors in Hyderabad.",184,Azure Data Factory Roadmap 2026: A Complete Guide,"Azure Data Factory Roadmap 2026: A Complete Guide — A step-by-step roadmap with skills, tools and a realistic timeline. Explained by GloryTecks Azure Data Factory mentors in Hyderabad.",,,/blog/azure-data-factory-roadmap-2026-a-complete-guide (set by the page template),false,azure data factory; azure; data; factory; roadmap,azure data factory; azure; data; factory; roadmap,0,,0,,4,13 min,true,false,false,,not available: no views column in the CMS and no Search Console export,analyzed
115673c0-835c-48f7-91dc-7e97c7c9470b,azure-data-lake-storage-gen2-explained,/blog/azure-data-lake-storage-gen2-explained,Azure Data Lake Storage Gen2 Explained,published,azure-data-factory,Azure Data Factory,guide,GloryTecks Team,glorytecks-team,3bbe4550-883d-4859-8188-29c88e22563e,2026-03-13,2026-03-13T00:00:00+00:00,2026-03-13,2026-09-18T14:37:03.893983+00:00,2026-09-18T14:37:03.893983+00:00,707,26,80ec998253f6256df25c3dc021d8ccd2151fb120726ee52367b294d5dc7be144,posts/azure-data-lake-storage-gen2-explained.json in the backup,"Azure Data Lake Storage Gen2 Explained — A practical, example-led guide you can apply right away.",97,,Azure Data Lake Storage Gen2 Explained,38,"Azure Data Lake Storage Gen2 Explained — A practical, example-led guide you can apply right away. Explained by GloryTecks Azure Data Factory mentors in Hyderabad.",162,Azure Data Lake Storage Gen2 Explained,"Azure Data Lake Storage Gen2 Explained — A practical, example-led guide you can apply right away. Explained by GloryTecks Azure Data Factory mentors in Hyderabad.",,,/blog/azure-data-lake-storage-gen2-explained (set by the page template),false,azure data factory; azure; data; lake; storage,azure data factory; azure; data; lake; storage,0,,0,,4,10 min,false,false,false,,not available: no views column in the CMS and no Search Console export,analyzed
fa288dfa-2abf-4af0-a611-1861a28202ea,azure-databricks-with-adf-orchestration-patterns,/blog/azure-databricks-with-adf-orchestration-patterns,Azure Databricks with ADF: Orchestration Patterns,published,azure-data-factory,Azure Data Factory,guide,GloryTecks Team,glorytecks-team,3bbe4550-883d-4859-8188-29c88e22563e,2025-12-19,2025-12-19T00:00:00+00:00,2025-12-19,2026-09-18T14:37:05.849802+00:00,2026-09-18T14:37:05.849802+00:00,703,26,81d63fa14560d12710c3f33b19c855aff1f3fe698528347570022bd48e1df71c,posts/azure-databricks-with-adf-orchestration-patterns.json in the backup,"Azure Databricks with ADF: Orchestration Patterns — A practical, example-led guide you can apply right away.",108,,Azure Databricks with ADF: Orchestration Patterns,49,"Azure Databricks with ADF: Orchestration Patterns — A practical, example-led guide you can apply right away. Explained by GloryTecks Azure Data Factory mentors in Hyderabad.",173,Azure Databricks with ADF: Orchestration Patterns,"Azure Databricks with ADF: Orchestration Patterns — A practical, example-led guide you can apply right away. Explained by GloryTecks Azure Data Factory mentors in Hyderabad.",,,/blog/azure-databricks-with-adf-orchestration-patterns (set by the page template),false,azure data factory; azure; databricks; adf; orchestration,azure data factory; azure; databricks; adf; orchestration,0,,0,,4,10 min,false,false,false,,not available: no views column in the CMS and no Search Console export,analyzed
fc90e982-6c07-4a1e-b9ad-2248908003e1,azure-fundamentals-az-900-a-quick-start-guide,/blog/azure-fundamentals-az-900-a-quick-start-guide,Azure Fundamentals (AZ-900): A Quick-Start Guide,published,azure-data-factory,Azure Data Factory,certification,Sneha Reddy,sneha-reddy,682d13de-46d8-47b4-914e-58e25b899413,2025-10-14,2025-10-14T00:00:00+00:00,2025-10-14,2026-09-18T14:37:08.808906+00:00,2026-09-18T14:37:08.808906+00:00,531,18,edd40b28a0610b145cb74c7ee68ffaf7f99c1110ab92aade26945e0dba98c260,posts/azure-fundamentals-az-900-a-quick-start-guide.json in the backup,"Azure Fundamentals (AZ-900): A Quick-Start Guide — Exam structure, syllabus, prep plan and resources that work.",111,,Azure Fundamentals (AZ-900): A Quick-Start Guide,48,"Azure Fundamentals (AZ-900): A Quick-Start Guide — Exam structure, syllabus, prep plan and resources that work. Explained by GloryTecks Azure Data Factory mentors in Hyderabad.",176,Azure Fundamentals (AZ-900): A Quick-Start Guide,"Azure Fundamentals (AZ-900): A Quick-Start Guide — Exam structure, syllabus, prep plan and resources that work. Explained by GloryTecks Azure Data Factory mentors in Hyderabad.",,,/blog/azure-fundamentals-az-900-a-quick-start-guide (set by the page template),false,azure data factory; azure; fundamentals; 900; quick,azure data factory; azure; fundamentals; 900; quick,0,,0,,5,9 min,false,false,false,,not available: no views column in the CMS and no Search Console export,analyzed
72c3f650-0df8-4772-bd7f-f750cdab4341,azure-interview-questions-for-data-engineers,/blog/azure-interview-questions-for-data-engineers,Azure Interview Questions for Data Engineers,published,interview-questions,Interview Questions,interview,Priya Sharma,priya-sharma,2ef777f6-83c0-4249-9c0b-c4d1f2e17b89,2025-10-12,2025-10-12T00:00:00+00:00,2025-10-12,2026-09-18T14:37:08.808906+00:00,2026-09-18T14:37:08.808906+00:00,517,13,7589214696a9cfe884b216b01948138528e47fc99cc4a7680e14ec59821b0afb,posts/azure-interview-questions-for-data-engineers.json in the backup,"Azure Interview Questions for Data Engineers — The questions companies actually ask, with concise model answers.",112,,Azure Interview Questions for Data Engineers,44,"Azure Interview Questions for Data Engineers — The questions companies actually ask, with concise model answers. Explained by GloryTecks Interview Questions mentors in Hyderabad.",178,Azure Interview Questions for Data Engineers,"Azure Interview Questions for Data Engineers — The questions companies actually ask, with concise model answers. Explained by GloryTecks Interview Questions mentors in Hyderabad.",,,/blog/azure-interview-questions-for-data-engineers (set by the page template),false,interview questions; azure; interview; questions; data,interview questions; azure; interview; questions; data,0,,0,,9,16 min,false,false,false,,not available: no views column in the CMS and no Search Console export,analyzed
411d7c4e-1869-481a-8fa6-be2149483e0a,azure-key-vault-integration-with-data-factory,/blog/azure-key-vault-integration-with-data-factory,Azure Key Vault Integration with Data Factory,published,azure-data-factory,Azure Data Factory,guide,Sneha Reddy,sneha-reddy,682d13de-46d8-47b4-914e-58e25b899413,2026-02-11,2026-02-11T00:00:00+00:00,2026-02-11,2026-09-18T14:37:03.893983+00:00,2026-09-18T14:37:03.893983+00:00,710,26,a5b6b52d4bb43bdfbb4fdadbe6ffd5250835b4066828d8aca193c503e6fabc30,posts/azure-key-vault-integration-with-data-factory.json in the backup,"Azure Key Vault Integration with Data Factory — A practical, example-led guide you can apply right away.",104,,Azure Key Vault Integration with Data Factory,45,"Azure Key Vault Integration with Data Factory — A practical, example-led guide you can apply right away. Explained by GloryTecks Azure Data Factory mentors in Hyderabad.",169,Azure Key Vault Integration with Data Factory,"Azure Key Vault Integration with Data Factory — A practical, example-led guide you can apply right away. Explained by GloryTecks Azure Data Factory mentors in Hyderabad.",,,/blog/azure-key-vault-integration-with-data-factory (set by the page template),false,azure data factory; azure; key; vault; integration,azure data factory; azure; key; vault; integration,0,,0,,4,10 min,false,false,false,,not available: no views column in the CMS and no Search Console export,analyzed
a9cb8ce8-0423-49eb-bd46-90008dfe8ce1,azure-synapse-analytics-explained-for-beginners,/blog/azure-synapse-analytics-explained-for-beginners,Azure Synapse Analytics Explained for Beginners,published,azure-data-factory,Azure Data Factory,guide,GloryTecks Team,glorytecks-team,3bbe4550-883d-4859-8188-29c88e22563e,2026-04-30,2026-04-30T00:00:00+00:00,2026-04-30,2026-09-18T14:37:01.989257+00:00,2026-09-18T14:37:01.989257+00:00,707,26,4898fb18ea2107f95f18b5efdda0540b00a1fe6e8fccf9f9e92a87547a029cb1,posts/azure-synapse-analytics-explained-for-beginners.json in the backup,"Azure Synapse Analytics Explained for Beginners — A practical, example-led guide you can apply right away.",106,,Azure Synapse Analytics Explained for Beginners,47,"Azure Synapse Analytics Explained for Beginners — A practical, example-led guide you can apply right away. Explained by GloryTecks Azure Data Factory mentors in Hyderabad.",171,Azure Synapse Analytics Explained for Beginners,"Azure Synapse Analytics Explained for Beginners — A practical, example-led guide you can apply right away. Explained by GloryTecks Azure Data Factory mentors in Hyderabad.",,,/blog/azure-synapse-analytics-explained-for-beginners (set by the page template),false,azure data factory; azure; synapse; analytics; beginners,azure data factory; azure; synapse; analytics; beginners,0,,0,,4,10 min,false,false,false,,not available: no views column in the CMS and no Search Console export,analyzed
790ec0a3-9c9e-4b34-953a-527e344d4420,azure-synapse-pipelines-vs-standalone-adf,/blog/azure-synapse-pipelines-vs-standalone-adf,Azure Synapse Pipelines vs Standalone ADF,published,azure-data-factory,Azure Data Factory,comparison,Sneha Reddy,sneha-reddy,682d13de-46d8-47b4-914e-58e25b899413,2025-09-20,2025-09-20T00:00:00+00:00,2025-09-20,2026-09-18T14:37:08.808906+00:00,2026-09-18T14:37:08.808906+00:00,489,17,1013e70ba2dbc654b3c738c001b6c473bc182fe54ab6dfd858c9674c20237f1a,posts/azure-synapse-pipelines-vs-standalone-adf.json in the backup,"Azure Synapse Pipelines vs Standalone ADF — A clear, practical comparison to help you decide.",93,,Azure Synapse Pipelines vs Standalone ADF,41,"Azure Synapse Pipelines vs Standalone ADF — A clear, practical comparison to help you decide. Explained by GloryTecks Azure Data Factory mentors in Hyderabad.",158,Azure Synapse Pipelines vs Standalone ADF,"Azure Synapse Pipelines vs Standalone ADF — A clear, practical comparison to help you decide. Explained by GloryTecks Azure Data Factory mentors in Hyderabad.",,,/blog/azure-synapse-pipelines-vs-standalone-adf (set by the page template),false,azure data factory; azure; synapse; pipelines; standalone,azure data factory; azure; synapse; pipelines; standalone,0,,0,,4,7 min,false,false,false,,not available: no views column in the CMS and no Search Console export,analyzed
49319bac-a68d-4a3d-8f7e-fcdb24e0fb3e,azure-synapse-vs-azure-data-factory-a-comparison,/blog/azure-synapse-vs-azure-data-factory-a-comparison,Azure Synapse vs Azure Data Factory: A Comparison,published,azure-data-factory,Azure Data Factory,comparison,GloryTecks Team,glorytecks-team,3bbe4550-883d-4859-8188-29c88e22563e,2026-01-12,2026-01-12T00:00:00+00:00,2026-01-12,2026-09-18T14:37:05.849802+00:00,2026-09-18T14:37:05.849802+00:00,491,17,4cb3f316b9168dc12030e073d6b3883d06bf683f2c08abf0867846133090bc54,posts/azure-synapse-vs-azure-data-factory-a-comparison.json in the backup,"Azure Synapse vs Azure Data Factory: A Comparison — A clear, practical comparison to help you decide.",101,,Azure Synapse vs Azure Data Factory: A Comparison,49,"Azure Synapse vs Azure Data Factory: A Comparison — A clear, practical comparison to help you decide. Explained by GloryTecks Azure Data Factory mentors in Hyderabad.",166,Azure Synapse vs Azure Data Factory: A Comparison,"Azure Synapse vs Azure Data Factory: A Comparison — A clear, practical comparison to help you decide. Explained by GloryTecks Azure Data Factory mentors in Hyderabad.",,,/blog/azure-synapse-vs-azure-data-factory-a-comparison (set by the page template),false,azure data factory; azure; synapse; data; factory,azure data factory; azure; synapse; data; factory,0,,0,,4,7 min,false,false,true,,not available: no views column in the CMS and no Search Console export,analyzed
74716dbb-b81a-4ac0-9988-41d618491427,batch-vs-real-time-model-inference-tradeoffs,/blog/batch-vs-real-time-model-inference-tradeoffs,Batch vs Real-Time Model Inference: Tradeoffs,published,mlops,MLOps,comparison,Ravi Kumar,ravi-kumar,4fa1201f-a7aa-4e99-9cc2-b037e972a216,2026-02-06,2026-02-06T00:00:00+00:00,2026-02-06,2026-09-18T14:37:03.893983+00:00,2026-09-18T14:37:03.893983+00:00,477,17,933088f3abaf66e952788f1a35c51a2b6a630672ea5cc4424361b866c3e07dc4,posts/batch-vs-real-time-model-inference-tradeoffs.json in the backup,"Batch vs Real-Time Model Inference: Tradeoffs — A clear, practical comparison to help you decide.",97,,Batch vs Real-Time Model Inference: Tradeoffs,45,"Batch vs Real-Time Model Inference: Tradeoffs — A clear, practical comparison to help you decide. Explained by GloryTecks MLOps mentors in Hyderabad.",149,Batch vs Real-Time Model Inference: Tradeoffs,"Batch vs Real-Time Model Inference: Tradeoffs — A clear, practical comparison to help you decide. Explained by GloryTecks MLOps mentors in Hyderabad.",,,/blog/batch-vs-real-time-model-inference-tradeoffs (set by the page template),false,mlops; batch; real; time; model,mlops; batch; real; time; model,0,,0,,4,7 min,false,false,false,,not available: no views column in the CMS and no Search Console export,analyzed
fb9c9772-df13-4071-ae31-00e932fba319,batch-vs-streaming-data-processing-a-clear-comparison,/blog/batch-vs-streaming-data-processing-a-clear-comparison,Batch vs Streaming Data Processing: A Clear Comparison,published,data-engineering,Data Engineering,comparison,Sneha Reddy,sneha-reddy,682d13de-46d8-47b4-914e-58e25b899413,2026-04-01,2026-04-01T00:00:00+00:00,2026-05-11,2026-09-18T14:37:01.989257+00:00,2026-09-18T14:37:01.989257+00:00,477,17,4c0c316ace7e66febdd1a9264bbf895d33f2f5653ba1a2a7f9c68d68215b7e4d,posts/batch-vs-streaming-data-processing-a-clear-comparison.json in the backup,"Batch vs Streaming Data Processing: A Clear Comparison — A clear, practical comparison to help you decide.",106,,Batch vs Streaming Data Processing: A Clear Comparison,54,"Batch vs Streaming Data Processing: A Clear Comparison — A clear, practical comparison to help you decide. Explained by GloryTecks Data Engineering mentors in Hyderabad.",169,Batch vs Streaming Data Processing: A Clear Comparison,"Batch vs Streaming Data Processing: A Clear Comparison — A clear, practical comparison to help you decide. Explained by GloryTecks Data Engineering mentors in Hyderabad.",,,/blog/batch-vs-streaming-data-processing-a-clear-comparison (set by the page template),false,data engineering; batch; streaming; data; processing,data engineering; batch; streaming; data; processing,0,,0,,4,7 min,false,false,false,,not available: no views column in the CMS and no Search Console export,analyzed
33b74348-521e-4edd-8dd4-a36b7b482ae2,behavioral-interview-questions-for-data-roles,/blog/behavioral-interview-questions-for-data-roles,Behavioral Interview Questions for Data Roles,published,interview-questions,Interview Questions,interview,Priya Sharma,priya-sharma,2ef777f6-83c0-4249-9c0b-c4d1f2e17b89,2025-09-18,2025-09-18T00:00:00+00:00,2025-09-18,2026-09-18T16:56:48.556531+00:00,2026-09-18T14:37:08.808906+00:00,517,13,688a5be5b20e4a7f596ed13cf725332a52aa07f7350cbf378569574a6f17cb3d,posts/behavioral-interview-questions-for-data-roles.json in the backup,"Behavioral Interview Questions for Data Roles — The questions companies actually ask, with concise model answers.",113,,Behavioral Interview Questions for Data Roles,45,"Behavioral Interview Questions for Data Roles — The questions companies actually ask, with concise model answers. Explained by GloryTecks Interview Questions mentors in Hyderabad.",179,Behavioral Interview Questions for Data Roles,"Behavioral Interview Questions for Data Roles — The questions companies actually ask, with concise model answers. Explained by GloryTecks Interview Questions mentors in Hyderabad.",,,/blog/behavioral-interview-questions-for-data-roles (set by the page template),false,interview questions; behavioral; interview; questions; data,interview questions; behavioral; interview; questions; data,0,,0,,9,3 min,false,false,true,,not available: no views column in the CMS and no Search Console export,analyzed
10d1a8b9-b501-4130-9112-501faa2224aa,best-free-datasets-for-data-science-practice-in-2026,/blog/best-free-datasets-for-data-science-practice-in-2026,Best Free Datasets for Data Science Practice in 2026,published,data-science,Data Science,guide,GloryTecks Team,glorytecks-team,3bbe4550-883d-4859-8188-29c88e22563e,2025-09-18,2025-09-18T00:00:00+00:00,2025-10-18,2026-09-18T14:37:08.808906+00:00,2026-09-18T14:37:08.808906+00:00,688,26,a0f443220a5b6582492d7538b3c001f3ed0a1ca9c6070f36ffc7a0370579175a,posts/best-free-datasets-for-data-science-practice-in-2026.json in the backup,"Best Free Datasets for Data Science Practice in 2026 — A practical, example-led guide you can apply right away.",111,,Best Free Datasets for Data Science Practice in 2026,52,"Best Free Datasets for Data Science Practice in 2026 — A practical, example-led guide you can apply right away. Explained by GloryTecks Data Science mentors in Hyderabad.",170,Best Free Datasets for Data Science Practice in 2026,"Best Free Datasets for Data Science Practice in 2026 — A practical, example-led guide you can apply right away. Explained by GloryTecks Data Science mentors in Hyderabad.",,,/blog/best-free-datasets-for-data-science-practice-in-2026 (set by the page template),false,data science; best; free; datasets; data,data science; best; free; datasets; data,0,,0,,4,10 min,false,false,false,,not available: no views column in the CMS and no Search Console export,analyzed
bdc682e8-b409-456d-9f59-c18dbfb1a0ce,best-programming-languages-for-data-science-in-2026,/blog/best-programming-languages-for-data-science-in-2026,Best Programming Languages for Data Science in 2026,published,data-science,Data Science,guide,Ravi Kumar,ravi-kumar,4fa1201f-a7aa-4e99-9cc2-b037e972a216,2025-12-05,2025-12-05T00:00:00+00:00,2026-01-08,2026-09-18T14:37:07.161579+00:00,2026-09-18T14:37:07.161579+00:00,685,26,e77db3c66a33b2e87e74e6b56dc573a5babf492a9d735b9a299eb0a1c3c7af6a,posts/best-programming-languages-for-data-science-in-2026.json in the backup,"Best Programming Languages for Data Science in 2026 — A practical, example-led guide you can apply right away.",110,,Best Programming Languages for Data Science in 2026,51,"Best Programming Languages for Data Science in 2026 — A practical, example-led guide you can apply right away. Explained by GloryTecks Data Science mentors in Hyderabad.",169,Best Programming Languages for Data Science in 2026,"Best Programming Languages for Data Science in 2026 — A practical, example-led guide you can apply right away. Explained by GloryTecks Data Science mentors in Hyderabad.",,,/blog/best-programming-languages-for-data-science-in-2026 (set by the page template),false,data science; best; programming; languages; data,data science; best; programming; languages; data,0,,0,,4,10 min,false,false,false,,not available: no views column in the CMS and no Search Console export,analyzed
61ba3737-0357-4ff1-a4b1-85e605217fea,bias-variance-tradeoff-explained-with-real-examples,/blog/bias-variance-tradeoff-explained-with-real-examples,Bias-Variance Tradeoff Explained with Real Examples,published,data-science,Data Science,guide,GloryTecks Team,glorytecks-team,3bbe4550-883d-4859-8188-29c88e22563e,2026-03-17,2026-03-17T00:00:00+00:00,2026-04-16,2026-09-18T14:37:03.893983+00:00,2026-09-18T14:37:03.893983+00:00,679,26,2dba7f06a9dc91a69bd9f4d8eb1b9becb2f180ba15de7f1392d23e6dd4a536bb,posts/bias-variance-tradeoff-explained-with-real-examples.json in the backup,"Bias-Variance Tradeoff Explained with Real Examples — A practical, example-led guide you can apply right away.",110,,Bias-Variance Tradeoff Explained with Real Examples,51,"Bias-Variance Tradeoff Explained with Real Examples — A practical, example-led guide you can apply right away. Explained by GloryTecks Data Science mentors in Hyderabad.",169,Bias-Variance Tradeoff Explained with Real Examples,"Bias-Variance Tradeoff Explained with Real Examples — A practical, example-led guide you can apply right away. Explained by GloryTecks Data Science mentors in Hyderabad.",,,/blog/bias-variance-tradeoff-explained-with-real-examples (set by the page template),false,data science; bias; variance; tradeoff; real,data science; bias; variance; tradeoff; real,0,,0,,4,10 min,false,false,false,,not available: no views column in the CMS and no Search Console export,analyzed
c37d8e1f-39b1-41b3-9188-22680beb2891,biglake-and-external-tables-in-bigquery,/blog/biglake-and-external-tables-in-bigquery,BigLake and External Tables in BigQuery,published,gcp,GCP,guide,Sneha Reddy,sneha-reddy,682d13de-46d8-47b4-914e-58e25b899413,2025-10-02,2025-10-02T00:00:00+00:00,2025-10-02,2026-09-18T14:37:08.808906+00:00,2026-09-18T14:37:08.808906+00:00,664,26,2b211b6f0223452ac772139e67e9b4c2b428250635708bc2fb4e4dedc3336305,posts/biglake-and-external-tables-in-bigquery.json in the backup,"BigLake and External Tables in BigQuery — A practical, example-led guide you can apply right away.",98,,BigLake and External Tables in BigQuery,39,"BigLake and External Tables in BigQuery — A practical, example-led guide you can apply right away. Explained by GloryTecks GCP mentors in Hyderabad.",148,BigLake and External Tables in BigQuery,"BigLake and External Tables in BigQuery — A practical, example-led guide you can apply right away. Explained by GloryTecks GCP mentors in Hyderabad.",,,/blog/biglake-and-external-tables-in-bigquery (set by the page template),false,gcp; biglake; external; tables; bigquery,gcp; biglake; external; tables; bigquery,0,,0,,4,10 min,false,false,true,,not available: no views column in the CMS and no Search Console export,analyzed
e233c2ec-2a91-47ff-99b1-858f94a86797,bigquery-best-practices-for-analysts,/blog/bigquery-best-practices-for-analysts,BigQuery Best Practices for Analysts,published,gcp,GCP,guide,GloryTecks Team,glorytecks-team,3bbe4550-883d-4859-8188-29c88e22563e,2025-11-01,2025-11-01T00:00:00+00:00,2025-11-01,2026-09-18T14:37:07.161579+00:00,2026-09-18T14:37:07.161579+00:00,661,26,e792aa3aeae9c53e3fd034205e2bd03c162c800dc64ef2b06c2202c238039685,posts/bigquery-best-practices-for-analysts.json in the backup,"BigQuery Best Practices for Analysts — A practical, example-led guide you can apply right away.",95,,BigQuery Best Practices for Analysts,36,"BigQuery Best Practices for Analysts — A practical, example-led guide you can apply right away. Explained by GloryTecks GCP mentors in Hyderabad.",145,BigQuery Best Practices for Analysts,"BigQuery Best Practices for Analysts — A practical, example-led guide you can apply right away. Explained by GloryTecks GCP mentors in Hyderabad.",,,/blog/bigquery-best-practices-for-analysts (set by the page template),false,gcp; bigquery; best; practices; analysts,gcp; bigquery; best; practices; analysts,0,,0,,4,10 min,false,false,false,,not available: no views column in the CMS and no Search Console export,analyzed
52bd5ba6-4872-4c52-995d-a1ae1e770ef7,bigquery-cost-optimization-slots-pricing-and-tips,/blog/bigquery-cost-optimization-slots-pricing-and-tips,"BigQuery Cost Optimization: Slots, Pricing and Tips",published,gcp,GCP,guide,GloryTecks Team,glorytecks-team,3bbe4550-883d-4859-8188-29c88e22563e,2026-03-25,2026-03-25T00:00:00+00:00,2026-03-25,2026-09-18T14:37:01.989257+00:00,2026-09-18T14:37:01.989257+00:00,659,26,b417ed4192bdbc707c0ccf0794401ccc64e0e361dd75634b8795cb2a89a0f3f7,posts/bigquery-cost-optimization-slots-pricing-and-tips.json in the backup,"BigQuery Cost Optimization: Slots, Pricing and Tips — A practical, example-led guide you can apply right away.",110,,"BigQuery Cost Optimization: Slots, Pricing and Tips",51,"BigQuery Cost Optimization: Slots, Pricing and Tips — A practical, example-led guide you can apply right away. Explained by GloryTecks GCP mentors in Hyderabad.",160,"BigQuery Cost Optimization: Slots, Pricing and Tips","BigQuery Cost Optimization: Slots, Pricing and Tips — A practical, example-led guide you can apply right away. Explained by GloryTecks GCP mentors in Hyderabad.",,,/blog/bigquery-cost-optimization-slots-pricing-and-tips (set by the page template),false,gcp; bigquery; cost; optimization; slots,gcp; bigquery; cost; optimization; slots,0,,0,,4,10 min,false,false,false,,not available: no views column in the CMS and no Search Console export,analyzed
a6054653-d331-4113-a56e-ec3299744386,bigquery-explained-google-s-serverless-data-warehouse,/blog/bigquery-explained-google-s-serverless-data-warehouse,BigQuery Explained: Google's Serverless Data Warehouse,published,gcp,GCP,guide,GloryTecks Team,glorytecks-team,3bbe4550-883d-4859-8188-29c88e22563e,2026-06-05,2026-06-05T00:00:00+00:00,2026-06-05,2026-09-18T14:07:23.406638+00:00,2026-09-18T14:07:23.406638+00:00,656,26,6eae31e2e1e0b9c72ccf5438f454d9a0cbd7d4cdfd6a2773c5d10ccf1368c671,posts/bigquery-explained-google-s-serverless-data-warehouse.json in the backup,"BigQuery Explained: Google's Serverless Data Warehouse — A practical, example-led guide you can apply right away.",113,,BigQuery Explained: Google's Serverless Data Warehouse,54,"BigQuery Explained: Google's Serverless Data Warehouse — A practical, example-led guide you can apply right away. Explained by GloryTecks GCP mentors in Hyderabad.",163,BigQuery Explained: Google's Serverless Data Warehouse,"BigQuery Explained: Google's Serverless Data Warehouse — A practical, example-led guide you can apply right away. Explained by GloryTecks GCP mentors in Hyderabad.",,,/blog/bigquery-explained-google-s-serverless-data-warehouse (set by the page template),false,gcp; bigquery; google; serverless; data,gcp; bigquery; google; serverless; data,0,,0,,4,10 min,false,true,false,,not available: no views column in the CMS and no Search Console export,needs_review
e2275476-1f18-49da-9a73-13fd16f6acfc,bigquery-federated-queries-explained,/blog/bigquery-federated-queries-explained,BigQuery Federated Queries Explained,published,gcp,GCP,guide,GloryTecks Team,glorytecks-team,3bbe4550-883d-4859-8188-29c88e22563e,2025-09-02,2025-09-02T00:00:00+00:00,2025-09-02,2026-09-18T14:37:08.808906+00:00,2026-09-18T14:37:08.808906+00:00,658,26,f48075a73c9a34d7ca1bb59aaff56bb375060d20523e8551899b8b6bd7827108,posts/bigquery-federated-queries-explained.json in the backup,"BigQuery Federated Queries Explained — A practical, example-led guide you can apply right away.",95,,BigQuery Federated Queries Explained,36,"BigQuery Federated Queries Explained — A practical, example-led guide you can apply right away. Explained by GloryTecks GCP mentors in Hyderabad.",145,BigQuery Federated Queries Explained,"BigQuery Federated Queries Explained — A practical, example-led guide you can apply right away. Explained by GloryTecks GCP mentors in Hyderabad.",,,/blog/bigquery-federated-queries-explained (set by the page template),false,gcp; bigquery; federated; queries,gcp; bigquery; federated; queries,0,,0,,4,10 min,false,false,false,,not available: no views column in the CMS and no Search Console export,analyzed
2ea9a851-4aa0-4556-98b2-7fde44c6c725,bigquery-interview-questions-and-answers,/blog/bigquery-interview-questions-and-answers,BigQuery Interview Questions and Answers,published,interview-questions,Interview Questions,interview,Ravi Kumar,ravi-kumar,4fa1201f-a7aa-4e99-9cc2-b037e972a216,2026-01-22,2026-01-22T00:00:00+00:00,2026-01-22,2026-09-18T14:37:05.849802+00:00,2026-09-18T14:37:05.849802+00:00,515,13,2640cc4cf68ef99e580edfd13c9fcda07e1eaf6bcbb3aad4cf85b5d3df6ae4fd,posts/bigquery-interview-questions-and-answers.json in the backup,"BigQuery Interview Questions and Answers — The questions companies actually ask, with concise model answers.",108,,BigQuery Interview Questions and Answers,40,"BigQuery Interview Questions and Answers — The questions companies actually ask, with concise model answers. Explained by GloryTecks Interview Questions mentors in Hyderabad.",174,BigQuery Interview Questions and Answers,"BigQuery Interview Questions and Answers — The questions companies actually ask, with concise model answers. Explained by GloryTecks Interview Questions mentors in Hyderabad.",,,/blog/bigquery-interview-questions-and-answers (set by the page template),false,interview questions; bigquery; interview; questions; answers,interview questions; bigquery; interview; questions; answers,0,,0,,9,16 min,false,false,true,,not available: no views column in the CMS and no Search Console export,analyzed
6ad5314f-9cc3-40cc-9d22-6bb4e14a9e74,bigquery-ml-machine-learning-with-sql,/blog/bigquery-ml-machine-learning-with-sql,BigQuery ML: Machine Learning with SQL,published,gcp,GCP,guide,GloryTecks Team,glorytecks-team,3bbe4550-883d-4859-8188-29c88e22563e,2026-01-24,2026-01-24T00:00:00+00:00,2026-01-24,2026-09-18T14:37:05.849802+00:00,2026-09-18T14:37:05.849802+00:00,656,26,f7945ff4ce682e80cde1131c95b5fa4b305f3006abd331ecccdb9fa6cc025ffe,posts/bigquery-ml-machine-learning-with-sql.json in the backup,"BigQuery ML: Machine Learning with SQL — A practical, example-led guide you can apply right away.",97,,BigQuery ML: Machine Learning with SQL,38,"BigQuery ML: Machine Learning with SQL — A practical, example-led guide you can apply right away. Explained by GloryTecks GCP mentors in Hyderabad.",147,BigQuery ML: Machine Learning with SQL,"BigQuery ML: Machine Learning with SQL — A practical, example-led guide you can apply right away. Explained by GloryTecks GCP mentors in Hyderabad.",,,/blog/bigquery-ml-machine-learning-with-sql (set by the page template),false,gcp; bigquery; machine; learning; sql,gcp; bigquery; machine; learning; sql,0,,0,,4,10 min,false,false,false,,not available: no views column in the CMS and no Search Console export,analyzed
efbb8e32-f7f1-49a8-8c13-382124987b3d,bigquery-sql-tips-tricks-and-optimization,/blog/bigquery-sql-tips-tricks-and-optimization,"BigQuery SQL: Tips, Tricks and Optimization",published,gcp,GCP,guide,GloryTecks Team,glorytecks-team,3bbe4550-883d-4859-8188-29c88e22563e,2026-04-30,2026-04-30T00:00:00+00:00,2026-04-30,2026-09-18T14:37:01.989257+00:00,2026-09-18T14:37:01.989257+00:00,656,26,b1c39570180cbda278fc62e887b5a40b153b98ad5de371a339dc6841baf6dfc0,posts/bigquery-sql-tips-tricks-and-optimization.json in the backup,"BigQuery SQL: Tips, Tricks and Optimization — A practical, example-led guide you can apply right away.",102,,"BigQuery SQL: Tips, Tricks and Optimization",43,"BigQuery SQL: Tips, Tricks and Optimization — A practical, example-led guide you can apply right away. Explained by GloryTecks GCP mentors in Hyderabad.",152,"BigQuery SQL: Tips, Tricks and Optimization","BigQuery SQL: Tips, Tricks and Optimization — A practical, example-led guide you can apply right away. Explained by GloryTecks GCP mentors in Hyderabad.",,,/blog/bigquery-sql-tips-tricks-and-optimization (set by the page template),false,gcp; bigquery; sql; tips; tricks,gcp; bigquery; sql; tips; tricks,0,,0,,4,10 min,false,false,true,,not available: no views column in the CMS and no Search Console export,analyzed
c1b0fd3c-408b-4aed-b3ab-a7b068bbbff0,bigquery-vs-snowflake-vs-redshift-a-comparison,/blog/bigquery-vs-snowflake-vs-redshift-a-comparison,BigQuery vs Snowflake vs Redshift: A Comparison,published,gcp,GCP,comparison,GloryTecks Team,glorytecks-team,3bbe4550-883d-4859-8188-29c88e22563e,2026-03-13,2026-03-13T00:00:00+00:00,2026-03-13,2026-09-18T14:37:03.893983+00:00,2026-09-18T14:37:03.893983+00:00,474,17,2370ce9d7d2707b3f6cfffcb16b16cb44d4ddc49580157db9f8d97ec31924e2d,posts/bigquery-vs-snowflake-vs-redshift-a-comparison.json in the backup,"BigQuery vs Snowflake vs Redshift: A Comparison — A clear, practical comparison to help you decide.",99,,BigQuery vs Snowflake vs Redshift: A Comparison,47,"BigQuery vs Snowflake vs Redshift: A Comparison — A clear, practical comparison to help you decide. Explained by GloryTecks GCP mentors in Hyderabad.",149,BigQuery vs Snowflake vs Redshift: A Comparison,"BigQuery vs Snowflake vs Redshift: A Comparison — A clear, practical comparison to help you decide. Explained by GloryTecks GCP mentors in Hyderabad.",,,/blog/bigquery-vs-snowflake-vs-redshift-a-comparison (set by the page template),false,gcp; bigquery; snowflake; redshift; comparison,gcp; bigquery; snowflake; redshift; comparison,0,,0,,4,7 min,false,false,false,,not available: no views column in the CMS and no Search Console export,analyzed
1e779601-80f9-4ff7-a261-522153a8166e,bigquery-window-functions-and-analytic-sql,/blog/bigquery-window-functions-and-analytic-sql,BigQuery Window Functions and Analytic SQL,published,gcp,GCP,guide,Sneha Reddy,sneha-reddy,682d13de-46d8-47b4-914e-58e25b899413,2025-12-13,2025-12-13T00:00:00+00:00,2025-12-13,2026-09-18T14:37:05.849802+00:00,2026-09-18T14:37:05.849802+00:00,664,26,d6bf452122a3b4e9708d85292d574e5799d32e50e85fc226ef029699817e6ed7,posts/bigquery-window-functions-and-analytic-sql.json in the backup,"BigQuery Window Functions and Analytic SQL — A practical, example-led guide you can apply right away.",101,,BigQuery Window Functions and Analytic SQL,42,"BigQuery Window Functions and Analytic SQL — A practical, example-led guide you can apply right away. Explained by GloryTecks GCP mentors in Hyderabad.",151,BigQuery Window Functions and Analytic SQL,"BigQuery Window Functions and Analytic SQL — A practical, example-led guide you can apply right away. Explained by GloryTecks GCP mentors in Hyderabad.",,,/blog/bigquery-window-functions-and-analytic-sql (set by the page template),false,gcp; bigquery; window; functions; analytic,gcp; bigquery; window; functions; analytic,0,,0,,4,10 min,false,false,false,,not available: no views column in the CMS and no Search Console export,analyzed
835846f3-a25a-4d94-b632-144c055aafbe,blue-green-deployments-for-ml-services,/blog/blue-green-deployments-for-ml-services,Blue-Green Deployments for ML Services,published,mlops,MLOps,guide,Sneha Reddy,sneha-reddy,682d13de-46d8-47b4-914e-58e25b899413,2025-10-03,2025-10-03T00:00:00+00:00,2025-10-03,2026-09-18T14:37:08.808906+00:00,2026-09-18T14:37:08.808906+00:00,667,26,223f618bcf89c1955955480fdabe54155f2b2b69165c00b531eb229bad4217c5,posts/blue-green-deployments-for-ml-services.json in the backup,"Blue-Green Deployments for ML Services — A practical, example-led guide you can apply right away.",97,,Blue-Green Deployments for ML Services,38,"Blue-Green Deployments for ML Services — A practical, example-led guide you can apply right away. Explained by GloryTecks MLOps mentors in Hyderabad.",149,Blue-Green Deployments for ML Services,"Blue-Green Deployments for ML Services — A practical, example-led guide you can apply right away. Explained by GloryTecks MLOps mentors in Hyderabad.",,,/blog/blue-green-deployments-for-ml-services (set by the page template),false,mlops; blue; green; deployments; services,mlops; blue; green; deployments; services,0,,0,,4,10 min,false,false,false,,not available: no views column in the CMS and no Search Console export,analyzed
0abaa0c1-b9c8-4cb8-9eba-e5cc7c31344c,building-a-30-60-90-day-plan-for-a-new-data-job,/blog/building-a-30-60-90-day-plan-for-a-new-data-job,Building a 30-60-90 Day Plan for a New Data Job,published,career-guidance,Career Guidance,guide,Priya Sharma,priya-sharma,2ef777f6-83c0-4249-9c0b-c4d1f2e17b89,2025-10-25,2025-10-25T00:00:00+00:00,2025-10-25,2026-09-18T14:37:07.161579+00:00,2026-09-18T14:37:07.161579+00:00,654,24,44f3d44ffa1d6bbf65263fbfe4d66dad1c9e02890b2359810d617370e6629ba3,posts/building-a-30-60-90-day-plan-for-a-new-data-job.json in the backup,"Building a 30-60-90 Day Plan for a New Data Job — A practical, example-led guide you can apply right away.",106,,Building a 30-60-90 Day Plan for a New Data Job,47,"Building a 30-60-90 Day Plan for a New Data Job — A practical, example-led guide you can apply right away. Explained by GloryTecks Career Guidance mentors in Hyderabad.",168,Building a 30-60-90 Day Plan for a New Data Job,"Building a 30-60-90 Day Plan for a New Data Job — A practical, example-led guide you can apply right away. Explained by GloryTecks Career Guidance mentors in Hyderabad.",,,/blog/building-a-30-60-90-day-plan-for-a-new-data-job (set by the page template),false,career guidance; building; day; plan; new,career guidance; building; day; plan; new,0,,0,,4,10 min,false,false,false,,not available: no views column in the CMS and no Search Console export,analyzed
bd712f6b-e063-42e5-b5cc-bc8c5ee1a8c3,building-a-cli-tool-in-python-with-argparse,/blog/building-a-cli-tool-in-python-with-argparse,Building a CLI Tool in Python with argparse,published,python,Python,guide,GloryTecks Team,glorytecks-team,3bbe4550-883d-4859-8188-29c88e22563e,2025-10-11,2025-10-11T00:00:00+00:00,2025-10-11,2026-09-18T14:37:08.808906+00:00,2026-09-18T14:37:08.808906+00:00,660,26,5795cab405f33ccefecfc4b0ca9154679e26c08142613933913a3c6bb0638517,posts/building-a-cli-tool-in-python-with-argparse.json in the backup,"Building a CLI Tool in Python with argparse — A practical, example-led guide you can apply right away.",102,,Building a CLI Tool in Python with argparse,43,"Building a CLI Tool in Python with argparse — A practical, example-led guide you can apply right away. Explained by GloryTecks Python mentors in Hyderabad.",155,Building a CLI Tool in Python with argparse,"Building a CLI Tool in Python with argparse — A practical, example-led guide you can apply right away. Explained by GloryTecks Python mentors in Hyderabad.",,,/blog/building-a-cli-tool-in-python-with-argparse (set by the page template),false,building; cli; tool; python,building; cli; tool; python,0,,0,,4,10 min,false,false,false,,not available: no views column in the CMS and no Search Console export,analyzed
03331497-e78e-442a-9ce9-f99d866cd1e9,building-a-customer-support-bot-with-llms,/blog/building-a-customer-support-bot-with-llms,Building a Customer Support Bot with LLMs,published,generative-ai,Generative AI,guide,GloryTecks Team,glorytecks-team,3bbe4550-883d-4859-8188-29c88e22563e,2026-01-03,2026-01-03T00:00:00+00:00,2026-01-03,2026-09-18T14:37:05.849802+00:00,2026-09-18T14:37:05.849802+00:00,697,26,d57a2b1c12f3134621453f27b419027d586e6253b7c71c1a71c9d3ee602590e9,posts/building-a-customer-support-bot-with-llms.json in the backup,"Building a Customer Support Bot with LLMs — A practical, example-led guide you can apply right away.",100,,Building a Customer Support Bot with LLMs,41,"Building a Customer Support Bot with LLMs — A practical, example-led guide you can apply right away. Explained by GloryTecks Generative AI mentors in Hyderabad.",160,Building a Customer Support Bot with LLMs,"Building a Customer Support Bot with LLMs — A practical, example-led guide you can apply right away. Explained by GloryTecks Generative AI mentors in Hyderabad.",,,/blog/building-a-customer-support-bot-with-llms (set by the page template),false,generative ai; building; customer; support; bot,generative ai; building; customer; support; bot,0,,0,,4,10 min,false,false,false,,not available: no views column in the CMS and no Search Console export,analyzed
30e98dbd-6043-4fad-9cac-003022856ac1,building-a-data-lake-on-aws-with-s3-and-glue,/blog/building-a-data-lake-on-aws-with-s3-and-glue,Building a Data Lake on AWS with S3 and Glue,published,aws,AWS,guide,Sneha Reddy,sneha-reddy,682d13de-46d8-47b4-914e-58e25b899413,2026-03-30,2026-03-30T00:00:00+00:00,2026-05-12,2026-09-18T14:37:01.989257+00:00,2026-09-18T14:37:01.989257+00:00,696,26,871533f63ad1941865ccf759a5689132daa1ee1d5aec5c8c39ea8f47162619eb,posts/building-a-data-lake-on-aws-with-s3-and-glue.json in the backup,"Building a Data Lake on AWS with S3 and Glue — A practical, example-led guide you can apply right away.",103,,Building a Data Lake on AWS with S3 and Glue,44,"Building a Data Lake on AWS with S3 and Glue — A practical, example-led guide you can apply right away. Explained by GloryTecks AWS mentors in Hyderabad.",153,Building a Data Lake on AWS with S3 and Glue,"Building a Data Lake on AWS with S3 and Glue — A practical, example-led guide you can apply right away. Explained by GloryTecks AWS mentors in Hyderabad.",,,/blog/building-a-data-lake-on-aws-with-s3-and-glue (set by the page template),false,building; data; lake; aws,building; data; lake; aws,0,,0,,4,10 min,false,false,false,,not available: no views column in the CMS and no Search Console export,analyzed
e7be8204-552d-4409-8f68-a5748629519e,building-a-data-pipeline-on-gcp-end-to-end,/blog/building-a-data-pipeline-on-gcp-end-to-end,Building a Data Pipeline on GCP End to End,published,gcp,GCP,guide,Sneha Reddy,sneha-reddy,682d13de-46d8-47b4-914e-58e25b899413,2026-03-31,2026-03-31T00:00:00+00:00,2026-03-31,2026-09-18T14:37:01.989257+00:00,2026-09-18T14:37:01.989257+00:00,673,26,e5d9c43e20f7f387f500152ad8245e2a9236a7c93cded74a262e3d019485d765,posts/building-a-data-pipeline-on-gcp-end-to-end.json in the backup,"Building a Data Pipeline on GCP End to End — A practical, example-led guide you can apply right away.",101,,Building a Data Pipeline on GCP End to End,42,"Building a Data Pipeline on GCP End to End — A practical, example-led guide you can apply right away. Explained by GloryTecks GCP mentors in Hyderabad.",151,Building a Data Pipeline on GCP End to End,"Building a Data Pipeline on GCP End to End — A practical, example-led guide you can apply right away. Explained by GloryTecks GCP mentors in Hyderabad.",,,/blog/building-a-data-pipeline-on-gcp-end-to-end (set by the page template),false,building; data; pipeline; gcp,building; data; pipeline; gcp,0,,0,,4,10 min,false,false,false,,not available: no views column in the CMS and no Search Console export,analyzed
69913a9c-53e8-4caa-abe4-3cf11ca9b30b,building-a-data-warehouse-a-step-by-step-guide,/blog/building-a-data-warehouse-a-step-by-step-guide,Building a Data Warehouse: A Step-by-Step Guide,published,data-engineering,Data Engineering,guide,Sneha Reddy,sneha-reddy,682d13de-46d8-47b4-914e-58e25b899413,2025-12-02,2025-12-02T00:00:00+00:00,2026-01-11,2026-09-18T14:37:07.161579+00:00,2026-09-18T14:37:07.161579+00:00,676,26,bb234651e387e6f5b470326da70b31068d4e19ab9b5788dce04f8ae9fa15e9a2,posts/building-a-data-warehouse-a-step-by-step-guide.json in the backup,"Building a Data Warehouse: A Step-by-Step Guide — A practical, example-led guide you can apply right away.",106,,Building a Data Warehouse: A Step-by-Step Guide,47,"Building a Data Warehouse: A Step-by-Step Guide — A practical, example-led guide you can apply right away. Explained by GloryTecks Data Engineering mentors in Hyderabad.",169,Building a Data Warehouse: A Step-by-Step Guide,"Building a Data Warehouse: A Step-by-Step Guide — A practical, example-led guide you can apply right away. Explained by GloryTecks Data Engineering mentors in Hyderabad.",,,/blog/building-a-data-warehouse-a-step-by-step-guide (set by the page template),false,data engineering; building; data; warehouse,data engineering; building; data; warehouse,0,,0,,4,10 min,false,false,false,,not available: no views column in the CMS and no Search Console export,analyzed
72a20872-37c4-49a1-813d-e0675a5c0a96,building-a-document-q-and-a-chatbot-with-rag,/blog/building-a-document-q-and-a-chatbot-with-rag,Building a Document Q&A Chatbot with RAG,published,generative-ai,Generative AI,guide,GloryTecks Team,glorytecks-team,3bbe4550-883d-4859-8188-29c88e22563e,2026-03-28,2026-03-28T00:00:00+00:00,2026-03-28,2026-09-18T14:37:01.989257+00:00,2026-09-18T14:37:01.989257+00:00,700,26,224039be83ee6fa2d04f1139c2aaa967dc187844209b92fc601c764cb6c67a7e,posts/building-a-document-q-and-a-chatbot-with-rag.json in the backup,"Building a Document Q&A Chatbot with RAG — A practical, example-led guide you can apply right away.",99,,Building a Document Q&A Chatbot with RAG,40,"Building a Document Q&A Chatbot with RAG — A practical, example-led guide you can apply right away. Explained by GloryTecks Generative AI mentors in Hyderabad.",159,Building a Document Q&A Chatbot with RAG,"Building a Document Q&A Chatbot with RAG — A practical, example-led guide you can apply right away. Explained by GloryTecks Generative AI mentors in Hyderabad.",,,/blog/building-a-document-q-and-a-chatbot-with-rag (set by the page template),false,generative ai; building; document; chatbot; rag,generative ai; building; document; chatbot; rag,0,,0,,4,10 min,false,false,false,,not available: no views column in the CMS and no Search Console export,analyzed
4cff8509-27d3-4b2d-8500-d9bbefc533f5,building-a-finance-dashboard-in-power-bi,/blog/building-a-finance-dashboard-in-power-bi,Building a Finance Dashboard in Power BI,published,power-bi,Power BI,guide,GloryTecks Team,glorytecks-team,3bbe4550-883d-4859-8188-29c88e22563e,2025-10-22,2025-10-22T00:00:00+00:00,2025-10-22,2026-09-18T14:37:07.161579+00:00,2026-09-18T14:37:07.161579+00:00,699,26,6e07a2299aad23abe75352923f904cefbfa0319fcf9f708d9f631d0d82a5b504,posts/building-a-finance-dashboard-in-power-bi.json in the backup,"Building a Finance Dashboard in Power BI — A practical, example-led guide you can apply right away.",99,,Building a Finance Dashboard in Power BI,40,"Building a Finance Dashboard in Power BI — A practical, example-led guide you can apply right away. Explained by GloryTecks Power BI mentors in Hyderabad.",154,Building a Finance Dashboard in Power BI,"Building a Finance Dashboard in Power BI — A practical, example-led guide you can apply right away. Explained by GloryTecks Power BI mentors in Hyderabad.",,,/blog/building-a-finance-dashboard-in-power-bi (set by the page template),false,power bi; building; finance; dashboard; power,power bi; building; finance; dashboard; power,0,,0,,4,10 min,false,false,false,,not available: no views column in the CMS and no Search Console export,analyzed
4a35d3c1-f3af-4f8e-b777-b6620ed2a83a,building-a-metadata-framework-for-adf-pipelines,/blog/building-a-metadata-framework-for-adf-pipelines,Building a Metadata Framework for ADF Pipelines,published,azure-data-factory,Azure Data Factory,guide,Sneha Reddy,sneha-reddy,682d13de-46d8-47b4-914e-58e25b899413,2025-11-07,2025-11-07T00:00:00+00:00,2025-11-07,2026-09-18T14:37:07.161579+00:00,2026-09-18T14:37:07.161579+00:00,710,26,58354d282ca2ad29785b778d9917670d48b7f37c3ba6c7389d0904482a84d612,posts/building-a-metadata-framework-for-adf-pipelines.json in the backup,"Building a Metadata Framework for ADF Pipelines — A practical, example-led guide you can apply right away.",106,,Building a Metadata Framework for ADF Pipelines,47,"Building a Metadata Framework for ADF Pipelines — A practical, example-led guide you can apply right away. Explained by GloryTecks Azure Data Factory mentors in Hyderabad.",171,Building a Metadata Framework for ADF Pipelines,"Building a Metadata Framework for ADF Pipelines — A practical, example-led guide you can apply right away. Explained by GloryTecks Azure Data Factory mentors in Hyderabad.",,,/blog/building-a-metadata-framework-for-adf-pipelines (set by the page template),false,azure data factory; building; metadata; framework; adf,azure data factory; building; metadata; framework; adf,0,,0,,4,10 min,false,false,false,,not available: no views column in the CMS and no Search Console export,analyzed
0f713792-a399-4270-a18a-c6a8afd148b3,building-a-multi-agent-system-patterns-and-pitfalls,/blog/building-a-multi-agent-system-patterns-and-pitfalls,Building a Multi-Agent System: Patterns and Pitfalls,published,generative-ai,Generative AI,guide,GloryTecks Team,glorytecks-team,3bbe4550-883d-4859-8188-29c88e22563e,2025-10-23,2025-10-23T00:00:00+00:00,2025-10-23,2026-09-18T14:37:07.161579+00:00,2026-09-18T14:37:07.161579+00:00,691,26,79371300d8a599f39de450fed4f6339101495a967066c491d533c62792c8816f,posts/building-a-multi-agent-system-patterns-and-pitfalls.json in the backup,"Building a Multi-Agent System: Patterns and Pitfalls — A practical, example-led guide you can apply right away.",111,,Building a Multi-Agent System: Patterns and Pitfalls,52,"Building a Multi-Agent System: Patterns and Pitfalls — A practical, example-led guide you can apply right away. Explained by GloryTecks Generative AI mentors in Hyderabad.",171,Building a Multi-Agent System: Patterns and Pitfalls,"Building a Multi-Agent System: Patterns and Pitfalls — A practical, example-led guide you can apply right away. Explained by GloryTecks Generative AI mentors in Hyderabad.",,,/blog/building-a-multi-agent-system-patterns-and-pitfalls (set by the page template),false,generative ai; building; multi; agent; system,generative ai; building; multi; agent; system,0,,0,,4,10 min,false,false,true,,not available: no views column in the CMS and no Search Console export,analyzed
02ad0bda-2bf8-4071-92a6-785f58d763fb,building-a-personal-brand-on-linkedin,/blog/building-a-personal-brand-on-linkedin,Building a Personal Brand on LinkedIn,published,career-guidance,Career Guidance,guide,Priya Sharma,priya-sharma,2ef777f6-83c0-4249-9c0b-c4d1f2e17b89,2026-04-11,2026-04-11T00:00:00+00:00,2026-04-11,2026-09-18T14:37:01.989257+00:00,2026-09-18T14:37:01.989257+00:00,642,24,3da5c56f1d2c84085dea5e3117cf5ca60962ae2ea8b1ee1a4caf30aee331fbac,posts/building-a-personal-brand-on-linkedin.json in the backup,"Building a Personal Brand on LinkedIn — A practical, example-led guide you can apply right away.",96,,Building a Personal Brand on LinkedIn,37,"Building a Personal Brand on LinkedIn — A practical, example-led guide you can apply right away. Explained by GloryTecks Career Guidance mentors in Hyderabad.",158,Building a Personal Brand on LinkedIn,"Building a Personal Brand on LinkedIn — A practical, example-led guide you can apply right away. Explained by GloryTecks Career Guidance mentors in Hyderabad.",,,/blog/building-a-personal-brand-on-linkedin (set by the page template),false,career guidance; building; personal; brand; linkedin,career guidance; building; personal; brand; linkedin,0,,0,,4,10 min,false,false,false,,not available: no views column in the CMS and no Search Console export,merge_candidate
8d4d115e-f469-48da-9798-909835b23d1a,building-a-prediction-api-a-complete-walkthrough,/blog/building-a-prediction-api-a-complete-walkthrough,Building a Prediction API: A Complete Walkthrough,published,mlops,MLOps,guide,Ravi Kumar,ravi-kumar,4fa1201f-a7aa-4e99-9cc2-b037e972a216,2025-11-14,2025-11-14T00:00:00+00:00,2025-11-14,2026-09-18T14:37:07.161579+00:00,2026-09-18T14:37:07.161579+00:00,667,26,0db8b20e419df854bfcb37b814165215935870f61eb4d6a737f485ca0678d026,posts/building-a-prediction-api-a-complete-walkthrough.json in the backup,"Building a Prediction API: A Complete Walkthrough — A practical, example-led guide you can apply right away.",108,,Building a Prediction API: A Complete Walkthrough,49,"Building a Prediction API: A Complete Walkthrough — A practical, example-led guide you can apply right away. Explained by GloryTecks MLOps mentors in Hyderabad.",160,Building a Prediction API: A Complete Walkthrough,"Building a Prediction API: A Complete Walkthrough — A practical, example-led guide you can apply right away. Explained by GloryTecks MLOps mentors in Hyderabad.",,,/blog/building-a-prediction-api-a-complete-walkthrough (set by the page template),false,mlops; building; prediction; api; walkthrough,mlops; building; prediction; api; walkthrough,0,,0,,4,10 min,false,false,false,,not available: no views column in the CMS and no Search Console export,merge_candidate
694bf3b2-1c32-499d-8636-67aaca53a94d,building-a-real-time-dashboard-with-gcp,/blog/building-a-real-time-dashboard-with-gcp,Building a Real-Time Dashboard with GCP,published,gcp,GCP,guide,GloryTecks Team,glorytecks-team,3bbe4550-883d-4859-8188-29c88e22563e,2025-10-20,2025-10-20T00:00:00+00:00,2025-10-20,2026-09-18T14:37:07.161579+00:00,2026-09-18T14:37:07.161579+00:00,664,26,a71e9d4b07e4fb85eb7a2f2b8a8b871878f7f46cd99e95a078d788b957269e88,posts/building-a-real-time-dashboard-with-gcp.json in the backup,"Building a Real-Time Dashboard with GCP — A practical, example-led guide you can apply right away.",98,,Building a Real-Time Dashboard with GCP,39,"Building a Real-Time Dashboard with GCP — A practical, example-led guide you can apply right away. Explained by GloryTecks GCP mentors in Hyderabad.",148,Building a Real-Time Dashboard with GCP,"Building a Real-Time Dashboard with GCP — A practical, example-led guide you can apply right away. Explained by GloryTecks GCP mentors in Hyderabad.",,,/blog/building-a-real-time-dashboard-with-gcp (set by the page template),false,gcp; building; real; time; dashboard,gcp; building; real; time; dashboard,0,,0,,4,10 min,false,false,false,,not available: no views column in the CMS and no Search Console export,analyzed
bab7e75d-468f-44c6-9867-a3df4b78252e,building-a-sales-dashboard-a-hands-on-project,/blog/building-a-sales-dashboard-a-hands-on-project,Building a Sales Dashboard: A Hands-On Project,published,data-analytics,Data Analytics,projects,GloryTecks Team,glorytecks-team,3bbe4550-883d-4859-8188-29c88e22563e,2025-11-15,2025-11-15T00:00:00+00:00,2025-12-18,2026-09-18T14:37:07.161579+00:00,2026-09-18T14:37:07.161579+00:00,565,21,18f1fd5dcee008c336f436f5413dcac6f0a01aca24c361a127a542cc8b48fbe5,posts/building-a-sales-dashboard-a-hands-on-project.json in the backup,"Building a Sales Dashboard: A Hands-On Project — Hands-on project ideas with datasets, scope and what to showcase.",114,,Building a Sales Dashboard: A Hands-On Project,46,"Building a Sales Dashboard: A Hands-On Project — Hands-on project ideas with datasets, scope and what to showcase. Explained by GloryTecks Data Analytics mentors in Hyderabad.",175,Building a Sales Dashboard: A Hands-On Project,"Building a Sales Dashboard: A Hands-On Project — Hands-on project ideas with datasets, scope and what to showcase. Explained by GloryTecks Data Analytics mentors in Hyderabad.",,,/blog/building-a-sales-dashboard-a-hands-on-project (set by the page template),false,data analytics; building; sales; dashboard; hands,data analytics; building; sales; dashboard; hands,0,,0,,4,11 min,false,false,false,,not available: no views column in the CMS and no Search Console export,analyzed
1374c6dd-cd6b-4660-8d76-92f3e900d789,building-a-sales-dashboard-in-power-bi-from-scratch,/blog/building-a-sales-dashboard-in-power-bi-from-scratch,Building a Sales Dashboard in Power BI from Scratch,published,power-bi,Power BI,guide,GloryTecks Team,glorytecks-team,3bbe4550-883d-4859-8188-29c88e22563e,2026-03-15,2026-03-15T00:00:00+00:00,2026-03-15,2026-09-18T14:37:03.893983+00:00,2026-09-18T14:37:03.893983+00:00,705,26,1f6ff563fd5837473afc284c855859558195d8ce5f09e66649cf489142f8afe7,posts/building-a-sales-dashboard-in-power-bi-from-scratch.json in the backup,"Building a Sales Dashboard in Power BI from Scratch — A practical, example-led guide you can apply right away.",110,,Building a Sales Dashboard in Power BI from Scratch,51,"Building a Sales Dashboard in Power BI from Scratch — A practical, example-led guide you can apply right away. Explained by GloryTecks Power BI mentors in Hyderabad.",165,Building a Sales Dashboard in Power BI from Scratch,"Building a Sales Dashboard in Power BI from Scratch — A practical, example-led guide you can apply right away. Explained by GloryTecks Power BI mentors in Hyderabad.",,,/blog/building-a-sales-dashboard-in-power-bi-from-scratch (set by the page template),false,power bi; building; sales; dashboard; power,power bi; building; sales; dashboard; power,0,,0,,4,10 min,false,false,false,,not available: no views column in the CMS and no Search Console export,analyzed
044f5228-5920-45d4-ba35-ef1a23f8163b,building-a-serverless-analytics-stack-on-aws,/blog/building-a-serverless-analytics-stack-on-aws,Building a Serverless Analytics Stack on AWS,published,aws,AWS,guide,GloryTecks Team,glorytecks-team,3bbe4550-883d-4859-8188-29c88e22563e,2025-11-12,2025-11-12T00:00:00+00:00,2025-12-21,2026-09-18T14:37:07.161579+00:00,2026-09-18T14:37:07.161579+00:00,687,26,ccadbb2ef350d801ad81b024510d35982b0efc518682fecdde72525532e79fae,posts/building-a-serverless-analytics-stack-on-aws.json in the backup,"Building a Serverless Analytics Stack on AWS — A practical, example-led guide you can apply right away.",103,,Building a Serverless Analytics Stack on AWS,44,"Building a Serverless Analytics Stack on AWS — A practical, example-led guide you can apply right away. Explained by GloryTecks AWS mentors in Hyderabad.",153,Building a Serverless Analytics Stack on AWS,"Building a Serverless Analytics Stack on AWS — A practical, example-led guide you can apply right away. Explained by GloryTecks AWS mentors in Hyderabad.",,,/blog/building-a-serverless-analytics-stack-on-aws (set by the page template),false,aws; building; serverless; analytics; stack,aws; building; serverless; analytics; stack,0,,0,,4,10 min,false,false,false,,not available: no views column in the CMS and no Search Console export,analyzed
747abbc1-4071-4aaf-84af-3bbcc7f62ff1,building-a-streaming-pipeline-with-kafka-and-spark,/blog/building-a-streaming-pipeline-with-kafka-and-spark,Building a Streaming Pipeline with Kafka and Spark,published,data-engineering,Data Engineering,guide,Sneha Reddy,sneha-reddy,682d13de-46d8-47b4-914e-58e25b899413,2026-01-19,2026-01-19T00:00:00+00:00,2026-02-12,2026-09-18T14:37:05.849802+00:00,2026-09-18T14:37:05.849802+00:00,685,26,633591ac7a942a52c8a7be4297061318496774ab334fa2e93b25d7133940e60d,posts/building-a-streaming-pipeline-with-kafka-and-spark.json in the backup,"Building a Streaming Pipeline with Kafka and Spark — A practical, example-led guide you can apply right away.",109,,Building a Streaming Pipeline with Kafka and Spark,50,"Building a Streaming Pipeline with Kafka and Spark — A practical, example-led guide you can apply right away. Explained by GloryTecks Data Engineering mentors in Hyderabad.",172,Building a Streaming Pipeline with Kafka and Spark,"Building a Streaming Pipeline with Kafka and Spark — A practical, example-led guide you can apply right away. Explained by GloryTecks Data Engineering mentors in Hyderabad.",,,/blog/building-a-streaming-pipeline-with-kafka-and-spark (set by the page template),false,data engineering; building; streaming; pipeline; kafka,data engineering; building; streaming; pipeline; kafka,0,,0,,4,10 min,false,false,true,,not available: no views column in the CMS and no Search Console export,analyzed
9e69c58c-0543-4b92-8299-0539e9e3af0d,building-ai-agents-with-langgraph-a-hands-on-tutorial,/blog/building-ai-agents-with-langgraph-a-hands-on-tutorial,Building AI Agents with LangGraph: A Hands-On Tutorial,published,generative-ai,Generative AI,guide,GloryTecks Team,glorytecks-team,3bbe4550-883d-4859-8188-29c88e22563e,2026-02-08,2026-02-08T00:00:00+00:00,2026-02-08,2026-09-18T14:37:03.893983+00:00,2026-09-18T14:37:03.893983+00:00,694,26,2de7ee4516f5feb3230456dbcd4d9b886dba79488b5a91aadb24835745df4fe9,posts/building-ai-agents-with-langgraph-a-hands-on-tutorial.json in the backup,"Building AI Agents with LangGraph: A Hands-On Tutorial — A practical, example-led guide you can apply right away.",113,,Building AI Agents with LangGraph: A Hands-On Tutorial,54,"Building AI Agents with LangGraph: A Hands-On Tutorial — A practical, example-led guide you can apply right away. Explained by GloryTecks Generative AI mentors in Hyderabad.",173,Building AI Agents with LangGraph: A Hands-On Tutorial,"Building AI Agents with LangGraph: A Hands-On Tutorial — A practical, example-led guide you can apply right away. Explained by GloryTecks Generative AI mentors in Hyderabad.",,,/blog/building-ai-agents-with-langgraph-a-hands-on-tutorial (set by the page template),false,generative ai; building; agents; langgraph; hands,generative ai; building; agents; langgraph; hands,0,,0,,4,10 min,false,false,false,,not available: no views column in the CMS and no Search Console export,needs_review
b47642b1-e580-491d-83c8-037227775308,building-an-end-to-end-mlops-pipeline,/blog/building-an-end-to-end-mlops-pipeline,Building an End-to-End MLOps Pipeline,published,mlops,MLOps,guide,Sneha Reddy,sneha-reddy,682d13de-46d8-47b4-914e-58e25b899413,2026-03-20,2026-03-20T00:00:00+00:00,2026-03-20,2026-09-18T14:37:01.989257+00:00,2026-09-18T14:37:01.989257+00:00,667,26,2218d1f6e6dce6d0b2c440aa8bcc55768861a9ab94851d0072da7920f39b61cd,posts/building-an-end-to-end-mlops-pipeline.json in the backup,"Building an End-to-End MLOps Pipeline — A practical, example-led guide you can apply right away.",96,,Building an End-to-End MLOps Pipeline,37,"Building an End-to-End MLOps Pipeline — A practical, example-led guide you can apply right away. Explained by GloryTecks MLOps mentors in Hyderabad.",148,Building an End-to-End MLOps Pipeline,"Building an End-to-End MLOps Pipeline — A practical, example-led guide you can apply right away. Explained by GloryTecks MLOps mentors in Hyderabad.",,,/blog/building-an-end-to-end-mlops-pipeline (set by the page template),false,building; end; mlops; pipeline,building; end; mlops; pipeline,0,,0,,4,10 min,false,false,false,,not available: no views column in the CMS and no Search Console export,analyzed
065531f7-6777-4584-9ccf-1cfc54ca5556,building-an-etl-pipeline-on-aws-step-by-step,/blog/building-an-etl-pipeline-on-aws-step-by-step,Building an ETL Pipeline on AWS Step by Step,published,aws,AWS,guide,Sneha Reddy,sneha-reddy,682d13de-46d8-47b4-914e-58e25b899413,2026-01-29,2026-01-29T00:00:00+00:00,2026-03-13,2026-09-18T14:37:03.893983+00:00,2026-09-18T14:37:03.893983+00:00,693,26,f770bac2c8970b6e49c11b5ed41145098b73dc16f7b556b178772ae81389a145,posts/building-an-etl-pipeline-on-aws-step-by-step.json in the backup,"Building an ETL Pipeline on AWS Step by Step — A practical, example-led guide you can apply right away.",103,,Building an ETL Pipeline on AWS Step by Step,44,"Building an ETL Pipeline on AWS Step by Step — A practical, example-led guide you can apply right away. Explained by GloryTecks AWS mentors in Hyderabad.",153,Building an ETL Pipeline on AWS Step by Step,"Building an ETL Pipeline on AWS Step by Step — A practical, example-led guide you can apply right away. Explained by GloryTecks AWS mentors in Hyderabad.",,,/blog/building-an-etl-pipeline-on-aws-step-by-step (set by the page template),false,building; etl; pipeline; aws,building; etl; pipeline; aws,0,,0,,4,10 min,false,false,true,,not available: no views column in the CMS and no Search Console export,analyzed
b817f985-51ae-4e6a-9a98-9c1ba8e3eda1,building-an-etl-pipeline-with-adf-step-by-step,/blog/building-an-etl-pipeline-with-adf-step-by-step,Building an ETL Pipeline with ADF Step by Step,published,azure-data-factory,Azure Data Factory,guide,Sneha Reddy,sneha-reddy,682d13de-46d8-47b4-914e-58e25b899413,2026-03-19,2026-03-19T00:00:00+00:00,2026-03-19,2026-09-18T14:37:01.989257+00:00,2026-09-18T14:37:01.989257+00:00,716,26,fdd54b204badb368a34e616a1de4340a19c223eb680f6cc66be2f856d2db2e8c,posts/building-an-etl-pipeline-with-adf-step-by-step.json in the backup,"Building an ETL Pipeline with ADF Step by Step — A practical, example-led guide you can apply right away.",105,,Building an ETL Pipeline with ADF Step by Step,46,"Building an ETL Pipeline with ADF Step by Step — A practical, example-led guide you can apply right away. Explained by GloryTecks Azure Data Factory mentors in Hyderabad.",170,Building an ETL Pipeline with ADF Step by Step,"Building an ETL Pipeline with ADF Step by Step — A practical, example-led guide you can apply right away. Explained by GloryTecks Azure Data Factory mentors in Hyderabad.",,,/blog/building-an-etl-pipeline-with-adf-step-by-step (set by the page template),false,azure data factory; building; etl; pipeline; adf,azure data factory; building; etl; pipeline; adf,0,,0,,4,10 min,false,false,false,,not available: no views column in the CMS and no Search Console export,needs_review
7fcc0cee-7f97-45ae-a9cd-eef649fca17e,building-confidence-for-technical-interviews,/blog/building-confidence-for-technical-interviews,Building Confidence for Technical Interviews,published,career-guidance,Career Guidance,guide,GloryTecks Team,glorytecks-team,3bbe4550-883d-4859-8188-29c88e22563e,2025-08-20,2025-08-20T00:00:00+00:00,2025-08-20,2026-09-18T14:37:09.131349+00:00,2026-09-18T14:37:09.131349+00:00,639,24,b3c4d481f411d89a1a3385e371b29a61eabca0303912cf2e51d9cff3080c40a7,posts/building-confidence-for-technical-interviews.json in the backup,"Building Confidence for Technical Interviews — A practical, example-led guide you can apply right away.",103,,Building Confidence for Technical Interviews,44,"Building Confidence for Technical Interviews — A practical, example-led guide you can apply right away. Explained by GloryTecks Career Guidance mentors in Hyderabad.",165,Building Confidence for Technical Interviews,"Building Confidence for Technical Interviews — A practical, example-led guide you can apply right away. Explained by GloryTecks Career Guidance mentors in Hyderabad.",,,/blog/building-confidence-for-technical-interviews (set by the page template),false,career guidance; building; confidence; technical; interviews,career guidance; building; confidence; technical; interviews,0,,0,,4,10 min,false,false,false,,not available: no views column in the CMS and no Search Console export,analyzed
85015ab0-23af-42e9-8520-ec6830d79306,building-credibility-as-a-self-taught-professional,/blog/building-credibility-as-a-self-taught-professional,Building Credibility as a Self-Taught Professional,published,career-guidance,Career Guidance,guide,Priya Sharma,priya-sharma,2ef777f6-83c0-4249-9c0b-c4d1f2e17b89,2025-11-30,2025-11-30T00:00:00+00:00,2025-11-30,2026-09-18T14:37:07.161579+00:00,2026-09-18T14:37:07.161579+00:00,642,24,2e538c3095464dd45b239dacc618dbb3b56a29c050b86f18c3400af8c8ec2715,posts/building-credibility-as-a-self-taught-professional.json in the backup,"Building Credibility as a Self-Taught Professional — A practical, example-led guide you can apply right away.",109,,Building Credibility as a Self-Taught Professional,50,"Building Credibility as a Self-Taught Professional — A practical, example-led guide you can apply right away. Explained by GloryTecks Career Guidance mentors in Hyderabad.",171,Building Credibility as a Self-Taught Professional,"Building Credibility as a Self-Taught Professional — A practical, example-led guide you can apply right away. Explained by GloryTecks Career Guidance mentors in Hyderabad.",,,/blog/building-credibility-as-a-self-taught-professional (set by the page template),false,career guidance; building; credibility; self; taught,career guidance; building; credibility; self; taught,0,,0,,4,10 min,false,false,false,,not available: no views column in the CMS and no Search Console export,analyzed
bead229f-3b4b-42ea-8fd3-07d44b415a1d,building-incremental-data-loads-that-scale,/blog/building-incremental-data-loads-that-scale,Building Incremental Data Loads That Scale,published,data-engineering,Data Engineering,guide,GloryTecks Team,glorytecks-team,3bbe4550-883d-4859-8188-29c88e22563e,2025-10-09,2025-10-09T00:00:00+00:00,2025-11-06,2026-09-18T14:37:08.808906+00:00,2026-09-18T14:37:08.808906+00:00,679,26,164d2e459994e213a4550fe50b21b50741e499783ec9024dd67b3c9ed3e1c638,posts/building-incremental-data-loads-that-scale.json in the backup,"Building Incremental Data Loads That Scale — A practical, example-led guide you can apply right away.",101,,Building Incremental Data Loads That Scale,42,"Building Incremental Data Loads That Scale — A practical, example-led guide you can apply right away. Explained by GloryTecks Data Engineering mentors in Hyderabad.",164,Building Incremental Data Loads That Scale,"Building Incremental Data Loads That Scale — A practical, example-led guide you can apply right away. Explained by GloryTecks Data Engineering mentors in Hyderabad.",,,/blog/building-incremental-data-loads-that-scale (set by the page template),false,data engineering; building; incremental; data; loads,data engineering; building; incremental; data; loads,0,,0,,4,10 min,false,false,false,,not available: no views column in the CMS and no Search Console export,analyzed
5ee45119-caef-4e2f-8807-bc7fe7c2b45e,building-kpi-scorecards-for-executives,/blog/building-kpi-scorecards-for-executives,Building KPI Scorecards for Executives,published,data-analytics,Data Analytics,guide,Arjun Nair,arjun-nair,ffb6b867-319d-461f-ba3c-c736b5113800,2025-09-10,2025-09-10T00:00:00+00:00,2025-10-25,2026-09-18T14:37:08.808906+00:00,2026-09-18T14:37:08.808906+00:00,670,26,9cdf2f9e179d343b181e8e3bab12a9df665c8862a6eaa965f2df227185bcde74,posts/building-kpi-scorecards-for-executives.json in the backup,"Building KPI Scorecards for Executives — A practical, example-led guide you can apply right away.",97,,Building KPI Scorecards for Executives,38,"Building KPI Scorecards for Executives — A practical, example-led guide you can apply right away. Explained by GloryTecks Data Analytics mentors in Hyderabad.",158,Building KPI Scorecards for Executives,"Building KPI Scorecards for Executives — A practical, example-led guide you can apply right away. Explained by GloryTecks Data Analytics mentors in Hyderabad.",,,/blog/building-kpi-scorecards-for-executives (set by the page template),false,data analytics; building; kpi; scorecards; executives,data analytics; building; kpi; scorecards; executives,0,,0,,4,10 min,false,false,false,,not available: no views column in the CMS and no Search Console export,analyzed
02a50b99-e10e-491f-b765-b810d5036c57,building-rest-apis-with-python-a-practical-guide,/blog/building-rest-apis-with-python-a-practical-guide,Building REST APIs with Python: A Practical Guide,published,python,Python,guide,GloryTecks Team,glorytecks-team,3bbe4550-883d-4859-8188-29c88e22563e,2026-05-03,2026-05-03T00:00:00+00:00,2026-05-03,2026-09-18T14:37:01.989257+00:00,2026-09-18T14:37:01.989257+00:00,654,26,318ec4b6cf808bbaff7f93517c2f36860b2fa0861fdc5aeffbeeb67ed35ea386,posts/building-rest-apis-with-python-a-practical-guide.json in the backup,"Building REST APIs with Python: A Practical Guide — A practical, example-led guide you can apply right away.",108,,Building REST APIs with Python: A Practical Guide,49,"Building REST APIs with Python: A Practical Guide — A practical, example-led guide you can apply right away. Explained by GloryTecks Python mentors in Hyderabad.",161,Building REST APIs with Python: A Practical Guide,"Building REST APIs with Python: A Practical Guide — A practical, example-led guide you can apply right away. Explained by GloryTecks Python mentors in Hyderabad.",,,/blog/building-rest-apis-with-python-a-practical-guide (set by the page template),false,building; rest; apis; python,building; rest; apis; python,0,,0,,4,10 min,false,false,false,,not available: no views column in the CMS and no Search Console export,analyzed
df25f830-9e0f-469c-b913-552ae161ace8,building-your-first-data-pipeline-a-walkthrough,/blog/building-your-first-data-pipeline-a-walkthrough,Building Your First Data Pipeline: A Walkthrough,published,data-engineering,Data Engineering,guide,GloryTecks Team,glorytecks-team,3bbe4550-883d-4859-8188-29c88e22563e,2026-03-14,2026-03-14T00:00:00+00:00,2026-04-19,2026-09-18T14:37:03.893983+00:00,2026-09-18T14:37:03.893983+00:00,678,26,50ac65ece5e4dca3744fa020e2a057fdc0a4ada77d94fe879708542f25742961,posts/building-your-first-data-pipeline-a-walkthrough.json in the backup,"Building Your First Data Pipeline: A Walkthrough — A practical, example-led guide you can apply right away.",107,,Building Your First Data Pipeline: A Walkthrough,48,"Building Your First Data Pipeline: A Walkthrough — A practical, example-led guide you can apply right away. Explained by GloryTecks Data Engineering mentors in Hyderabad.",170,Building Your First Data Pipeline: A Walkthrough,"Building Your First Data Pipeline: A Walkthrough — A practical, example-led guide you can apply right away. Explained by GloryTecks Data Engineering mentors in Hyderabad.",,,/blog/building-your-first-data-pipeline-a-walkthrough (set by the page template),false,data engineering; building; first; data; pipeline,data engineering; building; first; data; pipeline,0,,0,,4,10 min,false,false,false,,not available: no views column in the CMS and no Search Console export,analyzed
9af19898-222a-4545-986c-3352eb626336,building-your-first-interactive-dashboard,/blog/building-your-first-interactive-dashboard,Building Your First Interactive Dashboard,published,data-analytics,Data Analytics,guide,GloryTecks Team,glorytecks-team,3bbe4550-883d-4859-8188-29c88e22563e,2026-01-02,2026-01-02T00:00:00+00:00,2026-01-19,2026-09-18T14:37:05.849802+00:00,2026-09-18T14:37:05.849802+00:00,670,26,160cd3dca91eb2e8c18a05bd4df84578f1fe57d75cbacd2e4e4dc53f5fe92f8f,posts/building-your-first-interactive-dashboard.json in the backup,"Building Your First Interactive Dashboard — A practical, example-led guide you can apply right away.",100,,Building Your First Interactive Dashboard,41,"Building Your First Interactive Dashboard — A practical, example-led guide you can apply right away. Explained by GloryTecks Data Analytics mentors in Hyderabad.",161,Building Your First Interactive Dashboard,"Building Your First Interactive Dashboard — A practical, example-led guide you can apply right away. Explained by GloryTecks Data Analytics mentors in Hyderabad.",,,/blog/building-your-first-interactive-dashboard (set by the page template),false,data analytics; building; first; interactive; dashboard,data analytics; building; first; interactive; dashboard,0,,0,,4,10 min,false,false,false,,not available: no views column in the CMS and no Search Console export,analyzed
2d3d03c8-71fb-44d8-b1e9-0bd27c48793f,business-analytics-explained-a-beginner-s-guide,/blog/business-analytics-explained-a-beginner-s-guide,Business Analytics Explained: A Beginner's Guide,published,data-analytics,Data Analytics,guide,GloryTecks Team,glorytecks-team,3bbe4550-883d-4859-8188-29c88e22563e,2026-05-14,2026-05-14T00:00:00+00:00,2026-06-15,2026-09-18T14:07:41.239413+00:00,2026-09-18T14:07:41.239413+00:00,667,26,d98e4759251a7a3c51e2059d7edd0e8b146db03b8de91b49e80960f360e78a6b,posts/business-analytics-explained-a-beginner-s-guide.json in the backup,"Business Analytics Explained: A Beginner's Guide — A practical, example-led guide you can apply right away.",107,,Business Analytics Explained: A Beginner's Guide,48,"Business Analytics Explained: A Beginner's Guide — A practical, example-led guide you can apply right away. Explained by GloryTecks Data Analytics mentors in Hyderabad.",168,Business Analytics Explained: A Beginner's Guide,"Business Analytics Explained: A Beginner's Guide — A practical, example-led guide you can apply right away. Explained by GloryTecks Data Analytics mentors in Hyderabad.",,,/blog/business-analytics-explained-a-beginner-s-guide (set by the page template),false,data analytics; business; analytics; beginner,data analytics; business; analytics; beginner,0,,0,,4,10 min,false,false,true,,not available: no views column in the CMS and no Search Console export,analyzed
23002c6f-88d5-4779-934c-64676037456e,calculation-groups-in-power-bi-explained,/blog/calculation-groups-in-power-bi-explained,Calculation Groups in Power BI Explained,published,power-bi,Power BI,guide,GloryTecks Team,glorytecks-team,3bbe4550-883d-4859-8188-29c88e22563e,2025-09-16,2025-09-16T00:00:00+00:00,2025-09-16,2026-09-18T14:37:08.808906+00:00,2026-09-18T14:37:08.808906+00:00,696,26,59ca884edc0fa7a5f4558a0287a4e930518c9522b19a73043af51a070d836987,posts/calculation-groups-in-power-bi-explained.json in the backup,"Calculation Groups in Power BI Explained — A practical, example-led guide you can apply right away.",99,,Calculation Groups in Power BI Explained,40,"Calculation Groups in Power BI Explained — A practical, example-led guide you can apply right away. Explained by GloryTecks Power BI mentors in Hyderabad.",154,Calculation Groups in Power BI Explained,"Calculation Groups in Power BI Explained — A practical, example-led guide you can apply right away. Explained by GloryTecks Power BI mentors in Hyderabad.",,,/blog/calculation-groups-in-power-bi-explained (set by the page template),false,power bi; calculation; groups; power,power bi; calculation; groups; power,0,,0,,4,10 min,false,false,false,,not available: no views column in the CMS and no Search Console export,analyzed
349ea1de-4798-4906-bb07-274ac701eaef,career-growth-when-to-stay-vs-when-to-switch,/blog/career-growth-when-to-stay-vs-when-to-switch,Career Growth: When to Stay vs When to Switch,published,career-guidance,Career Guidance,comparison,Priya Sharma,priya-sharma,2ef777f6-83c0-4249-9c0b-c4d1f2e17b89,2025-09-19,2025-09-19T00:00:00+00:00,2025-09-19,2026-09-18T14:37:08.808906+00:00,2026-09-18T14:37:08.808906+00:00,476,17,f444242b0ce73d21dc05f7f4b0541ac4af61e4ec7ffd0d9964bab6b596071a21,posts/career-growth-when-to-stay-vs-when-to-switch.json in the backup,"Career Growth: When to Stay vs When to Switch — A clear, practical comparison to help you decide.",97,,Career Growth: When to Stay vs When to Switch,45,"Career Growth: When to Stay vs When to Switch — A clear, practical comparison to help you decide. Explained by GloryTecks Career Guidance mentors in Hyderabad.",159,Career Growth: When to Stay vs When to Switch,"Career Growth: When to Stay vs When to Switch — A clear, practical comparison to help you decide. Explained by GloryTecks Career Guidance mentors in Hyderabad.",,,/blog/career-growth-when-to-stay-vs-when-to-switch (set by the page template),false,career guidance; career; growth; when; stay,career guidance; career; growth; when; stay,0,,0,,4,7 min,false,false,false,,not available: no views column in the CMS and no Search Console export,analyzed
65cc76d9-89b9-4609-abe6-9d40fc23824e,career-roadmap-analyst-to-scientist-to-lead,/blog/career-roadmap-analyst-to-scientist-to-lead,Career Roadmap: Analyst to Scientist to Lead,published,career-guidance,Career Guidance,roadmap,Priya Sharma,priya-sharma,2ef777f6-83c0-4249-9c0b-c4d1f2e17b89,2026-01-17,2026-01-17T00:00:00+00:00,2026-01-17,2026-09-18T14:37:05.849802+00:00,2026-09-18T14:37:05.849802+00:00,631,26,a2a86c30ce32098c3bbdd100df3c020db756852822c9b56f282996676dce95ca,posts/career-roadmap-analyst-to-scientist-to-lead.json in the backup,"Career Roadmap: Analyst to Scientist to Lead — A step-by-step roadmap with skills, tools and a realistic timeline.",114,,Career Roadmap: Analyst to Scientist to Lead,44,"Career Roadmap: Analyst to Scientist to Lead — A step-by-step roadmap with skills, tools and a realistic timeline. Explained by GloryTecks Career Guidance mentors in Hyderabad.",176,Career Roadmap: Analyst to Scientist to Lead,"Career Roadmap: Analyst to Scientist to Lead — A step-by-step roadmap with skills, tools and a realistic timeline. Explained by GloryTecks Career Guidance mentors in Hyderabad.",,,/blog/career-roadmap-analyst-to-scientist-to-lead (set by the page template),false,career guidance; career; roadmap; analyst; scientist,career guidance; career; roadmap; analyst; scientist,0,,0,,4,13 min,false,false,false,,not available: no views column in the CMS and no Search Console export,analyzed
991b639c-cd14-482b-8edb-8bc85ac78946,career-switch-to-data-science-a-realistic-roadmap,/blog/career-switch-to-data-science-a-realistic-roadmap,Career Switch to Data Science: A Realistic Roadmap,published,career-guidance,Career Guidance,roadmap,GloryTecks Team,glorytecks-team,3bbe4550-883d-4859-8188-29c88e22563e,2026-05-23,2026-05-23T00:00:00+00:00,2026-05-23,2026-09-18T14:07:34.29007+00:00,2026-09-18T14:07:34.29007+00:00,635,26,90048c469c2ee5be72f39dfcf9c3e0a4400134705d8a42087b28d3232cba8b6a,posts/career-switch-to-data-science-a-realistic-roadmap.json in the backup,"Career Switch to Data Science: A Realistic Roadmap — A step-by-step roadmap with skills, tools and a realistic timeline.",120,,Career Switch to Data Science: A Realistic Roadmap,50,"Career Switch to Data Science: A Realistic Roadmap — A step-by-step roadmap with skills, tools and a realistic timeline. Explained by GloryTecks Career Guidance mentors in Hyderabad.",182,Career Switch to Data Science: A Realistic Roadmap,"Career Switch to Data Science: A Realistic Roadmap — A step-by-step roadmap with skills, tools and a realistic timeline. Explained by GloryTecks Career Guidance mentors in Hyderabad.",,,/blog/career-switch-to-data-science-a-realistic-roadmap (set by the page template),false,career guidance; career; switch; data; science,career guidance; career; switch; data; science,0,,0,,4,13 min,false,true,false,,not available: no views column in the CMS and no Search Console export,analyzed
07e8b86d-4546-4062-82e7-a772e4c8174f,cdc-change-data-capture-explained-with-examples,/blog/cdc-change-data-capture-explained-with-examples,CDC (Change Data Capture) Explained with Examples,published,data-engineering,Data Engineering,guide,Sneha Reddy,sneha-reddy,682d13de-46d8-47b4-914e-58e25b899413,2025-12-14,2025-12-14T00:00:00+00:00,2025-12-30,2026-09-18T14:37:05.849802+00:00,2026-09-18T14:37:05.849802+00:00,682,26,a6d6df71737d66be583a82c5133cc7e1a6c25fa1ab4cce15f0d017030408f6a9,posts/cdc-change-data-capture-explained-with-examples.json in the backup,"CDC (Change Data Capture) Explained with Examples — A practical, example-led guide you can apply right away.",108,,CDC (Change Data Capture) Explained with Examples,49,"CDC (Change Data Capture) Explained with Examples — A practical, example-led guide you can apply right away. Explained by GloryTecks Data Engineering mentors in Hyderabad.",171,CDC (Change Data Capture) Explained with Examples,"CDC (Change Data Capture) Explained with Examples — A practical, example-led guide you can apply right away. Explained by GloryTecks Data Engineering mentors in Hyderabad.",,,/blog/cdc-change-data-capture-explained-with-examples (set by the page template),false,data engineering; cdc; change; data; capture,data engineering; cdc; change; data; capture,0,,0,,4,10 min,false,false,false,,not available: no views column in the CMS and no Search Console export,analyzed
a13c4178-f865-46db-a7a8-188185cc40bd,chain-of-thought-prompting-making-llms-reason,/blog/chain-of-thought-prompting-making-llms-reason,Chain-of-Thought Prompting: Making LLMs Reason,published,generative-ai,Generative AI,guide,Ravi Kumar,ravi-kumar,4fa1201f-a7aa-4e99-9cc2-b037e972a216,2025-11-22,2025-11-22T00:00:00+00:00,2025-11-22,2026-09-18T14:37:07.161579+00:00,2026-09-18T14:37:07.161579+00:00,685,26,91ff46a861bab3bfb8cae47b2d709225183d4a93af5c0a170b990871423aed11,posts/chain-of-thought-prompting-making-llms-reason.json in the backup,"Chain-of-Thought Prompting: Making LLMs Reason — A practical, example-led guide you can apply right away.",105,,Chain-of-Thought Prompting: Making LLMs Reason,46,"Chain-of-Thought Prompting: Making LLMs Reason — A practical, example-led guide you can apply right away. Explained by GloryTecks Generative AI mentors in Hyderabad.",165,Chain-of-Thought Prompting: Making LLMs Reason,"Chain-of-Thought Prompting: Making LLMs Reason — A practical, example-led guide you can apply right away. Explained by GloryTecks Generative AI mentors in Hyderabad.",,,/blog/chain-of-thought-prompting-making-llms-reason (set by the page template),false,generative ai; chain; thought; prompting; making,generative ai; chain; thought; prompting; making,0,,0,,4,10 min,false,false,false,,not available: no views column in the CMS and no Search Console export,analyzed
917e4f2d-08cd-4587-ae5e-e40029e7afc7,chatgpt-complete-guide-features-prompts-and-use-cases,/blog/chatgpt-complete-guide-features-prompts-and-use-cases,"ChatGPT Complete Guide: Features, Prompts and Use Cases",published,generative-ai,Generative AI,guide,GloryTecks Team,glorytecks-team,3bbe4550-883d-4859-8188-29c88e22563e,2026-06-08,2026-06-08T00:00:00+00:00,2026-06-08,2026-09-18T14:07:20.651357+00:00,2026-09-18T14:07:20.651357+00:00,690,26,5bec43fa2542d1893a1294488cacdf32b948b75d27dfdd0dcdcd6ed033c7624c,posts/chatgpt-complete-guide-features-prompts-and-use-cases.json in the backup,"ChatGPT Complete Guide: Features, Prompts and Use Cases — A practical, example-led guide you can apply right away.",114,,"ChatGPT Complete Guide: Features, Prompts and Use Cases",55,"ChatGPT Complete Guide: Features, Prompts and Use Cases — A practical, example-led guide you can apply right away. Explained by GloryTecks Generative AI mentors in Hyderabad.",174,"ChatGPT Complete Guide: Features, Prompts and Use Cases","ChatGPT Complete Guide: Features, Prompts and Use Cases — A practical, example-led guide you can apply right away. Explained by GloryTecks Generative AI mentors in Hyderabad.",,,/blog/chatgpt-complete-guide-features-prompts-and-use-cases (set by the page template),false,generative ai; chatgpt; features; prompts; use,generative ai; chatgpt; features; prompts; use,0,,0,,4,10 min,false,true,false,,not available: no views column in the CMS and no Search Console export,analyzed
dd5b32f3-2b2c-4289-9637-3df389d1332f,chunking-strategies-for-rag-getting-retrieval-right,/blog/chunking-strategies-for-rag-getting-retrieval-right,Chunking Strategies for RAG: Getting Retrieval Right,published,generative-ai,Generative AI,guide,GloryTecks Team,glorytecks-team,3bbe4550-883d-4859-8188-29c88e22563e,2026-01-27,2026-01-27T00:00:00+00:00,2026-01-27,2026-09-18T14:37:03.893983+00:00,2026-09-18T14:37:03.893983+00:00,691,26,9d942063cb1b304966b608c0fc156d6de94991bee8f12ad320a65b4fb8705e79,posts/chunking-strategies-for-rag-getting-retrieval-right.json in the backup,"Chunking Strategies for RAG: Getting Retrieval Right — A practical, example-led guide you can apply right away.",111,,Chunking Strategies for RAG: Getting Retrieval Right,52,"Chunking Strategies for RAG: Getting Retrieval Right — A practical, example-led guide you can apply right away. Explained by GloryTecks Generative AI mentors in Hyderabad.",171,Chunking Strategies for RAG: Getting Retrieval Right,"Chunking Strategies for RAG: Getting Retrieval Right — A practical, example-led guide you can apply right away. Explained by GloryTecks Generative AI mentors in Hyderabad.",,,/blog/chunking-strategies-for-rag-getting-retrieval-right (set by the page template),false,generative ai; chunking; strategies; rag; getting,generative ai; chunking; strategies; rag; getting,0,,0,,4,10 min,false,false,false,,not available: no views column in the CMS and no Search Console export,analyzed
8de12e18-a045-4d3e-ba5a-aa05ce8655d5,ci-cd-for-azure-data-factory-with-azure-devops,/blog/ci-cd-for-azure-data-factory-with-azure-devops,CI/CD for Azure Data Factory with Azure DevOps,published,azure-data-factory,Azure Data Factory,guide,Sneha Reddy,sneha-reddy,682d13de-46d8-47b4-914e-58e25b899413,2026-03-07,2026-03-07T00:00:00+00:00,2026-03-07,2026-09-18T14:37:03.893983+00:00,2026-09-18T14:37:03.893983+00:00,716,26,a894d0da365aa98186c0ce0c2604a437c91a9901a6f21d6e5157eb0b2bd1b65b,posts/ci-cd-for-azure-data-factory-with-azure-devops.json in the backup,"CI/CD for Azure Data Factory with Azure DevOps — A practical, example-led guide you can apply right away.",105,,CI/CD for Azure Data Factory with Azure DevOps,46,"CI/CD for Azure Data Factory with Azure DevOps — A practical, example-led guide you can apply right away. Explained by GloryTecks Azure Data Factory mentors in Hyderabad.",170,CI/CD for Azure Data Factory with Azure DevOps,"CI/CD for Azure Data Factory with Azure DevOps — A practical, example-led guide you can apply right away. Explained by GloryTecks Azure Data Factory mentors in Hyderabad.",,,/blog/ci-cd-for-azure-data-factory-with-azure-devops (set by the page template),false,azure data factory; azure; data; factory; devops,azure data factory; azure; data; factory; devops,0,,0,,4,10 min,false,false,false,,not available: no views column in the CMS and no Search Console export,analyzed
66169667-6424-422e-8410-6dc9fe96131a,ci-cd-for-machine-learning-pipelines-that-work,/blog/ci-cd-for-machine-learning-pipelines-that-work,CI/CD for Machine Learning: Pipelines That Work,published,mlops,MLOps,guide,Sneha Reddy,sneha-reddy,682d13de-46d8-47b4-914e-58e25b899413,2026-05-19,2026-05-19T00:00:00+00:00,2026-05-19,2026-09-18T14:07:37.133522+00:00,2026-09-18T14:07:37.133522+00:00,670,26,d09b057b433dd4bb08e27d63d6538714f6fc9ae0cd336516a9b91733bfcede59,posts/ci-cd-for-machine-learning-pipelines-that-work.json in the backup,"CI/CD for Machine Learning: Pipelines That Work — A practical, example-led guide you can apply right away.",106,,CI/CD for Machine Learning: Pipelines That Work,47,"CI/CD for Machine Learning: Pipelines That Work — A practical, example-led guide you can apply right away. Explained by GloryTecks MLOps mentors in Hyderabad.",158,CI/CD for Machine Learning: Pipelines That Work,"CI/CD for Machine Learning: Pipelines That Work — A practical, example-led guide you can apply right away. Explained by GloryTecks MLOps mentors in Hyderabad.",,,/blog/ci-cd-for-machine-learning-pipelines-that-work (set by the page template),false,mlops; machine; learning; pipelines; work,mlops; machine; learning; pipelines; work,0,,0,,4,10 min,false,true,false,,not available: no views column in the CMS and no Search Console export,analyzed
9afa4cf6-4a16-4cb4-8f88-da9a90a8f924,cloud-composer-airflow-on-gcp-explained,/blog/cloud-composer-airflow-on-gcp-explained,Cloud Composer (Airflow) on GCP Explained,published,gcp,GCP,guide,Sneha Reddy,sneha-reddy,682d13de-46d8-47b4-914e-58e25b899413,2026-04-24,2026-04-24T00:00:00+00:00,2026-04-24,2026-09-18T14:37:01.989257+00:00,2026-09-18T14:37:01.989257+00:00,664,26,0546bc4de122df2064305716c7e6a20f7ea169cd53c39f08e892c916721da58a,posts/cloud-composer-airflow-on-gcp-explained.json in the backup,"Cloud Composer (Airflow) on GCP Explained — A practical, example-led guide you can apply right away.",100,,Cloud Composer (Airflow) on GCP Explained,41,"Cloud Composer (Airflow) on GCP Explained — A practical, example-led guide you can apply right away. Explained by GloryTecks GCP mentors in Hyderabad.",150,Cloud Composer (Airflow) on GCP Explained,"Cloud Composer (Airflow) on GCP Explained — A practical, example-led guide you can apply right away. Explained by GloryTecks GCP mentors in Hyderabad.",,,/blog/cloud-composer-airflow-on-gcp-explained (set by the page template),false,cloud; composer; airflow; gcp,cloud; composer; airflow; gcp,0,,0,,4,10 min,false,false,false,,not available: no views column in the CMS and no Search Console export,analyzed
b812f849-6d75-4828-a2a5-1299ddabb85f,cloud-data-warehouses-compared-snowflake-vs-bigquery-vs-redshift,/blog/cloud-data-warehouses-compared-snowflake-vs-bigquery-vs-redshift,Cloud Data Warehouses Compared: Snowflake vs BigQuery vs Redshift,published,data-engineering,Data Engineering,comparison,Sneha Reddy,sneha-reddy,682d13de-46d8-47b4-914e-58e25b899413,2025-09-09,2025-09-09T00:00:00+00:00,2025-10-27,2026-09-18T14:37:08.808906+00:00,2026-09-18T14:37:08.808906+00:00,477,17,df26273bb58dbf127bdbde88aecc3a7162b55aa9c1540eb93620b2aab4375f5a,posts/cloud-data-warehouses-compared-snowflake-vs-bigquery-vs-redshift.json in the backup,"Cloud Data Warehouses Compared: Snowflake vs BigQuery vs Redshift — A clear, practical comparison to help you decide.",117,,Cloud Data Warehouses Compared: Snowflake vs BigQuery vs Redshift,65,"Cloud Data Warehouses Compared: Snowflake vs BigQuery vs Redshift — A clear, practical comparison to help you decide. Explained by GloryTecks Data Engineering mentors in Hyderabad.",180,Cloud Data Warehouses Compared: Snowflake vs BigQuery vs Redshift,"Cloud Data Warehouses Compared: Snowflake vs BigQuery vs Redshift — A clear, practical comparison to help you decide. Explained by GloryTecks Data Engineering mentors in Hyderabad.",,,/blog/cloud-data-warehouses-compared-snowflake-vs-bigquery-vs-redshift (set by the page template),false,data engineering; cloud; data; warehouses; compared,data engineering; cloud; data; warehouses; compared,0,,0,,4,7 min,false,false,false,,not available: no views column in the CMS and no Search Console export,merge_candidate
3049df3e-995e-4bcd-95b1-df14eb18361f,cloud-functions-on-gcp-serverless-explained,/blog/cloud-functions-on-gcp-serverless-explained,Cloud Functions on GCP: Serverless Explained,published,gcp,GCP,guide,Sneha Reddy,sneha-reddy,682d13de-46d8-47b4-914e-58e25b899413,2026-03-19,2026-03-19T00:00:00+00:00,2026-03-19,2026-09-18T14:37:01.989257+00:00,2026-09-18T14:37:01.989257+00:00,660,26,a3a9077f43d67b5e61f335672e6baf573ae4bcd1a4b0aae00efb83c205824fce,posts/cloud-functions-on-gcp-serverless-explained.json in the backup,"Cloud Functions on GCP: Serverless Explained — A practical, example-led guide you can apply right away.",103,,Cloud Functions on GCP: Serverless Explained,44,"Cloud Functions on GCP: Serverless Explained — A practical, example-led guide you can apply right away. Explained by GloryTecks GCP mentors in Hyderabad.",153,Cloud Functions on GCP: Serverless Explained,"Cloud Functions on GCP: Serverless Explained — A practical, example-led guide you can apply right away. Explained by GloryTecks GCP mentors in Hyderabad.",,,/blog/cloud-functions-on-gcp-serverless-explained (set by the page template),false,cloud; functions; gcp; serverless,cloud; functions; gcp; serverless,0,,0,,4,10 min,false,false,true,,not available: no views column in the CMS and no Search Console export,analyzed
0f0a07e1-c8d0-4959-b2cc-113f4cfb2a6c,cloud-run-vs-cloud-functions-vs-app-engine,/blog/cloud-run-vs-cloud-functions-vs-app-engine,Cloud Run vs Cloud Functions vs App Engine,published,gcp,GCP,comparison,Sneha Reddy,sneha-reddy,682d13de-46d8-47b4-914e-58e25b899413,2025-10-26,2025-10-26T00:00:00+00:00,2025-10-26,2026-09-18T14:37:07.161579+00:00,2026-09-18T14:37:07.161579+00:00,478,17,dc9184be1515e998d0e1a6fc5922a2a5fe558d50a9d780ed74f0c64442a6be3e,posts/cloud-run-vs-cloud-functions-vs-app-engine.json in the backup,"Cloud Run vs Cloud Functions vs App Engine — A clear, practical comparison to help you decide.",94,,Cloud Run vs Cloud Functions vs App Engine,42,"Cloud Run vs Cloud Functions vs App Engine — A clear, practical comparison to help you decide. Explained by GloryTecks GCP mentors in Hyderabad.",144,Cloud Run vs Cloud Functions vs App Engine,"Cloud Run vs Cloud Functions vs App Engine — A clear, practical comparison to help you decide. Explained by GloryTecks GCP mentors in Hyderabad.",,,/blog/cloud-run-vs-cloud-functions-vs-app-engine (set by the page template),false,gcp; cloud; run; functions; app,gcp; cloud; run; functions; app,0,,0,,4,7 min,false,false,false,,not available: no views column in the CMS and no Search Console export,analyzed
8ea0df09-f083-4c11-ac50-13937fb46e64,cloud-sql-vs-spanner-vs-bigtable-when-to-use-each,/blog/cloud-sql-vs-spanner-vs-bigtable-when-to-use-each,Cloud SQL vs Spanner vs Bigtable: When to Use Each,published,gcp,GCP,comparison,GloryTecks Team,glorytecks-team,3bbe4550-883d-4859-8188-29c88e22563e,2026-02-17,2026-02-17T00:00:00+00:00,2026-02-17,2026-09-18T14:37:03.893983+00:00,2026-09-18T14:37:03.893983+00:00,478,17,39c5a1e66fdbb41aa0d952def01099a8b7ff296ff3b791ef9212d2e20b1bd0b4,posts/cloud-sql-vs-spanner-vs-bigtable-when-to-use-each.json in the backup,"Cloud SQL vs Spanner vs Bigtable: When to Use Each — A clear, practical comparison to help you decide.",102,,Cloud SQL vs Spanner vs Bigtable: When to Use Each,50,"Cloud SQL vs Spanner vs Bigtable: When to Use Each — A clear, practical comparison to help you decide. Explained by GloryTecks GCP mentors in Hyderabad.",152,Cloud SQL vs Spanner vs Bigtable: When to Use Each,"Cloud SQL vs Spanner vs Bigtable: When to Use Each — A clear, practical comparison to help you decide. Explained by GloryTecks GCP mentors in Hyderabad.",,,/blog/cloud-sql-vs-spanner-vs-bigtable-when-to-use-each (set by the page template),false,gcp; cloud; sql; spanner; bigtable,gcp; cloud; sql; spanner; bigtable,0,,0,,4,7 min,false,false,false,,not available: no views column in the CMS and no Search Console export,analyzed
fa590765-7e16-4d50-ba0f-3ad20c5ee9e3,cloud-storage-to-bigquery-building-an-ingestion-layer,/blog/cloud-storage-to-bigquery-building-an-ingestion-layer,Cloud Storage to BigQuery: Building an Ingestion Layer,published,gcp,GCP,guide,Sneha Reddy,sneha-reddy,682d13de-46d8-47b4-914e-58e25b899413,2025-12-25,2025-12-25T00:00:00+00:00,2025-12-25,2026-09-18T14:37:05.849802+00:00,2026-09-18T14:37:05.849802+00:00,662,26,05736da578b17897d9428d783c27792ae48873f14b2ae5ab6e47dfb8d92411d0,posts/cloud-storage-to-bigquery-building-an-ingestion-layer.json in the backup,"Cloud Storage to BigQuery: Building an Ingestion Layer — A practical, example-led guide you can apply right away.",113,,Cloud Storage to BigQuery: Building an Ingestion Layer,54,"Cloud Storage to BigQuery: Building an Ingestion Layer — A practical, example-led guide you can apply right away. Explained by GloryTecks GCP mentors in Hyderabad.",163,Cloud Storage to BigQuery: Building an Ingestion Layer,"Cloud Storage to BigQuery: Building an Ingestion Layer — A practical, example-led guide you can apply right away. Explained by GloryTecks GCP mentors in Hyderabad.",,,/blog/cloud-storage-to-bigquery-building-an-ingestion-layer (set by the page template),false,gcp; cloud; storage; bigquery; building,gcp; cloud; storage; bigquery; building,0,,0,,4,10 min,false,false,true,,not available: no views column in the CMS and no Search Console export,analyzed
97fdb896-9e3c-4c99-a0fa-30875ca2fd06,clustering-algorithms-k-means-dbscan-and-hierarchical,/blog/clustering-algorithms-k-means-dbscan-and-hierarchical,"Clustering Algorithms: K-Means, DBSCAN and Hierarchical",published,data-science,Data Science,guide,GloryTecks Team,glorytecks-team,3bbe4550-883d-4859-8188-29c88e22563e,2025-12-23,2025-12-23T00:00:00+00:00,2026-01-30,2026-09-18T14:37:05.849802+00:00,2026-09-18T14:37:05.849802+00:00,671,26,4b411e07414cb84ffc3e65c9fa96eaa17dc90a69ce485617920d9f377122bc11,posts/clustering-algorithms-k-means-dbscan-and-hierarchical.json in the backup,"Clustering Algorithms: K-Means, DBSCAN and Hierarchical — A practical, example-led guide you can apply right away.",114,,"Clustering Algorithms: K-Means, DBSCAN and Hierarchical",55,"Clustering Algorithms: K-Means, DBSCAN and Hierarchical — A practical, example-led guide you can apply right away. Explained by GloryTecks Data Science mentors in Hyderabad.",173,"Clustering Algorithms: K-Means, DBSCAN and Hierarchical","Clustering Algorithms: K-Means, DBSCAN and Hierarchical — A practical, example-led guide you can apply right away. Explained by GloryTecks Data Science mentors in Hyderabad.",,,/blog/clustering-algorithms-k-means-dbscan-and-hierarchical (set by the page template),false,data science; clustering; algorithms; means; dbscan,data science; clustering; algorithms; means; dbscan,0,,0,,4,10 min,false,false,false,,not available: no views column in the CMS and no Search Console export,analyzed
45e1cecb-57d7-4a9b-b432-1a0d595691ff,cohort-analysis-explained-with-examples,/blog/cohort-analysis-explained-with-examples,Cohort Analysis Explained with Examples,published,data-analytics,Data Analytics,guide,GloryTecks Team,glorytecks-team,3bbe4550-883d-4859-8188-29c88e22563e,2026-03-03,2026-03-03T00:00:00+00:00,2026-03-20,2026-09-18T14:37:03.893983+00:00,2026-09-18T14:37:03.893983+00:00,670,26,1f81dd4ed634efa92874820a586ed442f9b1f29c9393647b354961ac755e17e6,posts/cohort-analysis-explained-with-examples.json in the backup,"Cohort Analysis Explained with Examples — A practical, example-led guide you can apply right away.",98,,Cohort Analysis Explained with Examples,39,"Cohort Analysis Explained with Examples — A practical, example-led guide you can apply right away. Explained by GloryTecks Data Analytics mentors in Hyderabad.",159,Cohort Analysis Explained with Examples,"Cohort Analysis Explained with Examples — A practical, example-led guide you can apply right away. Explained by GloryTecks Data Analytics mentors in Hyderabad.",,,/blog/cohort-analysis-explained-with-examples (set by the page template),false,data analytics; cohort; analysis; examples,data analytics; cohort; analysis; examples,0,,0,,4,10 min,false,false,false,,not available: no views column in the CMS and no Search Console export,analyzed
4da08b23-2103-47c5-8f3e-668b4d51f0dc,common-resume-mistakes-that-get-you-rejected,/blog/common-resume-mistakes-that-get-you-rejected,Common Resume Mistakes That Get You Rejected,published,career-guidance,Career Guidance,guide,GloryTecks Team,glorytecks-team,3bbe4550-883d-4859-8188-29c88e22563e,2026-02-16,2026-02-16T00:00:00+00:00,2026-02-16,2026-09-18T14:37:03.893983+00:00,2026-09-18T14:37:03.893983+00:00,645,24,ea60154e64c03dcd6848df2d5a092fdb7ecfb7eccfb7cc1f6061b549bef70f63,posts/common-resume-mistakes-that-get-you-rejected.json in the backup,"Common Resume Mistakes That Get You Rejected — A practical, example-led guide you can apply right away.",103,,Common Resume Mistakes That Get You Rejected,44,"Common Resume Mistakes That Get You Rejected — A practical, example-led guide you can apply right away. Explained by GloryTecks Career Guidance mentors in Hyderabad.",165,Common Resume Mistakes That Get You Rejected,"Common Resume Mistakes That Get You Rejected — A practical, example-led guide you can apply right away. Explained by GloryTecks Career Guidance mentors in Hyderabad.",,,/blog/common-resume-mistakes-that-get-you-rejected (set by the page template),false,career guidance; common; resume; mistakes; get,career guidance; common; resume; mistakes; get,0,,0,,4,10 min,false,false,true,,not available: no views column in the CMS and no Search Console export,merge_candidate
7f60b454-7361-470e-9e66-127ac4bd3e48,composite-models-and-directquery-in-power-bi,/blog/composite-models-and-directquery-in-power-bi,Composite Models and DirectQuery in Power BI,published,power-bi,Power BI,guide,GloryTecks Team,glorytecks-team,3bbe4550-883d-4859-8188-29c88e22563e,2025-10-10,2025-10-10T00:00:00+00:00,2025-10-10,2026-09-18T14:37:08.808906+00:00,2026-09-18T14:37:08.808906+00:00,699,26,eb6b6c5a14ece4516946d79210bf7240f6d7cf91acd5be09dd0da15c156d5178,posts/composite-models-and-directquery-in-power-bi.json in the backup,"Composite Models and DirectQuery in Power BI — A practical, example-led guide you can apply right away.",103,,Composite Models and DirectQuery in Power BI,44,"Composite Models and DirectQuery in Power BI — A practical, example-led guide you can apply right away. Explained by GloryTecks Power BI mentors in Hyderabad.",158,Composite Models and DirectQuery in Power BI,"Composite Models and DirectQuery in Power BI — A practical, example-led guide you can apply right away. Explained by GloryTecks Power BI mentors in Hyderabad.",,,/blog/composite-models-and-directquery-in-power-bi (set by the page template),false,power bi; composite; models; directquery; power,power bi; composite; models; directquery; power,0,,0,,4,10 min,false,false,false,,not available: no views column in the CMS and no Search Console export,analyzed
f4e59a0c-c96b-45f5-b81b-4ebae254a706,computer-vision-basics-from-pixels-to-predictions,/blog/computer-vision-basics-from-pixels-to-predictions,Computer Vision Basics: From Pixels to Predictions,published,data-science,Data Science,guide,GloryTecks Team,glorytecks-team,3bbe4550-883d-4859-8188-29c88e22563e,2026-02-09,2026-02-09T00:00:00+00:00,2026-03-03,2026-09-18T14:37:03.893983+00:00,2026-09-18T14:37:03.893983+00:00,674,26,49ec5db77134c7d6c9cc3a5ac3f4e6b451b1f5a6ee7412384ae89196fa8e56f7,posts/computer-vision-basics-from-pixels-to-predictions.json in the backup,"Computer Vision Basics: From Pixels to Predictions — A practical, example-led guide you can apply right away.",109,,Computer Vision Basics: From Pixels to Predictions,50,"Computer Vision Basics: From Pixels to Predictions — A practical, example-led guide you can apply right away. Explained by GloryTecks Data Science mentors in Hyderabad.",168,Computer Vision Basics: From Pixels to Predictions,"Computer Vision Basics: From Pixels to Predictions — A practical, example-led guide you can apply right away. Explained by GloryTecks Data Science mentors in Hyderabad.",,,/blog/computer-vision-basics-from-pixels-to-predictions (set by the page template),false,data science; computer; vision; basics; pixels,data science; computer; vision; basics; pixels,0,,0,,4,10 min,false,false,true,,not available: no views column in the CMS and no Search Console export,analyzed
f969569b-56de-47e2-8a5f-d3f4da8de529,computer-vision-interview-questions-and-answers,/blog/computer-vision-interview-questions-and-answers,Computer Vision Interview Questions and Answers,published,interview-questions,Interview Questions,interview,Ravi Kumar,ravi-kumar,4fa1201f-a7aa-4e99-9cc2-b037e972a216,2025-10-06,2025-10-06T00:00:00+00:00,2025-10-06,2026-09-18T14:37:08.808906+00:00,2026-09-18T14:37:08.808906+00:00,517,13,889de6e0bd1e551eb734e54ab7f8847271324ca47a07acb758edc43c4fffabce,posts/computer-vision-interview-questions-and-answers.json in the backup,"Computer Vision Interview Questions and Answers — The questions companies actually ask, with concise model answers.",115,,Computer Vision Interview Questions and Answers,47,"Computer Vision Interview Questions and Answers — The questions companies actually ask, with concise model answers. Explained by GloryTecks Interview Questions mentors in Hyderabad.",181,Computer Vision Interview Questions and Answers,"Computer Vision Interview Questions and Answers — The questions companies actually ask, with concise model answers. Explained by GloryTecks Interview Questions mentors in Hyderabad.",,,/blog/computer-vision-interview-questions-and-answers (set by the page template),false,interview questions; computer; vision; interview; questions,interview questions; computer; vision; interview; questions,0,,0,,9,16 min,false,false,false,,not available: no views column in the CMS and no Search Console export,analyzed
d042f0d8-e450-4cee-81dd-4fd59e8ae8dd,conditional-formatting-in-power-bi-a-practical-guide,/blog/conditional-formatting-in-power-bi-a-practical-guide,Conditional Formatting in Power BI: A Practical Guide,published,power-bi,Power BI,guide,Arjun Nair,arjun-nair,ffb6b867-319d-461f-ba3c-c736b5113800,2026-02-13,2026-02-13T00:00:00+00:00,2026-02-13,2026-09-18T14:37:03.893983+00:00,2026-09-18T14:37:03.893983+00:00,696,26,c1392842d37dbd83598c0b445b82a44be637f10146f1b9a607ca55d611227a57,posts/conditional-formatting-in-power-bi-a-practical-guide.json in the backup,"Conditional Formatting in Power BI: A Practical Guide — A practical, example-led guide you can apply right away.",112,,Conditional Formatting in Power BI: A Practical Guide,53,"Conditional Formatting in Power BI: A Practical Guide — A practical, example-led guide you can apply right away. Explained by GloryTecks Power BI mentors in Hyderabad.",167,Conditional Formatting in Power BI: A Practical Guide,"Conditional Formatting in Power BI: A Practical Guide — A practical, example-led guide you can apply right away. Explained by GloryTecks Power BI mentors in Hyderabad.",,,/blog/conditional-formatting-in-power-bi-a-practical-guide (set by the page template),false,power bi; conditional; formatting; power; practical,power bi; conditional; formatting; power; practical,0,,0,,4,10 min,false,false,false,,not available: no views column in the CMS and no Search Console export,analyzed
266da73c-25b7-496e-9c82-3bbae4d31c62,confusion-matrix-explained-reading-it-correctly,/blog/confusion-matrix-explained-reading-it-correctly,Confusion Matrix Explained: Reading It Correctly,published,data-science,Data Science,guide,Ravi Kumar,ravi-kumar,4fa1201f-a7aa-4e99-9cc2-b037e972a216,2025-10-06,2025-10-06T00:00:00+00:00,2025-11-09,2026-09-18T14:37:08.808906+00:00,2026-09-18T14:37:08.808906+00:00,673,26,f09f76564d9497f72b14add39ca88cadad06eedf6cd31037f1d040a51c77212c,posts/confusion-matrix-explained-reading-it-correctly.json in the backup,"Confusion Matrix Explained: Reading It Correctly — A practical, example-led guide you can apply right away.",107,,Confusion Matrix Explained: Reading It Correctly,48,"Confusion Matrix Explained: Reading It Correctly — A practical, example-led guide you can apply right away. Explained by GloryTecks Data Science mentors in Hyderabad.",166,Confusion Matrix Explained: Reading It Correctly,"Confusion Matrix Explained: Reading It Correctly — A practical, example-led guide you can apply right away. Explained by GloryTecks Data Science mentors in Hyderabad.",,,/blog/confusion-matrix-explained-reading-it-correctly (set by the page template),false,data science; confusion; matrix; reading; correctly,data science; confusion; matrix; reading; correctly,0,,0,,4,10 min,false,false,true,,not available: no views column in the CMS and no Search Console export,analyzed
2ca77087-c64c-48de-86d4-5506a822bf32,connecting-adf-to-rest-apis-and-web-sources,/blog/connecting-adf-to-rest-apis-and-web-sources,Connecting ADF to REST APIs and Web Sources,published,azure-data-factory,Azure Data Factory,guide,GloryTecks Team,glorytecks-team,3bbe4550-883d-4859-8188-29c88e22563e,2025-09-26,2025-09-26T00:00:00+00:00,2025-09-26,2026-09-18T14:37:08.808906+00:00,2026-09-18T14:37:08.808906+00:00,713,26,28e1507ae58cfe8f1fd5c949f6d6d22a74315bb80bb6d70ce557b745a00d107c,posts/connecting-adf-to-rest-apis-and-web-sources.json in the backup,"Connecting ADF to REST APIs and Web Sources — A practical, example-led guide you can apply right away.",102,,Connecting ADF to REST APIs and Web Sources,43,"Connecting ADF to REST APIs and Web Sources — A practical, example-led guide you can apply right away. Explained by GloryTecks Azure Data Factory mentors in Hyderabad.",167,Connecting ADF to REST APIs and Web Sources,"Connecting ADF to REST APIs and Web Sources — A practical, example-led guide you can apply right away. Explained by GloryTecks Azure Data Factory mentors in Hyderabad.",,,/blog/connecting-adf-to-rest-apis-and-web-sources (set by the page template),false,azure data factory; connecting; adf; rest; apis,azure data factory; connecting; adf; rest; apis,0,,0,,4,10 min,false,false,false,,not available: no views column in the CMS and no Search Console export,analyzed
244a4994-e18b-4bfa-a7c8-0b43a9d6cd45,connecting-power-bi-to-sql-server-a-step-by-step-guide,/blog/connecting-power-bi-to-sql-server-a-step-by-step-guide,Connecting Power BI to SQL Server: A Step-by-Step Guide,published,power-bi,Power BI,guide,GloryTecks Team,glorytecks-team,3bbe4550-883d-4859-8188-29c88e22563e,2025-12-21,2025-12-21T00:00:00+00:00,2025-12-21,2026-09-18T14:37:05.849802+00:00,2026-09-18T14:37:05.849802+00:00,699,26,68f73a1c5db2b9656c8e7730a7f655b3aaa17c558ada5ed36bca92fd253ada95,posts/connecting-power-bi-to-sql-server-a-step-by-step-guide.json in the backup,"Connecting Power BI to SQL Server: A Step-by-Step Guide — A practical, example-led guide you can apply right away.",114,,Connecting Power BI to SQL Server: A Step-by-Step Guide,55,"Connecting Power BI to SQL Server: A Step-by-Step Guide — A practical, example-led guide you can apply right away. Explained by GloryTecks Power BI mentors in Hyderabad.",169,Connecting Power BI to SQL Server: A Step-by-Step Guide,"Connecting Power BI to SQL Server: A Step-by-Step Guide — A practical, example-led guide you can apply right away. Explained by GloryTecks Power BI mentors in Hyderabad.",,,/blog/connecting-power-bi-to-sql-server-a-step-by-step-guide (set by the page template),false,power bi; connecting; power; sql; server,power bi; connecting; power; sql; server,0,,0,,4,10 min,false,false,false,,not available: no views column in the CMS and no Search Console export,analyzed
2aa3a681-1f74-4d7a-8234-c426e49b87ce,containerizing-a-machine-learning-model-step-by-step,/blog/containerizing-a-machine-learning-model-step-by-step,Containerizing a Machine Learning Model Step by Step,published,mlops,MLOps,guide,Ravi Kumar,ravi-kumar,4fa1201f-a7aa-4e99-9cc2-b037e972a216,2026-01-13,2026-01-13T00:00:00+00:00,2026-01-13,2026-09-18T14:37:05.849802+00:00,2026-09-18T14:37:05.849802+00:00,676,26,db3306ba172134bdebb7c5fcc018b3fe65ac544e0d21fcbe45db9b43d455801e,posts/containerizing-a-machine-learning-model-step-by-step.json in the backup,"Containerizing a Machine Learning Model Step by Step — A practical, example-led guide you can apply right away.",111,,Containerizing a Machine Learning Model Step by Step,52,"Containerizing a Machine Learning Model Step by Step — A practical, example-led guide you can apply right away. Explained by GloryTecks MLOps mentors in Hyderabad.",163,Containerizing a Machine Learning Model Step by Step,"Containerizing a Machine Learning Model Step by Step — A practical, example-led guide you can apply right away. Explained by GloryTecks MLOps mentors in Hyderabad.",,,/blog/containerizing-a-machine-learning-model-step-by-step (set by the page template),false,mlops; containerizing; machine; learning; model,mlops; containerizing; machine; learning; model,0,,0,,4,10 min,false,false,false,,not available: no views column in the CMS and no Search Console export,merge_candidate
cc103472-38bf-4e41-ac62-3eb020762646,context-windows-explained-tokens-limits-and-costs,/blog/context-windows-explained-tokens-limits-and-costs,"Context Windows Explained: Tokens, Limits and Costs",published,generative-ai,Generative AI,guide,GloryTecks Team,glorytecks-team,3bbe4550-883d-4859-8188-29c88e22563e,2025-11-28,2025-11-28T00:00:00+00:00,2025-11-28,2026-09-18T14:37:07.161579+00:00,2026-09-18T14:37:07.161579+00:00,689,26,c5ec8af5a0314f14e880ec2eb45691ffde0ab6db6b1ec2d5969000ddfed1c39a,posts/context-windows-explained-tokens-limits-and-costs.json in the backup,"Context Windows Explained: Tokens, Limits and Costs — A practical, example-led guide you can apply right away.",110,,"Context Windows Explained: Tokens, Limits and Costs",51,"Context Windows Explained: Tokens, Limits and Costs — A practical, example-led guide you can apply right away. Explained by GloryTecks Generative AI mentors in Hyderabad.",170,"Context Windows Explained: Tokens, Limits and Costs","Context Windows Explained: Tokens, Limits and Costs — A practical, example-led guide you can apply right away. Explained by GloryTecks Generative AI mentors in Hyderabad.",,,/blog/context-windows-explained-tokens-limits-and-costs (set by the page template),false,generative ai; context; windows; tokens; limits,generative ai; context; windows; tokens; limits,0,,0,,4,10 min,false,false,false,,not available: no views column in the CMS and no Search Console export,analyzed
2ae8bcc2-7fe9-4211-946e-d3577a86351f,continuous-training-automating-model-retraining,/blog/continuous-training-automating-model-retraining,Continuous Training: Automating Model Retraining,published,mlops,MLOps,guide,Ravi Kumar,ravi-kumar,4fa1201f-a7aa-4e99-9cc2-b037e972a216,2026-03-02,2026-03-02T00:00:00+00:00,2026-03-02,2026-09-18T14:37:03.893983+00:00,2026-09-18T14:37:03.893983+00:00,661,26,4032626d8c0b728dc31af775a8ed98922b89ce4867cad060afccab91d6401f4d,posts/continuous-training-automating-model-retraining.json in the backup,"Continuous Training: Automating Model Retraining — A practical, example-led guide you can apply right away.",107,,Continuous Training: Automating Model Retraining,48,"Continuous Training: Automating Model Retraining — A practical, example-led guide you can apply right away. Explained by GloryTecks MLOps mentors in Hyderabad.",159,Continuous Training: Automating Model Retraining,"Continuous Training: Automating Model Retraining — A practical, example-led guide you can apply right away. Explained by GloryTecks MLOps mentors in Hyderabad.",,,/blog/continuous-training-automating-model-retraining (set by the page template),false,mlops; continuous; training; automating; model,mlops; continuous; training; automating; model,0,,0,,4,10 min,false,false,false,,not available: no views column in the CMS and no Search Console export,analyzed
32f89549-d88d-4b53-918d-6c06f6b98fc1,copy-activity-in-azure-data-factory-a-practical-guide,/blog/copy-activity-in-azure-data-factory-a-practical-guide,Copy Activity in Azure Data Factory: A Practical Guide,published,azure-data-factory,Azure Data Factory,guide,Sneha Reddy,sneha-reddy,682d13de-46d8-47b4-914e-58e25b899413,2026-05-18,2026-05-18T00:00:00+00:00,2026-05-18,2026-09-18T14:07:38.340336+00:00,2026-09-18T14:07:38.340336+00:00,710,26,c664813181d467de1ccad543bf07cd7b40da654f1da6bddd185b2a667474ef0f,posts/copy-activity-in-azure-data-factory-a-practical-guide.json in the backup,"Copy Activity in Azure Data Factory: A Practical Guide — A practical, example-led guide you can apply right away.",113,,Copy Activity in Azure Data Factory: A Practical Guide,54,"Copy Activity in Azure Data Factory: A Practical Guide — A practical, example-led guide you can apply right away. Explained by GloryTecks Azure Data Factory mentors in Hyderabad.",178,Copy Activity in Azure Data Factory: A Practical Guide,"Copy Activity in Azure Data Factory: A Practical Guide — A practical, example-led guide you can apply right away. Explained by GloryTecks Azure Data Factory mentors in Hyderabad.",,,/blog/copy-activity-in-azure-data-factory-a-practical-guide (set by the page template),false,azure data factory; copy; activity; azure; data,azure data factory; copy; activity; azure; data,0,,0,,4,10 min,false,true,true,,not available: no views column in the CMS and no Search Console export,analyzed
d83817f0-1112-407f-b188-c332e433afd6,copying-data-from-on-prem-sql-to-azure-with-adf,/blog/copying-data-from-on-prem-sql-to-azure-with-adf,Copying Data from On-Prem SQL to Azure with ADF,published,azure-data-factory,Azure Data Factory,guide,GloryTecks Team,glorytecks-team,3bbe4550-883d-4859-8188-29c88e22563e,2026-01-24,2026-01-24T00:00:00+00:00,2026-01-24,2026-09-18T14:37:05.849802+00:00,2026-09-18T14:37:05.849802+00:00,716,26,50694745fcfcffaf122788079abeb6ad7146c0110d09b7948745dcbb5c1ac053,posts/copying-data-from-on-prem-sql-to-azure-with-adf.json in the backup,"Copying Data from On-Prem SQL to Azure with ADF — A practical, example-led guide you can apply right away.",106,,Copying Data from On-Prem SQL to Azure with ADF,47,"Copying Data from On-Prem SQL to Azure with ADF — A practical, example-led guide you can apply right away. Explained by GloryTecks Azure Data Factory mentors in Hyderabad.",171,Copying Data from On-Prem SQL to Azure with ADF,"Copying Data from On-Prem SQL to Azure with ADF — A practical, example-led guide you can apply right away. Explained by GloryTecks Azure Data Factory mentors in Hyderabad.",,,/blog/copying-data-from-on-prem-sql-to-azure-with-adf (set by the page template),false,azure data factory; copying; data; prem; sql,azure data factory; copying; data; prem; sql,0,,0,,4,10 min,false,false,false,,not available: no views column in the CMS and no Search Console export,analyzed
a1a1edd7-f647-405b-933e-549399d33f3c,correlation-vs-causation-a-must-know-for-analysts,/blog/correlation-vs-causation-a-must-know-for-analysts,Correlation vs Causation: A Must-Know for Analysts,published,data-analytics,Data Analytics,comparison,Arjun Nair,arjun-nair,ffb6b867-319d-461f-ba3c-c736b5113800,2025-12-03,2025-12-03T00:00:00+00:00,2026-01-09,2026-09-18T14:37:07.161579+00:00,2026-09-18T14:37:07.161579+00:00,477,17,e95a7eaaa02376b15d6599608596a7b1ca8136b93030f2288cf0e8c7e780dbf1,posts/correlation-vs-causation-a-must-know-for-analysts.json in the backup,"Correlation vs Causation: A Must-Know for Analysts — A clear, practical comparison to help you decide.",102,,Correlation vs Causation: A Must-Know for Analysts,50,"Correlation vs Causation: A Must-Know for Analysts — A clear, practical comparison to help you decide. Explained by GloryTecks Data Analytics mentors in Hyderabad.",163,Correlation vs Causation: A Must-Know for Analysts,"Correlation vs Causation: A Must-Know for Analysts — A clear, practical comparison to help you decide. Explained by GloryTecks Data Analytics mentors in Hyderabad.",,,/blog/correlation-vs-causation-a-must-know-for-analysts (set by the page template),false,data analytics; correlation; causation; must; analysts,data analytics; correlation; causation; must; analysts,0,,0,,4,7 min,false,false,false,,not available: no views column in the CMS and no Search Console export,analyzed
01b812e1-7779-48a5-a431-7e592f41a035,cost-controls-and-budgets-on-google-cloud,/blog/cost-controls-and-budgets-on-google-cloud,Cost Controls and Budgets on Google Cloud,published,gcp,GCP,guide,GloryTecks Team,glorytecks-team,3bbe4550-883d-4859-8188-29c88e22563e,2025-09-26,2025-09-26T00:00:00+00:00,2025-09-26,2026-09-18T14:37:08.808906+00:00,2026-09-18T14:37:08.808906+00:00,667,26,d0cb629591729774067d26f16f0610a47d591df5b3bdebcb302437b9c3699a75,posts/cost-controls-and-budgets-on-google-cloud.json in the backup,"Cost Controls and Budgets on Google Cloud — A practical, example-led guide you can apply right away.",100,,Cost Controls and Budgets on Google Cloud,41,"Cost Controls and Budgets on Google Cloud — A practical, example-led guide you can apply right away. Explained by GloryTecks GCP mentors in Hyderabad.",150,Cost Controls and Budgets on Google Cloud,"Cost Controls and Budgets on Google Cloud — A practical, example-led guide you can apply right away. Explained by GloryTecks GCP mentors in Hyderabad.",,,/blog/cost-controls-and-budgets-on-google-cloud (set by the page template),false,gcp; cost; controls; budgets; google,gcp; cost; controls; budgets; google,0,,0,,4,10 min,false,false,false,,not available: no views column in the CMS and no Search Console export,analyzed
825b3a5a-7234-49ae-b739-cb31b8e97ef4,cost-optimization-for-llm-applications-in-production,/blog/cost-optimization-for-llm-applications-in-production,Cost Optimization for LLM Applications in Production,published,generative-ai,Generative AI,guide,GloryTecks Team,glorytecks-team,3bbe4550-883d-4859-8188-29c88e22563e,2025-10-11,2025-10-11T00:00:00+00:00,2025-10-11,2026-09-18T14:37:08.808906+00:00,2026-09-18T14:37:08.808906+00:00,697,26,65dace5dc62b6a91a264a8e04c6e72cb03fcd4936ead2b25cfd7ca4f30434502,posts/cost-optimization-for-llm-applications-in-production.json in the backup,"Cost Optimization for LLM Applications in Production — A practical, example-led guide you can apply right away.",111,,Cost Optimization for LLM Applications in Production,52,"Cost Optimization for LLM Applications in Production — A practical, example-led guide you can apply right away. Explained by GloryTecks Generative AI mentors in Hyderabad.",171,Cost Optimization for LLM Applications in Production,"Cost Optimization for LLM Applications in Production — A practical, example-led guide you can apply right away. Explained by GloryTecks Generative AI mentors in Hyderabad.",,,/blog/cost-optimization-for-llm-applications-in-production (set by the page template),false,generative ai; cost; optimization; llm; applications,generative ai; cost; optimization; llm; applications,0,,0,,4,10 min,false,false,false,,not available: no views column in the CMS and no Search Console export,analyzed
73da060d-5146-4aa6-8920-eefdfc2114c6,cost-optimization-for-ml-workloads-in-the-cloud,/blog/cost-optimization-for-ml-workloads-in-the-cloud,Cost Optimization for ML Workloads in the Cloud,published,mlops,MLOps,guide,Sneha Reddy,sneha-reddy,682d13de-46d8-47b4-914e-58e25b899413,2025-12-14,2025-12-14T00:00:00+00:00,2025-12-14,2026-09-18T14:37:05.849802+00:00,2026-09-18T14:37:05.849802+00:00,676,26,ab5c53b508116f5590ffb4078ade825de1a7c8f1ff0382232ebdc79e6ca8b156,posts/cost-optimization-for-ml-workloads-in-the-cloud.json in the backup,"Cost Optimization for ML Workloads in the Cloud — A practical, example-led guide you can apply right away.",106,,Cost Optimization for ML Workloads in the Cloud,47,"Cost Optimization for ML Workloads in the Cloud — A practical, example-led guide you can apply right away. Explained by GloryTecks MLOps mentors in Hyderabad.",158,Cost Optimization for ML Workloads in the Cloud,"Cost Optimization for ML Workloads in the Cloud — A practical, example-led guide you can apply right away. Explained by GloryTecks MLOps mentors in Hyderabad.",,,/blog/cost-optimization-for-ml-workloads-in-the-cloud (set by the page template),false,mlops; cost; optimization; workloads; cloud,mlops; cost; optimization; workloads; cloud,0,,0,,4,10 min,false,false,false,,not available: no views column in the CMS and no Search Console export,analyzed
6bafd24c-d84b-449c-901c-df4e8163efbf,cracking-hr-round-questions-confidently,/blog/cracking-hr-round-questions-confidently,Cracking HR Round Questions Confidently,published,career-guidance,Career Guidance,guide,Priya Sharma,priya-sharma,2ef777f6-83c0-4249-9c0b-c4d1f2e17b89,2025-12-12,2025-12-12T00:00:00+00:00,2025-12-12,2026-09-18T14:37:05.849802+00:00,2026-09-18T14:37:05.849802+00:00,639,24,2af63f9515bc19b672204e212d1d18d57f2bbe9bca41dec59b7549dad83d2a59,posts/cracking-hr-round-questions-confidently.json in the backup,"Cracking HR Round Questions Confidently — A practical, example-led guide you can apply right away.",98,,Cracking HR Round Questions Confidently,39,"Cracking HR Round Questions Confidently — A practical, example-led guide you can apply right away. Explained by GloryTecks Career Guidance mentors in Hyderabad.",160,Cracking HR Round Questions Confidently,"Cracking HR Round Questions Confidently — A practical, example-led guide you can apply right away. Explained by GloryTecks Career Guidance mentors in Hyderabad.",,,/blog/cracking-hr-round-questions-confidently (set by the page template),false,career guidance; cracking; round; questions; confidently,career guidance; cracking; round; questions; confidently,0,,0,,4,10 min,false,false,false,,not available: no views column in the CMS and no Search Console export,merge_candidate
ff61386a-778b-4895-9173-fc3c20f1fe33,cracking-the-behavioral-interview-star-method,/blog/cracking-the-behavioral-interview-star-method,Cracking the Behavioral Interview: STAR Method,published,career-guidance,Career Guidance,guide,Priya Sharma,priya-sharma,2ef777f6-83c0-4249-9c0b-c4d1f2e17b89,2026-04-23,2026-04-23T00:00:00+00:00,2026-04-23,2026-09-18T14:37:01.989257+00:00,2026-09-18T14:37:01.989257+00:00,638,24,0c58dd4e7e4fe4c9cd237f8cabdef4131653961855de8d6913c8ddffaea1ae0d,posts/cracking-the-behavioral-interview-star-method.json in the backup,"Cracking the Behavioral Interview: STAR Method — A practical, example-led guide you can apply right away.",105,,Cracking the Behavioral Interview: STAR Method,46,"Cracking the Behavioral Interview: STAR Method — A practical, example-led guide you can apply right away. Explained by GloryTecks Career Guidance mentors in Hyderabad.",167,Cracking the Behavioral Interview: STAR Method,"Cracking the Behavioral Interview: STAR Method — A practical, example-led guide you can apply right away. Explained by GloryTecks Career Guidance mentors in Hyderabad.",,,/blog/cracking-the-behavioral-interview-star-method (set by the page template),false,career guidance; cracking; behavioral; interview; star,career guidance; cracking; behavioral; interview; star,0,,0,,4,10 min,false,false,false,,not available: no views column in the CMS and no Search Console export,merge_candidate
5fc6afc5-f83d-4462-89a0-25e35eba9439,crafting-an-elevator-pitch-for-tech-roles,/blog/crafting-an-elevator-pitch-for-tech-roles,Crafting an Elevator Pitch for Tech Roles,published,career-guidance,Career Guidance,guide,GloryTecks Team,glorytecks-team,3bbe4550-883d-4859-8188-29c88e22563e,2025-09-25,2025-09-25T00:00:00+00:00,2025-09-25,2026-09-18T14:37:08.808906+00:00,2026-09-18T14:37:08.808906+00:00,645,24,472d5612d4728a11fb78c72c980410bf3b9cc48f9431704ca8589485027ef85c,posts/crafting-an-elevator-pitch-for-tech-roles.json in the backup,"Crafting an Elevator Pitch for Tech Roles — A practical, example-led guide you can apply right away.",100,,Crafting an Elevator Pitch for Tech Roles,41,"Crafting an Elevator Pitch for Tech Roles — A practical, example-led guide you can apply right away. Explained by GloryTecks Career Guidance mentors in Hyderabad.",162,Crafting an Elevator Pitch for Tech Roles,"Crafting an Elevator Pitch for Tech Roles — A practical, example-led guide you can apply right away. Explained by GloryTecks Career Guidance mentors in Hyderabad.",,,/blog/crafting-an-elevator-pitch-for-tech-roles (set by the page template),false,career guidance; crafting; elevator; pitch; tech,career guidance; crafting; elevator; pitch; tech,0,,0,,4,10 min,false,false,false,,not available: no views column in the CMS and no Search Console export,analyzed
87668382-eb60-4dc3-ad26-8e5e2f76604d,creating-calculated-columns-vs-measures-in-power-bi,/blog/creating-calculated-columns-vs-measures-in-power-bi,Creating Calculated Columns vs Measures in Power BI,published,power-bi,Power BI,comparison,GloryTecks Team,glorytecks-team,3bbe4550-883d-4859-8188-29c88e22563e,2026-03-27,2026-03-27T00:00:00+00:00,2026-03-27,2026-09-18T14:37:01.989257+00:00,2026-09-18T14:37:01.989257+00:00,492,17,cb97881ca2b6dc74a117e2f77a705f532d78ee25474e0da330142e63ffcd8301,posts/creating-calculated-columns-vs-measures-in-power-bi.json in the backup,"Creating Calculated Columns vs Measures in Power BI — A clear, practical comparison to help you decide.",103,,Creating Calculated Columns vs Measures in Power BI,51,"Creating Calculated Columns vs Measures in Power BI — A clear, practical comparison to help you decide. Explained by GloryTecks Power BI mentors in Hyderabad.",158,Creating Calculated Columns vs Measures in Power BI,"Creating Calculated Columns vs Measures in Power BI — A clear, practical comparison to help you decide. Explained by GloryTecks Power BI mentors in Hyderabad.",,,/blog/creating-calculated-columns-vs-measures-in-power-bi (set by the page template),false,power bi; creating; calculated; columns; measures,power bi; creating; calculated; columns; measures,0,,0,,4,7 min,false,false,false,,not available: no views column in the CMS and no Search Console export,merge_candidate
fd3c250d-914c-4989-a2cc-f99e964fb93a,cross-validation-in-machine-learning-a-practical-guide,/blog/cross-validation-in-machine-learning-a-practical-guide,Cross-Validation in Machine Learning: A Practical Guide,published,data-science,Data Science,guide,GloryTecks Team,glorytecks-team,3bbe4550-883d-4859-8188-29c88e22563e,2026-03-05,2026-03-05T00:00:00+00:00,2026-03-19,2026-09-18T14:37:03.893983+00:00,2026-09-18T14:37:03.893983+00:00,676,26,d9179d8fbb8a838309a2755c729f241b29ee2d6785535d383fd29defa02c5ee9,posts/cross-validation-in-machine-learning-a-practical-guide.json in the backup,"Cross-Validation in Machine Learning: A Practical Guide — A practical, example-led guide you can apply right away.",114,,Cross-Validation in Machine Learning: A Practical Guide,55,"Cross-Validation in Machine Learning: A Practical Guide — A practical, example-led guide you can apply right away. Explained by GloryTecks Data Science mentors in Hyderabad.",173,Cross-Validation in Machine Learning: A Practical Guide,"Cross-Validation in Machine Learning: A Practical Guide — A practical, example-led guide you can apply right away. Explained by GloryTecks Data Science mentors in Hyderabad.",,,/blog/cross-validation-in-machine-learning-a-practical-guide (set by the page template),false,data science; cross; validation; machine; learning,data science; cross; validation; machine; learning,0,,0,,4,10 min,false,false,false,,not available: no views column in the CMS and no Search Console export,needs_review
bb01aead-b563-44f6-98fc-f83e47a34d18,customer-segmentation-for-analysts-a-practical-guide,/blog/customer-segmentation-for-analysts-a-practical-guide,Customer Segmentation for Analysts: A Practical Guide,published,data-analytics,Data Analytics,guide,GloryTecks Team,glorytecks-team,3bbe4550-883d-4859-8188-29c88e22563e,2026-02-19,2026-02-19T00:00:00+00:00,2026-04-01,2026-09-18T14:37:03.893983+00:00,2026-09-18T14:37:03.893983+00:00,670,26,943144267a3e5e61213a218088ec8bf655816086dbcfec23b9df4c54da2f2f65,posts/customer-segmentation-for-analysts-a-practical-guide.json in the backup,"Customer Segmentation for Analysts: A Practical Guide — A practical, example-led guide you can apply right away.",112,,Customer Segmentation for Analysts: A Practical Guide,53,"Customer Segmentation for Analysts: A Practical Guide — A practical, example-led guide you can apply right away. Explained by GloryTecks Data Analytics mentors in Hyderabad.",173,Customer Segmentation for Analysts: A Practical Guide,"Customer Segmentation for Analysts: A Practical Guide — A practical, example-led guide you can apply right away. Explained by GloryTecks Data Analytics mentors in Hyderabad.",,,/blog/customer-segmentation-for-analysts-a-practical-guide (set by the page template),false,data analytics; customer; segmentation; analysts; practical,data analytics; customer; segmentation; analysts; practical,0,,0,,4,10 min,false,false,true,,not available: no views column in the CMS and no Search Console export,analyzed
abcc9aa8-f055-4f92-926c-305aed8f2e28,dashboard-design-principles-for-data-analysts,/blog/dashboard-design-principles-for-data-analysts,Dashboard Design Principles for Data Analysts,published,data-analytics,Data Analytics,guide,GloryTecks Team,glorytecks-team,3bbe4550-883d-4859-8188-29c88e22563e,2026-05-26,2026-05-26T00:00:00+00:00,2026-06-15,2026-09-18T14:07:31.509107+00:00,2026-09-18T14:07:31.509107+00:00,673,26,c897d566c1bab6c150c2e520525081e50a84f5d35ec3454977649f44149222db,posts/dashboard-design-principles-for-data-analysts.json in the backup,"Dashboard Design Principles for Data Analysts — A practical, example-led guide you can apply right away.",104,,Dashboard Design Principles for Data Analysts,45,"Dashboard Design Principles for Data Analysts — A practical, example-led guide you can apply right away. Explained by GloryTecks Data Analytics mentors in Hyderabad.",165,Dashboard Design Principles for Data Analysts,"Dashboard Design Principles for Data Analysts — A practical, example-led guide you can apply right away. Explained by GloryTecks Data Analytics mentors in Hyderabad.",,,/blog/dashboard-design-principles-for-data-analysts (set by the page template),false,data analytics; dashboard; design; principles; data,data analytics; dashboard; design; principles; data,0,,0,,4,10 min,false,true,false,,not available: no views column in the CMS and no Search Console export,analyzed
cb17f4df-fef4-4f32-bb1a-9cd80315418c,data-analyst-career-path-from-junior-to-lead,/blog/data-analyst-career-path-from-junior-to-lead,Data Analyst Career Path: From Junior to Lead,published,data-analytics,Data Analytics,guide,Arjun Nair,arjun-nair,ffb6b867-319d-461f-ba3c-c736b5113800,2025-10-04,2025-10-04T00:00:00+00:00,2025-11-10,2026-09-18T14:37:08.808906+00:00,2026-09-18T14:37:08.808906+00:00,671,26,f405aa78b1e1aaa43279dd4f1480443292c7adb1c56387f5bdda3de5a97a725c,posts/data-analyst-career-path-from-junior-to-lead.json in the backup,"Data Analyst Career Path: From Junior to Lead — A practical, example-led guide you can apply right away.",104,,Data Analyst Career Path: From Junior to Lead,45,"Data Analyst Career Path: From Junior to Lead — A practical, example-led guide you can apply right away. Explained by GloryTecks Data Analytics mentors in Hyderabad.",165,Data Analyst Career Path: From Junior to Lead,"Data Analyst Career Path: From Junior to Lead — A practical, example-led guide you can apply right away. Explained by GloryTecks Data Analytics mentors in Hyderabad.",,,/blog/data-analyst-career-path-from-junior-to-lead (set by the page template),false,data analytics; data; analyst; career; path,data analytics; data; analyst; career; path,0,,0,,4,10 min,false,false,false,,not available: no views column in the CMS and no Search Console export,analyzed
28258a22-d9d9-4d6a-8268-84a950122a18,data-analyst-interview-questions-and-answers,/blog/data-analyst-interview-questions-and-answers,Data Analyst Interview Questions and Answers,published,interview-questions,Interview Questions,interview,Ravi Kumar,ravi-kumar,4fa1201f-a7aa-4e99-9cc2-b037e972a216,2026-03-11,2026-03-11T00:00:00+00:00,2026-03-11,2026-09-18T14:37:03.893983+00:00,2026-09-18T14:37:03.893983+00:00,517,13,8a1fd63e4e8e20b35e72ba69fee00a7e06f906a1ba6412d7f084a3afe7780800,posts/data-analyst-interview-questions-and-answers.json in the backup,"Data Analyst Interview Questions and Answers — The questions companies actually ask, with concise model answers.",112,,Data Analyst Interview Questions and Answers,44,"Data Analyst Interview Questions and Answers — The questions companies actually ask, with concise model answers. Explained by GloryTecks Interview Questions mentors in Hyderabad.",178,Data Analyst Interview Questions and Answers,"Data Analyst Interview Questions and Answers — The questions companies actually ask, with concise model answers. Explained by GloryTecks Interview Questions mentors in Hyderabad.",,,/blog/data-analyst-interview-questions-and-answers (set by the page template),false,interview questions; data; analyst; interview; questions,interview questions; data; analyst; interview; questions,0,,0,,9,16 min,false,false,false,,not available: no views column in the CMS and no Search Console export,analyzed
4ec9bd80-4b35-4b93-b9a0-6ed9b73caf8a,data-analyst-interview-questions-and-answers-2,/blog/data-analyst-interview-questions-and-answers-2,Data Analyst Interview Questions and Answers,published,data-analytics,Data Analytics,interview,Arjun Nair,arjun-nair,ffb6b867-319d-461f-ba3c-c736b5113800,2025-12-15,2025-12-15T00:00:00+00:00,2025-12-28,2026-09-18T14:37:05.849802+00:00,2026-09-18T14:37:05.849802+00:00,532,15,5f5768cf7264307ec23dd54ccb7f21cbe3b94589c53e3c014da82f3981a5b4c8,posts/data-analyst-interview-questions-and-answers-2.json in the backup,"Data Analyst Interview Questions and Answers — The questions companies actually ask, with concise model answers.",112,,Data Analyst Interview Questions and Answers,44,"Data Analyst Interview Questions and Answers — The questions companies actually ask, with concise model answers. Explained by GloryTecks Data Analytics mentors in Hyderabad.",173,Data Analyst Interview Questions and Answers,"Data Analyst Interview Questions and Answers — The questions companies actually ask, with concise model answers. Explained by GloryTecks Data Analytics mentors in Hyderabad.",,,/blog/data-analyst-interview-questions-and-answers-2 (set by the page template),false,data analytics; data; analyst; interview; questions,data analytics; data; analyst; interview; questions,0,,0,,9,16 min,false,false,false,data-analyst-interview-questions-and-answers,not available: no views column in the CMS and no Search Console export,redirected
d4e69b05-c67e-4356-875b-a353ec336620,data-analyst-roadmap-2026-skills-tools-and-timeline,/blog/data-analyst-roadmap-2026-skills-tools-and-timeline,"Data Analyst Roadmap 2026: Skills, Tools and Timeline",published,data-analytics,Data Analytics,roadmap,Arjun Nair,arjun-nair,ffb6b867-319d-461f-ba3c-c736b5113800,2026-06-13,2026-06-13T00:00:00+00:00,2026-06-15,2026-09-18T14:07:16.322751+00:00,2026-09-18T14:07:16.322751+00:00,668,28,f1d97a710c029af289e2a57b1f54d318f0342fa11a00c45e7e13e0d6f414cab7,posts/data-analyst-roadmap-2026-skills-tools-and-timeline.json in the backup,"Data Analyst Roadmap 2026: Skills, Tools and Timeline — A step-by-step roadmap with skills, tools and a realistic timeline.",123,,"Data Analyst Roadmap 2026: Skills, Tools and Timeline",53,"Data Analyst Roadmap 2026: Skills, Tools and Timeline — A step-by-step roadmap with skills, tools and a realistic timeline. Explained by GloryTecks Data Analytics mentors in Hyderabad.",184,"Data Analyst Roadmap 2026: Skills, Tools and Timeline","Data Analyst Roadmap 2026: Skills, Tools and Timeline — A step-by-step roadmap with skills, tools and a realistic timeline. Explained by GloryTecks Data Analytics mentors in Hyderabad.",,,/blog/data-analyst-roadmap-2026-skills-tools-and-timeline (set by the page template),false,data analytics; data; analyst; roadmap; skills,data analytics; data; analyst; roadmap; skills,0,,0,,4,13 min,true,false,false,,not available: no views column in the CMS and no Search Console export,analyzed
f6cb42bb-1814-4a35-80f4-158669fdc47e,data-analyst-salary-in-hyderabad-2026,/blog/data-analyst-salary-in-hyderabad-2026,Data Analyst Salary in Hyderabad 2026,published,data-analytics,Data Analytics,salary,Arjun Nair,arjun-nair,ffb6b867-319d-461f-ba3c-c736b5113800,2026-05-08,2026-05-08T00:00:00+00:00,2026-06-15,2026-09-18T14:07:47.73551+00:00,2026-09-18T14:07:47.73551+00:00,538,17,0bd4bcde0dcf220f8a4c9541c11da67f948c56cd0578c8033ec0623cf75cc503,posts/data-analyst-salary-in-hyderabad-2026.json in the backup,"Data Analyst Salary in Hyderabad 2026 — Up-to-date salary ranges, the factors that move pay, and how to earn more.",114,,Data Analyst Salary in Hyderabad 2026,37,"Data Analyst Salary in Hyderabad 2026 — Up-to-date salary ranges, the factors that move pay, and how to earn more. Explained by GloryTecks Data Analytics mentors in Hyderabad.",175,Data Analyst Salary in Hyderabad 2026,"Data Analyst Salary in Hyderabad 2026 — Up-to-date salary ranges, the factors that move pay, and how to earn more. Explained by GloryTecks Data Analytics mentors in Hyderabad.",,,/blog/data-analyst-salary-in-hyderabad-2026 (set by the page template),false,data analytics; data; analyst; salary; hyderabad,data analytics; data; analyst; salary; hyderabad,0,,0,,5,8 min,false,false,false,,not available: no views column in the CMS and no Search Console export,needs_review
1c16821a-373d-4355-b5c7-431df23822fc,data-analyst-vs-business-analyst-key-differences,/blog/data-analyst-vs-business-analyst-key-differences,Data Analyst vs Business Analyst: Key Differences,published,data-analytics,Data Analytics,comparison,GloryTecks Team,glorytecks-team,3bbe4550-883d-4859-8188-29c88e22563e,2026-01-14,2026-01-14T00:00:00+00:00,2026-02-16,2026-09-18T14:37:05.849802+00:00,2026-09-18T14:37:05.849802+00:00,479,17,67b115291e4720fc1d64d7451b6f8bd11d6ecdaabc68f54862834cb11bca91c0,posts/data-analyst-vs-business-analyst-key-differences.json in the backup,"Data Analyst vs Business Analyst: Key Differences — A clear, practical comparison to help you decide.",101,,Data Analyst vs Business Analyst: Key Differences,49,"Data Analyst vs Business Analyst: Key Differences — A clear, practical comparison to help you decide. Explained by GloryTecks Data Analytics mentors in Hyderabad.",162,Data Analyst vs Business Analyst: Key Differences,"Data Analyst vs Business Analyst: Key Differences — A clear, practical comparison to help you decide. Explained by GloryTecks Data Analytics mentors in Hyderabad.",,,/blog/data-analyst-vs-business-analyst-key-differences (set by the page template),false,data analytics; data; analyst; business; key,data analytics; data; analyst; business; key,0,,0,,4,7 min,false,false,false,,not available: no views column in the CMS and no Search Console export,analyzed
edfc9ba3-9801-4400-a188-755efe377054,data-analytics-projects-for-your-resume,/blog/data-analytics-projects-for-your-resume,Data Analytics Projects for Your Resume,published,data-analytics,Data Analytics,projects,Arjun Nair,arjun-nair,ffb6b867-319d-461f-ba3c-c736b5113800,2026-03-09,2026-03-09T00:00:00+00:00,2026-04-23,2026-09-18T14:37:03.893983+00:00,2026-09-18T14:37:03.893983+00:00,566,21,0e930c0320814210c448bf651ebf71867deba6d137cc29be5266610c08dd3d2d,posts/data-analytics-projects-for-your-resume.json in the backup,"Data Analytics Projects for Your Resume — Hands-on project ideas with datasets, scope and what to showcase.",107,,Data Analytics Projects for Your Resume,39,"Data Analytics Projects for Your Resume — Hands-on project ideas with datasets, scope and what to showcase. Explained by GloryTecks Data Analytics mentors in Hyderabad.",168,Data Analytics Projects for Your Resume,"Data Analytics Projects for Your Resume — Hands-on project ideas with datasets, scope and what to showcase. Explained by GloryTecks Data Analytics mentors in Hyderabad.",,,/blog/data-analytics-projects-for-your-resume (set by the page template),false,data analytics; data; analytics; projects; resume,data analytics; data; analytics; projects; resume,0,,0,,4,11 min,false,false,false,,not available: no views column in the CMS and no Search Console export,analyzed
8dc99bba-d522-4b95-8b66-883df971ac7a,data-analytics-roadmap-for-non-tech-backgrounds,/blog/data-analytics-roadmap-for-non-tech-backgrounds,Data Analytics Roadmap for Non-Tech Backgrounds,published,data-analytics,Data Analytics,roadmap,Arjun Nair,arjun-nair,ffb6b867-319d-461f-ba3c-c736b5113800,2025-08-29,2025-08-29T00:00:00+00:00,2025-09-27,2026-09-18T14:37:08.808906+00:00,2026-09-18T14:37:08.808906+00:00,668,28,a709af4aaca26fecfaa4ca608c185cbf6220268bf2882dc395af1de2546a4900,posts/data-analytics-roadmap-for-non-tech-backgrounds.json in the backup,"Data Analytics Roadmap for Non-Tech Backgrounds — A step-by-step roadmap with skills, tools and a realistic timeline.",117,,Data Analytics Roadmap for Non-Tech Backgrounds,47,"Data Analytics Roadmap for Non-Tech Backgrounds — A step-by-step roadmap with skills, tools and a realistic timeline. Explained by GloryTecks Data Analytics mentors in Hyderabad.",178,Data Analytics Roadmap for Non-Tech Backgrounds,"Data Analytics Roadmap for Non-Tech Backgrounds — A step-by-step roadmap with skills, tools and a realistic timeline. Explained by GloryTecks Data Analytics mentors in Hyderabad.",,,/blog/data-analytics-roadmap-for-non-tech-backgrounds (set by the page template),false,data analytics; data; analytics; roadmap; non,data analytics; data; analytics; roadmap; non,0,,0,,4,13 min,false,false,false,,not available: no views column in the CMS and no Search Console export,analyzed
b122788d-3345-47bf-b70b-83911b9c6f27,data-catalog-and-governance-on-gcp,/blog/data-catalog-and-governance-on-gcp,Data Catalog and Governance on GCP,published,gcp,GCP,guide,Sneha Reddy,sneha-reddy,682d13de-46d8-47b4-914e-58e25b899413,2026-01-30,2026-01-30T00:00:00+00:00,2026-01-30,2026-09-18T14:37:03.893983+00:00,2026-09-18T14:37:03.893983+00:00,664,26,14f56d234449b5ac0bde7ebb17aa3a659e541b513f6f51ef675e10a9e6703ea1,posts/data-catalog-and-governance-on-gcp.json in the backup,"Data Catalog and Governance on GCP — A practical, example-led guide you can apply right away.",93,,Data Catalog and Governance on GCP,34,"Data Catalog and Governance on GCP — A practical, example-led guide you can apply right away. Explained by GloryTecks GCP mentors in Hyderabad.",143,Data Catalog and Governance on GCP,"Data Catalog and Governance on GCP — A practical, example-led guide you can apply right away. Explained by GloryTecks GCP mentors in Hyderabad.",,,/blog/data-catalog-and-governance-on-gcp (set by the page template),false,data; catalog; governance; gcp,data; catalog; governance; gcp,0,,0,,4,10 min,false,false,false,,not available: no views column in the CMS and no Search Console export,analyzed
89abac70-82f9-4201-829c-db690950c247,data-cleaning-a-practical-step-by-step-guide,/blog/data-cleaning-a-practical-step-by-step-guide,Data Cleaning: A Practical Step-by-Step Guide,published,data-analytics,Data Analytics,guide,Arjun Nair,arjun-nair,ffb6b867-319d-461f-ba3c-c736b5113800,2026-06-01,2026-06-01T00:00:00+00:00,2026-06-15,2026-09-18T14:07:26.615125+00:00,2026-09-18T14:07:26.615125+00:00,665,26,6c609fb1751393448ac86fcb37f8d115794ce3873c18a594dd762968a3fdc569,posts/data-cleaning-a-practical-step-by-step-guide.json in the backup,"Data Cleaning: A Practical Step-by-Step Guide — A practical, example-led guide you can apply right away.",104,,Data Cleaning: A Practical Step-by-Step Guide,45,"Data Cleaning: A Practical Step-by-Step Guide — A practical, example-led guide you can apply right away. Explained by GloryTecks Data Analytics mentors in Hyderabad.",165,Data Cleaning: A Practical Step-by-Step Guide,"Data Cleaning: A Practical Step-by-Step Guide — A practical, example-led guide you can apply right away. Explained by GloryTecks Data Analytics mentors in Hyderabad.",,,/blog/data-cleaning-a-practical-step-by-step-guide (set by the page template),false,data analytics; data; cleaning; practical,data analytics; data; cleaning; practical,0,,0,,4,10 min,false,true,false,,not available: no views column in the CMS and no Search Console export,analyzed
50cd4f22-ea78-4a29-b3b1-7aea85eb9d82,data-contracts-reliable-pipelines-between-teams,/blog/data-contracts-reliable-pipelines-between-teams,Data Contracts: Reliable Pipelines Between Teams,published,data-engineering,Data Engineering,guide,GloryTecks Team,glorytecks-team,3bbe4550-883d-4859-8188-29c88e22563e,2025-09-27,2025-09-27T00:00:00+00:00,2025-10-09,2026-09-18T14:37:08.808906+00:00,2026-09-18T14:37:08.808906+00:00,671,26,a24c40cbe12d300d49c240237b03bc7785ea62266a4c33e8c4a2266345c84495,posts/data-contracts-reliable-pipelines-between-teams.json in the backup,"Data Contracts: Reliable Pipelines Between Teams — A practical, example-led guide you can apply right away.",107,,Data Contracts: Reliable Pipelines Between Teams,48,"Data Contracts: Reliable Pipelines Between Teams — A practical, example-led guide you can apply right away. Explained by GloryTecks Data Engineering mentors in Hyderabad.",170,Data Contracts: Reliable Pipelines Between Teams,"Data Contracts: Reliable Pipelines Between Teams — A practical, example-led guide you can apply right away. Explained by GloryTecks Data Engineering mentors in Hyderabad.",,,/blog/data-contracts-reliable-pipelines-between-teams (set by the page template),false,data engineering; data; contracts; reliable; pipelines,data engineering; data; contracts; reliable; pipelines,0,,0,,4,10 min,false,false,false,,not available: no views column in the CMS and no Search Console export,analyzed
55a1b6e1-679f-4d59-a2ae-87c1ce863dff,data-engineer-salary-in-hyderabad-2026,/blog/data-engineer-salary-in-hyderabad-2026,Data Engineer Salary in Hyderabad 2026,published,data-engineering,Data Engineering,salary,Sneha Reddy,sneha-reddy,682d13de-46d8-47b4-914e-58e25b899413,2025-11-20,2025-11-20T00:00:00+00:00,2025-12-14,2026-09-18T14:37:07.161579+00:00,2026-09-18T14:37:07.161579+00:00,538,17,187db67cac0ad472c777c8a2dec71eceb581c16abb417435b64660cc2680f159,posts/data-engineer-salary-in-hyderabad-2026.json in the backup,"Data Engineer Salary in Hyderabad 2026 — Up-to-date salary ranges, the factors that move pay, and how to earn more.",115,,Data Engineer Salary in Hyderabad 2026,38,"Data Engineer Salary in Hyderabad 2026 — Up-to-date salary ranges, the factors that move pay, and how to earn more. Explained by GloryTecks Data Engineering mentors in Hyderabad.",178,Data Engineer Salary in Hyderabad 2026,"Data Engineer Salary in Hyderabad 2026 — Up-to-date salary ranges, the factors that move pay, and how to earn more. Explained by GloryTecks Data Engineering mentors in Hyderabad.",,,/blog/data-engineer-salary-in-hyderabad-2026 (set by the page template),false,data engineering; data; engineer; salary; hyderabad,data engineering; data; engineer; salary; hyderabad,0,,0,,5,8 min,false,false,false,,not available: no views column in the CMS and no Search Console export,needs_review
d378de89-5a04-49e3-beb5-faca70d91481,data-engineering-interview-questions-and-answers,/blog/data-engineering-interview-questions-and-answers,Data Engineering Interview Questions and Answers,published,interview-questions,Interview Questions,interview,Ravi Kumar,ravi-kumar,4fa1201f-a7aa-4e99-9cc2-b037e972a216,2026-04-16,2026-04-16T00:00:00+00:00,2026-04-16,2026-09-18T14:37:01.989257+00:00,2026-09-18T14:37:01.989257+00:00,517,13,a525952a7b83485a4be33d105b1232e631bc81372614da366030e666ffb91d2c,posts/data-engineering-interview-questions-and-answers.json in the backup,"Data Engineering Interview Questions and Answers — The questions companies actually ask, with concise model answers.",116,,Data Engineering Interview Questions and Answers,48,"Data Engineering Interview Questions and Answers — The questions companies actually ask, with concise model answers. Explained by GloryTecks Interview Questions mentors in Hyderabad.",182,Data Engineering Interview Questions and Answers,"Data Engineering Interview Questions and Answers — The questions companies actually ask, with concise model answers. Explained by GloryTecks Interview Questions mentors in Hyderabad.",,,/blog/data-engineering-interview-questions-and-answers (set by the page template),false,interview questions; data; engineering; interview; questions,interview questions; data; engineering; interview; questions,0,,0,,9,16 min,false,false,true,,not available: no views column in the CMS and no Search Console export,analyzed
cbb7e717-6fcb-400e-bc2f-d979b607d658,data-engineering-interview-questions-and-answers-2,/blog/data-engineering-interview-questions-and-answers-2,Data Engineering Interview Questions and Answers,published,data-engineering,Data Engineering,interview,GloryTecks Team,glorytecks-team,3bbe4550-883d-4859-8188-29c88e22563e,2025-10-21,2025-10-21T00:00:00+00:00,2025-12-04,2026-09-18T14:37:07.161579+00:00,2026-09-18T14:37:07.161579+00:00,532,15,bffa34427b0d7ad09d56d5728c0e302caa620dd7d9195959b478de888463d8ac,posts/data-engineering-interview-questions-and-answers-2.json in the backup,"Data Engineering Interview Questions and Answers — The questions companies actually ask, with concise model answers.",116,,Data Engineering Interview Questions and Answers,48,"Data Engineering Interview Questions and Answers — The questions companies actually ask, with concise model answers. Explained by GloryTecks Data Engineering mentors in Hyderabad.",179,Data Engineering Interview Questions and Answers,"Data Engineering Interview Questions and Answers — The questions companies actually ask, with concise model answers. Explained by GloryTecks Data Engineering mentors in Hyderabad.",,,/blog/data-engineering-interview-questions-and-answers-2 (set by the page template),false,data engineering; data; engineering; interview; questions,data engineering; data; engineering; interview; questions,0,,0,,9,16 min,false,false,false,data-engineering-interview-questions-and-answers,not available: no views column in the CMS and no Search Console export,redirected
7688d79a-0f96-4d11-ad3e-9f100f7c4d40,data-engineering-projects-for-your-portfolio,/blog/data-engineering-projects-for-your-portfolio,Data Engineering Projects for Your Portfolio,published,data-engineering,Data Engineering,projects,GloryTecks Team,glorytecks-team,3bbe4550-883d-4859-8188-29c88e22563e,2025-12-20,2025-12-20T00:00:00+00:00,2026-02-02,2026-09-18T14:37:05.849802+00:00,2026-09-18T14:37:05.849802+00:00,573,21,75138bb56b4b67dc42a52396521d014b9144f85b37a39bcdbfb3fabc28dcd0da,posts/data-engineering-projects-for-your-portfolio.json in the backup,"Data Engineering Projects for Your Portfolio — Hands-on project ideas with datasets, scope and what to showcase.",112,,Data Engineering Projects for Your Portfolio,44,"Data Engineering Projects for Your Portfolio — Hands-on project ideas with datasets, scope and what to showcase. Explained by GloryTecks Data Engineering mentors in Hyderabad.",175,Data Engineering Projects for Your Portfolio,"Data Engineering Projects for Your Portfolio — Hands-on project ideas with datasets, scope and what to showcase. Explained by GloryTecks Data Engineering mentors in Hyderabad.",,,/blog/data-engineering-projects-for-your-portfolio (set by the page template),false,data engineering; data; engineering; projects; portfolio,data engineering; data; engineering; projects; portfolio,0,,0,,4,11 min,false,false,false,,not available: no views column in the CMS and no Search Console export,analyzed
fe0843d2-54f6-4334-beef-58606bd4d1ef,data-engineering-roadmap-2026-a-complete-guide,/blog/data-engineering-roadmap-2026-a-complete-guide,Data Engineering Roadmap 2026: A Complete Guide,published,data-engineering,Data Engineering,roadmap,Sneha Reddy,sneha-reddy,682d13de-46d8-47b4-914e-58e25b899413,2026-06-12,2026-06-12T00:00:00+00:00,2026-06-15,2026-09-18T14:07:17.830181+00:00,2026-09-18T14:07:17.830181+00:00,675,28,1892979d82d9601aafefa951c56878b26c692157d23dca9a46294886463077e7,posts/data-engineering-roadmap-2026-a-complete-guide.json in the backup,"Data Engineering Roadmap 2026: A Complete Guide — A step-by-step roadmap with skills, tools and a realistic timeline.",117,,Data Engineering Roadmap 2026: A Complete Guide,47,"Data Engineering Roadmap 2026: A Complete Guide — A step-by-step roadmap with skills, tools and a realistic timeline. Explained by GloryTecks Data Engineering mentors in Hyderabad.",180,Data Engineering Roadmap 2026: A Complete Guide,"Data Engineering Roadmap 2026: A Complete Guide — A step-by-step roadmap with skills, tools and a realistic timeline. Explained by GloryTecks Data Engineering mentors in Hyderabad.",,,/blog/data-engineering-roadmap-2026-a-complete-guide (set by the page template),false,data engineering; data; engineering; roadmap,data engineering; data; engineering; roadmap,0,,0,,4,13 min,true,false,false,,not available: no views column in the CMS and no Search Console export,analyzed
ad6c6db4-7122-40af-8016-86960a506c49,data-engineering-tools-you-must-learn-in-2026,/blog/data-engineering-tools-you-must-learn-in-2026,Data Engineering Tools You Must Learn in 2026,published,data-engineering,Data Engineering,guide,GloryTecks Team,glorytecks-team,3bbe4550-883d-4859-8188-29c88e22563e,2025-09-03,2025-09-03T00:00:00+00:00,2025-09-23,2026-09-18T14:37:08.808906+00:00,2026-09-18T14:37:08.808906+00:00,685,26,16c8c6fd4b9fe521e44691e7837e2fc0fab5a0b38a3e35504bde9bd13bdc6be3,posts/data-engineering-tools-you-must-learn-in-2026.json in the backup,"Data Engineering Tools You Must Learn in 2026 — A practical, example-led guide you can apply right away.",104,,Data Engineering Tools You Must Learn in 2026,45,"Data Engineering Tools You Must Learn in 2026 — A practical, example-led guide you can apply right away. Explained by GloryTecks Data Engineering mentors in Hyderabad.",167,Data Engineering Tools You Must Learn in 2026,"Data Engineering Tools You Must Learn in 2026 — A practical, example-led guide you can apply right away. Explained by GloryTecks Data Engineering mentors in Hyderabad.",,,/blog/data-engineering-tools-you-must-learn-in-2026 (set by the page template),false,data engineering; data; engineering; tools; must,data engineering; data; engineering; tools; must,0,,0,,4,10 min,false,false,false,,not available: no views column in the CMS and no Search Console export,analyzed
528ab0f5-ce67-4c9f-8e7c-32028224fb63,data-engineering-vs-data-science-roles-compared,/blog/data-engineering-vs-data-science-roles-compared,Data Engineering vs Data Science: Roles Compared,published,data-engineering,Data Engineering,comparison,GloryTecks Team,glorytecks-team,3bbe4550-883d-4859-8188-29c88e22563e,2026-02-18,2026-02-18T00:00:00+00:00,2026-04-03,2026-09-18T14:37:03.893983+00:00,2026-09-18T14:37:03.893983+00:00,476,17,679cb7bf9c31199d3f517dddd19f8229b8c99dd1fa70f5abd5ae875843db6443,posts/data-engineering-vs-data-science-roles-compared.json in the backup,"Data Engineering vs Data Science: Roles Compared — A clear, practical comparison to help you decide.",100,,Data Engineering vs Data Science: Roles Compared,48,"Data Engineering vs Data Science: Roles Compared — A clear, practical comparison to help you decide. Explained by GloryTecks Data Engineering mentors in Hyderabad.",163,Data Engineering vs Data Science: Roles Compared,"Data Engineering vs Data Science: Roles Compared — A clear, practical comparison to help you decide. Explained by GloryTecks Data Engineering mentors in Hyderabad.",,,/blog/data-engineering-vs-data-science-roles-compared (set by the page template),false,data engineering; data; engineering; science; roles,data engineering; data; engineering; science; roles,0,,0,,4,7 min,false,false,false,,not available: no views column in the CMS and no Search Console export,analyzed
d9574d23-3a19-4c25-a684-b5f7038bf304,data-flow-debug-and-performance-in-adf,/blog/data-flow-debug-and-performance-in-adf,Data Flow Debug and Performance in ADF,published,azure-data-factory,Azure Data Factory,guide,GloryTecks Team,glorytecks-team,3bbe4550-883d-4859-8188-29c88e22563e,2026-02-17,2026-02-17T00:00:00+00:00,2026-02-17,2026-09-18T14:37:03.893983+00:00,2026-09-18T14:37:03.893983+00:00,710,26,43f351e6ad12d9ef84e77e66d921b489355a2579f1b2d269a018da1a10f2a261,posts/data-flow-debug-and-performance-in-adf.json in the backup,"Data Flow Debug and Performance in ADF — A practical, example-led guide you can apply right away.",97,,Data Flow Debug and Performance in ADF,38,"Data Flow Debug and Performance in ADF — A practical, example-led guide you can apply right away. Explained by GloryTecks Azure Data Factory mentors in Hyderabad.",162,Data Flow Debug and Performance in ADF,"Data Flow Debug and Performance in ADF — A practical, example-led guide you can apply right away. Explained by GloryTecks Azure Data Factory mentors in Hyderabad.",,,/blog/data-flow-debug-and-performance-in-adf (set by the page template),false,azure data factory; data; flow; debug; performance,azure data factory; data; flow; debug; performance,0,,0,,4,10 min,false,false,false,,not available: no views column in the CMS and no Search Console export,analyzed
e9bf5b6b-f249-4848-83cd-45dbc3115f77,data-governance-basics-every-analyst-should-know,/blog/data-governance-basics-every-analyst-should-know,Data Governance Basics Every Analyst Should Know,published,data-analytics,Data Analytics,guide,Arjun Nair,arjun-nair,ffb6b867-319d-461f-ba3c-c736b5113800,2025-11-09,2025-11-09T00:00:00+00:00,2025-12-24,2026-09-18T14:37:07.161579+00:00,2026-09-18T14:37:07.161579+00:00,676,26,70b7b44c2060f5333761115e05eec3eb3449d60a79cbe15bc9c9ebc39f1c6d5e,posts/data-governance-basics-every-analyst-should-know.json in the backup,"Data Governance Basics Every Analyst Should Know — A practical, example-led guide you can apply right away.",107,,Data Governance Basics Every Analyst Should Know,48,"Data Governance Basics Every Analyst Should Know — A practical, example-led guide you can apply right away. Explained by GloryTecks Data Analytics mentors in Hyderabad.",168,Data Governance Basics Every Analyst Should Know,"Data Governance Basics Every Analyst Should Know — A practical, example-led guide you can apply right away. Explained by GloryTecks Data Analytics mentors in Hyderabad.",,,/blog/data-governance-basics-every-analyst-should-know (set by the page template),false,data analytics; data; governance; basics; analyst,data analytics; data; governance; basics; analyst,0,,0,,4,10 min,false,false,false,,not available: no views column in the CMS and no Search Console export,analyzed
9b30f136-ca6a-43c2-be4d-ee6d6f7e192d,data-lake-vs-data-warehouse-vs-lakehouse,/blog/data-lake-vs-data-warehouse-vs-lakehouse,Data Lake vs Data Warehouse vs Lakehouse,published,data-engineering,Data Engineering,comparison,GloryTecks Team,glorytecks-team,3bbe4550-883d-4859-8188-29c88e22563e,2026-05-25,2026-05-25T00:00:00+00:00,2026-06-06,2026-09-18T14:07:32.693744+00:00,2026-09-18T14:07:32.693744+00:00,478,17,030bc449f89cacc57369b1f0f490e5ae64522350a12a6889263c5a4e7d5a408e,posts/data-lake-vs-data-warehouse-vs-lakehouse.json in the backup,"Data Lake vs Data Warehouse vs Lakehouse — A clear, practical comparison to help you decide.",92,,Data Lake vs Data Warehouse vs Lakehouse,40,"Data Lake vs Data Warehouse vs Lakehouse — A clear, practical comparison to help you decide. Explained by GloryTecks Data Engineering mentors in Hyderabad.",155,Data Lake vs Data Warehouse vs Lakehouse,"Data Lake vs Data Warehouse vs Lakehouse — A clear, practical comparison to help you decide. Explained by GloryTecks Data Engineering mentors in Hyderabad.",,,/blog/data-lake-vs-data-warehouse-vs-lakehouse (set by the page template),false,data engineering; data; lake; warehouse; lakehouse,data engineering; data; lake; warehouse; lakehouse,0,,0,,4,7 min,false,true,true,,not available: no views column in the CMS and no Search Console export,analyzed
f4b752a8-5ff2-4f18-a4c4-a5703e82cbc9,data-modeling-in-power-bi-star-schema-explained,/blog/data-modeling-in-power-bi-star-schema-explained,Data Modeling in Power BI: Star Schema Explained,published,power-bi,Power BI,guide,Arjun Nair,arjun-nair,ffb6b867-319d-461f-ba3c-c736b5113800,2026-05-08,2026-05-08T00:00:00+00:00,2026-05-08,2026-09-18T14:07:48.384681+00:00,2026-09-18T14:07:48.384681+00:00,696,26,e4c3a5a7227fd17f300c96d47d9a620a45e62a45c0c07a5ef45e9d03d18dfb02,posts/data-modeling-in-power-bi-star-schema-explained.json in the backup,"Data Modeling in Power BI: Star Schema Explained — A practical, example-led guide you can apply right away.",107,,Data Modeling in Power BI: Star Schema Explained,48,"Data Modeling in Power BI: Star Schema Explained — A practical, example-led guide you can apply right away. Explained by GloryTecks Power BI mentors in Hyderabad.",162,Data Modeling in Power BI: Star Schema Explained,"Data Modeling in Power BI: Star Schema Explained — A practical, example-led guide you can apply right away. Explained by GloryTecks Power BI mentors in Hyderabad.",,,/blog/data-modeling-in-power-bi-star-schema-explained (set by the page template),false,power bi; data; modeling; power; star,power bi; data; modeling; power; star,0,,0,,4,10 min,false,false,false,,not available: no views column in the CMS and no Search Console export,analyzed
5fa7b9c2-0077-45c5-a192-74d533b354a3,data-modeling-in-redshift-a-practical-guide,/blog/data-modeling-in-redshift-a-practical-guide,Data Modeling in Redshift: A Practical Guide,published,aws,AWS,guide,GloryTecks Team,glorytecks-team,3bbe4550-883d-4859-8188-29c88e22563e,2025-09-13,2025-09-13T00:00:00+00:00,2025-10-22,2026-09-18T14:37:08.808906+00:00,2026-09-18T14:37:08.808906+00:00,681,26,611c06f33e4bc4b982c3d6665a0cb25e6ef3fc0ba9a7c7da1674e8b9ee4333b1,posts/data-modeling-in-redshift-a-practical-guide.json in the backup,"Data Modeling in Redshift: A Practical Guide — A practical, example-led guide you can apply right away.",103,,Data Modeling in Redshift: A Practical Guide,44,"Data Modeling in Redshift: A Practical Guide — A practical, example-led guide you can apply right away. Explained by GloryTecks AWS mentors in Hyderabad.",153,Data Modeling in Redshift: A Practical Guide,"Data Modeling in Redshift: A Practical Guide — A practical, example-led guide you can apply right away. Explained by GloryTecks AWS mentors in Hyderabad.",,,/blog/data-modeling-in-redshift-a-practical-guide (set by the page template),false,aws; data; modeling; redshift; practical,aws; data; modeling; redshift; practical,0,,0,,4,10 min,false,false,false,,not available: no views column in the CMS and no Search Console export,analyzed
3538b8fb-f0ce-4f9b-9dae-4eb95b41e7f5,data-modeling-interview-questions-explained,/blog/data-modeling-interview-questions-explained,Data Modeling Interview Questions Explained,published,interview-questions,Interview Questions,interview,Ravi Kumar,ravi-kumar,4fa1201f-a7aa-4e99-9cc2-b037e972a216,2025-11-23,2025-11-23T00:00:00+00:00,2025-11-23,2026-09-18T14:37:07.161579+00:00,2026-09-18T14:37:07.161579+00:00,515,13,6bb3177797c9fe96da59bb33465e2c23eba83c2e1f7bd554975625193b57f58c,posts/data-modeling-interview-questions-explained.json in the backup,"Data Modeling Interview Questions Explained — The questions companies actually ask, with concise model answers.",111,,Data Modeling Interview Questions Explained,43,"Data Modeling Interview Questions Explained — The questions companies actually ask, with concise model answers. Explained by GloryTecks Interview Questions mentors in Hyderabad.",177,Data Modeling Interview Questions Explained,"Data Modeling Interview Questions Explained — The questions companies actually ask, with concise model answers. Explained by GloryTecks Interview Questions mentors in Hyderabad.",,,/blog/data-modeling-interview-questions-explained (set by the page template),false,interview questions; data; modeling; interview; questions,interview questions; data; modeling; interview; questions,0,,0,,9,16 min,false,false,false,,not available: no views column in the CMS and no Search Console export,analyzed
d3cc84b7-ca6c-4f99-a198-d99035480b18,data-modeling-star-schema-snowflake-and-data-vault,/blog/data-modeling-star-schema-snowflake-and-data-vault,"Data Modeling: Star Schema, Snowflake and Data Vault",published,data-engineering,Data Engineering,guide,GloryTecks Team,glorytecks-team,3bbe4550-883d-4859-8188-29c88e22563e,2026-04-07,2026-04-07T00:00:00+00:00,2026-05-05,2026-09-18T14:37:01.989257+00:00,2026-09-18T14:37:01.989257+00:00,673,26,50c156bfbe59e46799981210692f6ba76e3425f5c0dc2f1f4158cf624763eb27,posts/data-modeling-star-schema-snowflake-and-data-vault.json in the backup,"Data Modeling: Star Schema, Snowflake and Data Vault — A practical, example-led guide you can apply right away.",111,,"Data Modeling: Star Schema, Snowflake and Data Vault",52,"Data Modeling: Star Schema, Snowflake and Data Vault — A practical, example-led guide you can apply right away. Explained by GloryTecks Data Engineering mentors in Hyderabad.",174,"Data Modeling: Star Schema, Snowflake and Data Vault","Data Modeling: Star Schema, Snowflake and Data Vault — A practical, example-led guide you can apply right away. Explained by GloryTecks Data Engineering mentors in Hyderabad.",,,/blog/data-modeling-star-schema-snowflake-and-data-vault (set by the page template),false,data engineering; data; modeling; star; schema,data engineering; data; modeling; star; schema,0,,0,,4,10 min,false,false,false,,not available: no views column in the CMS and no Search Console export,analyzed
5b624059-dc21-44d7-b2e4-acad9e29bd4e,data-partitioning-strategies-in-adf-copy-activity,/blog/data-partitioning-strategies-in-adf-copy-activity,Data Partitioning Strategies in ADF Copy Activity,published,azure-data-factory,Azure Data Factory,guide,GloryTecks Team,glorytecks-team,3bbe4550-883d-4859-8188-29c88e22563e,2025-10-20,2025-10-20T00:00:00+00:00,2025-10-20,2026-09-18T14:37:07.161579+00:00,2026-09-18T14:37:07.161579+00:00,710,26,8db18482c4b24ae967c6fbab5763d73aa908eb594b571e0a95f42b3dbd616bb9,posts/data-partitioning-strategies-in-adf-copy-activity.json in the backup,"Data Partitioning Strategies in ADF Copy Activity — A practical, example-led guide you can apply right away.",108,,Data Partitioning Strategies in ADF Copy Activity,49,"Data Partitioning Strategies in ADF Copy Activity — A practical, example-led guide you can apply right away. Explained by GloryTecks Azure Data Factory mentors in Hyderabad.",173,Data Partitioning Strategies in ADF Copy Activity,"Data Partitioning Strategies in ADF Copy Activity — A practical, example-led guide you can apply right away. Explained by GloryTecks Azure Data Factory mentors in Hyderabad.",,,/blog/data-partitioning-strategies-in-adf-copy-activity (set by the page template),false,azure data factory; data; partitioning; strategies; adf,azure data factory; data; partitioning; strategies; adf,0,,0,,4,10 min,false,false,true,,not available: no views column in the CMS and no Search Console export,analyzed
983192f9-4044-467b-b0b2-c199d506ce15,data-preprocessing-cleaning-data-the-right-way,/blog/data-preprocessing-cleaning-data-the-right-way,Data Preprocessing: Cleaning Data the Right Way,published,data-science,Data Science,guide,GloryTecks Team,glorytecks-team,3bbe4550-883d-4859-8188-29c88e22563e,2026-01-28,2026-01-28T00:00:00+00:00,2026-03-15,2026-09-18T14:37:03.893983+00:00,2026-09-18T14:37:03.893983+00:00,672,26,bae570575d712b8cd629636ac73df82bfb7c7e6ba1409ddb00b1271ad0b15b45,posts/data-preprocessing-cleaning-data-the-right-way.json in the backup,"Data Preprocessing: Cleaning Data the Right Way — A practical, example-led guide you can apply right away.",106,,Data Preprocessing: Cleaning Data the Right Way,47,"Data Preprocessing: Cleaning Data the Right Way — A practical, example-led guide you can apply right away. Explained by GloryTecks Data Science mentors in Hyderabad.",165,Data Preprocessing: Cleaning Data the Right Way,"Data Preprocessing: Cleaning Data the Right Way — A practical, example-led guide you can apply right away. Explained by GloryTecks Data Science mentors in Hyderabad.",,,/blog/data-preprocessing-cleaning-data-the-right-way (set by the page template),false,data science; data; preprocessing; cleaning; right,data science; data; preprocessing; cleaning; right,0,,0,,4,10 min,false,false,false,,not available: no views column in the CMS and no Search Console export,analyzed
40ef6920-5fa8-4eb3-a79f-93a58b864e04,data-quality-testing-and-validation-in-pipelines,/blog/data-quality-testing-and-validation-in-pipelines,Data Quality: Testing and Validation in Pipelines,published,data-engineering,Data Engineering,guide,GloryTecks Team,glorytecks-team,3bbe4550-883d-4859-8188-29c88e22563e,2026-01-13,2026-01-13T00:00:00+00:00,2026-02-18,2026-09-18T14:37:05.849802+00:00,2026-09-18T14:37:05.849802+00:00,672,26,f2b0a8f26a9cb87a6bdfc2724546734930ccc3bcaa6366c8d76d221b390d9a3f,posts/data-quality-testing-and-validation-in-pipelines.json in the backup,"Data Quality: Testing and Validation in Pipelines — A practical, example-led guide you can apply right away.",108,,Data Quality: Testing and Validation in Pipelines,49,"Data Quality: Testing and Validation in Pipelines — A practical, example-led guide you can apply right away. Explained by GloryTecks Data Engineering mentors in Hyderabad.",171,Data Quality: Testing and Validation in Pipelines,"Data Quality: Testing and Validation in Pipelines — A practical, example-led guide you can apply right away. Explained by GloryTecks Data Engineering mentors in Hyderabad.",,,/blog/data-quality-testing-and-validation-in-pipelines (set by the page template),false,data engineering; data; quality; testing; validation,data engineering; data; quality; testing; validation,0,,0,,4,10 min,false,false,false,,not available: no views column in the CMS and no Search Console export,analyzed
0cb9e77c-f716-4288-96ad-f8c822122679,data-science-career-guide-roles-skills-and-growth-path,/blog/data-science-career-guide-roles-skills-and-growth-path,"Data Science Career Guide: Roles, Skills and Growth Path",published,data-science,Data Science,guide,Ravi Kumar,ravi-kumar,4fa1201f-a7aa-4e99-9cc2-b037e972a216,2025-09-12,2025-09-12T00:00:00+00:00,2025-10-24,2026-09-18T14:37:08.808906+00:00,2026-09-18T14:37:08.808906+00:00,678,26,2ec32df9afef16d1b782be7a79e8384cc67eecf39f57a5f857915bbe7c8d90ef,posts/data-science-career-guide-roles-skills-and-growth-path.json in the backup,"Data Science Career Guide: Roles, Skills and Growth Path — A practical, example-led guide you can apply right away.",115,,"Data Science Career Guide: Roles, Skills and Growth Path",56,"Data Science Career Guide: Roles, Skills and Growth Path — A practical, example-led guide you can apply right away. Explained by GloryTecks Data Science mentors in Hyderabad.",174,"Data Science Career Guide: Roles, Skills and Growth Path","Data Science Career Guide: Roles, Skills and Growth Path — A practical, example-led guide you can apply right away. Explained by GloryTecks Data Science mentors in Hyderabad.",,,/blog/data-science-career-guide-roles-skills-and-growth-path (set by the page template),false,data science; data; science; career; roles,data science; data; science; career; roles,0,,0,,4,10 min,false,false,false,,not available: no views column in the CMS and no Search Console export,analyzed
8b7baa4a-9a6c-40e7-89f5-8aa5fd3ebf58,data-science-internships-in-hyderabad-how-to-land-one,/blog/data-science-internships-in-hyderabad-how-to-land-one,Data Science Internships in Hyderabad: How to Land One,published,data-science,Data Science,guide,Ravi Kumar,ravi-kumar,4fa1201f-a7aa-4e99-9cc2-b037e972a216,2025-10-18,2025-10-18T00:00:00+00:00,2025-10-28,2026-09-18T14:37:08.808906+00:00,2026-09-18T14:37:08.808906+00:00,680,26,5a18cd36ef24420911e7bd3605b0f51cb7ef2d7339610f1616c41e5a2fe6f85d,posts/data-science-internships-in-hyderabad-how-to-land-one.json in the backup,"Data Science Internships in Hyderabad: How to Land One — A practical, example-led guide you can apply right away.",113,,Data Science Internships in Hyderabad: How to Land One,54,"Data Science Internships in Hyderabad: How to Land One — A practical, example-led guide you can apply right away. Explained by GloryTecks Data Science mentors in Hyderabad.",172,Data Science Internships in Hyderabad: How to Land One,"Data Science Internships in Hyderabad: How to Land One — A practical, example-led guide you can apply right away. Explained by GloryTecks Data Science mentors in Hyderabad.",,,/blog/data-science-internships-in-hyderabad-how-to-land-one (set by the page template),false,data science; data; science; internships; hyderabad,data science; data; science; internships; hyderabad,0,,0,,4,10 min,false,false,false,,not available: no views column in the CMS and no Search Console export,analyzed
ceeedef7-eee6-4812-82fd-9d0980553063,data-science-interview-questions-and-answers-2026,/blog/data-science-interview-questions-and-answers-2026,Data Science Interview Questions and Answers 2026,published,interview-questions,Interview Questions,interview,Priya Sharma,priya-sharma,2ef777f6-83c0-4249-9c0b-c4d1f2e17b89,2026-05-28,2026-05-28T00:00:00+00:00,2026-05-28,2026-09-18T14:07:29.892215+00:00,2026-09-18T14:07:29.892215+00:00,519,13,ca9792d5825991cd403481974408c061ffb2d23f2206d097690389dafed29b3c,posts/data-science-interview-questions-and-answers-2026.json in the backup,"Data Science Interview Questions and Answers 2026 — The questions companies actually ask, with concise model answers.",117,,Data Science Interview Questions and Answers 2026,49,"Data Science Interview Questions and Answers 2026 — The questions companies actually ask, with concise model answers. Explained by GloryTecks Interview Questions mentors in Hyderabad.",183,Data Science Interview Questions and Answers 2026,"Data Science Interview Questions and Answers 2026 — The questions companies actually ask, with concise model answers. Explained by GloryTecks Interview Questions mentors in Hyderabad.",,,/blog/data-science-interview-questions-and-answers-2026 (set by the page template),false,interview questions; data; science; interview; questions,interview questions; data; science; interview; questions,0,,0,,9,16 min,false,true,true,,not available: no views column in the CMS and no Search Console export,analyzed
f6042b0b-7118-4f5c-85e3-ba84aaf52efd,data-science-projects-for-freshers-12-ideas-with-datasets,/blog/data-science-projects-for-freshers-12-ideas-with-datasets,Data Science Projects for Freshers: 12 Ideas with Datasets,published,data-science,Data Science,projects,GloryTecks Team,glorytecks-team,3bbe4550-883d-4859-8188-29c88e22563e,2026-05-28,2026-05-28T00:00:00+00:00,2026-06-15,2026-09-18T14:07:30.296938+00:00,2026-09-18T14:07:30.296938+00:00,571,21,7498234c887b2667da3cd7cf7d6f9dac4d6c3fb06d84d014bd45e7316ce76782,posts/data-science-projects-for-freshers-12-ideas-with-datasets.json in the backup,"Data Science Projects for Freshers: 12 Ideas with Datasets — Hands-on project ideas with datasets, scope and what to showcase.",126,,Data Science Projects for Freshers: 12 Ideas with Datasets,58,"Data Science Projects for Freshers: 12 Ideas with Datasets — Hands-on project ideas with datasets, scope and what to showcase. Explained by GloryTecks Data Science mentors in Hyderabad.",185,Data Science Projects for Freshers: 12 Ideas with Datasets,"Data Science Projects for Freshers: 12 Ideas with Datasets — Hands-on project ideas with datasets, scope and what to showcase. Explained by GloryTecks Data Science mentors in Hyderabad.",,,/blog/data-science-projects-for-freshers-12-ideas-with-datasets (set by the page template),false,data science; data; science; projects; freshers,data science; data; science; projects; freshers,0,,0,,4,11 min,false,true,false,,not available: no views column in the CMS and no Search Console export,analyzed
4423b7cc-2752-439e-8a78-60746423e95a,data-science-roadmap-2026-a-complete-step-by-step-guide,/blog/data-science-roadmap-2026-a-complete-step-by-step-guide,Data Science Roadmap 2026: A Complete Step-by-Step Guide,published,data-science,Data Science,roadmap,Ravi Kumar,ravi-kumar,4fa1201f-a7aa-4e99-9cc2-b037e972a216,2026-06-15,2026-06-15T00:00:00+00:00,2026-06-15,2026-09-18T14:07:15.062949+00:00,2026-09-18T14:07:15.062949+00:00,673,28,c2deb9606dce05e487c62e792893c25fbb2e519f1b85fff7bfe3c451226f9c31,posts/data-science-roadmap-2026-a-complete-step-by-step-guide.json in the backup,"Data Science Roadmap 2026: A Complete Step-by-Step Guide — A step-by-step roadmap with skills, tools and a realistic timeline.",126,,Data Science Roadmap 2026: A Complete Step-by-Step Guide,56,"Data Science Roadmap 2026: A Complete Step-by-Step Guide — A step-by-step roadmap with skills, tools and a realistic timeline. Explained by GloryTecks Data Science mentors in Hyderabad.",185,Data Science Roadmap 2026: A Complete Step-by-Step Guide,"Data Science Roadmap 2026: A Complete Step-by-Step Guide — A step-by-step roadmap with skills, tools and a realistic timeline. Explained by GloryTecks Data Science mentors in Hyderabad.",,,/blog/data-science-roadmap-2026-a-complete-step-by-step-guide (set by the page template),false,data science; data; science; roadmap,data science; data; science; roadmap,0,,0,,4,13 min,true,false,true,,not available: no views column in the CMS and no Search Console export,needs_review
ded4f3b2-9da3-4214-83ee-ed356c855727,data-science-vs-data-analytics-which-career-is-right-for-you,/blog/data-science-vs-data-analytics-which-career-is-right-for-you,Data Science vs Data Analytics: Which Career Is Right for You?,published,data-science,Data Science,comparison,Ravi Kumar,ravi-kumar,4fa1201f-a7aa-4e99-9cc2-b037e972a216,2026-06-03,2026-06-03T00:00:00+00:00,2026-06-15,2026-09-18T14:07:25.414403+00:00,2026-09-18T14:07:25.414403+00:00,485,17,758132bd7ca0f08100fac18dbb6310e15bb3957eb42b74da39bceb8c288f704f,posts/data-science-vs-data-analytics-which-career-is-right-for-you.json in the backup,"Data Science vs Data Analytics: Which Career Is Right for You? — A clear, practical comparison to help you decide.",114,,Data Science vs Data Analytics: Which Career Is Right for You?,62,"Data Science vs Data Analytics: Which Career Is Right for You? — A clear, practical comparison to help you decide. Explained by GloryTecks Data Science mentors in Hyderabad.",173,Data Science vs Data Analytics: Which Career Is Right for You?,"Data Science vs Data Analytics: Which Career Is Right for You? — A clear, practical comparison to help you decide. Explained by GloryTecks Data Science mentors in Hyderabad.",,,/blog/data-science-vs-data-analytics-which-career-is-right-for-you (set by the page template),false,data science; data; science; analytics; which,data science; data; science; analytics; which,0,,0,,4,7 min,false,true,false,,not available: no views column in the CMS and no Search Console export,analyzed
7d33dee8-9547-4349-a379-c57a33577e5d,data-science-vs-machine-learning-vs-ai-what-s-the-difference,/blog/data-science-vs-machine-learning-vs-ai-what-s-the-difference,Data Science vs Machine Learning vs AI: What's the Difference?,published,data-science,Data Science,comparison,Ravi Kumar,ravi-kumar,4fa1201f-a7aa-4e99-9cc2-b037e972a216,2026-04-04,2026-04-04T00:00:00+00:00,2026-05-08,2026-09-18T14:37:01.989257+00:00,2026-09-18T14:37:01.989257+00:00,486,17,57fbf41013400627911d505c2bce642851814afc02f4f1d2de1a7bed68356104,posts/data-science-vs-machine-learning-vs-ai-what-s-the-difference.json in the backup,"Data Science vs Machine Learning vs AI: What's the Difference? — A clear, practical comparison to help you decide.",114,,Data Science vs Machine Learning vs AI: What's the Difference?,62,"Data Science vs Machine Learning vs AI: What's the Difference? — A clear, practical comparison to help you decide. Explained by GloryTecks Data Science mentors in Hyderabad.",173,Data Science vs Machine Learning vs AI: What's the Difference?,"Data Science vs Machine Learning vs AI: What's the Difference? — A clear, practical comparison to help you decide. Explained by GloryTecks Data Science mentors in Hyderabad.",,,/blog/data-science-vs-machine-learning-vs-ai-what-s-the-difference (set by the page template),false,data science; data; science; machine; learning,data science; data; science; machine; learning,0,,0,,4,7 min,false,false,false,,not available: no views column in the CMS and no Search Console export,analyzed
3fff247f-29a3-4de8-a469-2af7400da633,data-science-without-a-degree-is-it-possible-in-2026,/blog/data-science-without-a-degree-is-it-possible-in-2026,Data Science Without a Degree: Is It Possible in 2026?,published,data-science,Data Science,guide,GloryTecks Team,glorytecks-team,3bbe4550-883d-4859-8188-29c88e22563e,2025-12-11,2025-12-11T00:00:00+00:00,2026-01-02,2026-09-18T14:37:05.849802+00:00,2026-09-18T14:37:05.849802+00:00,681,26,f646d9e72cbc0e464e462beff40e2feb24341deb52d79c6d66e678e9ec57ee1f,posts/data-science-without-a-degree-is-it-possible-in-2026.json in the backup,"Data Science Without a Degree: Is It Possible in 2026? — A practical, example-led guide you can apply right away.",113,,Data Science Without a Degree: Is It Possible in 2026?,54,"Data Science Without a Degree: Is It Possible in 2026? — A practical, example-led guide you can apply right away. Explained by GloryTecks Data Science mentors in Hyderabad.",172,Data Science Without a Degree: Is It Possible in 2026?,"Data Science Without a Degree: Is It Possible in 2026? — A practical, example-led guide you can apply right away. Explained by GloryTecks Data Science mentors in Hyderabad.",,,/blog/data-science-without-a-degree-is-it-possible-in-2026 (set by the page template),false,data science; data; science; degree; possible,data science; data; science; degree; possible,0,,0,,4,10 min,false,false,false,,not available: no views column in the CMS and no Search Console export,merge_candidate
400513d0-289e-4522-b6f1-950df8a2df00,data-scientist-salary-in-hyderabad-2026-freshers-to-senior,/blog/data-scientist-salary-in-hyderabad-2026-freshers-to-senior,Data Scientist Salary in Hyderabad 2026: Freshers to Senior,published,data-science,Data Science,salary,GloryTecks Team,glorytecks-team,3bbe4550-883d-4859-8188-29c88e22563e,2026-06-09,2026-06-09T00:00:00+00:00,2026-06-15,2026-09-18T14:07:20.248544+00:00,2026-09-18T14:07:20.248544+00:00,545,17,29ed0dbcb7ac19ad0eec82dd2539983ebcf91e979c0d742a37b19e5e8ef0cc53,posts/data-scientist-salary-in-hyderabad-2026-freshers-to-senior.json in the backup,"Data Scientist Salary in Hyderabad 2026: Freshers to Senior — Up-to-date salary ranges, the factors that move pay, and how to earn more.",136,,Data Scientist Salary in Hyderabad 2026: Freshers to Senior,59,"Data Scientist Salary in Hyderabad 2026: Freshers to Senior — Up-to-date salary ranges, the factors that move pay, and how to earn more. Explained by GloryTecks Data Science mentors in Hyderabad.",195,Data Scientist Salary in Hyderabad 2026: Freshers to Senior,"Data Scientist Salary in Hyderabad 2026: Freshers to Senior — Up-to-date salary ranges, the factors that move pay, and how to earn more. Explained by GloryTecks Data Science mentors in Hyderabad.",,,/blog/data-scientist-salary-in-hyderabad-2026-freshers-to-senior (set by the page template),false,data science; data; scientist; salary; hyderabad,data science; data; scientist; salary; hyderabad,0,,0,,5,8 min,false,true,false,,not available: no views column in the CMS and no Search Console export,needs_review
2c0c6d07-7c3a-46c5-8e77-db091973eeed,data-versioning-with-dvc-a-hands-on-guide,/blog/data-versioning-with-dvc-a-hands-on-guide,Data Versioning with DVC: A Hands-On Guide,published,mlops,MLOps,guide,Sneha Reddy,sneha-reddy,682d13de-46d8-47b4-914e-58e25b899413,2026-02-12,2026-02-12T00:00:00+00:00,2026-02-12,2026-09-18T14:37:03.893983+00:00,2026-09-18T14:37:03.893983+00:00,667,26,6839a7d9c391bc69e9744831895d4a2e84f0dc1279c7b43e5e259ba4e086708f,posts/data-versioning-with-dvc-a-hands-on-guide.json in the backup,"Data Versioning with DVC: A Hands-On Guide — A practical, example-led guide you can apply right away.",101,,Data Versioning with DVC: A Hands-On Guide,42,"Data Versioning with DVC: A Hands-On Guide — A practical, example-led guide you can apply right away. Explained by GloryTecks MLOps mentors in Hyderabad.",153,Data Versioning with DVC: A Hands-On Guide,"Data Versioning with DVC: A Hands-On Guide — A practical, example-led guide you can apply right away. Explained by GloryTecks MLOps mentors in Hyderabad.",,,/blog/data-versioning-with-dvc-a-hands-on-guide (set by the page template),false,mlops; data; versioning; dvc; hands,mlops; data; versioning; dvc; hands,0,,0,,4,10 min,false,false,true,,not available: no views column in the CMS and no Search Console export,analyzed
1bbe015f-4e54-4de6-9a60-2877984b7675,data-visualization-best-practices-and-common-mistakes,/blog/data-visualization-best-practices-and-common-mistakes,Data Visualization Best Practices and Common Mistakes,published,data-analytics,Data Analytics,guide,Arjun Nair,arjun-nair,ffb6b867-319d-461f-ba3c-c736b5113800,2026-04-02,2026-04-02T00:00:00+00:00,2026-05-09,2026-09-18T14:37:01.989257+00:00,2026-09-18T14:37:01.989257+00:00,676,26,5cb47f4b79be0e66efb9499c6daf87b267a14beb0a186888827fd5895e41ff38,posts/data-visualization-best-practices-and-common-mistakes.json in the backup,"Data Visualization Best Practices and Common Mistakes — A practical, example-led guide you can apply right away.",112,,Data Visualization Best Practices and Common Mistakes,53,"Data Visualization Best Practices and Common Mistakes — A practical, example-led guide you can apply right away. Explained by GloryTecks Data Analytics mentors in Hyderabad.",173,Data Visualization Best Practices and Common Mistakes,"Data Visualization Best Practices and Common Mistakes — A practical, example-led guide you can apply right away. Explained by GloryTecks Data Analytics mentors in Hyderabad.",,,/blog/data-visualization-best-practices-and-common-mistakes (set by the page template),false,data analytics; data; visualization; best; practices,data analytics; data; visualization; best; practices,0,,0,,4,10 min,false,false,true,,not available: no views column in the CMS and no Search Console export,analyzed
fa556191-c716-47e5-8742-41ccd92ced2b,data-warehouse-explained-concepts-and-architecture,/blog/data-warehouse-explained-concepts-and-architecture,Data Warehouse Explained: Concepts and Architecture,published,data-engineering,Data Engineering,guide,Sneha Reddy,sneha-reddy,682d13de-46d8-47b4-914e-58e25b899413,2026-05-31,2026-05-31T00:00:00+00:00,2026-06-15,2026-09-18T14:07:27.833946+00:00,2026-09-18T14:07:27.833946+00:00,673,26,0006f7e65773cdd673addcd941fc03aff5e7c16cc6d68c8c27fa9a090001a94e,posts/data-warehouse-explained-concepts-and-architecture.json in the backup,"Data Warehouse Explained: Concepts and Architecture — A practical, example-led guide you can apply right away.",110,,Data Warehouse Explained: Concepts and Architecture,51,"Data Warehouse Explained: Concepts and Architecture — A practical, example-led guide you can apply right away. Explained by GloryTecks Data Engineering mentors in Hyderabad.",173,Data Warehouse Explained: Concepts and Architecture,"Data Warehouse Explained: Concepts and Architecture — A practical, example-led guide you can apply right away. Explained by GloryTecks Data Engineering mentors in Hyderabad.",,,/blog/data-warehouse-explained-concepts-and-architecture (set by the page template),false,data engineering; data; warehouse; concepts; architecture,data engineering; data; warehouse; concepts; architecture,0,,0,,4,10 min,false,true,false,,not available: no views column in the CMS and no Search Console export,analyzed
d65f1972-854c-4a7e-a393-f8b21f2d4301,data-warehouse-interview-questions-and-answers,/blog/data-warehouse-interview-questions-and-answers,Data Warehouse Interview Questions and Answers,published,interview-questions,Interview Questions,interview,Ravi Kumar,ravi-kumar,4fa1201f-a7aa-4e99-9cc2-b037e972a216,2025-10-30,2025-10-30T00:00:00+00:00,2025-10-30,2026-09-18T14:37:07.161579+00:00,2026-09-18T14:37:07.161579+00:00,517,13,369d8f8fdafb92d86bd61c760affde1acba1e7ea4ef5aa971063cb9bf91d435d,posts/data-warehouse-interview-questions-and-answers.json in the backup,"Data Warehouse Interview Questions and Answers — The questions companies actually ask, with concise model answers.",114,,Data Warehouse Interview Questions and Answers,46,"Data Warehouse Interview Questions and Answers — The questions companies actually ask, with concise model answers. Explained by GloryTecks Interview Questions mentors in Hyderabad.",180,Data Warehouse Interview Questions and Answers,"Data Warehouse Interview Questions and Answers — The questions companies actually ask, with concise model answers. Explained by GloryTecks Interview Questions mentors in Hyderabad.",,,/blog/data-warehouse-interview-questions-and-answers (set by the page template),false,interview questions; data; warehouse; interview; questions,interview questions; data; warehouse; interview; questions,0,,0,,9,16 min,false,false,true,,not available: no views column in the CMS and no Search Console export,analyzed
693e2cc1-4c16-495a-bd09-3dcb072bf57b,databricks-interview-questions-and-answers,/blog/databricks-interview-questions-and-answers,Databricks Interview Questions and Answers,published,interview-questions,Interview Questions,interview,Ravi Kumar,ravi-kumar,4fa1201f-a7aa-4e99-9cc2-b037e972a216,2026-02-27,2026-02-27T00:00:00+00:00,2026-02-27,2026-09-18T14:37:03.893983+00:00,2026-09-18T14:37:03.893983+00:00,515,13,c9aab6c63130f9f062288499fecf7e3b7aa1e458cbc900de83939201688aebe9,posts/databricks-interview-questions-and-answers.json in the backup,"Databricks Interview Questions and Answers — The questions companies actually ask, with concise model answers.",110,,Databricks Interview Questions and Answers,42,"Databricks Interview Questions and Answers — The questions companies actually ask, with concise model answers. Explained by GloryTecks Interview Questions mentors in Hyderabad.",176,Databricks Interview Questions and Answers,"Databricks Interview Questions and Answers — The questions companies actually ask, with concise model answers. Explained by GloryTecks Interview Questions mentors in Hyderabad.",,,/blog/databricks-interview-questions-and-answers (set by the page template),false,interview questions; databricks; interview; questions; answers,interview questions; databricks; interview; questions; answers,0,,0,,9,16 min,false,false,false,,not available: no views column in the CMS and no Search Console export,analyzed
f82e181d-ac01-49be-beae-19a1ea358f60,databricks-tutorial-a-beginner-s-guide,/blog/databricks-tutorial-a-beginner-s-guide,Databricks Tutorial: A Beginner's Guide,published,data-engineering,Data Engineering,guide,GloryTecks Team,glorytecks-team,3bbe4550-883d-4859-8188-29c88e22563e,2026-05-01,2026-05-01T00:00:00+00:00,2026-05-21,2026-09-18T14:37:01.989257+00:00,2026-09-18T14:37:01.989257+00:00,670,26,66fc37b060eb588bb482d068129b8a5c28f238ac1af57dda4a1ece46b108d395,posts/databricks-tutorial-a-beginner-s-guide.json in the backup,"Databricks Tutorial: A Beginner's Guide — A practical, example-led guide you can apply right away.",98,,Databricks Tutorial: A Beginner's Guide,39,"Databricks Tutorial: A Beginner's Guide — A practical, example-led guide you can apply right away. Explained by GloryTecks Data Engineering mentors in Hyderabad.",161,Databricks Tutorial: A Beginner's Guide,"Databricks Tutorial: A Beginner's Guide — A practical, example-led guide you can apply right away. Explained by GloryTecks Data Engineering mentors in Hyderabad.",,,/blog/databricks-tutorial-a-beginner-s-guide (set by the page template),false,data engineering; databricks; tutorial; beginner,data engineering; databricks; tutorial; beginner,0,,0,,4,10 min,false,false,false,,not available: no views column in the CMS and no Search Console export,analyzed
dc06e3a2-3301-420f-9904-df486d84e207,dataflow-tutorial-stream-and-batch-processing-on-gcp,/blog/dataflow-tutorial-stream-and-batch-processing-on-gcp,Dataflow Tutorial: Stream and Batch Processing on GCP,published,gcp,GCP,guide,Sneha Reddy,sneha-reddy,682d13de-46d8-47b4-914e-58e25b899413,2026-05-30,2026-05-30T00:00:00+00:00,2026-05-30,2026-09-18T14:07:28.244089+00:00,2026-09-18T14:07:28.244089+00:00,658,26,94aa2bfb56a2c8aac882e95a7b2b1ec7bdb5d7fb1734e648af9adbfad40a4016,posts/dataflow-tutorial-stream-and-batch-processing-on-gcp.json in the backup,"Dataflow Tutorial: Stream and Batch Processing on GCP — A practical, example-led guide you can apply right away.",112,,Dataflow Tutorial: Stream and Batch Processing on GCP,53,"Dataflow Tutorial: Stream and Batch Processing on GCP — A practical, example-led guide you can apply right away. Explained by GloryTecks GCP mentors in Hyderabad.",162,Dataflow Tutorial: Stream and Batch Processing on GCP,"Dataflow Tutorial: Stream and Batch Processing on GCP — A practical, example-led guide you can apply right away. Explained by GloryTecks GCP mentors in Hyderabad.",,,/blog/dataflow-tutorial-stream-and-batch-processing-on-gcp (set by the page template),false,gcp; dataflow; tutorial; stream; batch,gcp; dataflow; tutorial; stream; batch,0,,0,,4,10 min,false,true,false,,not available: no views column in the CMS and no Search Console export,analyzed
4bb43a6d-35d4-4d8d-aae3-91af49594a9e,dataform-vs-dbt-on-gcp-a-comparison,/blog/dataform-vs-dbt-on-gcp-a-comparison,Dataform vs dbt on GCP: A Comparison,published,gcp,GCP,comparison,Sneha Reddy,sneha-reddy,682d13de-46d8-47b4-914e-58e25b899413,2026-01-06,2026-01-06T00:00:00+00:00,2026-01-06,2026-09-18T14:37:05.849802+00:00,2026-09-18T14:37:05.849802+00:00,474,17,bc418a85be8afcace6ca9dce5ac0c0f3e55469b6838ceef4076f144605006057,posts/dataform-vs-dbt-on-gcp-a-comparison.json in the backup,"Dataform vs dbt on GCP: A Comparison — A clear, practical comparison to help you decide.",88,,Dataform vs dbt on GCP: A Comparison,36,"Dataform vs dbt on GCP: A Comparison — A clear, practical comparison to help you decide. Explained by GloryTecks GCP mentors in Hyderabad.",138,Dataform vs dbt on GCP: A Comparison,"Dataform vs dbt on GCP: A Comparison — A clear, practical comparison to help you decide. Explained by GloryTecks GCP mentors in Hyderabad.",,,/blog/dataform-vs-dbt-on-gcp-a-comparison (set by the page template),false,dataform; dbt; gcp; comparison,dataform; dbt; gcp; comparison,0,,0,,4,7 min,false,false,false,,not available: no views column in the CMS and no Search Console export,analyzed
f1ee09f0-dc8e-4a34-a2e3-c455493f7b6d,dataproc-vs-dataflow-which-to-choose,/blog/dataproc-vs-dataflow-which-to-choose,Dataproc vs Dataflow: Which to Choose,published,gcp,GCP,comparison,GloryTecks Team,glorytecks-team,3bbe4550-883d-4859-8188-29c88e22563e,2026-04-18,2026-04-18T00:00:00+00:00,2026-04-18,2026-09-18T14:37:01.989257+00:00,2026-09-18T14:37:01.989257+00:00,471,17,000d7e5a0ec6e6e685f7e7dbbb7b031314c6ce1886e11cb7750df6eaf25c1dfe,posts/dataproc-vs-dataflow-which-to-choose.json in the backup,"Dataproc vs Dataflow: Which to Choose — A clear, practical comparison to help you decide.",89,,Dataproc vs Dataflow: Which to Choose,37,"Dataproc vs Dataflow: Which to Choose — A clear, practical comparison to help you decide. Explained by GloryTecks GCP mentors in Hyderabad.",139,Dataproc vs Dataflow: Which to Choose,"Dataproc vs Dataflow: Which to Choose — A clear, practical comparison to help you decide. Explained by GloryTecks GCP mentors in Hyderabad.",,,/blog/dataproc-vs-dataflow-which-to-choose (set by the page template),false,gcp; dataproc; dataflow; which; choose,gcp; dataproc; dataflow; which; choose,0,,0,,4,7 min,false,false,false,,not available: no views column in the CMS and no Search Console export,analyzed
e5d3922b-905a-4a0d-8512-a2bccf8d59eb,datasets-vs-linked-services-vs-pipelines-in-adf,/blog/datasets-vs-linked-services-vs-pipelines-in-adf,Datasets vs Linked Services vs Pipelines in ADF,published,azure-data-factory,Azure Data Factory,comparison,GloryTecks Team,glorytecks-team,3bbe4550-883d-4859-8188-29c88e22563e,2026-04-18,2026-04-18T00:00:00+00:00,2026-04-18,2026-09-18T14:37:01.989257+00:00,2026-09-18T14:37:01.989257+00:00,493,17,a502227504a0b36121f69c9bc85bcf4f9dc36355dab5e5dfafbd4369b0146211,posts/datasets-vs-linked-services-vs-pipelines-in-adf.json in the backup,"Datasets vs Linked Services vs Pipelines in ADF — A clear, practical comparison to help you decide.",99,,Datasets vs Linked Services vs Pipelines in ADF,47,"Datasets vs Linked Services vs Pipelines in ADF — A clear, practical comparison to help you decide. Explained by GloryTecks Azure Data Factory mentors in Hyderabad.",164,Datasets vs Linked Services vs Pipelines in ADF,"Datasets vs Linked Services vs Pipelines in ADF — A clear, practical comparison to help you decide. Explained by GloryTecks Azure Data Factory mentors in Hyderabad.",,,/blog/datasets-vs-linked-services-vs-pipelines-in-adf (set by the page template),false,azure data factory; datasets; linked; services; pipelines,azure data factory; datasets; linked; services; pipelines,0,,0,,4,7 min,false,false,false,,not available: no views column in the CMS and no Search Console export,analyzed
f3c923b3-4b18-4086-b614-82b2b838d26c,datetime-in-python-working-with-dates-and-times,/blog/datetime-in-python-working-with-dates-and-times,Datetime in Python: Working with Dates and Times,published,python,Python,guide,Ravi Kumar,ravi-kumar,4fa1201f-a7aa-4e99-9cc2-b037e972a216,2025-11-10,2025-11-10T00:00:00+00:00,2025-11-10,2026-09-18T14:37:07.161579+00:00,2026-09-18T14:37:07.161579+00:00,650,26,166279a1f2648d4c2d2b7fa8c2fe65c53ce54ea0e2975cd2adedd763cb274729,posts/datetime-in-python-working-with-dates-and-times.json in the backup,"Datetime in Python: Working with Dates and Times — A practical, example-led guide you can apply right away.",107,,Datetime in Python: Working with Dates and Times,48,"Datetime in Python: Working with Dates and Times — A practical, example-led guide you can apply right away. Explained by GloryTecks Python mentors in Hyderabad.",160,Datetime in Python: Working with Dates and Times,"Datetime in Python: Working with Dates and Times — A practical, example-led guide you can apply right away. Explained by GloryTecks Python mentors in Hyderabad.",,,/blog/datetime-in-python-working-with-dates-and-times (set by the page template),false,datetime; python; working; dates,datetime; python; working; dates,0,,0,,4,10 min,false,false,true,,not available: no views column in the CMS and no Search Console export,analyzed
0ea1d927-f54c-4c5a-810d-8432c826232c,dax-calculate-function-explained-step-by-step,/blog/dax-calculate-function-explained-step-by-step,DAX CALCULATE Function Explained Step by Step,published,power-bi,Power BI,guide,GloryTecks Team,glorytecks-team,3bbe4550-883d-4859-8188-29c88e22563e,2026-05-02,2026-05-02T00:00:00+00:00,2026-05-02,2026-09-18T14:37:01.989257+00:00,2026-09-18T14:37:01.989257+00:00,699,26,9fa7084c7a60c80b405be294e9d157c3f357368a20f43eef9b3494dd513451df,posts/dax-calculate-function-explained-step-by-step.json in the backup,"DAX CALCULATE Function Explained Step by Step — A practical, example-led guide you can apply right away.",104,,DAX CALCULATE Function Explained Step by Step,45,"DAX CALCULATE Function Explained Step by Step — A practical, example-led guide you can apply right away. Explained by GloryTecks Power BI mentors in Hyderabad.",159,DAX CALCULATE Function Explained Step by Step,"DAX CALCULATE Function Explained Step by Step — A practical, example-led guide you can apply right away. Explained by GloryTecks Power BI mentors in Hyderabad.",,,/blog/dax-calculate-function-explained-step-by-step (set by the page template),false,power bi; dax; calculate; function,power bi; dax; calculate; function,0,,0,,4,10 min,false,false,false,,not available: no views column in the CMS and no Search Console export,analyzed
d0bbea83-5fe6-40ee-9171-20603222bb8d,dax-filter-and-all-functions-explained,/blog/dax-filter-and-all-functions-explained,DAX FILTER and ALL Functions Explained,published,power-bi,Power BI,guide,GloryTecks Team,glorytecks-team,3bbe4550-883d-4859-8188-29c88e22563e,2025-11-03,2025-11-03T00:00:00+00:00,2025-11-03,2026-09-18T14:37:07.161579+00:00,2026-09-18T14:37:07.161579+00:00,696,26,31bd6021644e667a94981d4e341e110515a0d4f6e5e61afb5eb7a39511fba62c,posts/dax-filter-and-all-functions-explained.json in the backup,"DAX FILTER and ALL Functions Explained — A practical, example-led guide you can apply right away.",97,,DAX FILTER and ALL Functions Explained,38,"DAX FILTER and ALL Functions Explained — A practical, example-led guide you can apply right away. Explained by GloryTecks Power BI mentors in Hyderabad.",152,DAX FILTER and ALL Functions Explained,"DAX FILTER and ALL Functions Explained — A practical, example-led guide you can apply right away. Explained by GloryTecks Power BI mentors in Hyderabad.",,,/blog/dax-filter-and-all-functions-explained (set by the page template),false,power bi; dax; filter; all; functions,power bi; dax; filter; all; functions,0,,0,,4,10 min,false,false,true,,not available: no views column in the CMS and no Search Console export,analyzed
75fdbf2d-cb26-4b83-adeb-5af50745506c,dax-guide-measures-calculated-columns-and-context,/blog/dax-guide-measures-calculated-columns-and-context,"DAX Guide: Measures, Calculated Columns and Context",published,power-bi,Power BI,guide,GloryTecks Team,glorytecks-team,3bbe4550-883d-4859-8188-29c88e22563e,2026-06-07,2026-06-07T00:00:00+00:00,2026-06-07,2026-09-18T14:07:22.198786+00:00,2026-09-18T14:07:22.198786+00:00,689,26,931eb1d0a0000db1da018eeb26490c78f28ebc66e01d0816e8cd3e9ffb100248,posts/dax-guide-measures-calculated-columns-and-context.json in the backup,"DAX Guide: Measures, Calculated Columns and Context — A practical, example-led guide you can apply right away.",110,,"DAX Guide: Measures, Calculated Columns and Context",51,"DAX Guide: Measures, Calculated Columns and Context — A practical, example-led guide you can apply right away. Explained by GloryTecks Power BI mentors in Hyderabad.",165,"DAX Guide: Measures, Calculated Columns and Context","DAX Guide: Measures, Calculated Columns and Context — A practical, example-led guide you can apply right away. Explained by GloryTecks Power BI mentors in Hyderabad.",,,/blog/dax-guide-measures-calculated-columns-and-context (set by the page template),false,power bi; dax; measures; calculated; columns,power bi; dax; measures; calculated; columns,0,,0,,4,10 min,false,true,false,,not available: no views column in the CMS and no Search Console export,analyzed
d4b16ad8-8e08-4516-b3be-31e343134910,dax-interview-questions-for-power-bi-developers,/blog/dax-interview-questions-for-power-bi-developers,DAX Interview Questions for Power BI Developers,published,interview-questions,Interview Questions,interview,Priya Sharma,priya-sharma,2ef777f6-83c0-4249-9c0b-c4d1f2e17b89,2026-02-09,2026-02-09T00:00:00+00:00,2026-02-09,2026-09-18T14:37:03.893983+00:00,2026-09-18T14:37:03.893983+00:00,519,13,017e015a16891d281863d157f90aa9b011ace23e9a38c93839a5a8f3a9590193,posts/dax-interview-questions-for-power-bi-developers.json in the backup,"DAX Interview Questions for Power BI Developers — The questions companies actually ask, with concise model answers.",115,,DAX Interview Questions for Power BI Developers,47,"DAX Interview Questions for Power BI Developers — The questions companies actually ask, with concise model answers. Explained by GloryTecks Interview Questions mentors in Hyderabad.",181,DAX Interview Questions for Power BI Developers,"DAX Interview Questions for Power BI Developers — The questions companies actually ask, with concise model answers. Explained by GloryTecks Interview Questions mentors in Hyderabad.",,,/blog/dax-interview-questions-for-power-bi-developers (set by the page template),false,interview questions; dax; interview; questions; power,interview questions; dax; interview; questions; power,0,,0,,9,16 min,false,false,false,,not available: no views column in the CMS and no Search Console export,analyzed
db641a82-4ef3-4c50-9e72-43cdf446170e,dax-variables-writing-cleaner-faster-measures,/blog/dax-variables-writing-cleaner-faster-measures,"DAX Variables: Writing Cleaner, Faster Measures",published,power-bi,Power BI,guide,GloryTecks Team,glorytecks-team,3bbe4550-883d-4859-8188-29c88e22563e,2026-01-02,2026-01-02T00:00:00+00:00,2026-01-02,2026-09-18T14:37:05.849802+00:00,2026-09-18T14:37:05.849802+00:00,688,26,8457b27e38836acdcf8845ff9689ebd782234dc0eeb17fbbf644b5d87150eba5,posts/dax-variables-writing-cleaner-faster-measures.json in the backup,"DAX Variables: Writing Cleaner, Faster Measures — A practical, example-led guide you can apply right away.",106,,"DAX Variables: Writing Cleaner, Faster Measures",47,"DAX Variables: Writing Cleaner, Faster Measures — A practical, example-led guide you can apply right away. Explained by GloryTecks Power BI mentors in Hyderabad.",161,"DAX Variables: Writing Cleaner, Faster Measures","DAX Variables: Writing Cleaner, Faster Measures — A practical, example-led guide you can apply right away. Explained by GloryTecks Power BI mentors in Hyderabad.",,,/blog/dax-variables-writing-cleaner-faster-measures (set by the page template),false,power bi; dax; variables; writing; cleaner,power bi; dax; variables; writing; cleaner,0,,0,,4,10 min,false,false,false,,not available: no views column in the CMS and no Search Console export,analyzed
1d22fc41-7822-4da0-b930-3fb492f53d3a,dbt-tutorial-transformations-in-the-modern-data-stack,/blog/dbt-tutorial-transformations-in-the-modern-data-stack,dbt Tutorial: Transformations in the Modern Data Stack,published,data-engineering,Data Engineering,guide,GloryTecks Team,glorytecks-team,3bbe4550-883d-4859-8188-29c88e22563e,2026-03-26,2026-03-26T00:00:00+00:00,2026-04-07,2026-09-18T14:37:01.989257+00:00,2026-09-18T14:37:01.989257+00:00,673,26,b879cdee883ffd1efc31d3dbb5a146907f40c9cfdbdf708f9382f2ad115959f7,posts/dbt-tutorial-transformations-in-the-modern-data-stack.json in the backup,"dbt Tutorial: Transformations in the Modern Data Stack — A practical, example-led guide you can apply right away.",113,,dbt Tutorial: Transformations in the Modern Data Stack,54,"dbt Tutorial: Transformations in the Modern Data Stack — A practical, example-led guide you can apply right away. Explained by GloryTecks Data Engineering mentors in Hyderabad.",176,dbt Tutorial: Transformations in the Modern Data Stack,"dbt Tutorial: Transformations in the Modern Data Stack — A practical, example-led guide you can apply right away. Explained by GloryTecks Data Engineering mentors in Hyderabad.",,,/blog/dbt-tutorial-transformations-in-the-modern-data-stack (set by the page template),false,data engineering; dbt; tutorial; transformations; modern,data engineering; dbt; tutorial; transformations; modern,0,,0,,4,10 min,false,false,false,,not available: no views column in the CMS and no Search Console export,analyzed
1ef92364-5766-44b6-b812-375cfe61afc2,deep-learning-guide-neural-networks-explained-simply,/blog/deep-learning-guide-neural-networks-explained-simply,Deep Learning Guide: Neural Networks Explained Simply,published,data-science,Data Science,guide,GloryTecks Team,glorytecks-team,3bbe4550-883d-4859-8188-29c88e22563e,2026-05-16,2026-05-16T00:00:00+00:00,2026-06-15,2026-09-18T14:07:39.95631+00:00,2026-09-18T14:07:39.95631+00:00,674,26,cb881d956313e9b693506c081b58e614191bc64b09399e09500cc35d14dc2a87,posts/deep-learning-guide-neural-networks-explained-simply.json in the backup,"Deep Learning Guide: Neural Networks Explained Simply — A practical, example-led guide you can apply right away.",112,,Deep Learning Guide: Neural Networks Explained Simply,53,"Deep Learning Guide: Neural Networks Explained Simply — A practical, example-led guide you can apply right away. Explained by GloryTecks Data Science mentors in Hyderabad.",171,Deep Learning Guide: Neural Networks Explained Simply,"Deep Learning Guide: Neural Networks Explained Simply — A practical, example-led guide you can apply right away. Explained by GloryTecks Data Science mentors in Hyderabad.",,,/blog/deep-learning-guide-neural-networks-explained-simply (set by the page template),false,data science; deep; learning; neural; networks,data science; deep; learning; neural; networks,0,,0,,4,10 min,false,false,false,,not available: no views column in the CMS and no Search Console export,analyzed
ef2fdaa6-042c-420f-a1f7-1b7d89740818,deep-learning-interview-questions-and-answers,/blog/deep-learning-interview-questions-and-answers,Deep Learning Interview Questions and Answers,published,interview-questions,Interview Questions,interview,Ravi Kumar,ravi-kumar,4fa1201f-a7aa-4e99-9cc2-b037e972a216,2026-03-23,2026-03-23T00:00:00+00:00,2026-03-23,2026-09-18T14:37:01.989257+00:00,2026-09-18T14:37:01.989257+00:00,517,13,372c173330f469091a714a2d56f2ba54911a3ba5fce5c752c25b6ca851e9cdab,posts/deep-learning-interview-questions-and-answers.json in the backup,"Deep Learning Interview Questions and Answers — The questions companies actually ask, with concise model answers.",113,,Deep Learning Interview Questions and Answers,45,"Deep Learning Interview Questions and Answers — The questions companies actually ask, with concise model answers. Explained by GloryTecks Interview Questions mentors in Hyderabad.",179,Deep Learning Interview Questions and Answers,"Deep Learning Interview Questions and Answers — The questions companies actually ask, with concise model answers. Explained by GloryTecks Interview Questions mentors in Hyderabad.",,,/blog/deep-learning-interview-questions-and-answers (set by the page template),false,interview questions; deep; learning; interview; questions,interview questions; deep; learning; interview; questions,0,,0,,9,16 min,false,false,false,,not available: no views column in the CMS and no Search Console export,analyzed
d14ca241-79af-44c8-b0ec-c36463b23f4e,delta-lake-explained-reliable-lakes-with-acid,/blog/delta-lake-explained-reliable-lakes-with-acid,Delta Lake Explained: Reliable Lakes with ACID,published,data-engineering,Data Engineering,guide,Sneha Reddy,sneha-reddy,682d13de-46d8-47b4-914e-58e25b899413,2026-03-20,2026-03-20T00:00:00+00:00,2026-04-13,2026-09-18T14:37:01.989257+00:00,2026-09-18T14:37:01.989257+00:00,674,26,b44adf5fa7b647d40599402c72b2b21d8e5c7f5077847376cfd21d7d9a961372,posts/delta-lake-explained-reliable-lakes-with-acid.json in the backup,"Delta Lake Explained: Reliable Lakes with ACID — A practical, example-led guide you can apply right away.",105,,Delta Lake Explained: Reliable Lakes with ACID,46,"Delta Lake Explained: Reliable Lakes with ACID — A practical, example-led guide you can apply right away. Explained by GloryTecks Data Engineering mentors in Hyderabad.",168,Delta Lake Explained: Reliable Lakes with ACID,"Delta Lake Explained: Reliable Lakes with ACID — A practical, example-led guide you can apply right away. Explained by GloryTecks Data Engineering mentors in Hyderabad.",,,/blog/delta-lake-explained-reliable-lakes-with-acid (set by the page template),false,data engineering; delta; lake; reliable; lakes,data engineering; delta; lake; reliable; lakes,0,,0,,4,10 min,false,false,false,,not available: no views column in the CMS and no Search Console export,analyzed
188a603c-cf59-4977-a558-e677a573312e,deploying-a-gen-ai-app-on-the-cloud-a-walkthrough,/blog/deploying-a-gen-ai-app-on-the-cloud-a-walkthrough,Deploying a Gen AI App on the Cloud: A Walkthrough,published,generative-ai,Generative AI,guide,Ravi Kumar,ravi-kumar,4fa1201f-a7aa-4e99-9cc2-b037e972a216,2025-08-30,2025-08-30T00:00:00+00:00,2025-08-30,2026-09-18T14:37:08.808906+00:00,2026-09-18T14:37:08.808906+00:00,702,26,189e64796d75d916589c9a58d7c7600e7aea5d362eec32915f53e3d6c624bf12,posts/deploying-a-gen-ai-app-on-the-cloud-a-walkthrough.json in the backup,"Deploying a Gen AI App on the Cloud: A Walkthrough — A practical, example-led guide you can apply right away.",109,,Deploying a Gen AI App on the Cloud: A Walkthrough,50,"Deploying a Gen AI App on the Cloud: A Walkthrough — A practical, example-led guide you can apply right away. Explained by GloryTecks Generative AI mentors in Hyderabad.",169,Deploying a Gen AI App on the Cloud: A Walkthrough,"Deploying a Gen AI App on the Cloud: A Walkthrough — A practical, example-led guide you can apply right away. Explained by GloryTecks Generative AI mentors in Hyderabad.",,,/blog/deploying-a-gen-ai-app-on-the-cloud-a-walkthrough (set by the page template),false,generative ai; deploying; gen; app; cloud,generative ai; deploying; gen; app; cloud,0,,0,,4,10 min,false,false,false,,not available: no views column in the CMS and no Search Console export,analyzed
3caabdbe-d1a6-4626-a93e-cfbf09e7aee7,deploying-ml-models-on-aws-azure-and-gcp,/blog/deploying-ml-models-on-aws-azure-and-gcp,"Deploying ML Models on AWS, Azure and GCP",published,mlops,MLOps,guide,Ravi Kumar,ravi-kumar,4fa1201f-a7aa-4e99-9cc2-b037e972a216,2026-02-18,2026-02-18T00:00:00+00:00,2026-02-18,2026-09-18T14:37:03.893983+00:00,2026-09-18T14:37:03.893983+00:00,676,26,17bb223e97b8b2fd05930aff1839e3d67166a7dabffc1a755896120d261105c6,posts/deploying-ml-models-on-aws-azure-and-gcp.json in the backup,"Deploying ML Models on AWS, Azure and GCP — A practical, example-led guide you can apply right away.",100,,"Deploying ML Models on AWS, Azure and GCP",41,"Deploying ML Models on AWS, Azure and GCP — A practical, example-led guide you can apply right away. Explained by GloryTecks MLOps mentors in Hyderabad.",152,"Deploying ML Models on AWS, Azure and GCP","Deploying ML Models on AWS, Azure and GCP — A practical, example-led guide you can apply right away. Explained by GloryTecks MLOps mentors in Hyderabad.",,,/blog/deploying-ml-models-on-aws-azure-and-gcp (set by the page template),false,mlops; deploying; models; aws; azure,mlops; deploying; models; aws; azure,0,,0,,4,10 min,false,false,false,,not available: no views column in the CMS and no Search Console export,analyzed
8fb0cd10-53bc-47da-8d3e-b7bf0c5d5823,descriptive-vs-diagnostic-vs-predictive-analytics,/blog/descriptive-vs-diagnostic-vs-predictive-analytics,Descriptive vs Diagnostic vs Predictive Analytics,published,data-analytics,Data Analytics,comparison,GloryTecks Team,glorytecks-team,3bbe4550-883d-4859-8188-29c88e22563e,2026-04-20,2026-04-20T00:00:00+00:00,2026-05-31,2026-09-18T14:37:01.989257+00:00,2026-09-18T14:37:01.989257+00:00,479,17,d2f96b3e821f7be92d27591fe66b7309ddf2c3180baba2422ff82509629d318d,posts/descriptive-vs-diagnostic-vs-predictive-analytics.json in the backup,"Descriptive vs Diagnostic vs Predictive Analytics — A clear, practical comparison to help you decide.",101,,Descriptive vs Diagnostic vs Predictive Analytics,49,"Descriptive vs Diagnostic vs Predictive Analytics — A clear, practical comparison to help you decide. Explained by GloryTecks Data Analytics mentors in Hyderabad.",162,Descriptive vs Diagnostic vs Predictive Analytics,"Descriptive vs Diagnostic vs Predictive Analytics — A clear, practical comparison to help you decide. Explained by GloryTecks Data Analytics mentors in Hyderabad.",,,/blog/descriptive-vs-diagnostic-vs-predictive-analytics (set by the page template),false,data analytics; descriptive; diagnostic; predictive; analytics,data analytics; descriptive; diagnostic; predictive; analytics,0,,0,,4,7 min,false,false,false,,not available: no views column in the CMS and no Search Console export,analyzed
6d99b234-3768-4d44-a80b-09f0071c027b,designing-fact-and-dimension-tables,/blog/designing-fact-and-dimension-tables,Designing Fact and Dimension Tables,published,data-engineering,Data Engineering,guide,Sneha Reddy,sneha-reddy,682d13de-46d8-47b4-914e-58e25b899413,2025-11-08,2025-11-08T00:00:00+00:00,2025-12-26,2026-09-18T14:37:07.161579+00:00,2026-09-18T14:37:07.161579+00:00,676,26,e898513e7d339bec34294dda0a2b98de166511d7a4ec641ce3bf84f5aa581bbf,posts/designing-fact-and-dimension-tables.json in the backup,"Designing Fact and Dimension Tables — A practical, example-led guide you can apply right away.",94,,Designing Fact and Dimension Tables,35,"Designing Fact and Dimension Tables — A practical, example-led guide you can apply right away. Explained by GloryTecks Data Engineering mentors in Hyderabad.",157,Designing Fact and Dimension Tables,"Designing Fact and Dimension Tables — A practical, example-led guide you can apply right away. Explained by GloryTecks Data Engineering mentors in Hyderabad.",,,/blog/designing-fact-and-dimension-tables (set by the page template),false,data engineering; designing; fact; dimension; tables,data engineering; designing; fact; dimension; tables,0,,0,,4,10 min,false,false,false,,not available: no views column in the CMS and no Search Console export,analyzed
c6d532f4-75cc-4af3-9e07-b2802f671fad,dimensionality-reduction-pca-and-t-sne-explained,/blog/dimensionality-reduction-pca-and-t-sne-explained,Dimensionality Reduction: PCA and t-SNE Explained,published,data-science,Data Science,guide,Ravi Kumar,ravi-kumar,4fa1201f-a7aa-4e99-9cc2-b037e972a216,2025-12-29,2025-12-29T00:00:00+00:00,2026-01-24,2026-09-18T14:37:05.849802+00:00,2026-09-18T14:37:05.849802+00:00,671,26,e650b8d06ca7d7a8ceb4c88c7856403ace36442aceb1213738843fa4e1f2e9c3,posts/dimensionality-reduction-pca-and-t-sne-explained.json in the backup,"Dimensionality Reduction: PCA and t-SNE Explained — A practical, example-led guide you can apply right away.",108,,Dimensionality Reduction: PCA and t-SNE Explained,49,"Dimensionality Reduction: PCA and t-SNE Explained — A practical, example-led guide you can apply right away. Explained by GloryTecks Data Science mentors in Hyderabad.",167,Dimensionality Reduction: PCA and t-SNE Explained,"Dimensionality Reduction: PCA and t-SNE Explained — A practical, example-led guide you can apply right away. Explained by GloryTecks Data Science mentors in Hyderabad.",,,/blog/dimensionality-reduction-pca-and-t-sne-explained (set by the page template),false,data science; dimensionality; reduction; pca; sne,data science; dimensionality; reduction; pca; sne,0,,0,,4,10 min,false,false,true,,not available: no views column in the CMS and no Search Console export,analyzed
3284d642-e46e-44fe-bdd3-62a5b35dd4e3,disaster-recovery-and-backups-on-gcp,/blog/disaster-recovery-and-backups-on-gcp,Disaster Recovery and Backups on GCP,published,gcp,GCP,guide,GloryTecks Team,glorytecks-team,3bbe4550-883d-4859-8188-29c88e22563e,2025-10-08,2025-10-08T00:00:00+00:00,2025-10-08,2026-09-18T14:37:08.808906+00:00,2026-09-18T14:37:08.808906+00:00,664,26,a0a03b2e63daaa80ae72945bd0dbc4a5a9e62360d07721b6d4dfa42ac5463c6d,posts/disaster-recovery-and-backups-on-gcp.json in the backup,"Disaster Recovery and Backups on GCP — A practical, example-led guide you can apply right away.",95,,Disaster Recovery and Backups on GCP,36,"Disaster Recovery and Backups on GCP — A practical, example-led guide you can apply right away. Explained by GloryTecks GCP mentors in Hyderabad.",145,Disaster Recovery and Backups on GCP,"Disaster Recovery and Backups on GCP — A practical, example-led guide you can apply right away. Explained by GloryTecks GCP mentors in Hyderabad.",,,/blog/disaster-recovery-and-backups-on-gcp (set by the page template),false,disaster; recovery; backups; gcp,disaster; recovery; backups; gcp,0,,0,,4,10 min,false,false,false,,not available: no views column in the CMS and no Search Console export,analyzed
522f166c-4611-42e9-8a7a-c071f08f2993,distributed-systems-basics-for-data-engineers,/blog/distributed-systems-basics-for-data-engineers,Distributed Systems Basics for Data Engineers,published,data-engineering,Data Engineering,guide,Sneha Reddy,sneha-reddy,682d13de-46d8-47b4-914e-58e25b899413,2025-10-27,2025-10-27T00:00:00+00:00,2025-11-28,2026-09-18T14:37:07.161579+00:00,2026-09-18T14:37:07.161579+00:00,679,26,9a9e0e11ef622467bdc04f96d51e539d3f2079d767febfcb435ccc677b9f8564,posts/distributed-systems-basics-for-data-engineers.json in the backup,"Distributed Systems Basics for Data Engineers — A practical, example-led guide you can apply right away.",104,,Distributed Systems Basics for Data Engineers,45,"Distributed Systems Basics for Data Engineers — A practical, example-led guide you can apply right away. Explained by GloryTecks Data Engineering mentors in Hyderabad.",167,Distributed Systems Basics for Data Engineers,"Distributed Systems Basics for Data Engineers — A practical, example-led guide you can apply right away. Explained by GloryTecks Data Engineering mentors in Hyderabad.",,,/blog/distributed-systems-basics-for-data-engineers (set by the page template),false,data engineering; distributed; systems; basics; data,data engineering; distributed; systems; basics; data,0,,0,,4,10 min,false,false,true,,not available: no views column in the CMS and no Search Console export,analyzed
09f2a01c-0f55-4a77-987b-ee0eb6fbaece,docker-and-kubernetes-interview-questions-for-ml,/blog/docker-and-kubernetes-interview-questions-for-ml,Docker and Kubernetes Interview Questions for ML,published,interview-questions,Interview Questions,interview,Priya Sharma,priya-sharma,2ef777f6-83c0-4249-9c0b-c4d1f2e17b89,2025-08-25,2025-08-25T00:00:00+00:00,2025-08-25,2026-09-18T14:37:09.131349+00:00,2026-09-18T14:37:09.131349+00:00,519,13,54c98029f5e3cb74e2cb101d7901c04ac608f96cf2418adee0afb1cbf5e4b88c,posts/docker-and-kubernetes-interview-questions-for-ml.json in the backup,"Docker and Kubernetes Interview Questions for ML — The questions companies actually ask, with concise model answers.",116,,Docker and Kubernetes Interview Questions for ML,48,"Docker and Kubernetes Interview Questions for ML — The questions companies actually ask, with concise model answers. Explained by GloryTecks Interview Questions mentors in Hyderabad.",182,Docker and Kubernetes Interview Questions for ML,"Docker and Kubernetes Interview Questions for ML — The questions companies actually ask, with concise model answers. Explained by GloryTecks Interview Questions mentors in Hyderabad.",,,/blog/docker-and-kubernetes-interview-questions-for-ml (set by the page template),false,interview questions; docker; kubernetes; interview; questions,interview questions; docker; kubernetes; interview; questions,0,,0,,9,16 min,false,false,false,,not available: no views column in the CMS and no Search Console export,analyzed
0cfceac7-0f15-471b-8737-fea1b598669f,docker-for-machine-learning-a-practical-guide,/blog/docker-for-machine-learning-a-practical-guide,Docker for Machine Learning: A Practical Guide,published,mlops,MLOps,guide,Sneha Reddy,sneha-reddy,682d13de-46d8-47b4-914e-58e25b899413,2026-05-31,2026-05-31T00:00:00+00:00,2026-05-31,2026-09-18T14:07:27.43514+00:00,2026-09-18T14:07:27.43514+00:00,667,26,4b6b1bdfa5bd8875fb263639abc169b5860a2446518f5ba2f5adbdb521d0ba90,posts/docker-for-machine-learning-a-practical-guide.json in the backup,"Docker for Machine Learning: A Practical Guide — A practical, example-led guide you can apply right away.",105,,Docker for Machine Learning: A Practical Guide,46,"Docker for Machine Learning: A Practical Guide — A practical, example-led guide you can apply right away. Explained by GloryTecks MLOps mentors in Hyderabad.",157,Docker for Machine Learning: A Practical Guide,"Docker for Machine Learning: A Practical Guide — A practical, example-led guide you can apply right away. Explained by GloryTecks MLOps mentors in Hyderabad.",,,/blog/docker-for-machine-learning-a-practical-guide (set by the page template),false,mlops; docker; machine; learning; practical,mlops; docker; machine; learning; practical,0,,0,,4,10 min,false,true,false,,not available: no views column in the CMS and no Search Console export,needs_review
84643a02-651d-47d0-b0aa-81b9a1be3de6,edge-ml-deployment-running-models-on-devices,/blog/edge-ml-deployment-running-models-on-devices,Edge ML Deployment: Running Models on Devices,published,mlops,MLOps,guide,Ravi Kumar,ravi-kumar,4fa1201f-a7aa-4e99-9cc2-b037e972a216,2025-09-27,2025-09-27T00:00:00+00:00,2025-09-27,2026-09-18T14:37:08.808906+00:00,2026-09-18T14:37:08.808906+00:00,665,26,14e18af5d15e1f72a61bbd756b9ba38e7b416bba1b1896417d1f02f155197b6f,posts/edge-ml-deployment-running-models-on-devices.json in the backup,"Edge ML Deployment: Running Models on Devices — A practical, example-led guide you can apply right away.",104,,Edge ML Deployment: Running Models on Devices,45,"Edge ML Deployment: Running Models on Devices — A practical, example-led guide you can apply right away. Explained by GloryTecks MLOps mentors in Hyderabad.",156,Edge ML Deployment: Running Models on Devices,"Edge ML Deployment: Running Models on Devices — A practical, example-led guide you can apply right away. Explained by GloryTecks MLOps mentors in Hyderabad.",,,/blog/edge-ml-deployment-running-models-on-devices (set by the page template),false,mlops; edge; deployment; running; models,mlops; edge; deployment; running; models,0,,0,,4,10 min,false,false,false,,not available: no views column in the CMS and no Search Console export,analyzed
33324384-3d3f-4b16-93cf-4b926bed29ce,embeddings-explained-the-foundation-of-modern-ai,/blog/embeddings-explained-the-foundation-of-modern-ai,Embeddings Explained: The Foundation of Modern AI,published,generative-ai,Generative AI,guide,Ravi Kumar,ravi-kumar,4fa1201f-a7aa-4e99-9cc2-b037e972a216,2026-04-03,2026-04-03T00:00:00+00:00,2026-04-03,2026-09-18T14:37:01.989257+00:00,2026-09-18T14:37:01.989257+00:00,687,26,58b418105cefb3393244b6c5975915fb0932f26e031ac8f46b4e7f59a2163311,posts/embeddings-explained-the-foundation-of-modern-ai.json in the backup,"Embeddings Explained: The Foundation of Modern AI — A practical, example-led guide you can apply right away.",108,,Embeddings Explained: The Foundation of Modern AI,49,"Embeddings Explained: The Foundation of Modern AI — A practical, example-led guide you can apply right away. Explained by GloryTecks Generative AI mentors in Hyderabad.",168,Embeddings Explained: The Foundation of Modern AI,"Embeddings Explained: The Foundation of Modern AI — A practical, example-led guide you can apply right away. Explained by GloryTecks Generative AI mentors in Hyderabad.",,,/blog/embeddings-explained-the-foundation-of-modern-ai (set by the page template),false,generative ai; embeddings; foundation; modern,generative ai; embeddings; foundation; modern,0,,0,,4,10 min,false,false,false,,not available: no views column in the CMS and no Search Console export,analyzed
b9313879-f717-4644-bbfe-c98992a7ce72,end-to-end-machine-learning-project-a-complete-walkthrough,/blog/end-to-end-machine-learning-project-a-complete-walkthrough,End-to-End Machine Learning Project: A Complete Walkthrough,published,data-science,Data Science,projects,GloryTecks Team,glorytecks-team,3bbe4550-883d-4859-8188-29c88e22563e,2025-10-24,2025-10-24T00:00:00+00:00,2025-12-01,2026-09-18T14:37:07.161579+00:00,2026-09-18T14:37:07.161579+00:00,568,21,23d0575058992e60d5c4b8a50621c2c9cda0b7bd6abc13f7145a3913ca2efe0f,posts/end-to-end-machine-learning-project-a-complete-walkthrough.json in the backup,"End-to-End Machine Learning Project: A Complete Walkthrough — Hands-on project ideas with datasets, scope and what to showcase.",127,,End-to-End Machine Learning Project: A Complete Walkthrough,59,"End-to-End Machine Learning Project: A Complete Walkthrough — Hands-on project ideas with datasets, scope and what to showcase. Explained by GloryTecks Data Science mentors in Hyderabad.",186,End-to-End Machine Learning Project: A Complete Walkthrough,"End-to-End Machine Learning Project: A Complete Walkthrough — Hands-on project ideas with datasets, scope and what to showcase. Explained by GloryTecks Data Science mentors in Hyderabad.",,,/blog/end-to-end-machine-learning-project-a-complete-walkthrough (set by the page template),false,data science; end; machine; learning; project,data science; end; machine; learning; project,0,,0,,4,11 min,false,false,false,,not available: no views column in the CMS and no Search Console export,analyzed
7af3452b-010b-49e4-b978-1426046850f3,ensemble-learning-bagging-boosting-and-stacking-explained,/blog/ensemble-learning-bagging-boosting-and-stacking-explained,"Ensemble Learning: Bagging, Boosting and Stacking Explained",published,data-science,Data Science,guide,GloryTecks Team,glorytecks-team,3bbe4550-883d-4859-8188-29c88e22563e,2026-01-16,2026-01-16T00:00:00+00:00,2026-02-15,2026-09-18T14:37:05.849802+00:00,2026-09-18T14:37:05.849802+00:00,672,26,7eb20ea371f06885fe8a317c00b2c5e13f4128965bbb3409e1540510d23455d4,posts/ensemble-learning-bagging-boosting-and-stacking-explained.json in the backup,"Ensemble Learning: Bagging, Boosting and Stacking Explained — A practical, example-led guide you can apply right away.",118,,"Ensemble Learning: Bagging, Boosting and Stacking Explained",59,"Ensemble Learning: Bagging, Boosting and Stacking Explained — A practical, example-led guide you can apply right away. Explained by GloryTecks Data Science mentors in Hyderabad.",177,"Ensemble Learning: Bagging, Boosting and Stacking Explained","Ensemble Learning: Bagging, Boosting and Stacking Explained — A practical, example-led guide you can apply right away. Explained by GloryTecks Data Science mentors in Hyderabad.",,,/blog/ensemble-learning-bagging-boosting-and-stacking-explained (set by the page template),false,data science; ensemble; learning; bagging; boosting,data science; ensemble; learning; bagging; boosting,0,,0,,4,10 min,false,false,false,,not available: no views column in the CMS and no Search Console export,analyzed
38199134-27c0-4ffd-bada-22c8374b4133,environment-variables-and-secrets-in-python-apps,/blog/environment-variables-and-secrets-in-python-apps,Environment Variables and Secrets in Python Apps,published,python,Python,guide,Ravi Kumar,ravi-kumar,4fa1201f-a7aa-4e99-9cc2-b037e972a216,2025-09-11,2025-09-11T00:00:00+00:00,2025-09-11,2026-09-18T14:37:08.808906+00:00,2026-09-18T14:37:08.808906+00:00,657,26,73c1d178b6d9628fcff8969735681e1f6d5475bc2ceeaff9902807ef0302cd6e,posts/environment-variables-and-secrets-in-python-apps.json in the backup,"Environment Variables and Secrets in Python Apps — A practical, example-led guide you can apply right away.",107,,Environment Variables and Secrets in Python Apps,48,"Environment Variables and Secrets in Python Apps — A practical, example-led guide you can apply right away. Explained by GloryTecks Python mentors in Hyderabad.",160,Environment Variables and Secrets in Python Apps,"Environment Variables and Secrets in Python Apps — A practical, example-led guide you can apply right away. Explained by GloryTecks Python mentors in Hyderabad.",,,/blog/environment-variables-and-secrets-in-python-apps (set by the page template),false,environment; variables; secrets; python,environment; variables; secrets; python,0,,0,,4,10 min,false,false,false,,not available: no views column in the CMS and no Search Console export,analyzed
55efc99e-b28b-4b7a-950c-a09d9261ef1d,error-handling-in-python-try-except-and-best-practices,/blog/error-handling-in-python-try-except-and-best-practices,"Error Handling in Python: try, except and Best Practices",published,python,Python,guide,GloryTecks Team,glorytecks-team,3bbe4550-883d-4859-8188-29c88e22563e,2026-03-28,2026-03-28T00:00:00+00:00,2026-03-28,2026-09-18T14:37:01.989257+00:00,2026-09-18T14:37:01.989257+00:00,653,26,3e803963c21198e280c159d06c666bfb1b03c6ee28e78ef454a9517fac471410,posts/error-handling-in-python-try-except-and-best-practices.json in the backup,"Error Handling in Python: try, except and Best Practices — A practical, example-led guide you can apply right away.",115,,"Error Handling in Python: try, except and Best Practices",56,"Error Handling in Python: try, except and Best Practices — A practical, example-led guide you can apply right away. Explained by GloryTecks Python mentors in Hyderabad.",168,"Error Handling in Python: try, except and Best Practices","Error Handling in Python: try, except and Best Practices — A practical, example-led guide you can apply right away. Explained by GloryTecks Python mentors in Hyderabad.",,,/blog/error-handling-in-python-try-except-and-best-practices (set by the page template),false,error; handling; python; try,error; handling; python; try,0,,0,,4,10 min,false,false,false,,not available: no views column in the CMS and no Search Console export,analyzed
336dac4c-9938-4bce-b4ad-042010a2fbdd,etl-interview-questions-for-data-engineers,/blog/etl-interview-questions-for-data-engineers,ETL Interview Questions for Data Engineers,published,interview-questions,Interview Questions,interview,Priya Sharma,priya-sharma,2ef777f6-83c0-4249-9c0b-c4d1f2e17b89,2025-11-17,2025-11-17T00:00:00+00:00,2025-11-17,2026-09-18T14:37:07.161579+00:00,2026-09-18T14:37:07.161579+00:00,517,13,0abe06ac681a51cea56f2c5e17dd0b6641b9ade32334c447fd17154154e22ac1,posts/etl-interview-questions-for-data-engineers.json in the backup,"ETL Interview Questions for Data Engineers — The questions companies actually ask, with concise model answers.",110,,ETL Interview Questions for Data Engineers,42,"ETL Interview Questions for Data Engineers — The questions companies actually ask, with concise model answers. Explained by GloryTecks Interview Questions mentors in Hyderabad.",176,ETL Interview Questions for Data Engineers,"ETL Interview Questions for Data Engineers — The questions companies actually ask, with concise model answers. Explained by GloryTecks Interview Questions mentors in Hyderabad.",,,/blog/etl-interview-questions-for-data-engineers (set by the page template),false,interview questions; etl; interview; questions; data,interview questions; etl; interview; questions; data,0,,0,,9,16 min,false,false,false,,not available: no views column in the CMS and no Search Console export,analyzed
4d5339c3-b07c-4fb4-87b0-5c7772773e9e,etl-vs-elt-differences-and-when-to-use-each,/blog/etl-vs-elt-differences-and-when-to-use-each,ETL vs ELT: Differences and When to Use Each,published,data-engineering,Data Engineering,comparison,GloryTecks Team,glorytecks-team,3bbe4550-883d-4859-8188-29c88e22563e,2026-06-06,2026-06-06T00:00:00+00:00,2026-06-15,2026-09-18T14:07:23.01341+00:00,2026-09-18T14:07:23.01341+00:00,476,17,be309a16bd9131d767398e163cdfede2b53ebd18b6a0f3ea7b812eaa8ddd3561,posts/etl-vs-elt-differences-and-when-to-use-each.json in the backup,"ETL vs ELT: Differences and When to Use Each — A clear, practical comparison to help you decide.",96,,ETL vs ELT: Differences and When to Use Each,44,"ETL vs ELT: Differences and When to Use Each — A clear, practical comparison to help you decide. Explained by GloryTecks Data Engineering mentors in Hyderabad.",159,ETL vs ELT: Differences and When to Use Each,"ETL vs ELT: Differences and When to Use Each — A clear, practical comparison to help you decide. Explained by GloryTecks Data Engineering mentors in Hyderabad.",,,/blog/etl-vs-elt-differences-and-when-to-use-each (set by the page template),false,data engineering; etl; elt; differences; when,data engineering; etl; elt; differences; when,0,,0,,4,7 min,false,true,false,,not available: no views column in the CMS and no Search Console export,analyzed
6abc197f-b75a-44b8-8082-f08719c60124,evaluating-llm-outputs-metrics-tools-and-best-practices,/blog/evaluating-llm-outputs-metrics-tools-and-best-practices,"Evaluating LLM Outputs: Metrics, Tools and Best Practices",published,generative-ai,Generative AI,guide,Ravi Kumar,ravi-kumar,4fa1201f-a7aa-4e99-9cc2-b037e972a216,2026-01-21,2026-01-21T00:00:00+00:00,2026-01-21,2026-09-18T14:37:05.849802+00:00,2026-09-18T14:37:05.849802+00:00,690,26,38219b09462745174ec584e1a07a841ec9c33990b42d48b8df31eb9bdb90db18,posts/evaluating-llm-outputs-metrics-tools-and-best-practices.json in the backup,"Evaluating LLM Outputs: Metrics, Tools and Best Practices — A practical, example-led guide you can apply right away.",116,,"Evaluating LLM Outputs: Metrics, Tools and Best Practices",57,"Evaluating LLM Outputs: Metrics, Tools and Best Practices — A practical, example-led guide you can apply right away. Explained by GloryTecks Generative AI mentors in Hyderabad.",176,"Evaluating LLM Outputs: Metrics, Tools and Best Practices","Evaluating LLM Outputs: Metrics, Tools and Best Practices — A practical, example-led guide you can apply right away. Explained by GloryTecks Generative AI mentors in Hyderabad.",,,/blog/evaluating-llm-outputs-metrics-tools-and-best-practices (set by the page template),false,generative ai; evaluating; llm; outputs; metrics,generative ai; evaluating; llm; outputs; metrics,0,,0,,4,10 min,false,false,false,,not available: no views column in the CMS and no Search Console export,analyzed
9572efd1-fa21-4652-a526-22a7a8289a6f,evaluation-metrics-accuracy-precision-recall-and-f1-demystified,/blog/evaluation-metrics-accuracy-precision-recall-and-f1-demystified,"Evaluation Metrics: Accuracy, Precision, Recall and F1 Demystified",published,data-science,Data Science,guide,GloryTecks Team,glorytecks-team,3bbe4550-883d-4859-8188-29c88e22563e,2026-01-04,2026-01-04T00:00:00+00:00,2026-01-18,2026-09-18T14:37:05.849802+00:00,2026-09-18T14:37:05.849802+00:00,673,26,ef816c47aa3675eb84f17bcd106e648ae732184c1497acf888ccbc7d14841680,posts/evaluation-metrics-accuracy-precision-recall-and-f1-demystified.json in the backup,"Evaluation Metrics: Accuracy, Precision, Recall and F1 Demystified — A practical, example-led guide you can apply right away.",125,,"Evaluation Metrics: Accuracy, Precision, Recall and F1 Demystified",66,"Evaluation Metrics: Accuracy, Precision, Recall and F1 Demystified — A practical, example-led guide you can apply right away. Explained by GloryTecks Data Science mentors in Hyderabad.",184,"Evaluation Metrics: Accuracy, Precision, Recall and F1 Demystified","Evaluation Metrics: Accuracy, Precision, Recall and F1 Demystified — A practical, example-led guide you can apply right away. Explained by GloryTecks Data Science mentors in Hyderabad.",,,/blog/evaluation-metrics-accuracy-precision-recall-and-f1-demystified (set by the page template),false,data science; evaluation; metrics; accuracy; precision,data science; evaluation; metrics; accuracy; precision,0,,0,,4,10 min,false,false,false,,not available: no views column in the CMS and no Search Console export,analyzed
aba4650e-4e8b-4cb7-9b9d-f912b22b271c,event-based-triggers-with-azure-event-grid-and-adf,/blog/event-based-triggers-with-azure-event-grid-and-adf,Event-Based Triggers with Azure Event Grid and ADF,published,azure-data-factory,Azure Data Factory,guide,Sneha Reddy,sneha-reddy,682d13de-46d8-47b4-914e-58e25b899413,2025-10-26,2025-10-26T00:00:00+00:00,2025-10-26,2026-09-18T14:37:07.161579+00:00,2026-09-18T14:37:07.161579+00:00,713,26,886b1ea10902b2e7897f85957682720b8e360c5d3b495c5e16c654465b64c05b,posts/event-based-triggers-with-azure-event-grid-and-adf.json in the backup,"Event-Based Triggers with Azure Event Grid and ADF — A practical, example-led guide you can apply right away.",109,,Event-Based Triggers with Azure Event Grid and ADF,50,"Event-Based Triggers with Azure Event Grid and ADF — A practical, example-led guide you can apply right away. Explained by GloryTecks Azure Data Factory mentors in Hyderabad.",174,Event-Based Triggers with Azure Event Grid and ADF,"Event-Based Triggers with Azure Event Grid and ADF — A practical, example-led guide you can apply right away. Explained by GloryTecks Azure Data Factory mentors in Hyderabad.",,,/blog/event-based-triggers-with-azure-event-grid-and-adf (set by the page template),false,azure data factory; event; based; triggers; azure,azure data factory; event; based; triggers; azure,0,,0,,4,10 min,false,false,false,,not available: no views column in the CMS and no Search Console export,analyzed
1bb90268-f1da-4792-8f4f-2958d6184bf9,event-driven-pipelines-with-lambda-and-s3,/blog/event-driven-pipelines-with-lambda-and-s3,Event-Driven Pipelines with Lambda and S3,published,aws,AWS,guide,GloryTecks Team,glorytecks-team,3bbe4550-883d-4859-8188-29c88e22563e,2025-12-06,2025-12-06T00:00:00+00:00,2026-01-06,2026-09-18T14:37:07.161579+00:00,2026-09-18T14:37:07.161579+00:00,684,26,cb1764836ec8275ed54fa2a9b750bebc18afc915b0f904af3d33e9f1d8ab9e6c,posts/event-driven-pipelines-with-lambda-and-s3.json in the backup,"Event-Driven Pipelines with Lambda and S3 — A practical, example-led guide you can apply right away.",100,,Event-Driven Pipelines with Lambda and S3,41,"Event-Driven Pipelines with Lambda and S3 — A practical, example-led guide you can apply right away. Explained by GloryTecks AWS mentors in Hyderabad.",150,Event-Driven Pipelines with Lambda and S3,"Event-Driven Pipelines with Lambda and S3 — A practical, example-led guide you can apply right away. Explained by GloryTecks AWS mentors in Hyderabad.",,,/blog/event-driven-pipelines-with-lambda-and-s3 (set by the page template),false,aws; event; driven; pipelines; lambda,aws; event; driven; pipelines; lambda,0,,0,,4,10 min,false,false,false,,not available: no views column in the CMS and no Search Console export,analyzed
6bb829cb-8e0d-49ad-93a5-d05b9ad576ec,excel-for-data-analysis-formulas-that-matter,/blog/excel-for-data-analysis-formulas-that-matter,Excel for Data Analysis: Formulas That Matter,published,data-analytics,Data Analytics,guide,Arjun Nair,arjun-nair,ffb6b867-319d-461f-ba3c-c736b5113800,2026-04-26,2026-04-26T00:00:00+00:00,2026-05-25,2026-09-18T14:37:01.989257+00:00,2026-09-18T14:37:01.989257+00:00,670,26,fe81d9abc7a15378e9dc1b8fa0b894da3f9609ee5e2d1f7a92ff79e7565e4330,posts/excel-for-data-analysis-formulas-that-matter.json in the backup,"Excel for Data Analysis: Formulas That Matter — A practical, example-led guide you can apply right away.",104,,Excel for Data Analysis: Formulas That Matter,45,"Excel for Data Analysis: Formulas That Matter — A practical, example-led guide you can apply right away. Explained by GloryTecks Data Analytics mentors in Hyderabad.",165,Excel for Data Analysis: Formulas That Matter,"Excel for Data Analysis: Formulas That Matter — A practical, example-led guide you can apply right away. Explained by GloryTecks Data Analytics mentors in Hyderabad.",,,/blog/excel-for-data-analysis-formulas-that-matter (set by the page template),false,data analytics; excel; data; analysis; formulas,data analytics; excel; data; analysis; formulas,0,,0,,4,10 min,false,false,false,,not available: no views column in the CMS and no Search Console export,analyzed
9671d0ef-8c4c-4a64-86a6-3e0afb66dcb0,excel-interview-questions-for-data-analysts,/blog/excel-interview-questions-for-data-analysts,Excel Interview Questions for Data Analysts,published,interview-questions,Interview Questions,interview,Ravi Kumar,ravi-kumar,4fa1201f-a7aa-4e99-9cc2-b037e972a216,2025-08-31,2025-08-31T00:00:00+00:00,2025-08-31,2026-09-18T14:37:08.808906+00:00,2026-09-18T14:37:08.808906+00:00,517,13,820918301455fc271c215f35d2ac0b073a6bf2a152b0bb78d73dfd0d8acfaa1d,posts/excel-interview-questions-for-data-analysts.json in the backup,"Excel Interview Questions for Data Analysts — The questions companies actually ask, with concise model answers.",111,,Excel Interview Questions for Data Analysts,43,"Excel Interview Questions for Data Analysts — The questions companies actually ask, with concise model answers. Explained by GloryTecks Interview Questions mentors in Hyderabad.",177,Excel Interview Questions for Data Analysts,"Excel Interview Questions for Data Analysts — The questions companies actually ask, with concise model answers. Explained by GloryTecks Interview Questions mentors in Hyderabad.",,,/blog/excel-interview-questions-for-data-analysts (set by the page template),false,interview questions; excel; interview; questions; data,interview questions; excel; interview; questions; data,0,,0,,9,16 min,false,false,false,,not available: no views column in the CMS and no Search Console export,analyzed
3bf72922-6d87-444c-a336-e906d69de9be,excel-power-query-cleaning-data-without-code,/blog/excel-power-query-cleaning-data-without-code,Excel Power Query: Cleaning Data Without Code,published,data-analytics,Data Analytics,guide,Arjun Nair,arjun-nair,ffb6b867-319d-461f-ba3c-c736b5113800,2026-01-08,2026-01-08T00:00:00+00:00,2026-02-22,2026-09-18T14:37:05.849802+00:00,2026-09-18T14:37:05.849802+00:00,668,26,1f0347fc7960c0c95a36609431e66ec41db88dd8ed93f94066a024527880073a,posts/excel-power-query-cleaning-data-without-code.json in the backup,"Excel Power Query: Cleaning Data Without Code — A practical, example-led guide you can apply right away.",104,,Excel Power Query: Cleaning Data Without Code,45,"Excel Power Query: Cleaning Data Without Code — A practical, example-led guide you can apply right away. Explained by GloryTecks Data Analytics mentors in Hyderabad.",165,Excel Power Query: Cleaning Data Without Code,"Excel Power Query: Cleaning Data Without Code — A practical, example-led guide you can apply right away. Explained by GloryTecks Data Analytics mentors in Hyderabad.",,,/blog/excel-power-query-cleaning-data-without-code (set by the page template),false,data analytics; excel; power; query; cleaning,data analytics; excel; power; query; cleaning,0,,0,,4,10 min,false,false,true,,not available: no views column in the CMS and no Search Console export,analyzed
536b47d0-5b7c-470b-977d-6860c8fccd58,excel-vs-power-bi-which-should-you-learn-first,/blog/excel-vs-power-bi-which-should-you-learn-first,Excel vs Power BI: Which Should You Learn First?,published,data-analytics,Data Analytics,comparison,GloryTecks Team,glorytecks-team,3bbe4550-883d-4859-8188-29c88e22563e,2026-06-07,2026-06-07T00:00:00+00:00,2026-06-15,2026-09-18T14:07:21.465116+00:00,2026-09-18T14:07:21.465116+00:00,480,17,b6a80cec9f85c25b783fa8f8f7b8f996df4e407afc53ae27966cbe5fb56114a0,posts/excel-vs-power-bi-which-should-you-learn-first.json in the backup,"Excel vs Power BI: Which Should You Learn First? — A clear, practical comparison to help you decide.",100,,Excel vs Power BI: Which Should You Learn First?,48,"Excel vs Power BI: Which Should You Learn First? — A clear, practical comparison to help you decide. Explained by GloryTecks Data Analytics mentors in Hyderabad.",161,Excel vs Power BI: Which Should You Learn First?,"Excel vs Power BI: Which Should You Learn First? — A clear, practical comparison to help you decide. Explained by GloryTecks Data Analytics mentors in Hyderabad.",,,/blog/excel-vs-power-bi-which-should-you-learn-first (set by the page template),false,data analytics; excel; power; which; learn,data analytics; excel; power; which; learn,0,,0,,4,7 min,false,true,false,,not available: no views column in the CMS and no Search Console export,needs_review
dc80be95-e9d3-4d23-80fd-db1a8afa209c,experiment-tracking-mlflow-vs-weights-and-biases,/blog/experiment-tracking-mlflow-vs-weights-and-biases,Experiment Tracking: MLflow vs Weights & Biases,published,mlops,MLOps,comparison,Sneha Reddy,sneha-reddy,682d13de-46d8-47b4-914e-58e25b899413,2026-04-01,2026-04-01T00:00:00+00:00,2026-04-01,2026-09-18T14:37:01.989257+00:00,2026-09-18T14:37:01.989257+00:00,474,17,8cc7709b68a03b712ffa6961527ce56faf6b4273bafa4d15898ef8626e6295b9,posts/experiment-tracking-mlflow-vs-weights-and-biases.json in the backup,"Experiment Tracking: MLflow vs Weights & Biases — A clear, practical comparison to help you decide.",99,,Experiment Tracking: MLflow vs Weights & Biases,47,"Experiment Tracking: MLflow vs Weights & Biases — A clear, practical comparison to help you decide. Explained by GloryTecks MLOps mentors in Hyderabad.",151,Experiment Tracking: MLflow vs Weights & Biases,"Experiment Tracking: MLflow vs Weights & Biases — A clear, practical comparison to help you decide. Explained by GloryTecks MLOps mentors in Hyderabad.",,,/blog/experiment-tracking-mlflow-vs-weights-and-biases (set by the page template),false,mlops; experiment; tracking; mlflow; weights,mlops; experiment; tracking; mlflow; weights,0,,0,,4,7 min,false,false,false,,not available: no views column in the CMS and no Search Console export,analyzed
5866df9b-552b-4225-b19f-c581a8c7a186,exploratory-data-analysis-eda-a-step-by-step-walkthrough,/blog/exploratory-data-analysis-eda-a-step-by-step-walkthrough,Exploratory Data Analysis (EDA): A Step-by-Step Walkthrough,published,data-science,Data Science,guide,GloryTecks Team,glorytecks-team,3bbe4550-883d-4859-8188-29c88e22563e,2026-03-29,2026-03-29T00:00:00+00:00,2026-05-14,2026-09-18T14:37:01.989257+00:00,2026-09-18T14:37:01.989257+00:00,676,26,5565587e21573410df58250555825181f6e4d05eab096207caa632f616f8711b,posts/exploratory-data-analysis-eda-a-step-by-step-walkthrough.json in the backup,"Exploratory Data Analysis (EDA): A Step-by-Step Walkthrough — A practical, example-led guide you can apply right away.",118,,Exploratory Data Analysis (EDA): A Step-by-Step Walkthrough,59,"Exploratory Data Analysis (EDA): A Step-by-Step Walkthrough — A practical, example-led guide you can apply right away. Explained by GloryTecks Data Science mentors in Hyderabad.",177,Exploratory Data Analysis (EDA): A Step-by-Step Walkthrough,"Exploratory Data Analysis (EDA): A Step-by-Step Walkthrough — A practical, example-led guide you can apply right away. Explained by GloryTecks Data Science mentors in Hyderabad.",,,/blog/exploratory-data-analysis-eda-a-step-by-step-walkthrough (set by the page template),false,data science; exploratory; data; analysis; eda,data science; exploratory; data; analysis; eda,0,,0,,4,10 min,false,false,false,,not available: no views column in the CMS and no Search Console export,analyzed
c5bf0466-e910-41b5-902f-09129ee11f75,fastapi-guide-build-a-production-api-step-by-step,/blog/fastapi-guide-build-a-production-api-step-by-step,FastAPI Guide: Build a Production API Step by Step,published,python,Python,guide,Ravi Kumar,ravi-kumar,4fa1201f-a7aa-4e99-9cc2-b037e972a216,2026-04-27,2026-04-27T00:00:00+00:00,2026-04-27,2026-09-18T14:37:01.989257+00:00,2026-09-18T14:37:01.989257+00:00,649,26,5d842a25ba5fa4c3c764a0a2e0adc7c05009c2703167d0c69a3847b7a1df8105,posts/fastapi-guide-build-a-production-api-step-by-step.json in the backup,"FastAPI Guide: Build a Production API Step by Step — A practical, example-led guide you can apply right away.",109,,FastAPI Guide: Build a Production API Step by Step,50,"FastAPI Guide: Build a Production API Step by Step — A practical, example-led guide you can apply right away. Explained by GloryTecks Python mentors in Hyderabad.",162,FastAPI Guide: Build a Production API Step by Step,"FastAPI Guide: Build a Production API Step by Step — A practical, example-led guide you can apply right away. Explained by GloryTecks Python mentors in Hyderabad.",,,/blog/fastapi-guide-build-a-production-api-step-by-step (set by the page template),false,python; fastapi; build; production; api,python; fastapi; build; production; api,0,,0,,4,10 min,false,false,true,,not available: no views column in the CMS and no Search Console export,analyzed
d7af685c-f97b-4cf9-b4f6-5a74f8549f75,feature-engineering-a-practical-guide-with-examples,/blog/feature-engineering-a-practical-guide-with-examples,Feature Engineering: A Practical Guide with Examples,published,data-science,Data Science,guide,Ravi Kumar,ravi-kumar,4fa1201f-a7aa-4e99-9cc2-b037e972a216,2026-05-10,2026-05-10T00:00:00+00:00,2026-06-15,2026-09-18T14:07:46.50173+00:00,2026-09-18T14:07:46.50173+00:00,672,26,0ea5b58af5ff9aa8daa34933cdf62c4ed64d0d16c544916032b4c9aceba4119b,posts/feature-engineering-a-practical-guide-with-examples.json in the backup,"Feature Engineering: A Practical Guide with Examples — A practical, example-led guide you can apply right away.",111,,Feature Engineering: A Practical Guide with Examples,52,"Feature Engineering: A Practical Guide with Examples — A practical, example-led guide you can apply right away. Explained by GloryTecks Data Science mentors in Hyderabad.",170,Feature Engineering: A Practical Guide with Examples,"Feature Engineering: A Practical Guide with Examples — A practical, example-led guide you can apply right away. Explained by GloryTecks Data Science mentors in Hyderabad.",,,/blog/feature-engineering-a-practical-guide-with-examples (set by the page template),false,data science; feature; engineering; practical; examples,data science; feature; engineering; practical; examples,0,,0,,4,10 min,false,false,false,,not available: no views column in the CMS and no Search Console export,analyzed
79a54bb1-a722-4563-886d-be683ce70183,feature-engineering-interview-questions,/blog/feature-engineering-interview-questions,Feature Engineering Interview Questions,published,interview-questions,Interview Questions,interview,Priya Sharma,priya-sharma,2ef777f6-83c0-4249-9c0b-c4d1f2e17b89,2025-10-24,2025-10-24T00:00:00+00:00,2025-10-24,2026-09-18T14:37:07.161579+00:00,2026-09-18T14:37:07.161579+00:00,513,13,6b1c93bc888cfdd1a9ca8844c052d3c6568d06e05ff1c7816af7de0f854f72f4,posts/feature-engineering-interview-questions.json in the backup,"Feature Engineering Interview Questions — The questions companies actually ask, with concise model answers.",107,,Feature Engineering Interview Questions,39,"Feature Engineering Interview Questions — The questions companies actually ask, with concise model answers. Explained by GloryTecks Interview Questions mentors in Hyderabad.",173,Feature Engineering Interview Questions,"Feature Engineering Interview Questions — The questions companies actually ask, with concise model answers. Explained by GloryTecks Interview Questions mentors in Hyderabad.",,,/blog/feature-engineering-interview-questions (set by the page template),false,interview questions; feature; engineering; interview; questions,interview questions; feature; engineering; interview; questions,0,,0,,9,16 min,false,false,false,,not available: no views column in the CMS and no Search Console export,analyzed
5f37b0ba-cf36-409d-9b64-67e621db739c,feature-stores-explained-why-teams-need-them,/blog/feature-stores-explained-why-teams-need-them,Feature Stores Explained: Why Teams Need Them,published,mlops,MLOps,guide,Ravi Kumar,ravi-kumar,4fa1201f-a7aa-4e99-9cc2-b037e972a216,2026-04-19,2026-04-19T00:00:00+00:00,2026-04-19,2026-09-18T14:37:01.989257+00:00,2026-09-18T14:37:01.989257+00:00,665,26,f4326cb5553562b5ef734637ca34e72991c4febb0c8d9580dfb7c6311ab41194,posts/feature-stores-explained-why-teams-need-them.json in the backup,"Feature Stores Explained: Why Teams Need Them — A practical, example-led guide you can apply right away.",104,,Feature Stores Explained: Why Teams Need Them,45,"Feature Stores Explained: Why Teams Need Them — A practical, example-led guide you can apply right away. Explained by GloryTecks MLOps mentors in Hyderabad.",156,Feature Stores Explained: Why Teams Need Them,"Feature Stores Explained: Why Teams Need Them — A practical, example-led guide you can apply right away. Explained by GloryTecks MLOps mentors in Hyderabad.",,,/blog/feature-stores-explained-why-teams-need-them (set by the page template),false,mlops; feature; stores; why; teams,mlops; feature; stores; why; teams,0,,0,,4,10 min,false,false,false,,not available: no views column in the CMS and no Search Console export,analyzed
ad1b9f26-5eba-4ea4-adf5-2fcf332d235f,few-shot-vs-zero-shot-prompting-a-practical-guide,/blog/few-shot-vs-zero-shot-prompting-a-practical-guide,Few-Shot vs Zero-Shot Prompting: A Practical Guide,published,generative-ai,Generative AI,comparison,GloryTecks Team,glorytecks-team,3bbe4550-883d-4859-8188-29c88e22563e,2025-11-16,2025-11-16T00:00:00+00:00,2025-11-16,2026-09-18T14:37:07.161579+00:00,2026-09-18T14:37:07.161579+00:00,485,17,8b58a5783dc52adbc3fa1ab27eebc65c9bbf9d67bf676d0e14354742e9099fe5,posts/few-shot-vs-zero-shot-prompting-a-practical-guide.json in the backup,"Few-Shot vs Zero-Shot Prompting: A Practical Guide — A clear, practical comparison to help you decide.",102,,Few-Shot vs Zero-Shot Prompting: A Practical Guide,50,"Few-Shot vs Zero-Shot Prompting: A Practical Guide — A clear, practical comparison to help you decide. Explained by GloryTecks Generative AI mentors in Hyderabad.",162,Few-Shot vs Zero-Shot Prompting: A Practical Guide,"Few-Shot vs Zero-Shot Prompting: A Practical Guide — A clear, practical comparison to help you decide. Explained by GloryTecks Generative AI mentors in Hyderabad.",,,/blog/few-shot-vs-zero-shot-prompting-a-practical-guide (set by the page template),false,generative ai; few; shot; zero; prompting,generative ai; few; shot; zero; prompting,0,,0,,4,7 min,false,false,false,,not available: no views column in the CMS and no Search Console export,analyzed
ea25d844-b2ca-44f5-a7a0-e5228eb9373a,fine-tuning-vs-rag-which-should-you-choose,/blog/fine-tuning-vs-rag-which-should-you-choose,Fine-Tuning vs RAG: Which Should You Choose?,published,generative-ai,Generative AI,comparison,GloryTecks Team,glorytecks-team,3bbe4550-883d-4859-8188-29c88e22563e,2026-04-09,2026-04-09T00:00:00+00:00,2026-04-09,2026-09-18T14:37:01.989257+00:00,2026-09-18T14:37:01.989257+00:00,484,17,4f91d6dcea51e4cb693896fa2df1cc5103c1091171d2c330c9b941553d72f719,posts/fine-tuning-vs-rag-which-should-you-choose.json in the backup,"Fine-Tuning vs RAG: Which Should You Choose? — A clear, practical comparison to help you decide.",96,,Fine-Tuning vs RAG: Which Should You Choose?,44,"Fine-Tuning vs RAG: Which Should You Choose? — A clear, practical comparison to help you decide. Explained by GloryTecks Generative AI mentors in Hyderabad.",156,Fine-Tuning vs RAG: Which Should You Choose?,"Fine-Tuning vs RAG: Which Should You Choose? — A clear, practical comparison to help you decide. Explained by GloryTecks Generative AI mentors in Hyderabad.",,,/blog/fine-tuning-vs-rag-which-should-you-choose (set by the page template),false,generative ai; fine; tuning; rag; which,generative ai; fine; tuning; rag; which,0,,0,,4,7 min,false,false,true,,not available: no views column in the CMS and no Search Console export,analyzed
aa5c6497-b5a2-486a-99a1-ca203b5a94bc,flask-vs-fastapi-vs-django-which-to-choose-in-2026,/blog/flask-vs-fastapi-vs-django-which-to-choose-in-2026,Flask vs FastAPI vs Django: Which to Choose in 2026,published,python,Python,comparison,GloryTecks Team,glorytecks-team,3bbe4550-883d-4859-8188-29c88e22563e,2026-01-03,2026-01-03T00:00:00+00:00,2026-01-03,2026-09-18T14:37:05.849802+00:00,2026-09-18T14:37:05.849802+00:00,475,17,d2165863059844a732561cf03dd1c09ffdda2208fe722f1b3fae6ab75d2fc413,posts/flask-vs-fastapi-vs-django-which-to-choose-in-2026.json in the backup,"Flask vs FastAPI vs Django: Which to Choose in 2026 — A clear, practical comparison to help you decide.",103,,Flask vs FastAPI vs Django: Which to Choose in 2026,51,"Flask vs FastAPI vs Django: Which to Choose in 2026 — A clear, practical comparison to help you decide. Explained by GloryTecks Python mentors in Hyderabad.",156,Flask vs FastAPI vs Django: Which to Choose in 2026,"Flask vs FastAPI vs Django: Which to Choose in 2026 — A clear, practical comparison to help you decide. Explained by GloryTecks Python mentors in Hyderabad.",,,/blog/flask-vs-fastapi-vs-django-which-to-choose-in-2026 (set by the page template),false,python; flask; fastapi; django; which,python; flask; fastapi; django; which,0,,0,,4,7 min,false,false,false,,not available: no views column in the CMS and no Search Console export,analyzed
e82540e3-48e8-48ce-bf1e-8073bf7286dd,forecasting-in-excel-simple-methods-that-work,/blog/forecasting-in-excel-simple-methods-that-work,Forecasting in Excel: Simple Methods That Work,published,data-analytics,Data Analytics,guide,GloryTecks Team,glorytecks-team,3bbe4550-883d-4859-8188-29c88e22563e,2025-10-22,2025-10-22T00:00:00+00:00,2025-12-02,2026-09-18T14:37:07.161579+00:00,2026-09-18T14:37:07.161579+00:00,668,26,eb838f31514f85ab696692690e777b91c63db06becc6d7303144b84d796762de,posts/forecasting-in-excel-simple-methods-that-work.json in the backup,"Forecasting in Excel: Simple Methods That Work — A practical, example-led guide you can apply right away.",105,,Forecasting in Excel: Simple Methods That Work,46,"Forecasting in Excel: Simple Methods That Work — A practical, example-led guide you can apply right away. Explained by GloryTecks Data Analytics mentors in Hyderabad.",166,Forecasting in Excel: Simple Methods That Work,"Forecasting in Excel: Simple Methods That Work — A practical, example-led guide you can apply right away. Explained by GloryTecks Data Analytics mentors in Hyderabad.",,,/blog/forecasting-in-excel-simple-methods-that-work (set by the page template),false,data analytics; forecasting; excel; simple; methods,data analytics; forecasting; excel; simple; methods,0,,0,,4,10 min,false,false,false,,not available: no views column in the CMS and no Search Console export,analyzed
2469e61e-f691-45c2-b013-931802ca37e2,freelancing-guide-for-data-professionals,/blog/freelancing-guide-for-data-professionals,Freelancing Guide for Data Professionals,published,career-guidance,Career Guidance,guide,Priya Sharma,priya-sharma,2ef777f6-83c0-4249-9c0b-c4d1f2e17b89,2026-05-05,2026-05-05T00:00:00+00:00,2026-05-05,2026-09-18T14:37:01.989257+00:00,2026-09-18T14:37:01.989257+00:00,639,24,152c21cf6e0a544ac00ee89c83c62154079119b8e4a8d35f5133bd2a1d7bf2df,posts/freelancing-guide-for-data-professionals.json in the backup,"Freelancing Guide for Data Professionals — A practical, example-led guide you can apply right away.",99,,Freelancing Guide for Data Professionals,40,"Freelancing Guide for Data Professionals — A practical, example-led guide you can apply right away. Explained by GloryTecks Career Guidance mentors in Hyderabad.",161,Freelancing Guide for Data Professionals,"Freelancing Guide for Data Professionals — A practical, example-led guide you can apply right away. Explained by GloryTecks Career Guidance mentors in Hyderabad.",,,/blog/freelancing-guide-for-data-professionals (set by the page template),false,career guidance; freelancing; data; professionals,career guidance; freelancing; data; professionals,0,,0,,4,10 min,false,false,false,,not available: no views column in the CMS and no Search Console export,analyzed
6b381aa5-df4b-4d95-bc0f-8f497ab9d6b9,from-backend-developer-to-data-engineer-a-roadmap,/blog/from-backend-developer-to-data-engineer-a-roadmap,From Backend Developer to Data Engineer: A Roadmap,published,data-engineering,Data Engineering,roadmap,GloryTecks Team,glorytecks-team,3bbe4550-883d-4859-8188-29c88e22563e,2025-09-15,2025-09-15T00:00:00+00:00,2025-10-21,2026-09-18T14:37:08.808906+00:00,2026-09-18T14:37:08.808906+00:00,678,28,55e62bd047f05be0cff113678c103792563dece8a46f79a615958335bb112b89,posts/from-backend-developer-to-data-engineer-a-roadmap.json in the backup,"From Backend Developer to Data Engineer: A Roadmap — A step-by-step roadmap with skills, tools and a realistic timeline.",120,,From Backend Developer to Data Engineer: A Roadmap,50,"From Backend Developer to Data Engineer: A Roadmap — A step-by-step roadmap with skills, tools and a realistic timeline. Explained by GloryTecks Data Engineering mentors in Hyderabad.",183,From Backend Developer to Data Engineer: A Roadmap,"From Backend Developer to Data Engineer: A Roadmap — A step-by-step roadmap with skills, tools and a realistic timeline. Explained by GloryTecks Data Engineering mentors in Hyderabad.",,,/blog/from-backend-developer-to-data-engineer-a-roadmap (set by the page template),false,data engineering; backend; developer; data; engineer,data engineering; backend; developer; data; engineer,0,,0,,4,13 min,false,false,true,,not available: no views column in the CMS and no Search Console export,analyzed
fc463cee-1723-4b25-b0c9-fd01b482d4d3,from-college-to-corporate-a-fresher-s-survival-guide,/blog/from-college-to-corporate-a-fresher-s-survival-guide,From College to Corporate: A Fresher's Survival Guide,published,career-guidance,Career Guidance,guide,Priya Sharma,priya-sharma,2ef777f6-83c0-4249-9c0b-c4d1f2e17b89,2025-10-13,2025-10-13T00:00:00+00:00,2025-10-13,2026-09-18T14:37:08.808906+00:00,2026-09-18T14:37:08.808906+00:00,640,24,db442f293ef703e8abc6b8f6fe05586d9182034c29070e373cd640712029e203,posts/from-college-to-corporate-a-fresher-s-survival-guide.json in the backup,"From College to Corporate: A Fresher's Survival Guide — A practical, example-led guide you can apply right away.",112,,From College to Corporate: A Fresher's Survival Guide,53,"From College to Corporate: A Fresher's Survival Guide — A practical, example-led guide you can apply right away. Explained by GloryTecks Career Guidance mentors in Hyderabad.",174,From College to Corporate: A Fresher's Survival Guide,"From College to Corporate: A Fresher's Survival Guide — A practical, example-led guide you can apply right away. Explained by GloryTecks Career Guidance mentors in Hyderabad.",,,/blog/from-college-to-corporate-a-fresher-s-survival-guide (set by the page template),false,career guidance; college; corporate; fresher; survival,career guidance; college; corporate; fresher; survival,0,,0,,4,10 min,false,false,true,,not available: no views column in the CMS and no Search Console export,merge_candidate
554f025e-b1d6-4977-83bb-7a7b91ee1a74,from-data-analyst-to-data-scientist-a-transition-roadmap,/blog/from-data-analyst-to-data-scientist-a-transition-roadmap,From Data Analyst to Data Scientist: A Transition Roadmap,published,data-science,Data Science,roadmap,Ravi Kumar,ravi-kumar,4fa1201f-a7aa-4e99-9cc2-b037e972a216,2025-11-11,2025-11-11T00:00:00+00:00,2025-12-23,2026-09-18T14:37:07.161579+00:00,2026-09-18T14:37:07.161579+00:00,676,28,feeb01c10be46ff27633882c16bb9f0ca0c63060cc37d7dc58155ec41ff4aaf8,posts/from-data-analyst-to-data-scientist-a-transition-roadmap.json in the backup,"From Data Analyst to Data Scientist: A Transition Roadmap — A step-by-step roadmap with skills, tools and a realistic timeline.",127,,From Data Analyst to Data Scientist: A Transition Roadmap,57,"From Data Analyst to Data Scientist: A Transition Roadmap — A step-by-step roadmap with skills, tools and a realistic timeline. Explained by GloryTecks Data Science mentors in Hyderabad.",186,From Data Analyst to Data Scientist: A Transition Roadmap,"From Data Analyst to Data Scientist: A Transition Roadmap — A step-by-step roadmap with skills, tools and a realistic timeline. Explained by GloryTecks Data Science mentors in Hyderabad.",,,/blog/from-data-analyst-to-data-scientist-a-transition-roadmap (set by the page template),false,data science; data; analyst; scientist; transition,data science; data; analyst; scientist; transition,0,,0,,4,13 min,false,false,false,,not available: no views column in the CMS and no Search Console export,analyzed
a9428529-4089-4376-accd-4d814988d1e9,from-data-scientist-to-mlops-engineer-a-roadmap,/blog/from-data-scientist-to-mlops-engineer-a-roadmap,From Data Scientist to MLOps Engineer: A Roadmap,published,mlops,MLOps,roadmap,Ravi Kumar,ravi-kumar,4fa1201f-a7aa-4e99-9cc2-b037e972a216,2025-09-15,2025-09-15T00:00:00+00:00,2025-09-15,2026-09-18T14:37:08.808906+00:00,2026-09-18T14:37:08.808906+00:00,672,28,af4423892d365b31ce429dbeb84e0348c0112a3667cd66f704073448fb2880eb,posts/from-data-scientist-to-mlops-engineer-a-roadmap.json in the backup,"From Data Scientist to MLOps Engineer: A Roadmap — A step-by-step roadmap with skills, tools and a realistic timeline.",118,,From Data Scientist to MLOps Engineer: A Roadmap,48,"From Data Scientist to MLOps Engineer: A Roadmap — A step-by-step roadmap with skills, tools and a realistic timeline. Explained by GloryTecks MLOps mentors in Hyderabad.",170,From Data Scientist to MLOps Engineer: A Roadmap,"From Data Scientist to MLOps Engineer: A Roadmap — A step-by-step roadmap with skills, tools and a realistic timeline. Explained by GloryTecks MLOps mentors in Hyderabad.",,,/blog/from-data-scientist-to-mlops-engineer-a-roadmap (set by the page template),false,data; scientist; mlops; engineer,data; scientist; mlops; engineer,0,,0,,4,13 min,false,false,false,,not available: no views column in the CMS and no Search Console export,analyzed
a763d95b-f2d9-44b9-a6a7-82f8d2a64721,from-excel-to-sql-a-smooth-transition-guide,/blog/from-excel-to-sql-a-smooth-transition-guide,From Excel to SQL: A Smooth Transition Guide,published,data-analytics,Data Analytics,guide,GloryTecks Team,glorytecks-team,3bbe4550-883d-4859-8188-29c88e22563e,2026-03-27,2026-03-27T00:00:00+00:00,2026-05-15,2026-09-18T14:37:01.989257+00:00,2026-09-18T14:37:01.989257+00:00,671,26,6cd6ef79deb1c07c98ed5ea4ec3e42e8954332e1683fb5df0f3850991e4c1fb4,posts/from-excel-to-sql-a-smooth-transition-guide.json in the backup,"From Excel to SQL: A Smooth Transition Guide — A practical, example-led guide you can apply right away.",103,,From Excel to SQL: A Smooth Transition Guide,44,"From Excel to SQL: A Smooth Transition Guide — A practical, example-led guide you can apply right away. Explained by GloryTecks Data Analytics mentors in Hyderabad.",164,From Excel to SQL: A Smooth Transition Guide,"From Excel to SQL: A Smooth Transition Guide — A practical, example-led guide you can apply right away. Explained by GloryTecks Data Analytics mentors in Hyderabad.",,,/blog/from-excel-to-sql-a-smooth-transition-guide (set by the page template),false,data analytics; excel; sql; smooth; transition,data analytics; excel; sql; smooth; transition,0,,0,,4,10 min,false,false,false,,not available: no views column in the CMS and no Search Console export,analyzed
fca531a3-6371-45e7-befe-406c31611d94,from-power-bi-beginner-to-developer-a-career-roadmap,/blog/from-power-bi-beginner-to-developer-a-career-roadmap,From Power BI Beginner to Developer: A Career Roadmap,published,power-bi,Power BI,roadmap,GloryTecks Team,glorytecks-team,3bbe4550-883d-4859-8188-29c88e22563e,2025-08-23,2025-08-23T00:00:00+00:00,2025-08-23,2026-09-18T14:37:09.131349+00:00,2026-09-18T14:37:09.131349+00:00,698,28,7dbfbcb4de5eec447e61b1eae08d9bb38a47f266a0310de7a5aba37537797fe0,posts/from-power-bi-beginner-to-developer-a-career-roadmap.json in the backup,"From Power BI Beginner to Developer: A Career Roadmap — A step-by-step roadmap with skills, tools and a realistic timeline.",123,,From Power BI Beginner to Developer: A Career Roadmap,53,"From Power BI Beginner to Developer: A Career Roadmap — A step-by-step roadmap with skills, tools and a realistic timeline. Explained by GloryTecks Power BI mentors in Hyderabad.",178,From Power BI Beginner to Developer: A Career Roadmap,"From Power BI Beginner to Developer: A Career Roadmap — A step-by-step roadmap with skills, tools and a realistic timeline. Explained by GloryTecks Power BI mentors in Hyderabad.",,,/blog/from-power-bi-beginner-to-developer-a-career-roadmap (set by the page template),false,power bi; power; beginner; developer; career,power bi; power; beginner; developer; career,0,,0,,4,13 min,false,false,false,,not available: no views column in the CMS and no Search Console export,merge_candidate
07bda889-f7fe-4b0c-8c3c-d2ea24c44d6c,from-python-beginner-to-job-ready-a-6-month-plan,/blog/from-python-beginner-to-job-ready-a-6-month-plan,From Python Beginner to Job-Ready: A 6-Month Plan,published,python,Python,guide,GloryTecks Team,glorytecks-team,3bbe4550-883d-4859-8188-29c88e22563e,2025-08-24,2025-08-24T00:00:00+00:00,2025-08-24,2026-09-18T14:37:09.131349+00:00,2026-09-18T14:37:09.131349+00:00,654,26,2a1e4c82f168e8820256271cba7871374582f42ab34ce2f7a61459d3322f1bb8,posts/from-python-beginner-to-job-ready-a-6-month-plan.json in the backup,"From Python Beginner to Job-Ready: A 6-Month Plan — A practical, example-led guide you can apply right away.",108,,From Python Beginner to Job-Ready: A 6-Month Plan,49,"From Python Beginner to Job-Ready: A 6-Month Plan — A practical, example-led guide you can apply right away. Explained by GloryTecks Python mentors in Hyderabad.",161,From Python Beginner to Job-Ready: A 6-Month Plan,"From Python Beginner to Job-Ready: A 6-Month Plan — A practical, example-led guide you can apply right away. Explained by GloryTecks Python mentors in Hyderabad.",,,/blog/from-python-beginner-to-job-ready-a-6-month-plan (set by the page template),false,python; beginner; job; ready,python; beginner; job; ready,0,,0,,4,10 min,false,false,false,,not available: no views column in the CMS and no Search Console export,merge_candidate
5af445b3-82b0-43b2-baa9-e37d3c607de0,from-service-to-product-company-a-transition-guide,/blog/from-service-to-product-company-a-transition-guide,From Service to Product Company: A Transition Guide,published,career-guidance,Career Guidance,guide,GloryTecks Team,glorytecks-team,3bbe4550-883d-4859-8188-29c88e22563e,2026-02-04,2026-02-04T00:00:00+00:00,2026-02-04,2026-09-18T14:37:03.893983+00:00,2026-09-18T14:37:03.893983+00:00,642,24,6bdca01606a04314f41eaef9383a6953e92ac54a954a1714d75a8cf98c83f24e,posts/from-service-to-product-company-a-transition-guide.json in the backup,"From Service to Product Company: A Transition Guide — A practical, example-led guide you can apply right away.",110,,From Service to Product Company: A Transition Guide,51,"From Service to Product Company: A Transition Guide — A practical, example-led guide you can apply right away. Explained by GloryTecks Career Guidance mentors in Hyderabad.",172,From Service to Product Company: A Transition Guide,"From Service to Product Company: A Transition Guide — A practical, example-led guide you can apply right away. Explained by GloryTecks Career Guidance mentors in Hyderabad.",,,/blog/from-service-to-product-company-a-transition-guide (set by the page template),false,career guidance; service; product; company; transition,career guidance; service; product; company; transition,0,,0,,4,10 min,false,false,false,,not available: no views column in the CMS and no Search Console export,analyzed
febcf860-313b-4ee1-9e1a-a4bd6af1cc50,function-calling-and-tool-use-in-llms-explained,/blog/function-calling-and-tool-use-in-llms-explained,Function Calling and Tool Use in LLMs Explained,published,generative-ai,Generative AI,guide,Ravi Kumar,ravi-kumar,4fa1201f-a7aa-4e99-9cc2-b037e972a216,2026-01-09,2026-01-09T00:00:00+00:00,2026-01-09,2026-09-18T14:37:05.849802+00:00,2026-09-18T14:37:05.849802+00:00,700,26,c9b1b11c4c4a87676c3e7fd0c6fe6e452b7648b2daa5185825435b21397887dc,posts/function-calling-and-tool-use-in-llms-explained.json in the backup,"Function Calling and Tool Use in LLMs Explained — A practical, example-led guide you can apply right away.",106,,Function Calling and Tool Use in LLMs Explained,47,"Function Calling and Tool Use in LLMs Explained — A practical, example-led guide you can apply right away. Explained by GloryTecks Generative AI mentors in Hyderabad.",166,Function Calling and Tool Use in LLMs Explained,"Function Calling and Tool Use in LLMs Explained — A practical, example-led guide you can apply right away. Explained by GloryTecks Generative AI mentors in Hyderabad.",,,/blog/function-calling-and-tool-use-in-llms-explained (set by the page template),false,generative ai; function; calling; tool; use,generative ai; function; calling; tool; use,0,,0,,4,10 min,false,false,false,,not available: no views column in the CMS and no Search Console export,analyzed
cb67551d-e33a-438f-9a5e-ed925419f863,funnel-analysis-measuring-conversion-step-by-step,/blog/funnel-analysis-measuring-conversion-step-by-step,Funnel Analysis: Measuring Conversion Step by Step,published,data-analytics,Data Analytics,guide,Arjun Nair,arjun-nair,ffb6b867-319d-461f-ba3c-c736b5113800,2026-02-25,2026-02-25T00:00:00+00:00,2026-03-26,2026-09-18T14:37:03.893983+00:00,2026-09-18T14:37:03.893983+00:00,666,26,175873210c8e671a193a11b4100cfa9a39eb515d9f83bb9ef5a76338e173abb8,posts/funnel-analysis-measuring-conversion-step-by-step.json in the backup,"Funnel Analysis: Measuring Conversion Step by Step — A practical, example-led guide you can apply right away.",109,,Funnel Analysis: Measuring Conversion Step by Step,50,"Funnel Analysis: Measuring Conversion Step by Step — A practical, example-led guide you can apply right away. Explained by GloryTecks Data Analytics mentors in Hyderabad.",170,Funnel Analysis: Measuring Conversion Step by Step,"Funnel Analysis: Measuring Conversion Step by Step — A practical, example-led guide you can apply right away. Explained by GloryTecks Data Analytics mentors in Hyderabad.",,,/blog/funnel-analysis-measuring-conversion-step-by-step (set by the page template),false,data analytics; funnel; analysis; measuring; conversion,data analytics; funnel; analysis; measuring; conversion,0,,0,,4,10 min,false,false,false,,not available: no views column in the CMS and no Search Console export,analyzed
7ed99eca-251c-42d1-af62-27450d315fde,gcp-associate-cloud-engineer-certification-guide,/blog/gcp-associate-cloud-engineer-certification-guide,GCP Associate Cloud Engineer Certification Guide,published,gcp,GCP,certification,GloryTecks Team,glorytecks-team,3bbe4550-883d-4859-8188-29c88e22563e,2026-01-12,2026-01-12T00:00:00+00:00,2026-01-12,2026-09-18T14:37:05.849802+00:00,2026-09-18T14:37:05.849802+00:00,516,18,6df111991568aacf73138d9f7a759081ffefb3c0edef0ec88459afbe5f3e591f,posts/gcp-associate-cloud-engineer-certification-guide.json in the backup,"GCP Associate Cloud Engineer Certification Guide — Exam structure, syllabus, prep plan and resources that work.",111,,GCP Associate Cloud Engineer Certification Guide,48,"GCP Associate Cloud Engineer Certification Guide — Exam structure, syllabus, prep plan and resources that work. Explained by GloryTecks GCP mentors in Hyderabad.",161,GCP Associate Cloud Engineer Certification Guide,"GCP Associate Cloud Engineer Certification Guide — Exam structure, syllabus, prep plan and resources that work. Explained by GloryTecks GCP mentors in Hyderabad.",,,/blog/gcp-associate-cloud-engineer-certification-guide (set by the page template),false,gcp; associate; cloud; engineer,gcp; associate; cloud; engineer,0,,0,,5,9 min,false,false,false,,not available: no views column in the CMS and no Search Console export,analyzed
6ac8d50b-4494-417a-990a-a1b7d02c7488,gcp-certification-path-which-one-to-pick-first,/blog/gcp-certification-path-which-one-to-pick-first,GCP Certification Path: Which One to Pick First,published,gcp,GCP,certification,GloryTecks Team,glorytecks-team,3bbe4550-883d-4859-8188-29c88e22563e,2025-08-21,2025-08-21T00:00:00+00:00,2025-08-21,2026-09-18T14:37:09.131349+00:00,2026-09-18T14:37:09.131349+00:00,515,18,ec5dfd3eb06975537591cdcbc88f85f3bb5e772faa6e5fd6a77364e986603446,posts/gcp-certification-path-which-one-to-pick-first.json in the backup,"GCP Certification Path: Which One to Pick First — Exam structure, syllabus, prep plan and resources that work.",110,,GCP Certification Path: Which One to Pick First,47,"GCP Certification Path: Which One to Pick First — Exam structure, syllabus, prep plan and resources that work. Explained by GloryTecks GCP mentors in Hyderabad.",160,GCP Certification Path: Which One to Pick First,"GCP Certification Path: Which One to Pick First — Exam structure, syllabus, prep plan and resources that work. Explained by GloryTecks GCP mentors in Hyderabad.",,,/blog/gcp-certification-path-which-one-to-pick-first (set by the page template),false,gcp; certification; path; which,gcp; certification; path; which,0,,0,,5,9 min,false,false,true,,not available: no views column in the CMS and no Search Console export,analyzed
66f37063-d9bd-4621-a57d-8e0f451b6dd1,gcp-data-engineer-salary-in-india-2026,/blog/gcp-data-engineer-salary-in-india-2026,GCP Data Engineer Salary in India 2026,published,gcp,GCP,salary,GloryTecks Team,glorytecks-team,3bbe4550-883d-4859-8188-29c88e22563e,2025-11-13,2025-11-13T00:00:00+00:00,2025-11-13,2026-09-18T14:37:07.161579+00:00,2026-09-18T14:37:07.161579+00:00,535,17,63c1b37053eccaaa83835cf199569bb11d625d08277c908d5bb03a2394268a8f,posts/gcp-data-engineer-salary-in-india-2026.json in the backup,"GCP Data Engineer Salary in India 2026 — Up-to-date salary ranges, the factors that move pay, and how to earn more.",115,,GCP Data Engineer Salary in India 2026,38,"GCP Data Engineer Salary in India 2026 — Up-to-date salary ranges, the factors that move pay, and how to earn more. Explained by GloryTecks GCP mentors in Hyderabad.",165,GCP Data Engineer Salary in India 2026,"GCP Data Engineer Salary in India 2026 — Up-to-date salary ranges, the factors that move pay, and how to earn more. Explained by GloryTecks GCP mentors in Hyderabad.",,,/blog/gcp-data-engineer-salary-in-india-2026 (set by the page template),false,gcp; data; engineer; salary,gcp; data; engineer; salary,0,,0,,5,8 min,false,false,true,,not available: no views column in the CMS and no Search Console export,needs_review
55d42132-ad82-48e3-856b-da34261caeb5,gcp-data-engineering-projects-for-your-portfolio,/blog/gcp-data-engineering-projects-for-your-portfolio,GCP Data Engineering Projects for Your Portfolio,published,gcp,GCP,projects,GloryTecks Team,glorytecks-team,3bbe4550-883d-4859-8188-29c88e22563e,2025-09-14,2025-09-14T00:00:00+00:00,2025-09-14,2026-09-18T14:37:08.808906+00:00,2026-09-18T14:37:08.808906+00:00,558,21,b36c50df5ed39e06f595e1afd44cad022018c7023817119ad11a35b773327af7,posts/gcp-data-engineering-projects-for-your-portfolio.json in the backup,"GCP Data Engineering Projects for Your Portfolio — Hands-on project ideas with datasets, scope and what to showcase.",116,,GCP Data Engineering Projects for Your Portfolio,48,"GCP Data Engineering Projects for Your Portfolio — Hands-on project ideas with datasets, scope and what to showcase. Explained by GloryTecks GCP mentors in Hyderabad.",166,GCP Data Engineering Projects for Your Portfolio,"GCP Data Engineering Projects for Your Portfolio — Hands-on project ideas with datasets, scope and what to showcase. Explained by GloryTecks GCP mentors in Hyderabad.",,,/blog/gcp-data-engineering-projects-for-your-portfolio (set by the page template),false,gcp; data; engineering; projects,gcp; data; engineering; projects,0,,0,,4,11 min,false,false,false,,not available: no views column in the CMS and no Search Console export,analyzed
08ad6f98-ce88-4ec4-8ead-f111d7eef56d,gcp-free-tier-what-you-can-build-without-paying,/blog/gcp-free-tier-what-you-can-build-without-paying,GCP Free Tier: What You Can Build Without Paying,published,gcp,GCP,guide,GloryTecks Team,glorytecks-team,3bbe4550-883d-4859-8188-29c88e22563e,2026-02-05,2026-02-05T00:00:00+00:00,2026-02-05,2026-09-18T14:37:03.893983+00:00,2026-09-18T14:37:03.893983+00:00,661,26,954476350e6f67ef5b5cce497d0ca2545012451c7789cb0483029a8a0e355508,posts/gcp-free-tier-what-you-can-build-without-paying.json in the backup,"GCP Free Tier: What You Can Build Without Paying — A practical, example-led guide you can apply right away.",107,,GCP Free Tier: What You Can Build Without Paying,48,"GCP Free Tier: What You Can Build Without Paying — A practical, example-led guide you can apply right away. Explained by GloryTecks GCP mentors in Hyderabad.",157,GCP Free Tier: What You Can Build Without Paying,"GCP Free Tier: What You Can Build Without Paying — A practical, example-led guide you can apply right away. Explained by GloryTecks GCP mentors in Hyderabad.",,,/blog/gcp-free-tier-what-you-can-build-without-paying (set by the page template),false,gcp; free; tier; can,gcp; free; tier; can,0,,0,,4,10 min,false,false,true,,not available: no views column in the CMS and no Search Console export,analyzed
4fa3d6e5-8914-4ff9-822f-86f44c007e4e,gcp-iam-explained-roles-policies-and-security,/blog/gcp-iam-explained-roles-policies-and-security,"GCP IAM Explained: Roles, Policies and Security",published,gcp,GCP,guide,GloryTecks Team,glorytecks-team,3bbe4550-883d-4859-8188-29c88e22563e,2026-04-06,2026-04-06T00:00:00+00:00,2026-04-06,2026-09-18T14:37:01.989257+00:00,2026-09-18T14:37:01.989257+00:00,659,26,0f0292262709b022349f0041e62fc5f2cce730160d86da29fcc30ac4279389a5,posts/gcp-iam-explained-roles-policies-and-security.json in the backup,"GCP IAM Explained: Roles, Policies and Security — A practical, example-led guide you can apply right away.",106,,"GCP IAM Explained: Roles, Policies and Security",47,"GCP IAM Explained: Roles, Policies and Security — A practical, example-led guide you can apply right away. Explained by GloryTecks GCP mentors in Hyderabad.",156,"GCP IAM Explained: Roles, Policies and Security","GCP IAM Explained: Roles, Policies and Security — A practical, example-led guide you can apply right away. Explained by GloryTecks GCP mentors in Hyderabad.",,,/blog/gcp-iam-explained-roles-policies-and-security (set by the page template),false,gcp; iam; roles; policies,gcp; iam; roles; policies,0,,0,,4,10 min,false,false,false,,not available: no views column in the CMS and no Search Console export,analyzed
94f00e05-193a-4156-b50f-fb1308d108a1,gcp-interview-questions-for-data-engineers,/blog/gcp-interview-questions-for-data-engineers,GCP Interview Questions for Data Engineers,published,interview-questions,Interview Questions,interview,Priya Sharma,priya-sharma,2ef777f6-83c0-4249-9c0b-c4d1f2e17b89,2026-01-16,2026-01-16T00:00:00+00:00,2026-01-16,2026-09-18T14:37:05.849802+00:00,2026-09-18T14:37:05.849802+00:00,517,13,4206936883365a791a5fcdfc29687b59b1926c6abac936d465cf5da36f72aff9,posts/gcp-interview-questions-for-data-engineers.json in the backup,"GCP Interview Questions for Data Engineers — The questions companies actually ask, with concise model answers.",110,,GCP Interview Questions for Data Engineers,42,"GCP Interview Questions for Data Engineers — The questions companies actually ask, with concise model answers. Explained by GloryTecks Interview Questions mentors in Hyderabad.",176,GCP Interview Questions for Data Engineers,"GCP Interview Questions for Data Engineers — The questions companies actually ask, with concise model answers. Explained by GloryTecks Interview Questions mentors in Hyderabad.",,,/blog/gcp-interview-questions-for-data-engineers (set by the page template),false,interview questions; gcp; interview; questions; data,interview questions; gcp; interview; questions; data,0,,0,,9,16 min,false,false,false,,not available: no views column in the CMS and no Search Console export,analyzed
cde58267-9256-4b50-9358-4c8ed46ba0ee,gcp-interview-questions-for-data-engineers-2,/blog/gcp-interview-questions-for-data-engineers-2,GCP Interview Questions for Data Engineers,published,gcp,GCP,interview,Sneha Reddy,sneha-reddy,682d13de-46d8-47b4-914e-58e25b899413,2025-10-14,2025-10-14T00:00:00+00:00,2025-10-14,2026-09-18T14:37:08.808906+00:00,2026-09-18T14:37:08.808906+00:00,529,15,0f2667cab29fec493caa6272892261993e2ab94e48a7cc37cb97ce54e351b4ed,posts/gcp-interview-questions-for-data-engineers-2.json in the backup,"GCP Interview Questions for Data Engineers — The questions companies actually ask, with concise model answers.",110,,GCP Interview Questions for Data Engineers,42,"GCP Interview Questions for Data Engineers — The questions companies actually ask, with concise model answers. Explained by GloryTecks GCP mentors in Hyderabad.",160,GCP Interview Questions for Data Engineers,"GCP Interview Questions for Data Engineers — The questions companies actually ask, with concise model answers. Explained by GloryTecks GCP mentors in Hyderabad.",,,/blog/gcp-interview-questions-for-data-engineers-2 (set by the page template),false,gcp; interview; questions; data,gcp; interview; questions; data,0,,0,,9,16 min,false,false,false,gcp-interview-questions-for-data-engineers,not available: no views column in the CMS and no Search Console export,redirected
ce7e7cc6-95d8-4497-b5b6-a43e6d5ee608,gcp-logging-and-monitoring-with-cloud-operations,/blog/gcp-logging-and-monitoring-with-cloud-operations,GCP Logging and Monitoring with Cloud Operations,published,gcp,GCP,guide,Sneha Reddy,sneha-reddy,682d13de-46d8-47b4-914e-58e25b899413,2025-12-01,2025-12-01T00:00:00+00:00,2025-12-01,2026-09-18T14:37:07.161579+00:00,2026-09-18T14:37:07.161579+00:00,667,26,10eb568f8ad6390090c3382683c6f49523a9c71e46147d12bf1d4f6a7a6e5f9c,posts/gcp-logging-and-monitoring-with-cloud-operations.json in the backup,"GCP Logging and Monitoring with Cloud Operations — A practical, example-led guide you can apply right away.",107,,GCP Logging and Monitoring with Cloud Operations,48,"GCP Logging and Monitoring with Cloud Operations — A practical, example-led guide you can apply right away. Explained by GloryTecks GCP mentors in Hyderabad.",157,GCP Logging and Monitoring with Cloud Operations,"GCP Logging and Monitoring with Cloud Operations — A practical, example-led guide you can apply right away. Explained by GloryTecks GCP mentors in Hyderabad.",,,/blog/gcp-logging-and-monitoring-with-cloud-operations (set by the page template),false,gcp; logging; monitoring; cloud,gcp; logging; monitoring; cloud,0,,0,,4,10 min,false,false,false,,not available: no views column in the CMS and no Search Console export,analyzed
ded66709-c53d-44d6-ad67-c02809fec6df,gcp-networking-basics-for-data-engineers,/blog/gcp-networking-basics-for-data-engineers,GCP Networking Basics for Data Engineers,published,gcp,GCP,guide,GloryTecks Team,glorytecks-team,3bbe4550-883d-4859-8188-29c88e22563e,2026-03-01,2026-03-01T00:00:00+00:00,2026-03-01,2026-09-18T14:37:03.893983+00:00,2026-09-18T14:37:03.893983+00:00,664,26,60727dabf90d8ec9163964fbc1f19e85d250f4bb8d3c2e971fde9d8b1e3d549c,posts/gcp-networking-basics-for-data-engineers.json in the backup,"GCP Networking Basics for Data Engineers — A practical, example-led guide you can apply right away.",99,,GCP Networking Basics for Data Engineers,40,"GCP Networking Basics for Data Engineers — A practical, example-led guide you can apply right away. Explained by GloryTecks GCP mentors in Hyderabad.",149,GCP Networking Basics for Data Engineers,"GCP Networking Basics for Data Engineers — A practical, example-led guide you can apply right away. Explained by GloryTecks GCP mentors in Hyderabad.",,,/blog/gcp-networking-basics-for-data-engineers (set by the page template),false,gcp; networking; basics; data,gcp; networking; basics; data,0,,0,,4,10 min,false,false,false,,not available: no views column in the CMS and no Search Console export,analyzed
68fa2bc2-5386-48fa-905f-9e948c10736c,gcp-professional-data-engineer-certification-guide,/blog/gcp-professional-data-engineer-certification-guide,GCP Professional Data Engineer Certification Guide,published,gcp,GCP,certification,Sneha Reddy,sneha-reddy,682d13de-46d8-47b4-914e-58e25b899413,2026-05-06,2026-05-06T00:00:00+00:00,2026-05-06,2026-09-18T14:07:49.599173+00:00,2026-09-18T14:07:49.599173+00:00,516,18,fcfd0c581e042cd7825f8a65962f5bd21333ebe5a241185b2f4770ef4c460768,posts/gcp-professional-data-engineer-certification-guide.json in the backup,"GCP Professional Data Engineer Certification Guide — Exam structure, syllabus, prep plan and resources that work.",113,,GCP Professional Data Engineer Certification Guide,50,"GCP Professional Data Engineer Certification Guide — Exam structure, syllabus, prep plan and resources that work. Explained by GloryTecks GCP mentors in Hyderabad.",163,GCP Professional Data Engineer Certification Guide,"GCP Professional Data Engineer Certification Guide — Exam structure, syllabus, prep plan and resources that work. Explained by GloryTecks GCP mentors in Hyderabad.",,,/blog/gcp-professional-data-engineer-certification-guide (set by the page template),false,gcp; professional; data; engineer,gcp; professional; data; engineer,0,,0,,5,9 min,false,false,false,,not available: no views column in the CMS and no Search Console export,analyzed
2c35233c-ec5a-4439-891d-afb62ace4b4e,gcp-roadmap-2026-for-data-engineers,/blog/gcp-roadmap-2026-for-data-engineers,GCP Roadmap 2026 for Data Engineers,published,gcp,GCP,roadmap,Sneha Reddy,sneha-reddy,682d13de-46d8-47b4-914e-58e25b899413,2026-06-11,2026-06-11T00:00:00+00:00,2026-06-11,2026-09-18T14:07:18.233144+00:00,2026-09-18T14:07:18.233144+00:00,665,28,0052d8fdb8ee30ba3e564d2be8db568e89c32a0b6aff4438ae75c93981651472,posts/gcp-roadmap-2026-for-data-engineers.json in the backup,"GCP Roadmap 2026 for Data Engineers — A step-by-step roadmap with skills, tools and a realistic timeline.",105,,GCP Roadmap 2026 for Data Engineers,35,"GCP Roadmap 2026 for Data Engineers — A step-by-step roadmap with skills, tools and a realistic timeline. Explained by GloryTecks GCP mentors in Hyderabad.",155,GCP Roadmap 2026 for Data Engineers,"GCP Roadmap 2026 for Data Engineers — A step-by-step roadmap with skills, tools and a realistic timeline. Explained by GloryTecks GCP mentors in Hyderabad.",,,/blog/gcp-roadmap-2026-for-data-engineers (set by the page template),false,gcp; roadmap; data; engineers,gcp; roadmap; data; engineers,0,,0,,4,13 min,true,false,true,,not available: no views column in the CMS and no Search Console export,analyzed
c0518696-92c7-4659-af66-522bb15ca6ba,gcp-vs-aws-vs-azure-for-data-engineering,/blog/gcp-vs-aws-vs-azure-for-data-engineering,GCP vs AWS vs Azure for Data Engineering,published,gcp,GCP,comparison,GloryTecks Team,glorytecks-team,3bbe4550-883d-4859-8188-29c88e22563e,2025-12-19,2025-12-19T00:00:00+00:00,2025-12-19,2026-09-18T14:37:05.849802+00:00,2026-09-18T14:37:05.849802+00:00,478,17,5fb2f2da611eaa5d7ce85ecc070c4ef474a0967c08101f833ec8ce96d69546c2,posts/gcp-vs-aws-vs-azure-for-data-engineering.json in the backup,"GCP vs AWS vs Azure for Data Engineering — A clear, practical comparison to help you decide.",92,,GCP vs AWS vs Azure for Data Engineering,40,"GCP vs AWS vs Azure for Data Engineering — A clear, practical comparison to help you decide. Explained by GloryTecks GCP mentors in Hyderabad.",142,GCP vs AWS vs Azure for Data Engineering,"GCP vs AWS vs Azure for Data Engineering — A clear, practical comparison to help you decide. Explained by GloryTecks GCP mentors in Hyderabad.",,,/blog/gcp-vs-aws-vs-azure-for-data-engineering (set by the page template),false,gcp; aws; azure; data,gcp; aws; azure; data,0,,0,,4,7 min,false,false,false,,not available: no views column in the CMS and no Search Console export,analyzed
cf8d6c2e-47b8-451f-97dd-3879366b47f0,generative-ai-and-llm-interview-questions,/blog/generative-ai-and-llm-interview-questions,Generative AI and LLM Interview Questions,published,interview-questions,Interview Questions,interview,Ravi Kumar,ravi-kumar,4fa1201f-a7aa-4e99-9cc2-b037e972a216,2026-02-03,2026-02-03T00:00:00+00:00,2026-02-03,2026-09-18T14:37:03.893983+00:00,2026-09-18T14:37:03.893983+00:00,517,13,c7ec96e0a8f52337fc2da7601b8374c1cbdd49eb4e07bcf65aac973e47f39564,posts/generative-ai-and-llm-interview-questions.json in the backup,"Generative AI and LLM Interview Questions — The questions companies actually ask, with concise model answers.",109,,Generative AI and LLM Interview Questions,41,"Generative AI and LLM Interview Questions — The questions companies actually ask, with concise model answers. Explained by GloryTecks Interview Questions mentors in Hyderabad.",175,Generative AI and LLM Interview Questions,"Generative AI and LLM Interview Questions — The questions companies actually ask, with concise model answers. Explained by GloryTecks Interview Questions mentors in Hyderabad.",,,/blog/generative-ai-and-llm-interview-questions (set by the page template),false,interview questions; generative; llm; interview; questions,interview questions; generative; llm; interview; questions,0,,0,,9,16 min,false,false,false,,not available: no views column in the CMS and no Search Console export,merge_candidate
ce541867-8f3d-497c-a960-d47813398c85,generative-ai-for-images-diffusion-models-explained,/blog/generative-ai-for-images-diffusion-models-explained,Generative AI for Images: Diffusion Models Explained,published,generative-ai,Generative AI,guide,Ravi Kumar,ravi-kumar,4fa1201f-a7aa-4e99-9cc2-b037e972a216,2025-12-28,2025-12-28T00:00:00+00:00,2025-12-28,2026-09-18T14:37:05.849802+00:00,2026-09-18T14:37:05.849802+00:00,691,26,1c765654703497d2d7d29032e2192f3447ac6ececef3316ed052585d6965494a,posts/generative-ai-for-images-diffusion-models-explained.json in the backup,"Generative AI for Images: Diffusion Models Explained — A practical, example-led guide you can apply right away.",111,,Generative AI for Images: Diffusion Models Explained,52,"Generative AI for Images: Diffusion Models Explained — A practical, example-led guide you can apply right away. Explained by GloryTecks Generative AI mentors in Hyderabad.",171,Generative AI for Images: Diffusion Models Explained,"Generative AI for Images: Diffusion Models Explained — A practical, example-led guide you can apply right away. Explained by GloryTecks Generative AI mentors in Hyderabad.",,,/blog/generative-ai-for-images-diffusion-models-explained (set by the page template),false,generative ai; generative; images; diffusion; models,generative ai; generative; images; diffusion; models,0,,0,,4,10 min,false,false,false,,not available: no views column in the CMS and no Search Console export,analyzed
b305e6c3-4c73-4a89-9fb2-1ce2fd43515c,generative-ai-interview-questions-and-how-to-answer-them,/blog/generative-ai-interview-questions-and-how-to-answer-them,Generative AI Interview Questions and How to Answer Them,published,generative-ai,Generative AI,interview,GloryTecks Team,glorytecks-team,3bbe4550-883d-4859-8188-29c88e22563e,2025-08-24,2025-08-24T00:00:00+00:00,2025-08-24,2026-09-18T14:37:09.131349+00:00,2026-09-18T14:37:09.131349+00:00,546,15,e5ea42427a5d3912176402ea2ff82ea4b49a3a840860e225ab08302de45024df,posts/generative-ai-interview-questions-and-how-to-answer-them.json in the backup,"Generative AI Interview Questions and How to Answer Them — The questions companies actually ask, with concise model answers.",124,,Generative AI Interview Questions and How to Answer Them,56,"Generative AI Interview Questions and How to Answer Them — The questions companies actually ask, with concise model answers. Explained by GloryTecks Generative AI mentors in Hyderabad.",184,Generative AI Interview Questions and How to Answer Them,"Generative AI Interview Questions and How to Answer Them — The questions companies actually ask, with concise model answers. Explained by GloryTecks Generative AI mentors in Hyderabad.",,,/blog/generative-ai-interview-questions-and-how-to-answer-them (set by the page template),false,generative ai; generative; interview; questions; answer,generative ai; generative; interview; questions; answer,0,,0,,9,16 min,false,false,false,,not available: no views column in the CMS and no Search Console export,analyzed
a1a82bbf-bd01-4144-a3df-d3eb17fa9d81,generative-ai-salary-in-india-2026-roles-and-pay,/blog/generative-ai-salary-in-india-2026-roles-and-pay,Generative AI Salary in India 2026: Roles and Pay,published,generative-ai,Generative AI,salary,Ravi Kumar,ravi-kumar,4fa1201f-a7aa-4e99-9cc2-b037e972a216,2025-12-16,2025-12-16T00:00:00+00:00,2025-12-16,2026-09-18T14:37:05.849802+00:00,2026-09-18T14:37:05.849802+00:00,550,17,4d68534e159162436ccae7fa65e2da86f717c80dda8168f6469f95bfdcfe193c,posts/generative-ai-salary-in-india-2026-roles-and-pay.json in the backup,"Generative AI Salary in India 2026: Roles and Pay — Up-to-date salary ranges, the factors that move pay, and how to earn more.",126,,Generative AI Salary in India 2026: Roles and Pay,49,"Generative AI Salary in India 2026: Roles and Pay — Up-to-date salary ranges, the factors that move pay, and how to earn more. Explained by GloryTecks Generative AI mentors in Hyderabad.",186,Generative AI Salary in India 2026: Roles and Pay,"Generative AI Salary in India 2026: Roles and Pay — Up-to-date salary ranges, the factors that move pay, and how to earn more. Explained by GloryTecks Generative AI mentors in Hyderabad.",,,/blog/generative-ai-salary-in-india-2026-roles-and-pay (set by the page template),false,generative ai; generative; salary; india; roles,generative ai; generative; salary; india; roles,0,,0,,5,8 min,false,false,false,,not available: no views column in the CMS and no Search Console export,needs_review
103de154-885e-430a-87c4-b3e7dc09386a,git-interview-questions-every-developer-should-know,/blog/git-interview-questions-every-developer-should-know,Git Interview Questions Every Developer Should Know,published,interview-questions,Interview Questions,interview,Ravi Kumar,ravi-kumar,4fa1201f-a7aa-4e99-9cc2-b037e972a216,2025-12-05,2025-12-05T00:00:00+00:00,2025-12-05,2026-09-18T14:37:07.161579+00:00,2026-09-18T14:37:07.161579+00:00,519,13,8ff18d78f686e05de95e32c2d1cab9ad077dfeb73b9fae9f4b8c6d5f7b473a45,posts/git-interview-questions-every-developer-should-know.json in the backup,"Git Interview Questions Every Developer Should Know — The questions companies actually ask, with concise model answers.",119,,Git Interview Questions Every Developer Should Know,51,"Git Interview Questions Every Developer Should Know — The questions companies actually ask, with concise model answers. Explained by GloryTecks Interview Questions mentors in Hyderabad.",185,Git Interview Questions Every Developer Should Know,"Git Interview Questions Every Developer Should Know — The questions companies actually ask, with concise model answers. Explained by GloryTecks Interview Questions mentors in Hyderabad.",,,/blog/git-interview-questions-every-developer-should-know (set by the page template),false,interview questions; git; interview; questions; developer,interview questions; git; interview; questions; developer,0,,0,,9,16 min,false,false,false,,not available: no views column in the CMS and no Search Console export,analyzed
9954646b-55b3-452d-8dce-d580e82c9e21,github-actions-for-ml-automating-workflows,/blog/github-actions-for-ml-automating-workflows,GitHub Actions for ML: Automating Workflows,published,mlops,MLOps,guide,Ravi Kumar,ravi-kumar,4fa1201f-a7aa-4e99-9cc2-b037e972a216,2026-01-25,2026-01-25T00:00:00+00:00,2026-01-25,2026-09-18T14:37:05.849802+00:00,2026-09-18T14:37:05.849802+00:00,666,26,e7274554ae1881e579d72f185065de507b52c7a3dd39685b7a168eadfbe59c54,posts/github-actions-for-ml-automating-workflows.json in the backup,"GitHub Actions for ML: Automating Workflows — A practical, example-led guide you can apply right away.",102,,GitHub Actions for ML: Automating Workflows,43,"GitHub Actions for ML: Automating Workflows — A practical, example-led guide you can apply right away. Explained by GloryTecks MLOps mentors in Hyderabad.",154,GitHub Actions for ML: Automating Workflows,"GitHub Actions for ML: Automating Workflows — A practical, example-led guide you can apply right away. Explained by GloryTecks MLOps mentors in Hyderabad.",,,/blog/github-actions-for-ml-automating-workflows (set by the page template),false,mlops; github; actions; automating; workflows,mlops; github; actions; automating; workflows,0,,0,,4,10 min,false,false,false,,not available: no views column in the CMS and no Search Console export,analyzed
10bd47cf-0379-45cf-a528-f3d759538b77,github-profile-tips-to-impress-hiring-managers,/blog/github-profile-tips-to-impress-hiring-managers,GitHub Profile Tips to Impress Hiring Managers,published,career-guidance,Career Guidance,guide,GloryTecks Team,glorytecks-team,3bbe4550-883d-4859-8188-29c88e22563e,2026-03-12,2026-03-12T00:00:00+00:00,2026-03-12,2026-09-18T14:37:03.893983+00:00,2026-09-18T14:37:03.893983+00:00,645,24,09c6734bb923c7f13403dd1633cb0ab0bf09bb29dc505bb6488439a596ca95de,posts/github-profile-tips-to-impress-hiring-managers.json in the backup,"GitHub Profile Tips to Impress Hiring Managers — A practical, example-led guide you can apply right away.",105,,GitHub Profile Tips to Impress Hiring Managers,46,"GitHub Profile Tips to Impress Hiring Managers — A practical, example-led guide you can apply right away. Explained by GloryTecks Career Guidance mentors in Hyderabad.",167,GitHub Profile Tips to Impress Hiring Managers,"GitHub Profile Tips to Impress Hiring Managers — A practical, example-led guide you can apply right away. Explained by GloryTecks Career Guidance mentors in Hyderabad.",,,/blog/github-profile-tips-to-impress-hiring-managers (set by the page template),false,career guidance; github; profile; tips; impress,career guidance; github; profile; tips; impress,0,,0,,4,10 min,false,false,false,,not available: no views column in the CMS and no Search Console export,merge_candidate
82fbbce1-9d3f-4ad8-84bf-09eccc2b4440,glue-workflows-vs-step-functions-for-orchestration,/blog/glue-workflows-vs-step-functions-for-orchestration,Glue Workflows vs Step Functions for Orchestration,published,aws,AWS,comparison,Sneha Reddy,sneha-reddy,682d13de-46d8-47b4-914e-58e25b899413,2025-10-01,2025-10-01T00:00:00+00:00,2025-11-13,2026-09-18T14:37:08.808906+00:00,2026-09-18T14:37:08.808906+00:00,484,17,87285d83cf132d4a8d61f936f373e4d9120f0e58e4cc56c9addafd1fe1748ce4,posts/glue-workflows-vs-step-functions-for-orchestration.json in the backup,"Glue Workflows vs Step Functions for Orchestration — A clear, practical comparison to help you decide.",102,,Glue Workflows vs Step Functions for Orchestration,50,"Glue Workflows vs Step Functions for Orchestration — A clear, practical comparison to help you decide. Explained by GloryTecks AWS mentors in Hyderabad.",152,Glue Workflows vs Step Functions for Orchestration,"Glue Workflows vs Step Functions for Orchestration — A clear, practical comparison to help you decide. Explained by GloryTecks AWS mentors in Hyderabad.",,,/blog/glue-workflows-vs-step-functions-for-orchestration (set by the page template),false,aws; glue; workflows; functions; orchestration,aws; glue; workflows; functions; orchestration,0,,0,,4,7 min,false,false,false,,not available: no views column in the CMS and no Search Console export,analyzed
b41fe965-a012-465a-a4b0-69a948297d05,google-cloud-storage-buckets-classes-and-best-practices,/blog/google-cloud-storage-buckets-classes-and-best-practices,"Google Cloud Storage: Buckets, Classes and Best Practices",published,gcp,GCP,guide,GloryTecks Team,glorytecks-team,3bbe4550-883d-4859-8188-29c88e22563e,2026-05-24,2026-05-24T00:00:00+00:00,2026-05-24,2026-09-18T14:07:33.082316+00:00,2026-09-18T14:07:33.082316+00:00,660,26,0eec6f38cb66d3c8c7aacceb6627ce4f240dc3de5e105451e42f87f6443f3b79,posts/google-cloud-storage-buckets-classes-and-best-practices.json in the backup,"Google Cloud Storage: Buckets, Classes and Best Practices — A practical, example-led guide you can apply right away.",116,,"Google Cloud Storage: Buckets, Classes and Best Practices",57,"Google Cloud Storage: Buckets, Classes and Best Practices — A practical, example-led guide you can apply right away. Explained by GloryTecks GCP mentors in Hyderabad.",166,"Google Cloud Storage: Buckets, Classes and Best Practices","Google Cloud Storage: Buckets, Classes and Best Practices — A practical, example-led guide you can apply right away. Explained by GloryTecks GCP mentors in Hyderabad.",,,/blog/google-cloud-storage-buckets-classes-and-best-practices (set by the page template),false,gcp; google; cloud; storage; buckets,gcp; google; cloud; storage; buckets,0,,0,,4,10 min,false,true,false,,not available: no views column in the CMS and no Search Console export,analyzed
4f4ab792-b571-451a-94f8-3a56b5771523,google-sheets-for-data-analysis-underrated-power-tools,/blog/google-sheets-for-data-analysis-underrated-power-tools,Google Sheets for Data Analysis: Underrated Power Tools,published,data-analytics,Data Analytics,guide,Arjun Nair,arjun-nair,ffb6b867-319d-461f-ba3c-c736b5113800,2026-02-01,2026-02-01T00:00:00+00:00,2026-03-10,2026-09-18T14:37:03.893983+00:00,2026-09-18T14:37:03.893983+00:00,673,26,c3f4e9a2981d1901585a1be5e028b8ed603e110f4bb44be73aacf4792b3a8f49,posts/google-sheets-for-data-analysis-underrated-power-tools.json in the backup,"Google Sheets for Data Analysis: Underrated Power Tools — A practical, example-led guide you can apply right away.",114,,Google Sheets for Data Analysis: Underrated Power Tools,55,"Google Sheets for Data Analysis: Underrated Power Tools — A practical, example-led guide you can apply right away. Explained by GloryTecks Data Analytics mentors in Hyderabad.",175,Google Sheets for Data Analysis: Underrated Power Tools,"Google Sheets for Data Analysis: Underrated Power Tools — A practical, example-led guide you can apply right away. Explained by GloryTecks Data Analytics mentors in Hyderabad.",,,/blog/google-sheets-for-data-analysis-underrated-power-tools (set by the page template),false,data analytics; google; sheets; data; analysis,data analytics; google; sheets; data; analysis,0,,0,,4,10 min,false,false,false,,not available: no views column in the CMS and no Search Console export,analyzed
a1bae9d9-b0db-4a43-b126-cc6d75252b82,gpu-vs-cpu-for-ml-when-you-actually-need-a-gpu,/blog/gpu-vs-cpu-for-ml-when-you-actually-need-a-gpu,GPU vs CPU for ML: When You Actually Need a GPU,published,mlops,MLOps,comparison,Sneha Reddy,sneha-reddy,682d13de-46d8-47b4-914e-58e25b899413,2025-11-20,2025-11-20T00:00:00+00:00,2025-11-20,2026-09-18T14:37:07.161579+00:00,2026-09-18T14:37:07.161579+00:00,482,17,a906f93d0ae7b832662e96a2298b4f0388447099df9676cebd258f4492570348,posts/gpu-vs-cpu-for-ml-when-you-actually-need-a-gpu.json in the backup,"GPU vs CPU for ML: When You Actually Need a GPU — A clear, practical comparison to help you decide.",99,,GPU vs CPU for ML: When You Actually Need a GPU,47,"GPU vs CPU for ML: When You Actually Need a GPU — A clear, practical comparison to help you decide. Explained by GloryTecks MLOps mentors in Hyderabad.",151,GPU vs CPU for ML: When You Actually Need a GPU,"GPU vs CPU for ML: When You Actually Need a GPU — A clear, practical comparison to help you decide. Explained by GloryTecks MLOps mentors in Hyderabad.",,,/blog/gpu-vs-cpu-for-ml-when-you-actually-need-a-gpu (set by the page template),false,mlops; gpu; cpu; when; actually,mlops; gpu; cpu; when; actually,0,,0,,4,7 min,false,false,true,,not available: no views column in the CMS and no Search Console export,analyzed
488edca3-7e7e-4151-bf01-06d9743f516f,gradient-descent-explained-the-engine-behind-ml,/blog/gradient-descent-explained-the-engine-behind-ml,Gradient Descent Explained: The Engine Behind ML,published,data-science,Data Science,guide,GloryTecks Team,glorytecks-team,3bbe4550-883d-4859-8188-29c88e22563e,2025-09-30,2025-09-30T00:00:00+00:00,2025-11-15,2026-09-18T14:37:08.808906+00:00,2026-09-18T14:37:08.808906+00:00,674,26,dde800a29455f1111d85d69e715b33d354a288c7dd4ec926579104d35d638789,posts/gradient-descent-explained-the-engine-behind-ml.json in the backup,"Gradient Descent Explained: The Engine Behind ML — A practical, example-led guide you can apply right away.",107,,Gradient Descent Explained: The Engine Behind ML,48,"Gradient Descent Explained: The Engine Behind ML — A practical, example-led guide you can apply right away. Explained by GloryTecks Data Science mentors in Hyderabad.",166,Gradient Descent Explained: The Engine Behind ML,"Gradient Descent Explained: The Engine Behind ML — A practical, example-led guide you can apply right away. Explained by GloryTecks Data Science mentors in Hyderabad.",,,/blog/gradient-descent-explained-the-engine-behind-ml (set by the page template),false,data science; gradient; descent; engine; behind,data science; gradient; descent; engine; behind,0,,0,,4,10 min,false,false,false,,not available: no views column in the CMS and no Search Console export,analyzed
fe788dc5-61a7-4462-93f8-b73de5f3dffa,guardrails-for-llms-keeping-ai-apps-safe-and-on-topic,/blog/guardrails-for-llms-keeping-ai-apps-safe-and-on-topic,Guardrails for LLMs: Keeping AI Apps Safe and On-Topic,published,generative-ai,Generative AI,guide,GloryTecks Team,glorytecks-team,3bbe4550-883d-4859-8188-29c88e22563e,2025-11-04,2025-11-04T00:00:00+00:00,2025-11-04,2026-09-18T14:37:07.161579+00:00,2026-09-18T14:37:07.161579+00:00,691,26,c2d28720c9db323298670fcd8c1682b2e323ab5534dbb75aa234ceff6f9c9001,posts/guardrails-for-llms-keeping-ai-apps-safe-and-on-topic.json in the backup,"Guardrails for LLMs: Keeping AI Apps Safe and On-Topic — A practical, example-led guide you can apply right away.",113,,Guardrails for LLMs: Keeping AI Apps Safe and On-Topic,54,"Guardrails for LLMs: Keeping AI Apps Safe and On-Topic — A practical, example-led guide you can apply right away. Explained by GloryTecks Generative AI mentors in Hyderabad.",173,Guardrails for LLMs: Keeping AI Apps Safe and On-Topic,"Guardrails for LLMs: Keeping AI Apps Safe and On-Topic — A practical, example-led guide you can apply right away. Explained by GloryTecks Generative AI mentors in Hyderabad.",,,/blog/guardrails-for-llms-keeping-ai-apps-safe-and-on-topic (set by the page template),false,generative ai; guardrails; llms; keeping; apps,generative ai; guardrails; llms; keeping; apps,0,,0,,4,10 min,false,false,false,,not available: no views column in the CMS and no Search Console export,analyzed
b06e96a2-0c26-4a22-92f5-6961ba72d034,hadoop-interview-questions-and-answers,/blog/hadoop-interview-questions-and-answers,Hadoop Interview Questions and Answers,published,interview-questions,Interview Questions,interview,Ravi Kumar,ravi-kumar,4fa1201f-a7aa-4e99-9cc2-b037e972a216,2025-11-11,2025-11-11T00:00:00+00:00,2025-11-11,2026-09-18T14:37:07.161579+00:00,2026-09-18T14:37:07.161579+00:00,515,13,cc24d1ce79c553daf34f05869daf4b0e82c592da1378077c3d8cd5dca3302fc6,posts/hadoop-interview-questions-and-answers.json in the backup,"Hadoop Interview Questions and Answers — The questions companies actually ask, with concise model answers.",106,,Hadoop Interview Questions and Answers,38,"Hadoop Interview Questions and Answers — The questions companies actually ask, with concise model answers. Explained by GloryTecks Interview Questions mentors in Hyderabad.",172,Hadoop Interview Questions and Answers,"Hadoop Interview Questions and Answers — The questions companies actually ask, with concise model answers. Explained by GloryTecks Interview Questions mentors in Hyderabad.",,,/blog/hadoop-interview-questions-and-answers (set by the page template),false,interview questions; hadoop; interview; questions; answers,interview questions; hadoop; interview; questions; answers,0,,0,,9,16 min,false,false,false,,not available: no views column in the CMS and no Search Console export,analyzed
82467957-07cd-47ab-bc6c-20333b3376df,handling-concept-drift-in-live-ml-systems,/blog/handling-concept-drift-in-live-ml-systems,Handling Concept Drift in Live ML Systems,published,mlops,MLOps,guide,Ravi Kumar,ravi-kumar,4fa1201f-a7aa-4e99-9cc2-b037e972a216,2025-11-26,2025-11-26T00:00:00+00:00,2025-11-26,2026-09-18T14:37:07.161579+00:00,2026-09-18T14:37:07.161579+00:00,673,26,244f7dd5fc67fa461fe7203a3b6a4657335e898b5575e469292963b8ba4f8110,posts/handling-concept-drift-in-live-ml-systems.json in the backup,"Handling Concept Drift in Live ML Systems — A practical, example-led guide you can apply right away.",100,,Handling Concept Drift in Live ML Systems,41,"Handling Concept Drift in Live ML Systems — A practical, example-led guide you can apply right away. Explained by GloryTecks MLOps mentors in Hyderabad.",152,Handling Concept Drift in Live ML Systems,"Handling Concept Drift in Live ML Systems — A practical, example-led guide you can apply right away. Explained by GloryTecks MLOps mentors in Hyderabad.",,,/blog/handling-concept-drift-in-live-ml-systems (set by the page template),false,mlops; handling; concept; drift; live,mlops; handling; concept; drift; live,0,,0,,4,10 min,false,false,false,,not available: no views column in the CMS and no Search Console export,merge_candidate
61452b61-1932-4054-9de6-00213aa47dd0,handling-errors-and-retries-in-adf-pipelines,/blog/handling-errors-and-retries-in-adf-pipelines,Handling Errors and Retries in ADF Pipelines,published,azure-data-factory,Azure Data Factory,guide,GloryTecks Team,glorytecks-team,3bbe4550-883d-4859-8188-29c88e22563e,2026-02-05,2026-02-05T00:00:00+00:00,2026-02-05,2026-09-18T14:37:03.893983+00:00,2026-09-18T14:37:03.893983+00:00,710,26,ca15e0ed5277535c5b8ce4f3939a336940b747da51cd3fc8f9d9c7bebcaef9cd,posts/handling-errors-and-retries-in-adf-pipelines.json in the backup,"Handling Errors and Retries in ADF Pipelines — A practical, example-led guide you can apply right away.",103,,Handling Errors and Retries in ADF Pipelines,44,"Handling Errors and Retries in ADF Pipelines — A practical, example-led guide you can apply right away. Explained by GloryTecks Azure Data Factory mentors in Hyderabad.",168,Handling Errors and Retries in ADF Pipelines,"Handling Errors and Retries in ADF Pipelines — A practical, example-led guide you can apply right away. Explained by GloryTecks Azure Data Factory mentors in Hyderabad.",,,/blog/handling-errors-and-retries-in-adf-pipelines (set by the page template),false,azure data factory; handling; errors; retries; adf,azure data factory; handling; errors; retries; adf,0,,0,,4,10 min,false,false,false,,not available: no views column in the CMS and no Search Console export,analyzed
7a88788d-029f-45dc-919e-6330716e6b5d,handling-imbalanced-datasets-techniques-that-work,/blog/handling-imbalanced-datasets-techniques-that-work,Handling Imbalanced Datasets: Techniques That Work,published,data-science,Data Science,guide,Ravi Kumar,ravi-kumar,4fa1201f-a7aa-4e99-9cc2-b037e972a216,2026-02-27,2026-02-27T00:00:00+00:00,2026-03-25,2026-09-18T14:37:03.893983+00:00,2026-09-18T14:37:03.893983+00:00,673,26,16fac9151819ccf5742cd10e1a5c838cd12fd9fbdbcd105ae35cddd5ff3c66a4,posts/handling-imbalanced-datasets-techniques-that-work.json in the backup,"Handling Imbalanced Datasets: Techniques That Work — A practical, example-led guide you can apply right away.",109,,Handling Imbalanced Datasets: Techniques That Work,50,"Handling Imbalanced Datasets: Techniques That Work — A practical, example-led guide you can apply right away. Explained by GloryTecks Data Science mentors in Hyderabad.",168,Handling Imbalanced Datasets: Techniques That Work,"Handling Imbalanced Datasets: Techniques That Work — A practical, example-led guide you can apply right away. Explained by GloryTecks Data Science mentors in Hyderabad.",,,/blog/handling-imbalanced-datasets-techniques-that-work (set by the page template),false,data science; handling; imbalanced; datasets; techniques,data science; handling; imbalanced; datasets; techniques,0,,0,,4,10 min,false,false,false,,not available: no views column in the CMS and no Search Console export,analyzed
f28fe1ef-f52c-4721-bb31-4aba0dd2e82c,handling-job-rejection-and-bouncing-back,/blog/handling-job-rejection-and-bouncing-back,Handling Job Rejection and Bouncing Back,published,career-guidance,Career Guidance,guide,Priya Sharma,priya-sharma,2ef777f6-83c0-4249-9c0b-c4d1f2e17b89,2026-01-29,2026-01-29T00:00:00+00:00,2026-01-29,2026-09-18T14:37:03.893983+00:00,2026-09-18T14:37:03.893983+00:00,642,24,4a79e8fbf692d8d47abffd60fb9fe429a2d36d0a7c46cccf50b1d66b686706ff,posts/handling-job-rejection-and-bouncing-back.json in the backup,"Handling Job Rejection and Bouncing Back — A practical, example-led guide you can apply right away.",99,,Handling Job Rejection and Bouncing Back,40,"Handling Job Rejection and Bouncing Back — A practical, example-led guide you can apply right away. Explained by GloryTecks Career Guidance mentors in Hyderabad.",161,Handling Job Rejection and Bouncing Back,"Handling Job Rejection and Bouncing Back — A practical, example-led guide you can apply right away. Explained by GloryTecks Career Guidance mentors in Hyderabad.",,,/blog/handling-job-rejection-and-bouncing-back (set by the page template),false,career guidance; handling; job; rejection; bouncing,career guidance; handling; job; rejection; bouncing,0,,0,,4,10 min,false,false,false,,not available: no views column in the CMS and no Search Console export,analyzed
8e24f914-032a-466a-b6ba-1157d670978d,handling-late-arriving-data-in-pipelines,/blog/handling-late-arriving-data-in-pipelines,Handling Late-Arriving Data in Pipelines,published,data-engineering,Data Engineering,guide,Sneha Reddy,sneha-reddy,682d13de-46d8-47b4-914e-58e25b899413,2025-08-28,2025-08-28T00:00:00+00:00,2025-09-29,2026-09-18T14:37:09.131349+00:00,2026-09-18T14:37:09.131349+00:00,676,26,2f990fab738c8b3dd3037379b656dd40046d8b03fbbee9e001c17da010de4c72,posts/handling-late-arriving-data-in-pipelines.json in the backup,"Handling Late-Arriving Data in Pipelines — A practical, example-led guide you can apply right away.",99,,Handling Late-Arriving Data in Pipelines,40,"Handling Late-Arriving Data in Pipelines — A practical, example-led guide you can apply right away. Explained by GloryTecks Data Engineering mentors in Hyderabad.",162,Handling Late-Arriving Data in Pipelines,"Handling Late-Arriving Data in Pipelines — A practical, example-led guide you can apply right away. Explained by GloryTecks Data Engineering mentors in Hyderabad.",,,/blog/handling-late-arriving-data-in-pipelines (set by the page template),false,data engineering; handling; late; arriving; data,data engineering; handling; late; arriving; data,0,,0,,4,10 min,false,false,false,,not available: no views column in the CMS and no Search Console export,analyzed
fe96ca4c-293e-4203-8159-47f6fcc7fb34,handling-many-to-many-relationships-in-power-bi,/blog/handling-many-to-many-relationships-in-power-bi,Handling Many-to-Many Relationships in Power BI,published,power-bi,Power BI,guide,GloryTecks Team,glorytecks-team,3bbe4550-883d-4859-8188-29c88e22563e,2025-11-15,2025-11-15T00:00:00+00:00,2025-11-15,2026-09-18T14:37:07.161579+00:00,2026-09-18T14:37:07.161579+00:00,696,26,2f051cc19b6443b446e24ce0d76819f2d525c3407c332f57abca324adada2762,posts/handling-many-to-many-relationships-in-power-bi.json in the backup,"Handling Many-to-Many Relationships in Power BI — A practical, example-led guide you can apply right away.",106,,Handling Many-to-Many Relationships in Power BI,47,"Handling Many-to-Many Relationships in Power BI — A practical, example-led guide you can apply right away. Explained by GloryTecks Power BI mentors in Hyderabad.",161,Handling Many-to-Many Relationships in Power BI,"Handling Many-to-Many Relationships in Power BI — A practical, example-led guide you can apply right away. Explained by GloryTecks Power BI mentors in Hyderabad.",,,/blog/handling-many-to-many-relationships-in-power-bi (set by the page template),false,power bi; handling; many; relationships; power,power bi; handling; many; relationships; power,0,,0,,4,10 min,false,false,false,,not available: no views column in the CMS and no Search Console export,analyzed
5eeb562c-7607-4f19-9081-614df57b3b57,how-data-analysts-add-real-business-value,/blog/how-data-analysts-add-real-business-value,How Data Analysts Add Real Business Value,published,data-analytics,Data Analytics,guide,GloryTecks Team,glorytecks-team,3bbe4550-883d-4859-8188-29c88e22563e,2025-08-23,2025-08-23T00:00:00+00:00,2025-10-03,2026-09-18T14:37:09.131349+00:00,2026-09-18T14:37:09.131349+00:00,676,26,fece27e2259f502fba46c6d48d2912de7a603fd07a24fa08abae9a2e067bffe1,posts/how-data-analysts-add-real-business-value.json in the backup,"How Data Analysts Add Real Business Value — A practical, example-led guide you can apply right away.",100,,How Data Analysts Add Real Business Value,41,"How Data Analysts Add Real Business Value — A practical, example-led guide you can apply right away. Explained by GloryTecks Data Analytics mentors in Hyderabad.",161,How Data Analysts Add Real Business Value,"How Data Analysts Add Real Business Value — A practical, example-led guide you can apply right away. Explained by GloryTecks Data Analytics mentors in Hyderabad.",,,/blog/how-data-analysts-add-real-business-value (set by the page template),false,data analytics; data; analysts; add; real,data analytics; data; analysts; add; real,0,,0,,4,10 min,false,false,false,,not available: no views column in the CMS and no Search Console export,analyzed
fedc7a3a-de64-4891-a319-c286b7a1556d,how-large-language-models-llms-work-under-the-hood,/blog/how-large-language-models-llms-work-under-the-hood,How Large Language Models (LLMs) Work Under the Hood,published,generative-ai,Generative AI,guide,Ravi Kumar,ravi-kumar,4fa1201f-a7aa-4e99-9cc2-b037e972a216,2026-04-15,2026-04-15T00:00:00+00:00,2026-04-15,2026-09-18T14:37:01.989257+00:00,2026-09-18T14:37:01.989257+00:00,703,26,b222048a2f4547c617b8448f368ac0b157e3c0a84cc85c7a7519ff75a6d3fcf8,posts/how-large-language-models-llms-work-under-the-hood.json in the backup,"How Large Language Models (LLMs) Work Under the Hood — A practical, example-led guide you can apply right away.",111,,How Large Language Models (LLMs) Work Under the Hood,52,"How Large Language Models (LLMs) Work Under the Hood — A practical, example-led guide you can apply right away. Explained by GloryTecks Generative AI mentors in Hyderabad.",171,How Large Language Models (LLMs) Work Under the Hood,"How Large Language Models (LLMs) Work Under the Hood — A practical, example-led guide you can apply right away. Explained by GloryTecks Generative AI mentors in Hyderabad.",,,/blog/how-large-language-models-llms-work-under-the-hood (set by the page template),false,generative ai; large; language; models; llms,generative ai; large; language; models; llms,0,,0,,4,10 min,false,false,false,,not available: no views column in the CMS and no Search Console export,analyzed
b9981a86-e8a7-4851-b00f-3a348bf7e8a1,how-much-math-do-you-really-need-for-data-science,/blog/how-much-math-do-you-really-need-for-data-science,How Much Math Do You Really Need for Data Science?,published,data-science,Data Science,guide,Ravi Kumar,ravi-kumar,4fa1201f-a7aa-4e99-9cc2-b037e972a216,2025-12-17,2025-12-17T00:00:00+00:00,2025-12-27,2026-09-18T14:37:05.849802+00:00,2026-09-18T14:37:05.849802+00:00,691,26,7860c121dc7ca324b0be12942a2e09e6ee0590ec4b19bdf92a464d6e54f2222c,posts/how-much-math-do-you-really-need-for-data-science.json in the backup,"How Much Math Do You Really Need for Data Science? — A practical, example-led guide you can apply right away.",109,,How Much Math Do You Really Need for Data Science?,50,"How Much Math Do You Really Need for Data Science? — A practical, example-led guide you can apply right away. Explained by GloryTecks Data Science mentors in Hyderabad.",168,How Much Math Do You Really Need for Data Science?,"How Much Math Do You Really Need for Data Science? — A practical, example-led guide you can apply right away. Explained by GloryTecks Data Science mentors in Hyderabad.",,,/blog/how-much-math-do-you-really-need-for-data-science (set by the page template),false,data science; much; math; really; need,data science; much; math; really; need,0,,0,,4,10 min,false,false,false,,not available: no views column in the CMS and no Search Console export,merge_candidate
0bdfb4e6-ca7d-4f77-a247-515fbc7a3716,how-to-answer-tell-me-about-yourself-in-interviews,/blog/how-to-answer-tell-me-about-yourself-in-interviews,How to Answer 'Tell Me About Yourself' in Interviews,published,career-guidance,Career Guidance,guide,GloryTecks Team,glorytecks-team,3bbe4550-883d-4859-8188-29c88e22563e,2026-03-24,2026-03-24T00:00:00+00:00,2026-03-24,2026-09-18T14:37:01.989257+00:00,2026-09-18T14:37:01.989257+00:00,651,24,78420a103f9f8341edff18dc13b954c69c3621702996642cbbd72e0ad931729f,posts/how-to-answer-tell-me-about-yourself-in-interviews.json in the backup,"How to Answer 'Tell Me About Yourself' in Interviews — A practical, example-led guide you can apply right away.",111,,How to Answer 'Tell Me About Yourself' in Interviews,52,"How to Answer 'Tell Me About Yourself' in Interviews — A practical, example-led guide you can apply right away. Explained by GloryTecks Career Guidance mentors in Hyderabad.",173,How to Answer 'Tell Me About Yourself' in Interviews,"How to Answer 'Tell Me About Yourself' in Interviews — A practical, example-led guide you can apply right away. Explained by GloryTecks Career Guidance mentors in Hyderabad.",,,/blog/how-to-answer-tell-me-about-yourself-in-interviews (set by the page template),false,career guidance; answer; tell; about; yourself,career guidance; answer; tell; about; yourself,0,,0,,4,10 min,false,false,false,,not available: no views column in the CMS and no Search Console export,merge_candidate
4deb6465-7417-46e9-b653-fc5d243a5f90,how-to-audit-a-messy-dataset-before-analysis,/blog/how-to-audit-a-messy-dataset-before-analysis,How to Audit a Messy Dataset Before Analysis,published,data-analytics,Data Analytics,guide,Arjun Nair,arjun-nair,ffb6b867-319d-461f-ba3c-c736b5113800,2025-10-28,2025-10-28T00:00:00+00:00,2025-11-26,2026-09-18T14:37:07.161579+00:00,2026-09-18T14:37:07.161579+00:00,679,26,54427ab14c71d74d2917edd001b7894527b7d2a09fcb03c17ed4ac29d130189c,posts/how-to-audit-a-messy-dataset-before-analysis.json in the backup,"How to Audit a Messy Dataset Before Analysis — A practical, example-led guide you can apply right away.",103,,How to Audit a Messy Dataset Before Analysis,44,"How to Audit a Messy Dataset Before Analysis — A practical, example-led guide you can apply right away. Explained by GloryTecks Data Analytics mentors in Hyderabad.",164,How to Audit a Messy Dataset Before Analysis,"How to Audit a Messy Dataset Before Analysis — A practical, example-led guide you can apply right away. Explained by GloryTecks Data Analytics mentors in Hyderabad.",,,/blog/how-to-audit-a-messy-dataset-before-analysis (set by the page template),false,data analytics; audit; messy; dataset; before,data analytics; audit; messy; dataset; before,0,,0,,4,10 min,false,false,false,,not available: no views column in the CMS and no Search Console export,analyzed
42fa332c-199e-4033-bf0a-484dfbca4f6c,how-to-become-a-data-analyst-with-no-experience,/blog/how-to-become-a-data-analyst-with-no-experience,How to Become a Data Analyst with No Experience,published,data-analytics,Data Analytics,guide,Arjun Nair,arjun-nair,ffb6b867-319d-461f-ba3c-c736b5113800,2026-01-20,2026-01-20T00:00:00+00:00,2026-02-10,2026-09-18T14:37:05.849802+00:00,2026-09-18T14:37:05.849802+00:00,682,26,068c62575d34c725adb4ab09bb7eaf08d072fd6ccee7c0a02e0b6c7c633b4d40,posts/how-to-become-a-data-analyst-with-no-experience.json in the backup,"How to Become a Data Analyst with No Experience — A practical, example-led guide you can apply right away.",106,,How to Become a Data Analyst with No Experience,47,"How to Become a Data Analyst with No Experience — A practical, example-led guide you can apply right away. Explained by GloryTecks Data Analytics mentors in Hyderabad.",167,How to Become a Data Analyst with No Experience,"How to Become a Data Analyst with No Experience — A practical, example-led guide you can apply right away. Explained by GloryTecks Data Analytics mentors in Hyderabad.",,,/blog/how-to-become-a-data-analyst-with-no-experience (set by the page template),false,data analytics; become; data; analyst; experience,data analytics; become; data; analyst; experience,0,,0,,4,10 min,false,false,false,,not available: no views column in the CMS and no Search Console export,analyzed
b9fbae04-d29a-4a8e-a16f-3f23b53cd221,how-to-become-a-data-engineer-in-2026,/blog/how-to-become-a-data-engineer-in-2026,How to Become a Data Engineer in 2026,published,data-engineering,Data Engineering,guide,GloryTecks Team,glorytecks-team,3bbe4550-883d-4859-8188-29c88e22563e,2025-08-22,2025-08-22T00:00:00+00:00,2025-10-05,2026-09-18T14:37:09.131349+00:00,2026-09-18T14:37:09.131349+00:00,685,26,698425c136c83ebafd4711b7def0b401e2a8ebba243559c969d79baf9130e2ab,posts/how-to-become-a-data-engineer-in-2026.json in the backup,"How to Become a Data Engineer in 2026 — A practical, example-led guide you can apply right away.",96,,How to Become a Data Engineer in 2026,37,"How to Become a Data Engineer in 2026 — A practical, example-led guide you can apply right away. Explained by GloryTecks Data Engineering mentors in Hyderabad.",159,How to Become a Data Engineer in 2026,"How to Become a Data Engineer in 2026 — A practical, example-led guide you can apply right away. Explained by GloryTecks Data Engineering mentors in Hyderabad.",,,/blog/how-to-become-a-data-engineer-in-2026 (set by the page template),false,data engineering; become; data; engineer,data engineering; become; data; engineer,0,,0,,4,10 min,false,false,false,,not available: no views column in the CMS and no Search Console export,analyzed
2657b2bb-b314-43da-ad9a-c6cfd801f492,how-to-become-a-data-scientist-in-2026-with-no-experience,/blog/how-to-become-a-data-scientist-in-2026-with-no-experience,How to Become a Data Scientist in 2026 with No Experience,published,data-science,Data Science,guide,Ravi Kumar,ravi-kumar,4fa1201f-a7aa-4e99-9cc2-b037e972a216,2026-04-16,2026-04-16T00:00:00+00:00,2026-04-26,2026-09-18T14:37:01.989257+00:00,2026-09-18T14:37:01.989257+00:00,694,26,c8aa23884cce9fa4dff4e8c8292c37a05ede5bde04821ae8df11ff4e7fd7d182,posts/how-to-become-a-data-scientist-in-2026-with-no-experience.json in the backup,"How to Become a Data Scientist in 2026 with No Experience — A practical, example-led guide you can apply right away.",116,,How to Become a Data Scientist in 2026 with No Experience,57,"How to Become a Data Scientist in 2026 with No Experience — A practical, example-led guide you can apply right away. Explained by GloryTecks Data Science mentors in Hyderabad.",175,How to Become a Data Scientist in 2026 with No Experience,"How to Become a Data Scientist in 2026 with No Experience — A practical, example-led guide you can apply right away. Explained by GloryTecks Data Science mentors in Hyderabad.",,,/blog/how-to-become-a-data-scientist-in-2026-with-no-experience (set by the page template),false,data science; become; data; scientist; experience,data science; become; data; scientist; experience,0,,0,,4,10 min,false,false,false,,not available: no views column in the CMS and no Search Console export,merge_candidate
6d8c9a6a-d793-4c3f-9b66-28af0be82561,how-to-become-a-generative-ai-engineer-in-2026,/blog/how-to-become-a-generative-ai-engineer-in-2026,How to Become a Generative AI Engineer in 2026,published,generative-ai,Generative AI,guide,GloryTecks Team,glorytecks-team,3bbe4550-883d-4859-8188-29c88e22563e,2025-12-22,2025-12-22T00:00:00+00:00,2025-12-22,2026-09-18T14:37:05.849802+00:00,2026-09-18T14:37:05.849802+00:00,703,26,f2c1fd406173922e1b86b31adf21887d249651d53cb3657f5e1192267c53b7a5,posts/how-to-become-a-generative-ai-engineer-in-2026.json in the backup,"How to Become a Generative AI Engineer in 2026 — A practical, example-led guide you can apply right away.",105,,How to Become a Generative AI Engineer in 2026,46,"How to Become a Generative AI Engineer in 2026 — A practical, example-led guide you can apply right away. Explained by GloryTecks Generative AI mentors in Hyderabad.",165,How to Become a Generative AI Engineer in 2026,"How to Become a Generative AI Engineer in 2026 — A practical, example-led guide you can apply right away. Explained by GloryTecks Generative AI mentors in Hyderabad.",,,/blog/how-to-become-a-generative-ai-engineer-in-2026 (set by the page template),false,generative ai; become; generative; engineer,generative ai; become; generative; engineer,0,,0,,4,10 min,false,false,false,,not available: no views column in the CMS and no Search Console export,analyzed
f7d2d955-4ae6-465b-b5e4-74f97a2e0475,how-to-become-an-azure-data-engineer-in-2026,/blog/how-to-become-an-azure-data-engineer-in-2026,How to Become an Azure Data Engineer in 2026,published,azure-data-factory,Azure Data Factory,guide,Sneha Reddy,sneha-reddy,682d13de-46d8-47b4-914e-58e25b899413,2025-08-27,2025-08-27T00:00:00+00:00,2025-08-27,2026-09-18T14:37:09.131349+00:00,2026-09-18T14:37:09.131349+00:00,716,26,b206e69d2a136f8455950a67748062fbed6aff4e9ce154aa02e761720afb549a,posts/how-to-become-an-azure-data-engineer-in-2026.json in the backup,"How to Become an Azure Data Engineer in 2026 — A practical, example-led guide you can apply right away.",103,,How to Become an Azure Data Engineer in 2026,44,"How to Become an Azure Data Engineer in 2026 — A practical, example-led guide you can apply right away. Explained by GloryTecks Azure Data Factory mentors in Hyderabad.",168,How to Become an Azure Data Engineer in 2026,"How to Become an Azure Data Engineer in 2026 — A practical, example-led guide you can apply right away. Explained by GloryTecks Azure Data Factory mentors in Hyderabad.",,,/blog/how-to-become-an-azure-data-engineer-in-2026 (set by the page template),false,azure data factory; become; azure; data; engineer,azure data factory; become; azure; data; engineer,0,,0,,4,10 min,false,false,false,,not available: no views column in the CMS and no Search Console export,merge_candidate
cc3aecdc-0897-4887-858d-ad034676c797,how-to-build-a-data-analyst-portfolio-in-2026,/blog/how-to-build-a-data-analyst-portfolio-in-2026,How to Build a Data Analyst Portfolio in 2026,published,data-analytics,Data Analytics,guide,Arjun Nair,arjun-nair,ffb6b867-319d-461f-ba3c-c736b5113800,2026-03-21,2026-03-21T00:00:00+00:00,2026-04-11,2026-09-18T14:37:01.989257+00:00,2026-09-18T14:37:01.989257+00:00,682,26,9b0fe4893c6ec655088f9fde3413d18313044162d649c3f0e12bb0013f4af6a3,posts/how-to-build-a-data-analyst-portfolio-in-2026.json in the backup,"How to Build a Data Analyst Portfolio in 2026 — A practical, example-led guide you can apply right away.",104,,How to Build a Data Analyst Portfolio in 2026,45,"How to Build a Data Analyst Portfolio in 2026 — A practical, example-led guide you can apply right away. Explained by GloryTecks Data Analytics mentors in Hyderabad.",165,How to Build a Data Analyst Portfolio in 2026,"How to Build a Data Analyst Portfolio in 2026 — A practical, example-led guide you can apply right away. Explained by GloryTecks Data Analytics mentors in Hyderabad.",,,/blog/how-to-build-a-data-analyst-portfolio-in-2026 (set by the page template),false,data analytics; build; data; analyst; portfolio,data analytics; build; data; analyst; portfolio,0,,0,,4,10 min,false,false,false,,not available: no views column in the CMS and no Search Console export,analyzed
27c1a6dc-026a-436b-b539-d7a9d24c9c2a,how-to-build-a-data-portfolio-website,/blog/how-to-build-a-data-portfolio-website,How to Build a Data Portfolio Website,published,career-guidance,Career Guidance,guide,Priya Sharma,priya-sharma,2ef777f6-83c0-4249-9c0b-c4d1f2e17b89,2026-02-10,2026-02-10T00:00:00+00:00,2026-02-10,2026-09-18T14:37:03.893983+00:00,2026-09-18T14:37:03.893983+00:00,645,24,32139bee727fe535564127b7e1aeb77bbce2135f0d15c4c1fb6110f7932f07c2,posts/how-to-build-a-data-portfolio-website.json in the backup,"How to Build a Data Portfolio Website — A practical, example-led guide you can apply right away.",96,,How to Build a Data Portfolio Website,37,"How to Build a Data Portfolio Website — A practical, example-led guide you can apply right away. Explained by GloryTecks Career Guidance mentors in Hyderabad.",158,How to Build a Data Portfolio Website,"How to Build a Data Portfolio Website — A practical, example-led guide you can apply right away. Explained by GloryTecks Career Guidance mentors in Hyderabad.",,,/blog/how-to-build-a-data-portfolio-website (set by the page template),false,career guidance; build; data; portfolio; website,career guidance; build; data; portfolio; website,0,,0,,4,10 min,false,false,false,,not available: no views column in the CMS and no Search Console export,merge_candidate
bb7fc367-7d77-4644-b147-bcedb786cb89,how-to-build-a-data-science-portfolio-that-gets-interviews,/blog/how-to-build-a-data-science-portfolio-that-gets-interviews,How to Build a Data Science Portfolio That Gets Interviews,published,data-science,Data Science,guide,Ravi Kumar,ravi-kumar,4fa1201f-a7aa-4e99-9cc2-b037e972a216,2026-03-11,2026-03-11T00:00:00+00:00,2026-04-22,2026-09-18T14:37:03.893983+00:00,2026-09-18T14:37:03.893983+00:00,691,26,1c9d88192a6aa9395300559f734cc9755331bce7e0e63d8c02f4bb2d8a396c9f,posts/how-to-build-a-data-science-portfolio-that-gets-interviews.json in the backup,"How to Build a Data Science Portfolio That Gets Interviews — A practical, example-led guide you can apply right away.",117,,How to Build a Data Science Portfolio That Gets Interviews,58,"How to Build a Data Science Portfolio That Gets Interviews — A practical, example-led guide you can apply right away. Explained by GloryTecks Data Science mentors in Hyderabad.",176,How to Build a Data Science Portfolio That Gets Interviews,"How to Build a Data Science Portfolio That Gets Interviews — A practical, example-led guide you can apply right away. Explained by GloryTecks Data Science mentors in Hyderabad.",,,/blog/how-to-build-a-data-science-portfolio-that-gets-interviews (set by the page template),false,data science; build; data; science; portfolio,data science; build; data; science; portfolio,0,,0,,4,10 min,false,false,false,,not available: no views column in the CMS and no Search Console export,analyzed
5481aade-d3b7-4e68-ba68-dd89f9cee04f,how-to-build-an-mlops-portfolio-that-stands-out,/blog/how-to-build-an-mlops-portfolio-that-stands-out,How to Build an MLOps Portfolio That Stands Out,published,mlops,MLOps,guide,Ravi Kumar,ravi-kumar,4fa1201f-a7aa-4e99-9cc2-b037e972a216,2025-08-22,2025-08-22T00:00:00+00:00,2025-08-22,2026-09-18T14:37:09.131349+00:00,2026-09-18T14:37:09.131349+00:00,679,26,a2f5efeb95ca6ec58585a0f6d9b4928b5feb1921b65c8cda9a06ea98275f9082,posts/how-to-build-an-mlops-portfolio-that-stands-out.json in the backup,"How to Build an MLOps Portfolio That Stands Out — A practical, example-led guide you can apply right away.",106,,How to Build an MLOps Portfolio That Stands Out,47,"How to Build an MLOps Portfolio That Stands Out — A practical, example-led guide you can apply right away. Explained by GloryTecks MLOps mentors in Hyderabad.",158,How to Build an MLOps Portfolio That Stands Out,"How to Build an MLOps Portfolio That Stands Out — A practical, example-led guide you can apply right away. Explained by GloryTecks MLOps mentors in Hyderabad.",,,/blog/how-to-build-an-mlops-portfolio-that-stands-out (set by the page template),false,build; mlops; portfolio; stands,build; mlops; portfolio; stands,0,,0,,4,10 min,false,false,false,,not available: no views column in the CMS and no Search Console export,analyzed
a7099cd5-af10-4d85-89aa-ff942fed1cbe,how-to-crack-product-based-company-interviews,/blog/how-to-crack-product-based-company-interviews,How to Crack Product-Based Company Interviews,published,career-guidance,Career Guidance,guide,Priya Sharma,priya-sharma,2ef777f6-83c0-4249-9c0b-c4d1f2e17b89,2026-03-06,2026-03-06T00:00:00+00:00,2026-03-06,2026-09-18T14:37:03.893983+00:00,2026-09-18T14:37:03.893983+00:00,642,24,1aa70294d169eb3b35073c6159460f1081c95960cc21b54954d8c9c23215308c,posts/how-to-crack-product-based-company-interviews.json in the backup,"How to Crack Product-Based Company Interviews — A practical, example-led guide you can apply right away.",104,,How to Crack Product-Based Company Interviews,45,"How to Crack Product-Based Company Interviews — A practical, example-led guide you can apply right away. Explained by GloryTecks Career Guidance mentors in Hyderabad.",166,How to Crack Product-Based Company Interviews,"How to Crack Product-Based Company Interviews — A practical, example-led guide you can apply right away. Explained by GloryTecks Career Guidance mentors in Hyderabad.",,,/blog/how-to-crack-product-based-company-interviews (set by the page template),false,career guidance; crack; product; based; company,career guidance; crack; product; based; company,0,,0,,4,10 min,false,false,false,,not available: no views column in the CMS and no Search Console export,analyzed
bf2f35ac-4845-4e4e-8562-ccdad92336ff,how-to-create-effective-kpis-for-any-business,/blog/how-to-create-effective-kpis-for-any-business,How to Create Effective KPIs for Any Business,published,data-analytics,Data Analytics,guide,Arjun Nair,arjun-nair,ffb6b867-319d-461f-ba3c-c736b5113800,2026-05-20,2026-05-20T00:00:00+00:00,2026-06-10,2026-09-18T14:07:36.358695+00:00,2026-09-18T14:07:36.358695+00:00,679,26,7c7ef8440068a9143594de118cf7a0b53ab815fa30db622c04b20bcb62b27616,posts/how-to-create-effective-kpis-for-any-business.json in the backup,"How to Create Effective KPIs for Any Business — A practical, example-led guide you can apply right away.",104,,How to Create Effective KPIs for Any Business,45,"How to Create Effective KPIs for Any Business — A practical, example-led guide you can apply right away. Explained by GloryTecks Data Analytics mentors in Hyderabad.",165,How to Create Effective KPIs for Any Business,"How to Create Effective KPIs for Any Business — A practical, example-led guide you can apply right away. Explained by GloryTecks Data Analytics mentors in Hyderabad.",,,/blog/how-to-create-effective-kpis-for-any-business (set by the page template),false,data analytics; create; effective; kpis; any,data analytics; create; effective; kpis; any,0,,0,,4,10 min,false,true,false,,not available: no views column in the CMS and no Search Console export,analyzed
967d2df0-0348-4572-99ed-86c4eba17f41,how-to-find-a-mentor-in-tech,/blog/how-to-find-a-mentor-in-tech,How to Find a Mentor in Tech,published,career-guidance,Career Guidance,guide,GloryTecks Team,glorytecks-team,3bbe4550-883d-4859-8188-29c88e22563e,2025-12-30,2025-12-30T00:00:00+00:00,2025-12-30,2026-09-18T14:37:05.849802+00:00,2026-09-18T14:37:05.849802+00:00,645,24,9a1c09a27273eb627d90b41746ef14eafe850ff413efc0412c409e16d2f2f456,posts/how-to-find-a-mentor-in-tech.json in the backup,"How to Find a Mentor in Tech — A practical, example-led guide you can apply right away.",87,,How to Find a Mentor in Tech,28,"How to Find a Mentor in Tech — A practical, example-led guide you can apply right away. Explained by GloryTecks Career Guidance mentors in Hyderabad.",149,How to Find a Mentor in Tech,"How to Find a Mentor in Tech — A practical, example-led guide you can apply right away. Explained by GloryTecks Career Guidance mentors in Hyderabad.",,,/blog/how-to-find-a-mentor-in-tech (set by the page template),false,career guidance; find; mentor; tech,career guidance; find; mentor; tech,0,,0,,4,10 min,false,false,false,,not available: no views column in the CMS and no Search Console export,analyzed
29786512-1893-41b9-ae9a-e806a4a6b0bb,how-to-get-promoted-in-a-data-team,/blog/how-to-get-promoted-in-a-data-team,How to Get Promoted in a Data Team,published,career-guidance,Career Guidance,guide,GloryTecks Team,glorytecks-team,3bbe4550-883d-4859-8188-29c88e22563e,2026-01-11,2026-01-11T00:00:00+00:00,2026-01-11,2026-09-18T14:37:05.849802+00:00,2026-09-18T14:37:05.849802+00:00,648,24,0c693a922fb2495c9c0d34d9dc9c834b941128eaac051ffabf722356f3f1dd17,posts/how-to-get-promoted-in-a-data-team.json in the backup,"How to Get Promoted in a Data Team — A practical, example-led guide you can apply right away.",93,,How to Get Promoted in a Data Team,34,"How to Get Promoted in a Data Team — A practical, example-led guide you can apply right away. Explained by GloryTecks Career Guidance mentors in Hyderabad.",155,How to Get Promoted in a Data Team,"How to Get Promoted in a Data Team — A practical, example-led guide you can apply right away. Explained by GloryTecks Career Guidance mentors in Hyderabad.",,,/blog/how-to-get-promoted-in-a-data-team (set by the page template),false,career guidance; get; promoted; data; team,career guidance; get; promoted; data; team,0,,0,,4,10 min,false,false,false,,not available: no views column in the CMS and no Search Console export,analyzed
32cf794d-cafa-4a23-9f3e-59970c4bdfcb,how-to-get-recruiters-to-notice-your-profile,/blog/how-to-get-recruiters-to-notice-your-profile,How to Get Recruiters to Notice Your Profile,published,career-guidance,Career Guidance,guide,GloryTecks Team,glorytecks-team,3bbe4550-883d-4859-8188-29c88e22563e,2025-10-19,2025-10-19T00:00:00+00:00,2025-10-19,2026-09-18T14:37:07.161579+00:00,2026-09-18T14:37:07.161579+00:00,648,24,e057aa72942c727c7621679a77ad32450e4f0fcf6e8c1dea5c7dc587324bff3e,posts/how-to-get-recruiters-to-notice-your-profile.json in the backup,"How to Get Recruiters to Notice Your Profile — A practical, example-led guide you can apply right away.",103,,How to Get Recruiters to Notice Your Profile,44,"How to Get Recruiters to Notice Your Profile — A practical, example-led guide you can apply right away. Explained by GloryTecks Career Guidance mentors in Hyderabad.",165,How to Get Recruiters to Notice Your Profile,"How to Get Recruiters to Notice Your Profile — A practical, example-led guide you can apply right away. Explained by GloryTecks Career Guidance mentors in Hyderabad.",,,/blog/how-to-get-recruiters-to-notice-your-profile (set by the page template),false,career guidance; get; recruiters; notice; profile,career guidance; get; recruiters; notice; profile,0,,0,,4,10 min,false,false,false,,not available: no views column in the CMS and no Search Console export,merge_candidate
aab7ba0a-93a0-41f4-9e23-3cba7707ffbf,how-to-get-your-first-data-job-with-no-experience,/blog/how-to-get-your-first-data-job-with-no-experience,How to Get Your First Data Job with No Experience,published,career-guidance,Career Guidance,guide,GloryTecks Team,glorytecks-team,3bbe4550-883d-4859-8188-29c88e22563e,2026-04-17,2026-04-17T00:00:00+00:00,2026-04-17,2026-09-18T14:37:01.989257+00:00,2026-09-18T14:37:01.989257+00:00,654,24,3a74cc2008e0f3eea48bce2a194aca31d6cde440accf4db576549cd37b7acd44,posts/how-to-get-your-first-data-job-with-no-experience.json in the backup,"How to Get Your First Data Job with No Experience — A practical, example-led guide you can apply right away.",108,,How to Get Your First Data Job with No Experience,49,"How to Get Your First Data Job with No Experience — A practical, example-led guide you can apply right away. Explained by GloryTecks Career Guidance mentors in Hyderabad.",170,How to Get Your First Data Job with No Experience,"How to Get Your First Data Job with No Experience — A practical, example-led guide you can apply right away. Explained by GloryTecks Career Guidance mentors in Hyderabad.",,,/blog/how-to-get-your-first-data-job-with-no-experience (set by the page template),false,career guidance; get; first; data; job,career guidance; get; first; data; job,0,,0,,4,10 min,false,false,false,,not available: no views column in the CMS and no Search Console export,analyzed
d0c7160b-d8cf-45a6-ac00-a1d349e279a4,how-to-handle-missing-data-in-analytics,/blog/how-to-handle-missing-data-in-analytics,How to Handle Missing Data in Analytics,published,data-analytics,Data Analytics,guide,Arjun Nair,arjun-nair,ffb6b867-319d-461f-ba3c-c736b5113800,2026-02-13,2026-02-13T00:00:00+00:00,2026-02-26,2026-09-18T14:37:03.893983+00:00,2026-09-18T14:37:03.893983+00:00,676,26,689e86042530a1f88a24f671e0b938dc4413e7b52f275ddf4f07f9211e560956,posts/how-to-handle-missing-data-in-analytics.json in the backup,"How to Handle Missing Data in Analytics — A practical, example-led guide you can apply right away.",98,,How to Handle Missing Data in Analytics,39,"How to Handle Missing Data in Analytics — A practical, example-led guide you can apply right away. Explained by GloryTecks Data Analytics mentors in Hyderabad.",159,How to Handle Missing Data in Analytics,"How to Handle Missing Data in Analytics — A practical, example-led guide you can apply right away. Explained by GloryTecks Data Analytics mentors in Hyderabad.",,,/blog/how-to-handle-missing-data-in-analytics (set by the page template),false,data analytics; handle; missing; data; analytics,data analytics; handle; missing; data; analytics,0,,0,,4,10 min,false,false,false,,not available: no views column in the CMS and no Search Console export,analyzed
a0318615-bc1b-4d98-be65-146d5ec21e43,how-to-handle-multiple-job-offers-gracefully,/blog/how-to-handle-multiple-job-offers-gracefully,How to Handle Multiple Job Offers Gracefully,published,career-guidance,Career Guidance,guide,Priya Sharma,priya-sharma,2ef777f6-83c0-4249-9c0b-c4d1f2e17b89,2025-10-01,2025-10-01T00:00:00+00:00,2025-10-01,2026-09-18T14:37:08.808906+00:00,2026-09-18T14:37:08.808906+00:00,645,24,525fe871c51e170679ebb03c34b7d4c7c78ff30580a7d48e4a551145686e9945,posts/how-to-handle-multiple-job-offers-gracefully.json in the backup,"How to Handle Multiple Job Offers Gracefully — A practical, example-led guide you can apply right away.",103,,How to Handle Multiple Job Offers Gracefully,44,"How to Handle Multiple Job Offers Gracefully — A practical, example-led guide you can apply right away. Explained by GloryTecks Career Guidance mentors in Hyderabad.",165,How to Handle Multiple Job Offers Gracefully,"How to Handle Multiple Job Offers Gracefully — A practical, example-led guide you can apply right away. Explained by GloryTecks Career Guidance mentors in Hyderabad.",,,/blog/how-to-handle-multiple-job-offers-gracefully (set by the page template),false,career guidance; handle; multiple; job; offers,career guidance; handle; multiple; job; offers,0,,0,,4,10 min,false,false,false,,not available: no views column in the CMS and no Search Console export,analyzed
9bd7b9be-7935-4a63-8c48-c02ccdcb4f74,how-to-learn-power-bi-in-30-days-a-study-plan,/blog/how-to-learn-power-bi-in-30-days-a-study-plan,How to Learn Power BI in 30 Days: A Study Plan,published,power-bi,Power BI,guide,GloryTecks Team,glorytecks-team,3bbe4550-883d-4859-8188-29c88e22563e,2025-09-28,2025-09-28T00:00:00+00:00,2025-09-28,2026-09-18T14:37:08.808906+00:00,2026-09-18T14:37:08.808906+00:00,705,26,010fc65410865db289e8b9c9dd70e7e29f579b11bf92f24a4b3f825a5783a88d,posts/how-to-learn-power-bi-in-30-days-a-study-plan.json in the backup,"How to Learn Power BI in 30 Days: A Study Plan — A practical, example-led guide you can apply right away.",105,,How to Learn Power BI in 30 Days: A Study Plan,46,"How to Learn Power BI in 30 Days: A Study Plan — A practical, example-led guide you can apply right away. Explained by GloryTecks Power BI mentors in Hyderabad.",160,How to Learn Power BI in 30 Days: A Study Plan,"How to Learn Power BI in 30 Days: A Study Plan — A practical, example-led guide you can apply right away. Explained by GloryTecks Power BI mentors in Hyderabad.",,,/blog/how-to-learn-power-bi-in-30-days-a-study-plan (set by the page template),false,power bi; learn; power; days; study,power bi; learn; power; days; study,0,,0,,4,10 min,false,false,false,,not available: no views column in the CMS and no Search Console export,analyzed
9ac4af73-9ca7-4fe8-8e96-eb0cb785b42a,how-to-learn-python-faster-a-proven-study-plan,/blog/how-to-learn-python-faster-a-proven-study-plan,How to Learn Python Faster: A Proven Study Plan,published,python,Python,guide,GloryTecks Team,glorytecks-team,3bbe4550-883d-4859-8188-29c88e22563e,2025-09-29,2025-09-29T00:00:00+00:00,2025-09-29,2026-09-18T14:37:08.808906+00:00,2026-09-18T14:37:08.808906+00:00,655,26,44fbac96b802663745954cba537a58b534de4e7a96f3ef1e5bfcd0dc48e7fe8a,posts/how-to-learn-python-faster-a-proven-study-plan.json in the backup,"How to Learn Python Faster: A Proven Study Plan — A practical, example-led guide you can apply right away.",106,,How to Learn Python Faster: A Proven Study Plan,47,"How to Learn Python Faster: A Proven Study Plan — A practical, example-led guide you can apply right away. Explained by GloryTecks Python mentors in Hyderabad.",159,How to Learn Python Faster: A Proven Study Plan,"How to Learn Python Faster: A Proven Study Plan — A practical, example-led guide you can apply right away. Explained by GloryTecks Python mentors in Hyderabad.",,,/blog/how-to-learn-python-faster-a-proven-study-plan (set by the page template),false,learn; python; faster; proven,learn; python; faster; proven,0,,0,,4,10 min,false,false,true,,not available: no views column in the CMS and no Search Console export,merge_candidate
13f7db9c-eb08-496e-ba69-a4d0014165ca,how-to-make-a-career-pivot-without-a-pay-cut,/blog/how-to-make-a-career-pivot-without-a-pay-cut,How to Make a Career Pivot Without a Pay Cut,published,career-guidance,Career Guidance,guide,GloryTecks Team,glorytecks-team,3bbe4550-883d-4859-8188-29c88e22563e,2025-10-31,2025-10-31T00:00:00+00:00,2025-10-31,2026-09-18T14:37:07.161579+00:00,2026-09-18T14:37:07.161579+00:00,654,24,165cbfea81c39fd08be4c8124dbb53bbe5572f6778728169606b7085a3b91576,posts/how-to-make-a-career-pivot-without-a-pay-cut.json in the backup,"How to Make a Career Pivot Without a Pay Cut — A practical, example-led guide you can apply right away.",103,,How to Make a Career Pivot Without a Pay Cut,44,"How to Make a Career Pivot Without a Pay Cut — A practical, example-led guide you can apply right away. Explained by GloryTecks Career Guidance mentors in Hyderabad.",165,How to Make a Career Pivot Without a Pay Cut,"How to Make a Career Pivot Without a Pay Cut — A practical, example-led guide you can apply right away. Explained by GloryTecks Career Guidance mentors in Hyderabad.",,,/blog/how-to-make-a-career-pivot-without-a-pay-cut (set by the page template),false,career guidance; make; career; pivot; pay,career guidance; make; career; pivot; pay,0,,0,,4,10 min,false,false,false,,not available: no views column in the CMS and no Search Console export,analyzed
e4d3dfbf-9891-48ca-9780-5154a5b3b399,how-to-negotiate-a-job-offer-email-step-by-step,/blog/how-to-negotiate-a-job-offer-email-step-by-step,How to Negotiate a Job Offer Email Step by Step,published,career-guidance,Career Guidance,guide,Priya Sharma,priya-sharma,2ef777f6-83c0-4249-9c0b-c4d1f2e17b89,2026-02-22,2026-02-22T00:00:00+00:00,2026-02-22,2026-09-18T14:37:03.893983+00:00,2026-09-18T14:37:03.893983+00:00,654,24,2a769c3abcc555e87f48fbc3fb02fa62a0dffbb807e26369c0dae2e2f176f260,posts/how-to-negotiate-a-job-offer-email-step-by-step.json in the backup,"How to Negotiate a Job Offer Email Step by Step — A practical, example-led guide you can apply right away.",106,,How to Negotiate a Job Offer Email Step by Step,47,"How to Negotiate a Job Offer Email Step by Step — A practical, example-led guide you can apply right away. Explained by GloryTecks Career Guidance mentors in Hyderabad.",168,How to Negotiate a Job Offer Email Step by Step,"How to Negotiate a Job Offer Email Step by Step — A practical, example-led guide you can apply right away. Explained by GloryTecks Career Guidance mentors in Hyderabad.",,,/blog/how-to-negotiate-a-job-offer-email-step-by-step (set by the page template),false,career guidance; negotiate; job; offer; email,career guidance; negotiate; job; offer; email,0,,0,,4,10 min,false,false,false,,not available: no views column in the CMS and no Search Console export,merge_candidate
9f20c19d-0345-4d71-a818-7fbeca99a099,how-to-plan-a-5-year-career-in-data,/blog/how-to-plan-a-5-year-career-in-data,How to Plan a 5-Year Career in Data,published,career-guidance,Career Guidance,guide,Priya Sharma,priya-sharma,2ef777f6-83c0-4249-9c0b-c4d1f2e17b89,2025-08-26,2025-08-26T00:00:00+00:00,2025-08-26,2026-09-18T14:37:09.131349+00:00,2026-09-18T14:37:09.131349+00:00,648,24,acfa90520bdfdf5b3625e036cfbb7b86f5c93aaafb921c68b01d8355ed8d8e57,posts/how-to-plan-a-5-year-career-in-data.json in the backup,"How to Plan a 5-Year Career in Data — A practical, example-led guide you can apply right away.",94,,How to Plan a 5-Year Career in Data,35,"How to Plan a 5-Year Career in Data — A practical, example-led guide you can apply right away. Explained by GloryTecks Career Guidance mentors in Hyderabad.",156,How to Plan a 5-Year Career in Data,"How to Plan a 5-Year Career in Data — A practical, example-led guide you can apply right away. Explained by GloryTecks Career Guidance mentors in Hyderabad.",,,/blog/how-to-plan-a-5-year-career-in-data (set by the page template),false,career guidance; plan; year; career; data,career guidance; plan; year; career; data,0,,0,,4,10 min,false,false,false,,not available: no views column in the CMS and no Search Console export,analyzed
10d428e9-db13-45b5-b561-20494be01b7c,how-to-prepare-for-an-interview-in-one-week,/blog/how-to-prepare-for-an-interview-in-one-week,How to Prepare for an Interview in One Week,published,career-guidance,Career Guidance,guide,GloryTecks Team,glorytecks-team,3bbe4550-883d-4859-8188-29c88e22563e,2026-01-23,2026-01-23T00:00:00+00:00,2026-01-23,2026-09-18T14:37:05.849802+00:00,2026-09-18T14:37:05.849802+00:00,651,24,c655a3d622ae08d57df42467e23319e870fbf57fd8fb53c3b7288227f6715784,posts/how-to-prepare-for-an-interview-in-one-week.json in the backup,"How to Prepare for an Interview in One Week — A practical, example-led guide you can apply right away.",102,,How to Prepare for an Interview in One Week,43,"How to Prepare for an Interview in One Week — A practical, example-led guide you can apply right away. Explained by GloryTecks Career Guidance mentors in Hyderabad.",164,How to Prepare for an Interview in One Week,"How to Prepare for an Interview in One Week — A practical, example-led guide you can apply right away. Explained by GloryTecks Career Guidance mentors in Hyderabad.",,,/blog/how-to-prepare-for-an-interview-in-one-week (set by the page template),false,career guidance; prepare; interview; one; week,career guidance; prepare; interview; one; week,0,,0,,4,10 min,false,false,false,,not available: no views column in the CMS and no Search Console export,analyzed
130aeb07-a012-4a7a-b534-88da59592824,how-to-present-data-to-non-technical-stakeholders,/blog/how-to-present-data-to-non-technical-stakeholders,How to Present Data to Non-Technical Stakeholders,published,data-analytics,Data Analytics,guide,GloryTecks Team,glorytecks-team,3bbe4550-883d-4859-8188-29c88e22563e,2025-12-21,2025-12-21T00:00:00+00:00,2026-01-31,2026-09-18T14:37:05.849802+00:00,2026-09-18T14:37:05.849802+00:00,676,26,a5f50682f87e189919e013ef86ff66f7a4ae34720533d032d9498f3ed8f412ca,posts/how-to-present-data-to-non-technical-stakeholders.json in the backup,"How to Present Data to Non-Technical Stakeholders — A practical, example-led guide you can apply right away.",108,,How to Present Data to Non-Technical Stakeholders,49,"How to Present Data to Non-Technical Stakeholders — A practical, example-led guide you can apply right away. Explained by GloryTecks Data Analytics mentors in Hyderabad.",169,How to Present Data to Non-Technical Stakeholders,"How to Present Data to Non-Technical Stakeholders — A practical, example-led guide you can apply right away. Explained by GloryTecks Data Analytics mentors in Hyderabad.",,,/blog/how-to-present-data-to-non-technical-stakeholders (set by the page template),false,data analytics; present; data; non; technical,data analytics; present; data; non; technical,0,,0,,4,10 min,false,false,false,,not available: no views column in the CMS and no Search Console export,analyzed
6d1ca64b-0d66-4008-bd41-b562c2d41a01,how-to-quantify-achievements-on-your-resume,/blog/how-to-quantify-achievements-on-your-resume,How to Quantify Achievements on Your Resume,published,career-guidance,Career Guidance,guide,GloryTecks Team,glorytecks-team,3bbe4550-883d-4859-8188-29c88e22563e,2025-12-18,2025-12-18T00:00:00+00:00,2025-12-18,2026-09-18T14:37:05.849802+00:00,2026-09-18T14:37:05.849802+00:00,645,24,afacb6d01c28e142b3825fe6c85d3cfea35a68ade8a32387fec1481ad2b2301e,posts/how-to-quantify-achievements-on-your-resume.json in the backup,"How to Quantify Achievements on Your Resume — A practical, example-led guide you can apply right away.",102,,How to Quantify Achievements on Your Resume,43,"How to Quantify Achievements on Your Resume — A practical, example-led guide you can apply right away. Explained by GloryTecks Career Guidance mentors in Hyderabad.",164,How to Quantify Achievements on Your Resume,"How to Quantify Achievements on Your Resume — A practical, example-led guide you can apply right away. Explained by GloryTecks Career Guidance mentors in Hyderabad.",,,/blog/how-to-quantify-achievements-on-your-resume (set by the page template),false,career guidance; quantify; achievements; resume,career guidance; quantify; achievements; resume,0,,0,,4,10 min,false,false,false,,not available: no views column in the CMS and no Search Console export,merge_candidate
43d5850f-b445-472f-93a5-a3d6c108e9b5,how-to-read-a-machine-learning-research-paper,/blog/how-to-read-a-machine-learning-research-paper,How to Read a Machine Learning Research Paper,published,data-science,Data Science,guide,Ravi Kumar,ravi-kumar,4fa1201f-a7aa-4e99-9cc2-b037e972a216,2025-08-31,2025-08-31T00:00:00+00:00,2025-09-26,2026-09-18T14:37:08.808906+00:00,2026-09-18T14:37:08.808906+00:00,685,26,ad176dc07dedc7431f6cdf81645ba729fd950fb4f56288b81dbe1221c78ecd48,posts/how-to-read-a-machine-learning-research-paper.json in the backup,"How to Read a Machine Learning Research Paper — A practical, example-led guide you can apply right away.",104,,How to Read a Machine Learning Research Paper,45,"How to Read a Machine Learning Research Paper — A practical, example-led guide you can apply right away. Explained by GloryTecks Data Science mentors in Hyderabad.",163,How to Read a Machine Learning Research Paper,"How to Read a Machine Learning Research Paper — A practical, example-led guide you can apply right away. Explained by GloryTecks Data Science mentors in Hyderabad.",,,/blog/how-to-read-a-machine-learning-research-paper (set by the page template),false,data science; read; machine; learning; research,data science; read; machine; learning; research,0,,0,,4,10 min,false,false,false,,not available: no views column in the CMS and no Search Console export,analyzed
6f6ce1a2-6cc7-4d7e-b869-3d20b14f7159,how-to-reduce-llm-hallucinations-in-production,/blog/how-to-reduce-llm-hallucinations-in-production,How to Reduce LLM Hallucinations in Production,published,generative-ai,Generative AI,guide,GloryTecks Team,glorytecks-team,3bbe4550-883d-4859-8188-29c88e22563e,2026-02-20,2026-02-20T00:00:00+00:00,2026-02-20,2026-09-18T14:37:03.893983+00:00,2026-09-18T14:37:03.893983+00:00,697,26,f86d7e1a01eee4d8b39d5c87c54fd9ba51b2b4a54efac86bdd7ac0bb2d64ca5e,posts/how-to-reduce-llm-hallucinations-in-production.json in the backup,"How to Reduce LLM Hallucinations in Production — A practical, example-led guide you can apply right away.",105,,How to Reduce LLM Hallucinations in Production,46,"How to Reduce LLM Hallucinations in Production — A practical, example-led guide you can apply right away. Explained by GloryTecks Generative AI mentors in Hyderabad.",165,How to Reduce LLM Hallucinations in Production,"How to Reduce LLM Hallucinations in Production — A practical, example-led guide you can apply right away. Explained by GloryTecks Generative AI mentors in Hyderabad.",,,/blog/how-to-reduce-llm-hallucinations-in-production (set by the page template),false,generative ai; reduce; llm; hallucinations; production,generative ai; reduce; llm; hallucinations; production,0,,0,,4,10 min,false,false,false,,not available: no views column in the CMS and no Search Console export,analyzed
2566c21c-4ed1-4e8d-9667-b1a8ca6cf96f,how-to-stand-out-in-a-crowded-junior-job-market,/blog/how-to-stand-out-in-a-crowded-junior-job-market,How to Stand Out in a Crowded Junior Job Market,published,career-guidance,Career Guidance,guide,GloryTecks Team,glorytecks-team,3bbe4550-883d-4859-8188-29c88e22563e,2025-11-12,2025-11-12T00:00:00+00:00,2025-11-12,2026-09-18T14:37:07.161579+00:00,2026-09-18T14:37:07.161579+00:00,654,24,5e6b4d3d8278ffb9aaaf5ce47c3fc2a075cf31211c1024d3278c7312384a8bd3,posts/how-to-stand-out-in-a-crowded-junior-job-market.json in the backup,"How to Stand Out in a Crowded Junior Job Market — A practical, example-led guide you can apply right away.",106,,How to Stand Out in a Crowded Junior Job Market,47,"How to Stand Out in a Crowded Junior Job Market — A practical, example-led guide you can apply right away. Explained by GloryTecks Career Guidance mentors in Hyderabad.",168,How to Stand Out in a Crowded Junior Job Market,"How to Stand Out in a Crowded Junior Job Market — A practical, example-led guide you can apply right away. Explained by GloryTecks Career Guidance mentors in Hyderabad.",,,/blog/how-to-stand-out-in-a-crowded-junior-job-market (set by the page template),false,career guidance; stand; out; crowded; junior,career guidance; stand; out; crowded; junior,0,,0,,4,10 min,false,false,false,,not available: no views column in the CMS and no Search Console export,merge_candidate
5ce052bf-f4eb-4d92-81d9-8678b23fb228,how-to-start-a-career-in-google-cloud-in-2026,/blog/how-to-start-a-career-in-google-cloud-in-2026,How to Start a Career in Google Cloud in 2026,published,gcp,GCP,guide,Sneha Reddy,sneha-reddy,682d13de-46d8-47b4-914e-58e25b899413,2025-08-27,2025-08-27T00:00:00+00:00,2025-08-27,2026-09-18T14:37:09.131349+00:00,2026-09-18T14:37:09.131349+00:00,676,26,d6e462b2cbb03670de519d37ee76eb5feba4e3f8e46fb4dc5bed29af45b1818b,posts/how-to-start-a-career-in-google-cloud-in-2026.json in the backup,"How to Start a Career in Google Cloud in 2026 — A practical, example-led guide you can apply right away.",104,,How to Start a Career in Google Cloud in 2026,45,"How to Start a Career in Google Cloud in 2026 — A practical, example-led guide you can apply right away. Explained by GloryTecks GCP mentors in Hyderabad.",154,How to Start a Career in Google Cloud in 2026,"How to Start a Career in Google Cloud in 2026 — A practical, example-led guide you can apply right away. Explained by GloryTecks GCP mentors in Hyderabad.",,,/blog/how-to-start-a-career-in-google-cloud-in-2026 (set by the page template),false,gcp; start; career; google; cloud,gcp; start; career; google; cloud,0,,0,,4,10 min,false,false,false,,not available: no views column in the CMS and no Search Console export,merge_candidate
5d2d9f9f-7c75-4499-9506-8dbf58f04f09,how-to-start-an-aws-cloud-career-in-2026,/blog/how-to-start-an-aws-cloud-career-in-2026,How to Start an AWS Cloud Career in 2026,published,aws,AWS,guide,Sneha Reddy,sneha-reddy,682d13de-46d8-47b4-914e-58e25b899413,2025-08-26,2025-08-26T00:00:00+00:00,2025-09-30,2026-09-18T14:37:09.131349+00:00,2026-09-18T14:37:09.131349+00:00,693,26,98bc4d427f85c5487d25c58c6950815b179f46d21e1fe4a25c5285dc62b8cdda,posts/how-to-start-an-aws-cloud-career-in-2026.json in the backup,"How to Start an AWS Cloud Career in 2026 — A practical, example-led guide you can apply right away.",99,,How to Start an AWS Cloud Career in 2026,40,"How to Start an AWS Cloud Career in 2026 — A practical, example-led guide you can apply right away. Explained by GloryTecks AWS mentors in Hyderabad.",149,How to Start an AWS Cloud Career in 2026,"How to Start an AWS Cloud Career in 2026 — A practical, example-led guide you can apply right away. Explained by GloryTecks AWS mentors in Hyderabad.",,,/blog/how-to-start-an-aws-cloud-career-in-2026 (set by the page template),false,start; aws; cloud; career,start; aws; cloud; career,0,,0,,4,10 min,false,false,false,,not available: no views column in the CMS and no Search Console export,merge_candidate
61c626df-9374-4773-bae2-e9b073c01985,how-to-structure-a-python-project-the-right-way,/blog/how-to-structure-a-python-project-the-right-way,How to Structure a Python Project the Right Way,published,python,Python,projects,Ravi Kumar,ravi-kumar,4fa1201f-a7aa-4e99-9cc2-b037e972a216,2025-11-22,2025-11-22T00:00:00+00:00,2025-11-22,2026-09-18T14:37:07.161579+00:00,2026-09-18T14:37:07.161579+00:00,559,21,5955965cfddaa98e3320f4a42746a5566bcd21b47f4983f150a5a59bc301a68c,posts/how-to-structure-a-python-project-the-right-way.json in the backup,"How to Structure a Python Project the Right Way — Hands-on project ideas with datasets, scope and what to showcase.",115,,How to Structure a Python Project the Right Way,47,"How to Structure a Python Project the Right Way — Hands-on project ideas with datasets, scope and what to showcase. Explained by GloryTecks Python mentors in Hyderabad.",168,How to Structure a Python Project the Right Way,"How to Structure a Python Project the Right Way — Hands-on project ideas with datasets, scope and what to showcase. Explained by GloryTecks Python mentors in Hyderabad.",,,/blog/how-to-structure-a-python-project-the-right-way (set by the page template),false,structure; python; project; right,structure; python; project; right,0,,0,,4,11 min,false,false,false,,not available: no views column in the CMS and no Search Console export,analyzed
4e48b7b9-3d77-4565-af17-6656bb2060ed,how-to-switch-careers-after-30-a-practical-guide,/blog/how-to-switch-careers-after-30-a-practical-guide,How to Switch Careers After 30: A Practical Guide,published,career-guidance,Career Guidance,guide,GloryTecks Team,glorytecks-team,3bbe4550-883d-4859-8188-29c88e22563e,2026-04-05,2026-04-05T00:00:00+00:00,2026-04-05,2026-09-18T14:37:01.989257+00:00,2026-09-18T14:37:01.989257+00:00,645,24,123c4e8faee8dd0dace53f291446ff475ed9827cf48c430c847349bb07e598d0,posts/how-to-switch-careers-after-30-a-practical-guide.json in the backup,"How to Switch Careers After 30: A Practical Guide — A practical, example-led guide you can apply right away.",108,,How to Switch Careers After 30: A Practical Guide,49,"How to Switch Careers After 30: A Practical Guide — A practical, example-led guide you can apply right away. Explained by GloryTecks Career Guidance mentors in Hyderabad.",170,How to Switch Careers After 30: A Practical Guide,"How to Switch Careers After 30: A Practical Guide — A practical, example-led guide you can apply right away. Explained by GloryTecks Career Guidance mentors in Hyderabad.",,,/blog/how-to-switch-careers-after-30-a-practical-guide (set by the page template),false,career guidance; switch; careers; after; practical,career guidance; switch; careers; after; practical,0,,0,,4,10 min,false,false,false,,not available: no views column in the CMS and no Search Console export,analyzed
0f91d9e0-9355-4520-9ad7-6533c737f1af,how-to-tell-a-story-with-data-a-practical-framework,/blog/how-to-tell-a-story-with-data-a-practical-framework,How to Tell a Story with Data: A Practical Framework,published,data-analytics,Data Analytics,guide,Arjun Nair,arjun-nair,ffb6b867-319d-461f-ba3c-c736b5113800,2026-04-14,2026-04-14T00:00:00+00:00,2026-04-27,2026-09-18T14:37:01.989257+00:00,2026-09-18T14:37:01.989257+00:00,679,26,b57cbe7189f626c514e4e1000354f3b3315d3f653ad938484497d2810671683b,posts/how-to-tell-a-story-with-data-a-practical-framework.json in the backup,"How to Tell a Story with Data: A Practical Framework — A practical, example-led guide you can apply right away.",111,,How to Tell a Story with Data: A Practical Framework,52,"How to Tell a Story with Data: A Practical Framework — A practical, example-led guide you can apply right away. Explained by GloryTecks Data Analytics mentors in Hyderabad.",172,How to Tell a Story with Data: A Practical Framework,"How to Tell a Story with Data: A Practical Framework — A practical, example-led guide you can apply right away. Explained by GloryTecks Data Analytics mentors in Hyderabad.",,,/blog/how-to-tell-a-story-with-data-a-practical-framework (set by the page template),false,data analytics; tell; story; data; practical,data analytics; tell; story; data; practical,0,,0,,4,10 min,false,false,false,,not available: no views column in the CMS and no Search Console export,analyzed
d10e174e-a146-4391-89c9-2ba88fa170a2,how-to-transition-from-testing-to-data-engineering,/blog/how-to-transition-from-testing-to-data-engineering,How to Transition from Testing to Data Engineering,published,career-guidance,Career Guidance,guide,GloryTecks Team,glorytecks-team,3bbe4550-883d-4859-8188-29c88e22563e,2025-12-06,2025-12-06T00:00:00+00:00,2025-12-06,2026-09-18T14:37:07.161579+00:00,2026-09-18T14:37:07.161579+00:00,648,24,c1290e20a291c2e76bc4c4e734bc578f7c6f397c000c692e3eeeceb85b9a8039,posts/how-to-transition-from-testing-to-data-engineering.json in the backup,"How to Transition from Testing to Data Engineering — A practical, example-led guide you can apply right away.",109,,How to Transition from Testing to Data Engineering,50,"How to Transition from Testing to Data Engineering — A practical, example-led guide you can apply right away. Explained by GloryTecks Career Guidance mentors in Hyderabad.",171,How to Transition from Testing to Data Engineering,"How to Transition from Testing to Data Engineering — A practical, example-led guide you can apply right away. Explained by GloryTecks Career Guidance mentors in Hyderabad.",,,/blog/how-to-transition-from-testing-to-data-engineering (set by the page template),false,career guidance; transition; testing; data; engineering,career guidance; transition; testing; data; engineering,0,,0,,4,10 min,false,false,false,,not available: no views column in the CMS and no Search Console export,analyzed
d511d0c2-d5b3-468d-8e53-de794bb760d5,how-to-use-kaggle-to-boost-your-job-profile,/blog/how-to-use-kaggle-to-boost-your-job-profile,How to Use Kaggle to Boost Your Job Profile,published,career-guidance,Career Guidance,guide,GloryTecks Team,glorytecks-team,3bbe4550-883d-4859-8188-29c88e22563e,2025-11-24,2025-11-24T00:00:00+00:00,2025-11-24,2026-09-18T14:37:07.161579+00:00,2026-09-18T14:37:07.161579+00:00,651,24,11f1ceeff1d244edef69702f81fb7f14c3b14de5a9047e7481518ca420771789,posts/how-to-use-kaggle-to-boost-your-job-profile.json in the backup,"How to Use Kaggle to Boost Your Job Profile — A practical, example-led guide you can apply right away.",102,,How to Use Kaggle to Boost Your Job Profile,43,"How to Use Kaggle to Boost Your Job Profile — A practical, example-led guide you can apply right away. Explained by GloryTecks Career Guidance mentors in Hyderabad.",164,How to Use Kaggle to Boost Your Job Profile,"How to Use Kaggle to Boost Your Job Profile — A practical, example-led guide you can apply right away. Explained by GloryTecks Career Guidance mentors in Hyderabad.",,,/blog/how-to-use-kaggle-to-boost-your-job-profile (set by the page template),false,career guidance; use; kaggle; boost; job,career guidance; use; kaggle; boost; job,0,,0,,4,10 min,false,false,true,,not available: no views column in the CMS and no Search Console export,analyzed
4c19b315-d7a3-4d71-803f-c178ab0810e5,how-to-write-a-cover-letter-that-gets-read,/blog/how-to-write-a-cover-letter-that-gets-read,How to Write a Cover Letter That Gets Read,published,career-guidance,Career Guidance,guide,GloryTecks Team,glorytecks-team,3bbe4550-883d-4859-8188-29c88e22563e,2026-04-29,2026-04-29T00:00:00+00:00,2026-04-29,2026-09-18T14:37:01.989257+00:00,2026-09-18T14:37:01.989257+00:00,651,24,0beaac4f9f9ea104dea25661c14e3149edfab026bb09fc3a350e0a8d04daabfb,posts/how-to-write-a-cover-letter-that-gets-read.json in the backup,"How to Write a Cover Letter That Gets Read — A practical, example-led guide you can apply right away.",101,,How to Write a Cover Letter That Gets Read,42,"How to Write a Cover Letter That Gets Read — A practical, example-led guide you can apply right away. Explained by GloryTecks Career Guidance mentors in Hyderabad.",163,How to Write a Cover Letter That Gets Read,"How to Write a Cover Letter That Gets Read — A practical, example-led guide you can apply right away. Explained by GloryTecks Career Guidance mentors in Hyderabad.",,,/blog/how-to-write-a-cover-letter-that-gets-read (set by the page template),false,career guidance; write; cover; letter; read,career guidance; write; cover; letter; read,0,,0,,4,10 min,false,false,false,,not available: no views column in the CMS and no Search Console export,analyzed
3aef54d1-39f7-419e-aa5d-a71209829732,how-to-write-a-data-analysis-report-that-gets-read,/blog/how-to-write-a-data-analysis-report-that-gets-read,How to Write a Data Analysis Report That Gets Read,published,data-analytics,Data Analytics,guide,GloryTecks Team,glorytecks-team,3bbe4550-883d-4859-8188-29c88e22563e,2025-09-28,2025-09-28T00:00:00+00:00,2025-11-16,2026-09-18T14:37:08.808906+00:00,2026-09-18T14:37:08.808906+00:00,685,26,58225a38b5609530debd9b56c2b9d533dcbd1dac98d9a279846f30aae4e9681b,posts/how-to-write-a-data-analysis-report-that-gets-read.json in the backup,"How to Write a Data Analysis Report That Gets Read — A practical, example-led guide you can apply right away.",109,,How to Write a Data Analysis Report That Gets Read,50,"How to Write a Data Analysis Report That Gets Read — A practical, example-led guide you can apply right away. Explained by GloryTecks Data Analytics mentors in Hyderabad.",170,How to Write a Data Analysis Report That Gets Read,"How to Write a Data Analysis Report That Gets Read — A practical, example-led guide you can apply right away. Explained by GloryTecks Data Analytics mentors in Hyderabad.",,,/blog/how-to-write-a-data-analysis-report-that-gets-read (set by the page template),false,data analytics; write; data; analysis; report,data analytics; write; data; analysis; report,0,,0,,4,10 min,false,false,false,,not available: no views column in the CMS and no Search Console export,analyzed
1b0581ad-8b47-4731-b786-9b8b3be0ada0,how-to-write-linkedin-posts-that-get-you-noticed,/blog/how-to-write-linkedin-posts-that-get-you-noticed,How to Write LinkedIn Posts That Get You Noticed,published,career-guidance,Career Guidance,guide,GloryTecks Team,glorytecks-team,3bbe4550-883d-4859-8188-29c88e22563e,2025-09-13,2025-09-13T00:00:00+00:00,2025-09-13,2026-09-18T14:37:08.808906+00:00,2026-09-18T14:37:08.808906+00:00,651,24,b719472667ce42edbd726ef709c287a9e9f0ac459bf000d46594369b435f5248,posts/how-to-write-linkedin-posts-that-get-you-noticed.json in the backup,"How to Write LinkedIn Posts That Get You Noticed — A practical, example-led guide you can apply right away.",107,,How to Write LinkedIn Posts That Get You Noticed,48,"How to Write LinkedIn Posts That Get You Noticed — A practical, example-led guide you can apply right away. Explained by GloryTecks Career Guidance mentors in Hyderabad.",169,How to Write LinkedIn Posts That Get You Noticed,"How to Write LinkedIn Posts That Get You Noticed — A practical, example-led guide you can apply right away. Explained by GloryTecks Career Guidance mentors in Hyderabad.",,,/blog/how-to-write-linkedin-posts-that-get-you-noticed (set by the page template),false,career guidance; write; linkedin; posts; get,career guidance; write; linkedin; posts; get,0,,0,,4,10 min,false,false,false,,not available: no views column in the CMS and no Search Console export,merge_candidate
85814e09-f73e-45b6-8687-c31556b4716f,how-transformers-changed-ai-attention-explained,/blog/how-transformers-changed-ai-attention-explained,How Transformers Changed AI: Attention Explained,published,generative-ai,Generative AI,guide,GloryTecks Team,glorytecks-team,3bbe4550-883d-4859-8188-29c88e22563e,2025-09-05,2025-09-05T00:00:00+00:00,2025-09-05,2026-09-18T14:37:08.808906+00:00,2026-09-18T14:37:08.808906+00:00,690,26,102e29474d2e02365486140bef2dc6d01f191bfad826aa34e23a2b2cc3085f7f,posts/how-transformers-changed-ai-attention-explained.json in the backup,"How Transformers Changed AI: Attention Explained — A practical, example-led guide you can apply right away.",107,,How Transformers Changed AI: Attention Explained,48,"How Transformers Changed AI: Attention Explained — A practical, example-led guide you can apply right away. Explained by GloryTecks Generative AI mentors in Hyderabad.",167,How Transformers Changed AI: Attention Explained,"How Transformers Changed AI: Attention Explained — A practical, example-led guide you can apply right away. Explained by GloryTecks Generative AI mentors in Hyderabad.",,,/blog/how-transformers-changed-ai-attention-explained (set by the page template),false,generative ai; transformers; changed; attention,generative ai; transformers; changed; attention,0,,0,,4,10 min,false,false,false,,not available: no views column in the CMS and no Search Console export,analyzed
c46cf92e-84d8-4a2a-a1e8-1f7390d268b1,hugging-face-transformers-a-practical-getting-started-guide,/blog/hugging-face-transformers-a-practical-getting-started-guide,Hugging Face Transformers: A Practical Getting-Started Guide,published,generative-ai,Generative AI,guide,GloryTecks Team,glorytecks-team,3bbe4550-883d-4859-8188-29c88e22563e,2026-03-16,2026-03-16T00:00:00+00:00,2026-03-16,2026-09-18T14:37:03.893983+00:00,2026-09-18T14:37:03.893983+00:00,689,26,39689796defe2f3cffd91fc09b782bf4d0bfb7f8d8f333cb72238efda625b52c,posts/hugging-face-transformers-a-practical-getting-started-guide.json in the backup,"Hugging Face Transformers: A Practical Getting-Started Guide — A practical, example-led guide you can apply right away.",119,,Hugging Face Transformers: A Practical Getting-Started Guide,60,"Hugging Face Transformers: A Practical Getting-Started Guide — A practical, example-led guide you can apply right away. Explained by GloryTecks Generative AI mentors in Hyderabad.",179,Hugging Face Transformers: A Practical Getting-Started Guide,"Hugging Face Transformers: A Practical Getting-Started Guide — A practical, example-led guide you can apply right away. Explained by GloryTecks Generative AI mentors in Hyderabad.",,,/blog/hugging-face-transformers-a-practical-getting-started-guide (set by the page template),false,generative ai; hugging; face; transformers; practical,generative ai; hugging; face; transformers; practical,0,,0,,4,10 min,false,false,false,,not available: no views column in the CMS and no Search Console export,analyzed
481de930-9098-4ba9-b9c0-9d18bbe08b85,hyperparameter-tuning-grid-search-vs-random-search-vs-bayesian,/blog/hyperparameter-tuning-grid-search-vs-random-search-vs-bayesian,Hyperparameter Tuning: Grid Search vs Random Search vs Bayesian,published,data-science,Data Science,comparison,Ravi Kumar,ravi-kumar,4fa1201f-a7aa-4e99-9cc2-b037e972a216,2026-02-03,2026-02-03T00:00:00+00:00,2026-03-09,2026-09-18T14:37:03.893983+00:00,2026-09-18T14:37:03.893983+00:00,480,17,9ac9745cb05bec5244b9b27dcc8416fb0ebb1bbb1d1d257efa90ead09d319910,posts/hyperparameter-tuning-grid-search-vs-random-search-vs-bayesian.json in the backup,"Hyperparameter Tuning: Grid Search vs Random Search vs Bayesian — A clear, practical comparison to help you decide.",115,,Hyperparameter Tuning: Grid Search vs Random Search vs Bayesian,63,"Hyperparameter Tuning: Grid Search vs Random Search vs Bayesian — A clear, practical comparison to help you decide. Explained by GloryTecks Data Science mentors in Hyderabad.",174,Hyperparameter Tuning: Grid Search vs Random Search vs Bayesian,"Hyperparameter Tuning: Grid Search vs Random Search vs Bayesian — A clear, practical comparison to help you decide. Explained by GloryTecks Data Science mentors in Hyderabad.",,,/blog/hyperparameter-tuning-grid-search-vs-random-search-vs-bayesian (set by the page template),false,data science; hyperparameter; tuning; grid; search,data science; hyperparameter; tuning; grid; search,0,,0,,4,7 min,false,false,false,,not available: no views column in the CMS and no Search Console export,analyzed
8797d685-cfa2-4c42-b713-b989639d4417,idempotency-in-data-pipelines-why-it-matters,/blog/idempotency-in-data-pipelines-why-it-matters,Idempotency in Data Pipelines: Why It Matters,published,data-engineering,Data Engineering,guide,Sneha Reddy,sneha-reddy,682d13de-46d8-47b4-914e-58e25b899413,2026-02-12,2026-02-12T00:00:00+00:00,2026-02-28,2026-09-18T14:37:03.893983+00:00,2026-09-18T14:37:03.893983+00:00,676,26,75c09f791c50e184b3a975c4bfb683bad6add4863165ecad0b96356d5d884dda,posts/idempotency-in-data-pipelines-why-it-matters.json in the backup,"Idempotency in Data Pipelines: Why It Matters — A practical, example-led guide you can apply right away.",104,,Idempotency in Data Pipelines: Why It Matters,45,"Idempotency in Data Pipelines: Why It Matters — A practical, example-led guide you can apply right away. Explained by GloryTecks Data Engineering mentors in Hyderabad.",167,Idempotency in Data Pipelines: Why It Matters,"Idempotency in Data Pipelines: Why It Matters — A practical, example-led guide you can apply right away. Explained by GloryTecks Data Engineering mentors in Hyderabad.",,,/blog/idempotency-in-data-pipelines-why-it-matters (set by the page template),false,data engineering; idempotency; data; pipelines; why,data engineering; idempotency; data; pipelines; why,0,,0,,4,10 min,false,false,false,,not available: no views column in the CMS and no Search Console export,analyzed
ee7bcd59-2acc-4cdd-ae67-84b7bfc38ddb,imposter-syndrome-in-tech-how-to-beat-it,/blog/imposter-syndrome-in-tech-how-to-beat-it,Imposter Syndrome in Tech: How to Beat It,published,career-guidance,Career Guidance,guide,GloryTecks Team,glorytecks-team,3bbe4550-883d-4859-8188-29c88e22563e,2025-09-01,2025-09-01T00:00:00+00:00,2025-09-01,2026-09-18T14:37:08.808906+00:00,2026-09-18T14:37:08.808906+00:00,640,24,32724821e5b095ac1af1622e4115a50d4e6cf734e172a278d95e157b2570af5d,posts/imposter-syndrome-in-tech-how-to-beat-it.json in the backup,"Imposter Syndrome in Tech: How to Beat It — A practical, example-led guide you can apply right away.",100,,Imposter Syndrome in Tech: How to Beat It,41,"Imposter Syndrome in Tech: How to Beat It — A practical, example-led guide you can apply right away. Explained by GloryTecks Career Guidance mentors in Hyderabad.",162,Imposter Syndrome in Tech: How to Beat It,"Imposter Syndrome in Tech: How to Beat It — A practical, example-led guide you can apply right away. Explained by GloryTecks Career Guidance mentors in Hyderabad.",,,/blog/imposter-syndrome-in-tech-how-to-beat-it (set by the page template),false,career guidance; imposter; syndrome; tech; beat,career guidance; imposter; syndrome; tech; beat,0,,0,,4,10 min,false,false,true,,not available: no views column in the CMS and no Search Console export,analyzed
7adfd977-6aeb-43ae-8a2d-eded704af268,incremental-data-loading-in-azure-data-factory,/blog/incremental-data-loading-in-azure-data-factory,Incremental Data Loading in Azure Data Factory,published,azure-data-factory,Azure Data Factory,guide,Sneha Reddy,sneha-reddy,682d13de-46d8-47b4-914e-58e25b899413,2026-03-31,2026-03-31T00:00:00+00:00,2026-03-31,2026-09-18T14:37:01.989257+00:00,2026-09-18T14:37:01.989257+00:00,710,26,b1ab73d0ff2a5446c497a9f5b6b3ed7e6b2d582dffda7b0365a1658c012339c0,posts/incremental-data-loading-in-azure-data-factory.json in the backup,"Incremental Data Loading in Azure Data Factory — A practical, example-led guide you can apply right away.",105,,Incremental Data Loading in Azure Data Factory,46,"Incremental Data Loading in Azure Data Factory — A practical, example-led guide you can apply right away. Explained by GloryTecks Azure Data Factory mentors in Hyderabad.",170,Incremental Data Loading in Azure Data Factory,"Incremental Data Loading in Azure Data Factory — A practical, example-led guide you can apply right away. Explained by GloryTecks Azure Data Factory mentors in Hyderabad.",,,/blog/incremental-data-loading-in-azure-data-factory (set by the page template),false,azure data factory; incremental; data; loading; azure,azure data factory; incremental; data; loading; azure,0,,0,,4,10 min,false,false,false,,not available: no views column in the CMS and no Search Console export,analyzed
ed5125c2-68a9-4721-9b01-a5be174c8166,integration-runtimes-in-adf-azure-self-hosted-and-ssis,/blog/integration-runtimes-in-adf-azure-self-hosted-and-ssis,"Integration Runtimes in ADF: Azure, Self-Hosted and SSIS",published,azure-data-factory,Azure Data Factory,guide,Sneha Reddy,sneha-reddy,682d13de-46d8-47b4-914e-58e25b899413,2026-04-24,2026-04-24T00:00:00+00:00,2026-04-24,2026-09-18T14:37:01.989257+00:00,2026-09-18T14:37:01.989257+00:00,705,26,b8ccba728725d3db3feb2b01c0209967bf9065e8aeb5597f8246b5e597ea11a9,posts/integration-runtimes-in-adf-azure-self-hosted-and-ssis.json in the backup,"Integration Runtimes in ADF: Azure, Self-Hosted and SSIS — A practical, example-led guide you can apply right away.",115,,"Integration Runtimes in ADF: Azure, Self-Hosted and SSIS",56,"Integration Runtimes in ADF: Azure, Self-Hosted and SSIS — A practical, example-led guide you can apply right away. Explained by GloryTecks Azure Data Factory mentors in Hyderabad.",180,"Integration Runtimes in ADF: Azure, Self-Hosted and SSIS","Integration Runtimes in ADF: Azure, Self-Hosted and SSIS — A practical, example-led guide you can apply right away. Explained by GloryTecks Azure Data Factory mentors in Hyderabad.",,,/blog/integration-runtimes-in-adf-azure-self-hosted-and-ssis (set by the page template),false,azure data factory; integration; runtimes; adf; azure,azure data factory; integration; runtimes; adf; azure,0,,0,,4,10 min,false,false,false,,not available: no views column in the CMS and no Search Console export,analyzed
1b0dde28-b020-4114-a180-4e693a672b9a,internships-vs-certifications-what-recruiters-value,/blog/internships-vs-certifications-what-recruiters-value,Internships vs Certifications: What Recruiters Value,published,career-guidance,Career Guidance,comparison,Priya Sharma,priya-sharma,2ef777f6-83c0-4249-9c0b-c4d1f2e17b89,2025-12-24,2025-12-24T00:00:00+00:00,2025-12-24,2026-09-18T14:37:05.849802+00:00,2026-09-18T14:37:05.849802+00:00,474,17,0de57db52773c2bd914b8fe7435da0bff1af7f9dfc787cf5dc6c7334aa0502cb,posts/internships-vs-certifications-what-recruiters-value.json in the backup,"Internships vs Certifications: What Recruiters Value — A clear, practical comparison to help you decide.",104,,Internships vs Certifications: What Recruiters Value,52,"Internships vs Certifications: What Recruiters Value — A clear, practical comparison to help you decide. Explained by GloryTecks Career Guidance mentors in Hyderabad.",166,Internships vs Certifications: What Recruiters Value,"Internships vs Certifications: What Recruiters Value — A clear, practical comparison to help you decide. Explained by GloryTecks Career Guidance mentors in Hyderabad.",,,/blog/internships-vs-certifications-what-recruiters-value (set by the page template),false,career guidance; internships; certifications; recruiters; value,career guidance; internships; certifications; recruiters; value,0,,0,,4,7 min,false,false,false,,not available: no views column in the CMS and no Search Console export,analyzed
b72f8d3e-b8e6-421c-94c2-cb7807bee0a4,interview-tips-for-freshers-how-to-stand-out,/blog/interview-tips-for-freshers-how-to-stand-out,Interview Tips for Freshers: How to Stand Out,published,career-guidance,Career Guidance,guide,Priya Sharma,priya-sharma,2ef777f6-83c0-4249-9c0b-c4d1f2e17b89,2026-05-29,2026-05-29T00:00:00+00:00,2026-05-29,2026-09-18T14:07:29.472253+00:00,2026-09-18T14:07:29.472253+00:00,640,24,ed1997996da0dbe83c590a95f5512cd0e434f4cadb4a5bbe24bebc308a34e58c,posts/interview-tips-for-freshers-how-to-stand-out.json in the backup,"Interview Tips for Freshers: How to Stand Out — A practical, example-led guide you can apply right away.",104,,Interview Tips for Freshers: How to Stand Out,45,"Interview Tips for Freshers: How to Stand Out — A practical, example-led guide you can apply right away. Explained by GloryTecks Career Guidance mentors in Hyderabad.",166,Interview Tips for Freshers: How to Stand Out,"Interview Tips for Freshers: How to Stand Out — A practical, example-led guide you can apply right away. Explained by GloryTecks Career Guidance mentors in Hyderabad.",,,/blog/interview-tips-for-freshers-how-to-stand-out (set by the page template),false,career guidance; interview; tips; freshers; stand,career guidance; interview; tips; freshers; stand,0,,0,,4,10 min,false,true,false,,not available: no views column in the CMS and no Search Console export,merge_candidate
a0224e31-c0b6-4e0b-961b-15d4d967cea9,job-search-strategy-for-the-indian-tech-market-2026,/blog/job-search-strategy-for-the-indian-tech-market-2026,Job Search Strategy for the Indian Tech Market 2026,published,career-guidance,Career Guidance,guide,Priya Sharma,priya-sharma,2ef777f6-83c0-4249-9c0b-c4d1f2e17b89,2025-11-18,2025-11-18T00:00:00+00:00,2025-11-18,2026-09-18T14:37:07.161579+00:00,2026-09-18T14:37:07.161579+00:00,651,24,cc5cdab27cad4f2d127a46b178fb48612619c2511a1817bce6a81b371b0f175c,posts/job-search-strategy-for-the-indian-tech-market-2026.json in the backup,"Job Search Strategy for the Indian Tech Market 2026 — A practical, example-led guide you can apply right away.",110,,Job Search Strategy for the Indian Tech Market 2026,51,"Job Search Strategy for the Indian Tech Market 2026 — A practical, example-led guide you can apply right away. Explained by GloryTecks Career Guidance mentors in Hyderabad.",172,Job Search Strategy for the Indian Tech Market 2026,"Job Search Strategy for the Indian Tech Market 2026 — A practical, example-led guide you can apply right away. Explained by GloryTecks Career Guidance mentors in Hyderabad.",,,/blog/job-search-strategy-for-the-indian-tech-market-2026 (set by the page template),false,career guidance; job; search; strategy; indian,career guidance; job; search; strategy; indian,0,,0,,4,10 min,false,false,false,,not available: no views column in the CMS and no Search Console export,analyzed
a1d2eb6a-b749-455a-a269-4a6f4b870673,kafka-interview-questions-explained,/blog/kafka-interview-questions-explained,Kafka Interview Questions Explained,published,interview-questions,Interview Questions,interview,Priya Sharma,priya-sharma,2ef777f6-83c0-4249-9c0b-c4d1f2e17b89,2026-02-21,2026-02-21T00:00:00+00:00,2026-02-21,2026-09-18T14:37:03.893983+00:00,2026-09-18T14:37:03.893983+00:00,513,13,a48fa5862a19dd1ec9a01d66adde6c8d86ae5fb87ceba316757f9ddc7a0b0b93,posts/kafka-interview-questions-explained.json in the backup,"Kafka Interview Questions Explained — The questions companies actually ask, with concise model answers.",103,,Kafka Interview Questions Explained,35,"Kafka Interview Questions Explained — The questions companies actually ask, with concise model answers. Explained by GloryTecks Interview Questions mentors in Hyderabad.",169,Kafka Interview Questions Explained,"Kafka Interview Questions Explained — The questions companies actually ask, with concise model answers. Explained by GloryTecks Interview Questions mentors in Hyderabad.",,,/blog/kafka-interview-questions-explained (set by the page template),false,interview questions; kafka; interview; questions,interview questions; kafka; interview; questions,0,,0,,9,16 min,false,false,false,,not available: no views column in the CMS and no Search Console export,analyzed
ea96d1e8-01dc-4c4f-9a01-037a1b1f961b,kafka-vs-rabbitmq-vs-pulsar-a-comparison,/blog/kafka-vs-rabbitmq-vs-pulsar-a-comparison,Kafka vs RabbitMQ vs Pulsar: A Comparison,published,data-engineering,Data Engineering,comparison,Sneha Reddy,sneha-reddy,682d13de-46d8-47b4-914e-58e25b899413,2026-01-31,2026-01-31T00:00:00+00:00,2026-03-12,2026-09-18T14:37:03.893983+00:00,2026-09-18T14:37:03.893983+00:00,476,17,8102ae803e92ee72a14cc308f02270e9ba4779b90d07f1983003f38bd936fee9,posts/kafka-vs-rabbitmq-vs-pulsar-a-comparison.json in the backup,"Kafka vs RabbitMQ vs Pulsar: A Comparison — A clear, practical comparison to help you decide.",93,,Kafka vs RabbitMQ vs Pulsar: A Comparison,41,"Kafka vs RabbitMQ vs Pulsar: A Comparison — A clear, practical comparison to help you decide. Explained by GloryTecks Data Engineering mentors in Hyderabad.",156,Kafka vs RabbitMQ vs Pulsar: A Comparison,"Kafka vs RabbitMQ vs Pulsar: A Comparison — A clear, practical comparison to help you decide. Explained by GloryTecks Data Engineering mentors in Hyderabad.",,,/blog/kafka-vs-rabbitmq-vs-pulsar-a-comparison (set by the page template),false,data engineering; kafka; rabbitmq; pulsar; comparison,data engineering; kafka; rabbitmq; pulsar; comparison,0,,0,,4,7 min,false,false,false,,not available: no views column in the CMS and no Search Console export,analyzed
98f34cb5-f169-42a0-ab26-872f08ec71b0,kaggle-for-beginners-how-to-start-and-win-medals,/blog/kaggle-for-beginners-how-to-start-and-win-medals,Kaggle for Beginners: How to Start and Win Medals,published,data-science,Data Science,guide,GloryTecks Team,glorytecks-team,3bbe4550-883d-4859-8188-29c88e22563e,2025-11-05,2025-11-05T00:00:00+00:00,2025-11-19,2026-09-18T14:37:07.161579+00:00,2026-09-18T14:37:07.161579+00:00,676,26,910db1827b1846adbb1aee33e3e1671f20d994814a9270c91d6d56957f78c045,posts/kaggle-for-beginners-how-to-start-and-win-medals.json in the backup,"Kaggle for Beginners: How to Start and Win Medals — A practical, example-led guide you can apply right away.",108,,Kaggle for Beginners: How to Start and Win Medals,49,"Kaggle for Beginners: How to Start and Win Medals — A practical, example-led guide you can apply right away. Explained by GloryTecks Data Science mentors in Hyderabad.",167,Kaggle for Beginners: How to Start and Win Medals,"Kaggle for Beginners: How to Start and Win Medals — A practical, example-led guide you can apply right away. Explained by GloryTecks Data Science mentors in Hyderabad.",,,/blog/kaggle-for-beginners-how-to-start-and-win-medals (set by the page template),false,data science; kaggle; beginners; start; win,data science; kaggle; beginners; start; win,0,,0,,4,10 min,false,false,false,,not available: no views column in the CMS and no Search Console export,analyzed
42609781-0ed4-4d32-ba33-75bb19edaa6e,knowledge-graphs-and-rag-combining-structure-with-search,/blog/knowledge-graphs-and-rag-combining-structure-with-search,Knowledge Graphs and RAG: Combining Structure with Search,published,generative-ai,Generative AI,guide,Ravi Kumar,ravi-kumar,4fa1201f-a7aa-4e99-9cc2-b037e972a216,2025-11-10,2025-11-10T00:00:00+00:00,2025-11-10,2026-09-18T14:37:07.161579+00:00,2026-09-18T14:37:07.161579+00:00,692,26,e639bf12ed105169f8a402cf3e3fed02cff7b3af5776f63f70aa4fd344ddee06,posts/knowledge-graphs-and-rag-combining-structure-with-search.json in the backup,"Knowledge Graphs and RAG: Combining Structure with Search — A practical, example-led guide you can apply right away.",116,,Knowledge Graphs and RAG: Combining Structure with Search,57,"Knowledge Graphs and RAG: Combining Structure with Search — A practical, example-led guide you can apply right away. Explained by GloryTecks Generative AI mentors in Hyderabad.",176,Knowledge Graphs and RAG: Combining Structure with Search,"Knowledge Graphs and RAG: Combining Structure with Search — A practical, example-led guide you can apply right away. Explained by GloryTecks Generative AI mentors in Hyderabad.",,,/blog/knowledge-graphs-and-rag-combining-structure-with-search (set by the page template),false,generative ai; knowledge; graphs; rag; combining,generative ai; knowledge; graphs; rag; combining,0,,0,,4,10 min,false,false,false,,not available: no views column in the CMS and no Search Console export,analyzed
20b6b032-57ba-4d74-8e29-d935a28ce978,kpis-and-cards-in-power-bi-designing-scorecards,/blog/kpis-and-cards-in-power-bi-designing-scorecards,KPIs and Cards in Power BI: Designing Scorecards,published,power-bi,Power BI,guide,GloryTecks Team,glorytecks-team,3bbe4550-883d-4859-8188-29c88e22563e,2025-09-04,2025-09-04T00:00:00+00:00,2025-09-04,2026-09-18T14:37:08.808906+00:00,2026-09-18T14:37:08.808906+00:00,698,26,6ca45729f952517f94b88f1a87dc53a0799bdad4d34858e663897fba54a86510,posts/kpis-and-cards-in-power-bi-designing-scorecards.json in the backup,"KPIs and Cards in Power BI: Designing Scorecards — A practical, example-led guide you can apply right away.",107,,KPIs and Cards in Power BI: Designing Scorecards,48,"KPIs and Cards in Power BI: Designing Scorecards — A practical, example-led guide you can apply right away. Explained by GloryTecks Power BI mentors in Hyderabad.",162,KPIs and Cards in Power BI: Designing Scorecards,"KPIs and Cards in Power BI: Designing Scorecards — A practical, example-led guide you can apply right away. Explained by GloryTecks Power BI mentors in Hyderabad.",,,/blog/kpis-and-cards-in-power-bi-designing-scorecards (set by the page template),false,power bi; kpis; cards; power; designing,power bi; kpis; cards; power; designing,0,,0,,4,10 min,false,false,false,,not available: no views column in the CMS and no Search Console export,analyzed
ec6d3a2b-d54f-4120-b2a0-cea1aca87904,kubeflow-pipelines-an-introduction-for-ml-engineers,/blog/kubeflow-pipelines-an-introduction-for-ml-engineers,Kubeflow Pipelines: An Introduction for ML Engineers,published,mlops,MLOps,guide,Ravi Kumar,ravi-kumar,4fa1201f-a7aa-4e99-9cc2-b037e972a216,2026-03-26,2026-03-26T00:00:00+00:00,2026-03-26,2026-09-18T14:37:01.989257+00:00,2026-09-18T14:37:01.989257+00:00,663,26,da49074ad21d3dc404554d47fd3eab7d5d4341b227b160ee64969220818e3983,posts/kubeflow-pipelines-an-introduction-for-ml-engineers.json in the backup,"Kubeflow Pipelines: An Introduction for ML Engineers — A practical, example-led guide you can apply right away.",111,,Kubeflow Pipelines: An Introduction for ML Engineers,52,"Kubeflow Pipelines: An Introduction for ML Engineers — A practical, example-led guide you can apply right away. Explained by GloryTecks MLOps mentors in Hyderabad.",163,Kubeflow Pipelines: An Introduction for ML Engineers,"Kubeflow Pipelines: An Introduction for ML Engineers — A practical, example-led guide you can apply right away. Explained by GloryTecks MLOps mentors in Hyderabad.",,,/blog/kubeflow-pipelines-an-introduction-for-ml-engineers (set by the page template),false,mlops; kubeflow; pipelines; introduction; engineers,mlops; kubeflow; pipelines; introduction; engineers,0,,0,,4,10 min,false,false,true,,not available: no views column in the CMS and no Search Console export,analyzed
3f2ad586-f5da-42b3-8e62-85828f47be4a,kubernetes-for-ml-deploying-models-at-scale,/blog/kubernetes-for-ml-deploying-models-at-scale,Kubernetes for ML: Deploying Models at Scale,published,mlops,MLOps,guide,Ravi Kumar,ravi-kumar,4fa1201f-a7aa-4e99-9cc2-b037e972a216,2026-05-25,2026-05-25T00:00:00+00:00,2026-05-25,2026-09-18T14:07:32.315058+00:00,2026-09-18T14:07:32.315058+00:00,665,26,e670ea73c50467bb63a74e592c966bbcd217d77488a40a2e70ede415a6c84abd,posts/kubernetes-for-ml-deploying-models-at-scale.json in the backup,"Kubernetes for ML: Deploying Models at Scale — A practical, example-led guide you can apply right away.",103,,Kubernetes for ML: Deploying Models at Scale,44,"Kubernetes for ML: Deploying Models at Scale — A practical, example-led guide you can apply right away. Explained by GloryTecks MLOps mentors in Hyderabad.",155,Kubernetes for ML: Deploying Models at Scale,"Kubernetes for ML: Deploying Models at Scale — A practical, example-led guide you can apply right away. Explained by GloryTecks MLOps mentors in Hyderabad.",,,/blog/kubernetes-for-ml-deploying-models-at-scale (set by the page template),false,mlops; kubernetes; deploying; models; scale,mlops; kubernetes; deploying; models; scale,0,,0,,4,10 min,false,true,false,,not available: no views column in the CMS and no Search Console export,analyzed
7c1a79b1-add2-41a7-a2c7-deb2d9b2f5b5,lambda-functions-map-filter-and-reduce-in-python,/blog/lambda-functions-map-filter-and-reduce-in-python,"Lambda Functions, map, filter and reduce in Python",published,python,Python,guide,Ravi Kumar,ravi-kumar,4fa1201f-a7aa-4e99-9cc2-b037e972a216,2026-02-26,2026-02-26T00:00:00+00:00,2026-02-26,2026-09-18T14:37:03.893983+00:00,2026-09-18T14:37:03.893983+00:00,660,26,f9164d72d4e7d3f094d89fd2116ae710909efc3a791f086986cba51cd2092e57,posts/lambda-functions-map-filter-and-reduce-in-python.json in the backup,"Lambda Functions, map, filter and reduce in Python — A practical, example-led guide you can apply right away.",109,,"Lambda Functions, map, filter and reduce in Python",50,"Lambda Functions, map, filter and reduce in Python — A practical, example-led guide you can apply right away. Explained by GloryTecks Python mentors in Hyderabad.",162,"Lambda Functions, map, filter and reduce in Python","Lambda Functions, map, filter and reduce in Python — A practical, example-led guide you can apply right away. Explained by GloryTecks Python mentors in Hyderabad.",,,/blog/lambda-functions-map-filter-and-reduce-in-python (set by the page template),false,python; lambda; functions; map; filter,python; lambda; functions; map; filter,0,,0,,4,10 min,false,false,false,,not available: no views column in the CMS and no Search Console export,analyzed
8ba7805d-9e58-483f-9b23-4f261c9b40c5,lambda-vs-kappa-architecture-explained,/blog/lambda-vs-kappa-architecture-explained,Lambda vs Kappa Architecture Explained,published,data-engineering,Data Engineering,comparison,Sneha Reddy,sneha-reddy,682d13de-46d8-47b4-914e-58e25b899413,2025-10-15,2025-10-15T00:00:00+00:00,2025-10-31,2026-09-18T14:37:08.808906+00:00,2026-09-18T14:37:08.808906+00:00,474,17,67b76f8058c30340b3a25585b05d41dcb7c26587d332742748fa88e00af8e7fe,posts/lambda-vs-kappa-architecture-explained.json in the backup,"Lambda vs Kappa Architecture Explained — A clear, practical comparison to help you decide.",90,,Lambda vs Kappa Architecture Explained,38,"Lambda vs Kappa Architecture Explained — A clear, practical comparison to help you decide. Explained by GloryTecks Data Engineering mentors in Hyderabad.",153,Lambda vs Kappa Architecture Explained,"Lambda vs Kappa Architecture Explained — A clear, practical comparison to help you decide. Explained by GloryTecks Data Engineering mentors in Hyderabad.",,,/blog/lambda-vs-kappa-architecture-explained (set by the page template),false,data engineering; lambda; kappa; architecture,data engineering; lambda; kappa; architecture,0,,0,,4,7 min,false,false,false,,not available: no views column in the CMS and no Search Console export,analyzed
9f745723-761c-4d15-a4c9-c633b10ad3c2,langchain-tutorial-build-your-first-llm-app,/blog/langchain-tutorial-build-your-first-llm-app,LangChain Tutorial: Build Your First LLM App,published,generative-ai,Generative AI,guide,GloryTecks Team,glorytecks-team,3bbe4550-883d-4859-8188-29c88e22563e,2026-05-27,2026-05-27T00:00:00+00:00,2026-05-27,2026-09-18T14:07:30.709618+00:00,2026-09-18T14:07:30.709618+00:00,687,26,322a220b70ac68c8a36ff770166e5664a393f5db1f2bb9fa110b7249dea00ec6,posts/langchain-tutorial-build-your-first-llm-app.json in the backup,"LangChain Tutorial: Build Your First LLM App — A practical, example-led guide you can apply right away.",103,,LangChain Tutorial: Build Your First LLM App,44,"LangChain Tutorial: Build Your First LLM App — A practical, example-led guide you can apply right away. Explained by GloryTecks Generative AI mentors in Hyderabad.",163,LangChain Tutorial: Build Your First LLM App,"LangChain Tutorial: Build Your First LLM App — A practical, example-led guide you can apply right away. Explained by GloryTecks Generative AI mentors in Hyderabad.",,,/blog/langchain-tutorial-build-your-first-llm-app (set by the page template),false,generative ai; langchain; tutorial; build; first,generative ai; langchain; tutorial; build; first,0,,0,,4,10 min,false,true,false,,not available: no views column in the CMS and no Search Console export,analyzed
c2a710dd-db6f-4119-b844-59bd08f77282,langgraph-tutorial-building-stateful-ai-agents,/blog/langgraph-tutorial-building-stateful-ai-agents,LangGraph Tutorial: Building Stateful AI Agents,published,generative-ai,Generative AI,guide,Ravi Kumar,ravi-kumar,4fa1201f-a7aa-4e99-9cc2-b037e972a216,2026-05-21,2026-05-21T00:00:00+00:00,2026-05-21,2026-09-18T14:07:35.53241+00:00,2026-09-18T14:07:35.53241+00:00,686,26,3407344fddc3715b756d5af757e431ffdc1ed3329d9a6065b623362954bb13d8,posts/langgraph-tutorial-building-stateful-ai-agents.json in the backup,"LangGraph Tutorial: Building Stateful AI Agents — A practical, example-led guide you can apply right away.",106,,LangGraph Tutorial: Building Stateful AI Agents,47,"LangGraph Tutorial: Building Stateful AI Agents — A practical, example-led guide you can apply right away. Explained by GloryTecks Generative AI mentors in Hyderabad.",166,LangGraph Tutorial: Building Stateful AI Agents,"LangGraph Tutorial: Building Stateful AI Agents — A practical, example-led guide you can apply right away. Explained by GloryTecks Generative AI mentors in Hyderabad.",,,/blog/langgraph-tutorial-building-stateful-ai-agents (set by the page template),false,generative ai; langgraph; tutorial; building; stateful,generative ai; langgraph; tutorial; building; stateful,0,,0,,4,10 min,false,true,true,,not available: no views column in the CMS and no Search Console export,needs_review
92281b73-ee0d-43f7-b140-250bb2a84d7d,learn-python-from-scratch-a-complete-2026-roadmap,/blog/learn-python-from-scratch-a-complete-2026-roadmap,Learn Python from Scratch: A Complete 2026 Roadmap,published,python,Python,roadmap,Ravi Kumar,ravi-kumar,4fa1201f-a7aa-4e99-9cc2-b037e972a216,2026-06-14,2026-06-14T00:00:00+00:00,2026-06-14,2026-09-18T14:07:15.903485+00:00,2026-09-18T14:07:15.903485+00:00,648,28,fee8c9e793b0ec53a2fca146237c99280c3da4a6b4634d1061e6d0e958f1d6d7,posts/learn-python-from-scratch-a-complete-2026-roadmap.json in the backup,"Learn Python from Scratch: A Complete 2026 Roadmap — A step-by-step roadmap with skills, tools and a realistic timeline.",120,,Learn Python from Scratch: A Complete 2026 Roadmap,50,"Learn Python from Scratch: A Complete 2026 Roadmap — A step-by-step roadmap with skills, tools and a realistic timeline. Explained by GloryTecks Python mentors in Hyderabad.",173,Learn Python from Scratch: A Complete 2026 Roadmap,"Learn Python from Scratch: A Complete 2026 Roadmap — A step-by-step roadmap with skills, tools and a realistic timeline. Explained by GloryTecks Python mentors in Hyderabad.",,,/blog/learn-python-from-scratch-a-complete-2026-roadmap (set by the page template),false,learn; python; roadmap,learn; python; roadmap,0,,0,,4,13 min,true,false,false,,not available: no views column in the CMS and no Search Console export,needs_review
8224db35-de1e-43a7-b3bc-57bb3b1881bc,linked-services-in-azure-data-factory-explained,/blog/linked-services-in-azure-data-factory-explained,Linked Services in Azure Data Factory Explained,published,azure-data-factory,Azure Data Factory,guide,Sneha Reddy,sneha-reddy,682d13de-46d8-47b4-914e-58e25b899413,2026-05-30,2026-05-30T00:00:00+00:00,2026-05-30,2026-09-18T14:07:28.645496+00:00,2026-09-18T14:07:28.645496+00:00,710,26,ec0db81c48d75716ef7d01b838d59bd363b080164bf960cbe8eaf8ebaa66e131,posts/linked-services-in-azure-data-factory-explained.json in the backup,"Linked Services in Azure Data Factory Explained — A practical, example-led guide you can apply right away.",106,,Linked Services in Azure Data Factory Explained,47,"Linked Services in Azure Data Factory Explained — A practical, example-led guide you can apply right away. Explained by GloryTecks Azure Data Factory mentors in Hyderabad.",171,Linked Services in Azure Data Factory Explained,"Linked Services in Azure Data Factory Explained — A practical, example-led guide you can apply right away. Explained by GloryTecks Azure Data Factory mentors in Hyderabad.",,,/blog/linked-services-in-azure-data-factory-explained (set by the page template),false,azure data factory; linked; services; azure; data,azure data factory; linked; services; azure; data,0,,0,,4,10 min,false,true,false,,not available: no views column in the CMS and no Search Console export,analyzed
6fb04597-c9b0-46c7-a854-a262c7b17653,linkedin-optimization-for-tech-job-seekers-in-2026,/blog/linkedin-optimization-for-tech-job-seekers-in-2026,LinkedIn Optimization for Tech Job Seekers in 2026,published,career-guidance,Career Guidance,guide,GloryTecks Team,glorytecks-team,3bbe4550-883d-4859-8188-29c88e22563e,2026-06-04,2026-06-04T00:00:00+00:00,2026-06-04,2026-09-18T14:07:24.60165+00:00,2026-09-18T14:07:24.60165+00:00,648,24,abdcd5a7c14990d06f97a87d11e6520bc2a840e469bf9e05e10e0873998c3f63,posts/linkedin-optimization-for-tech-job-seekers-in-2026.json in the backup,"LinkedIn Optimization for Tech Job Seekers in 2026 — A practical, example-led guide you can apply right away.",109,,LinkedIn Optimization for Tech Job Seekers in 2026,50,"LinkedIn Optimization for Tech Job Seekers in 2026 — A practical, example-led guide you can apply right away. Explained by GloryTecks Career Guidance mentors in Hyderabad.",171,LinkedIn Optimization for Tech Job Seekers in 2026,"LinkedIn Optimization for Tech Job Seekers in 2026 — A practical, example-led guide you can apply right away. Explained by GloryTecks Career Guidance mentors in Hyderabad.",,,/blog/linkedin-optimization-for-tech-job-seekers-in-2026 (set by the page template),false,career guidance; linkedin; optimization; tech; job,career guidance; linkedin; optimization; tech; job,0,,0,,4,10 min,false,true,false,,not available: no views column in the CMS and no Search Console export,analyzed
e29aba5c-08bd-4f10-99d5-d1b1418cff33,linux-interview-questions-for-data-engineers,/blog/linux-interview-questions-for-data-engineers,Linux Interview Questions for Data Engineers,published,interview-questions,Interview Questions,interview,Priya Sharma,priya-sharma,2ef777f6-83c0-4249-9c0b-c4d1f2e17b89,2025-12-11,2025-12-11T00:00:00+00:00,2025-12-11,2026-09-18T14:37:05.849802+00:00,2026-09-18T14:37:05.849802+00:00,517,13,3267ee52ed398f5ddd96ae5b8138a7ccadb3ee0acac81b54101e86b41b34cbfa,posts/linux-interview-questions-for-data-engineers.json in the backup,"Linux Interview Questions for Data Engineers — The questions companies actually ask, with concise model answers.",112,,Linux Interview Questions for Data Engineers,44,"Linux Interview Questions for Data Engineers — The questions companies actually ask, with concise model answers. Explained by GloryTecks Interview Questions mentors in Hyderabad.",178,Linux Interview Questions for Data Engineers,"Linux Interview Questions for Data Engineers — The questions companies actually ask, with concise model answers. Explained by GloryTecks Interview Questions mentors in Hyderabad.",,,/blog/linux-interview-questions-for-data-engineers (set by the page template),false,interview questions; linux; interview; questions; data,interview questions; linux; interview; questions; data,0,,0,,9,16 min,false,false,true,,not available: no views column in the CMS and no Search Console export,analyzed
b4ac66bd-2b59-4cbe-aca0-0a15202e3b22,list-comprehensions-in-python-a-complete-guide,/blog/list-comprehensions-in-python-a-complete-guide,List Comprehensions in Python: A Complete Guide,published,python,Python,guide,Ravi Kumar,ravi-kumar,4fa1201f-a7aa-4e99-9cc2-b037e972a216,2026-04-15,2026-04-15T00:00:00+00:00,2026-04-15,2026-09-18T14:37:01.989257+00:00,2026-09-18T14:37:01.989257+00:00,651,26,3381d6966d79784228a57ada5845a8e3c4988fcb854ad94060e0a8108f23e867,posts/list-comprehensions-in-python-a-complete-guide.json in the backup,"List Comprehensions in Python: A Complete Guide — A practical, example-led guide you can apply right away.",106,,List Comprehensions in Python: A Complete Guide,47,"List Comprehensions in Python: A Complete Guide — A practical, example-led guide you can apply right away. Explained by GloryTecks Python mentors in Hyderabad.",159,List Comprehensions in Python: A Complete Guide,"List Comprehensions in Python: A Complete Guide — A practical, example-led guide you can apply right away. Explained by GloryTecks Python mentors in Hyderabad.",,,/blog/list-comprehensions-in-python-a-complete-guide (set by the page template),false,list; comprehensions; python,list; comprehensions; python,0,,0,,4,10 min,false,false,false,,not available: no views column in the CMS and no Search Console export,analyzed
febfa389-7f80-45fd-bde4-25b5ae7d0d6e,llamaindex-vs-langchain-which-framework-to-pick,/blog/llamaindex-vs-langchain-which-framework-to-pick,LlamaIndex vs LangChain: Which Framework to Pick,published,generative-ai,Generative AI,comparison,Ravi Kumar,ravi-kumar,4fa1201f-a7aa-4e99-9cc2-b037e972a216,2025-10-17,2025-10-17T00:00:00+00:00,2025-10-17,2026-09-18T14:37:08.808906+00:00,2026-09-18T14:37:08.808906+00:00,484,17,e3fc88377eff6cdfdd0b71f3c0c2a2edbb15ec26b3e54d6f7e81e7ef77a794a9,posts/llamaindex-vs-langchain-which-framework-to-pick.json in the backup,"LlamaIndex vs LangChain: Which Framework to Pick — A clear, practical comparison to help you decide.",100,,LlamaIndex vs LangChain: Which Framework to Pick,48,"LlamaIndex vs LangChain: Which Framework to Pick — A clear, practical comparison to help you decide. Explained by GloryTecks Generative AI mentors in Hyderabad.",160,LlamaIndex vs LangChain: Which Framework to Pick,"LlamaIndex vs LangChain: Which Framework to Pick — A clear, practical comparison to help you decide. Explained by GloryTecks Generative AI mentors in Hyderabad.",,,/blog/llamaindex-vs-langchain-which-framework-to-pick (set by the page template),false,generative ai; llamaindex; langchain; which; framework,generative ai; llamaindex; langchain; which; framework,0,,0,,4,7 min,false,false,false,,not available: no views column in the CMS and no Search Console export,analyzed
de23e560-4458-43a9-bc0e-288abb32dd59,loading-data-into-bigquery-batch-and-streaming,/blog/loading-data-into-bigquery-batch-and-streaming,Loading Data into BigQuery: Batch and Streaming,published,gcp,GCP,guide,Sneha Reddy,sneha-reddy,682d13de-46d8-47b4-914e-58e25b899413,2026-01-18,2026-01-18T00:00:00+00:00,2026-01-18,2026-09-18T14:37:05.849802+00:00,2026-09-18T14:37:05.849802+00:00,661,26,2bf739aaec8a7d727eaeb2ee0188c7a93e50a1e362ba9172b2d11906c90c1306,posts/loading-data-into-bigquery-batch-and-streaming.json in the backup,"Loading Data into BigQuery: Batch and Streaming — A practical, example-led guide you can apply right away.",106,,Loading Data into BigQuery: Batch and Streaming,47,"Loading Data into BigQuery: Batch and Streaming — A practical, example-led guide you can apply right away. Explained by GloryTecks GCP mentors in Hyderabad.",156,Loading Data into BigQuery: Batch and Streaming,"Loading Data into BigQuery: Batch and Streaming — A practical, example-led guide you can apply right away. Explained by GloryTecks GCP mentors in Hyderabad.",,,/blog/loading-data-into-bigquery-batch-and-streaming (set by the page template),false,gcp; loading; data; into; bigquery,gcp; loading; data; into; bigquery,0,,0,,4,10 min,false,false,false,,not available: no views column in the CMS and no Search Console export,analyzed
77a5d528-ac38-4bfa-950b-081b5843945b,loading-data-into-redshift-copy-and-best-practices,/blog/loading-data-into-redshift-copy-and-best-practices,Loading Data into Redshift: COPY and Best Practices,published,aws,AWS,guide,GloryTecks Team,glorytecks-team,3bbe4550-883d-4859-8188-29c88e22563e,2026-02-16,2026-02-16T00:00:00+00:00,2026-04-04,2026-09-18T14:37:03.893983+00:00,2026-09-18T14:37:03.893983+00:00,682,26,d877339bc2fe95d35d25dccba6ebea8b062f62b31696e4e9f6c603d16a253bd5,posts/loading-data-into-redshift-copy-and-best-practices.json in the backup,"Loading Data into Redshift: COPY and Best Practices — A practical, example-led guide you can apply right away.",110,,Loading Data into Redshift: COPY and Best Practices,51,"Loading Data into Redshift: COPY and Best Practices — A practical, example-led guide you can apply right away. Explained by GloryTecks AWS mentors in Hyderabad.",160,Loading Data into Redshift: COPY and Best Practices,"Loading Data into Redshift: COPY and Best Practices — A practical, example-led guide you can apply right away. Explained by GloryTecks AWS mentors in Hyderabad.",,,/blog/loading-data-into-redshift-copy-and-best-practices (set by the page template),false,aws; loading; data; into; redshift,aws; loading; data; into; redshift,0,,0,,4,10 min,false,false,false,,not available: no views column in the CMS and no Search Console export,analyzed
486039c8-bd1c-4c44-8949-472539431d83,loading-data-into-synapse-with-adf,/blog/loading-data-into-synapse-with-adf,Loading Data into Synapse with ADF,published,azure-data-factory,Azure Data Factory,guide,GloryTecks Team,glorytecks-team,3bbe4550-883d-4859-8188-29c88e22563e,2025-11-25,2025-11-25T00:00:00+00:00,2025-11-25,2026-09-18T14:37:07.161579+00:00,2026-09-18T14:37:07.161579+00:00,707,26,99ec4bebefd77942344271c1dc4825b1e5c9f6e9a9315a8220ec9dd861ac4a3b,posts/loading-data-into-synapse-with-adf.json in the backup,"Loading Data into Synapse with ADF — A practical, example-led guide you can apply right away.",93,,Loading Data into Synapse with ADF,34,"Loading Data into Synapse with ADF — A practical, example-led guide you can apply right away. Explained by GloryTecks Azure Data Factory mentors in Hyderabad.",158,Loading Data into Synapse with ADF,"Loading Data into Synapse with ADF — A practical, example-led guide you can apply right away. Explained by GloryTecks Azure Data Factory mentors in Hyderabad.",,,/blog/loading-data-into-synapse-with-adf (set by the page template),false,azure data factory; loading; data; into; synapse,azure data factory; loading; data; into; synapse,0,,0,,4,10 min,false,false,false,,not available: no views column in the CMS and no Search Console export,analyzed
767a823a-60a9-4aff-a23b-adf9a2bbf1a0,logging-and-observability-for-ml-systems,/blog/logging-and-observability-for-ml-systems,Logging and Observability for ML Systems,published,mlops,MLOps,guide,Sneha Reddy,sneha-reddy,682d13de-46d8-47b4-914e-58e25b899413,2026-01-31,2026-01-31T00:00:00+00:00,2026-01-31,2026-09-18T14:37:03.893983+00:00,2026-09-18T14:37:03.893983+00:00,670,26,cbb84255d8f8855cdfdc7a3cd6b94acaccd50d7b9a832c9733f2af5ebd245c13,posts/logging-and-observability-for-ml-systems.json in the backup,"Logging and Observability for ML Systems — A practical, example-led guide you can apply right away.",99,,Logging and Observability for ML Systems,40,"Logging and Observability for ML Systems — A practical, example-led guide you can apply right away. Explained by GloryTecks MLOps mentors in Hyderabad.",151,Logging and Observability for ML Systems,"Logging and Observability for ML Systems — A practical, example-led guide you can apply right away. Explained by GloryTecks MLOps mentors in Hyderabad.",,,/blog/logging-and-observability-for-ml-systems (set by the page template),false,mlops; logging; observability; systems,mlops; logging; observability; systems,0,,0,,4,10 min,false,false,false,,not available: no views column in the CMS and no Search Console export,analyzed
c9fcf5cd-00cd-45fa-adcb-24226dcf60e6,looker-and-looker-studio-on-gcp-explained,/blog/looker-and-looker-studio-on-gcp-explained,Looker and Looker Studio on GCP Explained,published,gcp,GCP,guide,Sneha Reddy,sneha-reddy,682d13de-46d8-47b4-914e-58e25b899413,2026-02-23,2026-02-23T00:00:00+00:00,2026-02-23,2026-09-18T14:37:03.893983+00:00,2026-09-18T14:37:03.893983+00:00,667,26,dae83e7c821975e2a994303d3ef4ab953c5cb4e64ca985ac587afbdfc1d51e28,posts/looker-and-looker-studio-on-gcp-explained.json in the backup,"Looker and Looker Studio on GCP Explained — A practical, example-led guide you can apply right away.",100,,Looker and Looker Studio on GCP Explained,41,"Looker and Looker Studio on GCP Explained — A practical, example-led guide you can apply right away. Explained by GloryTecks GCP mentors in Hyderabad.",150,Looker and Looker Studio on GCP Explained,"Looker and Looker Studio on GCP Explained — A practical, example-led guide you can apply right away. Explained by GloryTecks GCP mentors in Hyderabad.",,,/blog/looker-and-looker-studio-on-gcp-explained (set by the page template),false,looker; studio; gcp,looker; studio; gcp,0,,0,,4,10 min,false,false,false,,not available: no views column in the CMS and no Search Console export,analyzed
c60523ec-8b64-4ffd-b61f-29cebb764ea5,looker-studio-tutorial-free-dashboards-for-beginners,/blog/looker-studio-tutorial-free-dashboards-for-beginners,Looker Studio Tutorial: Free Dashboards for Beginners,published,data-analytics,Data Analytics,guide,GloryTecks Team,glorytecks-team,3bbe4550-883d-4859-8188-29c88e22563e,2025-12-09,2025-12-09T00:00:00+00:00,2026-01-03,2026-09-18T14:37:05.849802+00:00,2026-09-18T14:37:05.849802+00:00,668,26,98a3d5756e0c31f0cbf58cceed2c1d741c3e1956dbef766b9e128ebc41ff5394,posts/looker-studio-tutorial-free-dashboards-for-beginners.json in the backup,"Looker Studio Tutorial: Free Dashboards for Beginners — A practical, example-led guide you can apply right away.",112,,Looker Studio Tutorial: Free Dashboards for Beginners,53,"Looker Studio Tutorial: Free Dashboards for Beginners — A practical, example-led guide you can apply right away. Explained by GloryTecks Data Analytics mentors in Hyderabad.",173,Looker Studio Tutorial: Free Dashboards for Beginners,"Looker Studio Tutorial: Free Dashboards for Beginners — A practical, example-led guide you can apply right away. Explained by GloryTecks Data Analytics mentors in Hyderabad.",,,/blog/looker-studio-tutorial-free-dashboards-for-beginners (set by the page template),false,data analytics; looker; studio; tutorial; free,data analytics; looker; studio; tutorial; free,0,,0,,4,10 min,false,false,false,,not available: no views column in the CMS and no Search Console export,analyzed
c802eb21-8ce4-43f3-b456-c2b882f32fcb,lookup-and-get-metadata-activities-in-adf,/blog/lookup-and-get-metadata-activities-in-adf,Lookup and Get Metadata Activities in ADF,published,azure-data-factory,Azure Data Factory,guide,Sneha Reddy,sneha-reddy,682d13de-46d8-47b4-914e-58e25b899413,2026-02-23,2026-02-23T00:00:00+00:00,2026-02-23,2026-09-18T14:37:03.893983+00:00,2026-09-18T14:37:03.893983+00:00,710,26,e300f0351804fccea2f63d913013f0597b83c80f8fbf5a36d4e310ed4f7cd5cd,posts/lookup-and-get-metadata-activities-in-adf.json in the backup,"Lookup and Get Metadata Activities in ADF — A practical, example-led guide you can apply right away.",100,,Lookup and Get Metadata Activities in ADF,41,"Lookup and Get Metadata Activities in ADF — A practical, example-led guide you can apply right away. Explained by GloryTecks Azure Data Factory mentors in Hyderabad.",165,Lookup and Get Metadata Activities in ADF,"Lookup and Get Metadata Activities in ADF — A practical, example-led guide you can apply right away. Explained by GloryTecks Azure Data Factory mentors in Hyderabad.",,,/blog/lookup-and-get-metadata-activities-in-adf (set by the page template),false,azure data factory; lookup; get; metadata; activities,azure data factory; lookup; get; metadata; activities,0,,0,,4,10 min,false,false,true,,not available: no views column in the CMS and no Search Console export,analyzed
20f9abf2-4641-4a3f-94cf-382079f3bd9c,lora-and-qlora-efficient-fine-tuning-explained,/blog/lora-and-qlora-efficient-fine-tuning-explained,LoRA and QLoRA: Efficient Fine-Tuning Explained,published,generative-ai,Generative AI,guide,Ravi Kumar,ravi-kumar,4fa1201f-a7aa-4e99-9cc2-b037e972a216,2026-03-22,2026-03-22T00:00:00+00:00,2026-03-22,2026-09-18T14:37:01.989257+00:00,2026-09-18T14:37:01.989257+00:00,688,26,ae11265191e3a75cda413ee1e31043a96f0baf9cf3e70ecee445d2cddbee74e6,posts/lora-and-qlora-efficient-fine-tuning-explained.json in the backup,"LoRA and QLoRA: Efficient Fine-Tuning Explained — A practical, example-led guide you can apply right away.",106,,LoRA and QLoRA: Efficient Fine-Tuning Explained,47,"LoRA and QLoRA: Efficient Fine-Tuning Explained — A practical, example-led guide you can apply right away. Explained by GloryTecks Generative AI mentors in Hyderabad.",166,LoRA and QLoRA: Efficient Fine-Tuning Explained,"LoRA and QLoRA: Efficient Fine-Tuning Explained — A practical, example-led guide you can apply right away. Explained by GloryTecks Generative AI mentors in Hyderabad.",,,/blog/lora-and-qlora-efficient-fine-tuning-explained (set by the page template),false,generative ai; lora; qlora; efficient; fine,generative ai; lora; qlora; efficient; fine,0,,0,,4,10 min,false,false,false,,not available: no views column in the CMS and no Search Console export,analyzed
91d16817-f3bf-4b01-b6d3-01df7e635c83,machine-learning-interview-questions-concepts-and-answers,/blog/machine-learning-interview-questions-concepts-and-answers,Machine Learning Interview Questions: Concepts and Answers,published,interview-questions,Interview Questions,interview,Ravi Kumar,ravi-kumar,4fa1201f-a7aa-4e99-9cc2-b037e972a216,2026-04-28,2026-04-28T00:00:00+00:00,2026-04-28,2026-09-18T14:37:01.989257+00:00,2026-09-18T14:37:01.989257+00:00,516,13,99a34b5a0db8d8e7940c8fa00f0283939b9d19569b68c9726890f99528e2b2f3,posts/machine-learning-interview-questions-concepts-and-answers.json in the backup,"Machine Learning Interview Questions: Concepts and Answers — The questions companies actually ask, with concise model answers.",126,,Machine Learning Interview Questions: Concepts and Answers,58,"Machine Learning Interview Questions: Concepts and Answers — The questions companies actually ask, with concise model answers. Explained by GloryTecks Interview Questions mentors in Hyderabad.",192,Machine Learning Interview Questions: Concepts and Answers,"Machine Learning Interview Questions: Concepts and Answers — The questions companies actually ask, with concise model answers. Explained by GloryTecks Interview Questions mentors in Hyderabad.",,,/blog/machine-learning-interview-questions-concepts-and-answers (set by the page template),false,interview questions; machine; learning; interview; questions,interview questions; machine; learning; interview; questions,0,,0,,9,16 min,false,false,false,,not available: no views column in the CMS and no Search Console export,analyzed
ce868598-2bb0-47b5-831c-bab2ebb0888d,machine-learning-roadmap-for-beginners-in-2026,/blog/machine-learning-roadmap-for-beginners-in-2026,Machine Learning Roadmap for Beginners in 2026,published,data-science,Data Science,roadmap,Ravi Kumar,ravi-kumar,4fa1201f-a7aa-4e99-9cc2-b037e972a216,2026-05-22,2026-05-22T00:00:00+00:00,2026-06-09,2026-09-18T14:07:35.123428+00:00,2026-09-18T14:07:35.123428+00:00,675,28,5ba53b630afb0fe1362e78364f6521f2fc6908cce214e0aa230cfb5e2f2b8592,posts/machine-learning-roadmap-for-beginners-in-2026.json in the backup,"Machine Learning Roadmap for Beginners in 2026 — A step-by-step roadmap with skills, tools and a realistic timeline.",116,,Machine Learning Roadmap for Beginners in 2026,46,"Machine Learning Roadmap for Beginners in 2026 — A step-by-step roadmap with skills, tools and a realistic timeline. Explained by GloryTecks Data Science mentors in Hyderabad.",175,Machine Learning Roadmap for Beginners in 2026,"Machine Learning Roadmap for Beginners in 2026 — A step-by-step roadmap with skills, tools and a realistic timeline. Explained by GloryTecks Data Science mentors in Hyderabad.",,,/blog/machine-learning-roadmap-for-beginners-in-2026 (set by the page template),false,data science; machine; learning; roadmap; beginners,data science; machine; learning; roadmap; beginners,0,,0,,4,13 min,false,true,false,,not available: no views column in the CMS and no Search Console export,analyzed
dab784d3-ff30-4a11-8929-aa24e93e5f8e,mapping-data-flows-in-adf-transformations-without-code,/blog/mapping-data-flows-in-adf-transformations-without-code,Mapping Data Flows in ADF: Transformations Without Code,published,azure-data-factory,Azure Data Factory,guide,GloryTecks Team,glorytecks-team,3bbe4550-883d-4859-8188-29c88e22563e,2026-05-12,2026-05-12T00:00:00+00:00,2026-05-12,2026-09-18T14:07:44.827725+00:00,2026-09-18T14:07:44.827725+00:00,707,26,1daf8fd947f2a773221b37ca0a8f5979c18ad385dde2ccb30e45ca114360c353,posts/mapping-data-flows-in-adf-transformations-without-code.json in the backup,"Mapping Data Flows in ADF: Transformations Without Code — A practical, example-led guide you can apply right away.",114,,Mapping Data Flows in ADF: Transformations Without Code,55,"Mapping Data Flows in ADF: Transformations Without Code — A practical, example-led guide you can apply right away. Explained by GloryTecks Azure Data Factory mentors in Hyderabad.",179,Mapping Data Flows in ADF: Transformations Without Code,"Mapping Data Flows in ADF: Transformations Without Code — A practical, example-led guide you can apply right away. Explained by GloryTecks Azure Data Factory mentors in Hyderabad.",,,/blog/mapping-data-flows-in-adf-transformations-without-code (set by the page template),false,azure data factory; mapping; data; flows; adf,azure data factory; mapping; data; flows; adf,0,,0,,4,10 min,false,false,false,,not available: no views column in the CMS and no Search Console export,analyzed
62e80fbc-7155-45c9-801d-5f959fd6180a,marketing-analytics-metrics-and-dashboards-that-matter,/blog/marketing-analytics-metrics-and-dashboards-that-matter,Marketing Analytics: Metrics and Dashboards That Matter,published,data-analytics,Data Analytics,guide,Arjun Nair,arjun-nair,ffb6b867-319d-461f-ba3c-c736b5113800,2025-10-16,2025-10-16T00:00:00+00:00,2025-10-29,2026-09-18T14:37:08.808906+00:00,2026-09-18T14:37:08.808906+00:00,666,26,fb5ed0cd259a12aec427c0d669e402c347cde9f0254b2ebd6da81b6d8bfeaf85,posts/marketing-analytics-metrics-and-dashboards-that-matter.json in the backup,"Marketing Analytics: Metrics and Dashboards That Matter — A practical, example-led guide you can apply right away.",114,,Marketing Analytics: Metrics and Dashboards That Matter,55,"Marketing Analytics: Metrics and Dashboards That Matter — A practical, example-led guide you can apply right away. Explained by GloryTecks Data Analytics mentors in Hyderabad.",175,Marketing Analytics: Metrics and Dashboards That Matter,"Marketing Analytics: Metrics and Dashboards That Matter — A practical, example-led guide you can apply right away. Explained by GloryTecks Data Analytics mentors in Hyderabad.",,,/blog/marketing-analytics-metrics-and-dashboards-that-matter (set by the page template),false,data analytics; marketing; analytics; metrics; dashboards,data analytics; marketing; analytics; metrics; dashboards,0,,0,,4,10 min,false,false,true,,not available: no views column in the CMS and no Search Console export,analyzed
6ae57b23-9d32-4288-8cfe-c0e2acf40913,materialized-views-in-bigquery-explained,/blog/materialized-views-in-bigquery-explained,Materialized Views in BigQuery Explained,published,gcp,GCP,guide,Sneha Reddy,sneha-reddy,682d13de-46d8-47b4-914e-58e25b899413,2026-02-11,2026-02-11T00:00:00+00:00,2026-02-11,2026-09-18T14:37:03.893983+00:00,2026-09-18T14:37:03.893983+00:00,661,26,0f289a1387100c0004ba398e55a06e7e280a45b1432906f14a43e05f9a7f28f2,posts/materialized-views-in-bigquery-explained.json in the backup,"Materialized Views in BigQuery Explained — A practical, example-led guide you can apply right away.",99,,Materialized Views in BigQuery Explained,40,"Materialized Views in BigQuery Explained — A practical, example-led guide you can apply right away. Explained by GloryTecks GCP mentors in Hyderabad.",149,Materialized Views in BigQuery Explained,"Materialized Views in BigQuery Explained — A practical, example-led guide you can apply right away. Explained by GloryTecks GCP mentors in Hyderabad.",,,/blog/materialized-views-in-bigquery-explained (set by the page template),false,gcp; materialized; views; bigquery,gcp; materialized; views; bigquery,0,,0,,4,10 min,false,false,false,,not available: no views column in the CMS and no Search Console export,analyzed
ed385058-9ad5-4a1d-a1af-68f915c51b0b,medallion-architecture-bronze-silver-and-gold-layers,/blog/medallion-architecture-bronze-silver-and-gold-layers,"Medallion Architecture: Bronze, Silver and Gold Layers",published,data-engineering,Data Engineering,guide,Sneha Reddy,sneha-reddy,682d13de-46d8-47b4-914e-58e25b899413,2026-05-19,2026-05-19T00:00:00+00:00,2026-06-12,2026-09-18T14:07:37.53501+00:00,2026-09-18T14:07:37.53501+00:00,672,26,e1805f2aea5a2110c3f7373f27b8a094afc43f4531f8f35b2d2ae542ca4a52a7,posts/medallion-architecture-bronze-silver-and-gold-layers.json in the backup,"Medallion Architecture: Bronze, Silver and Gold Layers — A practical, example-led guide you can apply right away.",113,,"Medallion Architecture: Bronze, Silver and Gold Layers",54,"Medallion Architecture: Bronze, Silver and Gold Layers — A practical, example-led guide you can apply right away. Explained by GloryTecks Data Engineering mentors in Hyderabad.",176,"Medallion Architecture: Bronze, Silver and Gold Layers","Medallion Architecture: Bronze, Silver and Gold Layers — A practical, example-led guide you can apply right away. Explained by GloryTecks Data Engineering mentors in Hyderabad.",,,/blog/medallion-architecture-bronze-silver-and-gold-layers (set by the page template),false,data engineering; medallion; architecture; bronze; silver,data engineering; medallion; architecture; bronze; silver,0,,0,,4,10 min,false,true,false,,not available: no views column in the CMS and no Search Console export,analyzed
5c6a36c5-bd4a-4f60-880a-56fa1462eee6,metadata-driven-pipelines-in-azure-data-factory,/blog/metadata-driven-pipelines-in-azure-data-factory,Metadata-Driven Pipelines in Azure Data Factory,published,azure-data-factory,Azure Data Factory,guide,Sneha Reddy,sneha-reddy,682d13de-46d8-47b4-914e-58e25b899413,2025-12-25,2025-12-25T00:00:00+00:00,2025-12-25,2026-09-18T14:37:05.849802+00:00,2026-09-18T14:37:05.849802+00:00,707,26,58563a0413e07b4527b6c0a12c7e1abf7bc160a4a278d930433d5c763347520c,posts/metadata-driven-pipelines-in-azure-data-factory.json in the backup,"Metadata-Driven Pipelines in Azure Data Factory — A practical, example-led guide you can apply right away.",106,,Metadata-Driven Pipelines in Azure Data Factory,47,"Metadata-Driven Pipelines in Azure Data Factory — A practical, example-led guide you can apply right away. Explained by GloryTecks Azure Data Factory mentors in Hyderabad.",171,Metadata-Driven Pipelines in Azure Data Factory,"Metadata-Driven Pipelines in Azure Data Factory — A practical, example-led guide you can apply right away. Explained by GloryTecks Azure Data Factory mentors in Hyderabad.",,,/blog/metadata-driven-pipelines-in-azure-data-factory (set by the page template),false,azure data factory; metadata; driven; pipelines; azure,azure data factory; metadata; driven; pipelines; azure,0,,0,,4,10 min,false,false,false,,not available: no views column in the CMS and no Search Console export,analyzed
6bbe6d3a-0fa3-4d15-8f8b-692bb40aa8ac,metrics-that-matter-vanity-vs-actionable-metrics,/blog/metrics-that-matter-vanity-vs-actionable-metrics,Metrics That Matter: Vanity vs Actionable Metrics,published,data-analytics,Data Analytics,comparison,GloryTecks Team,glorytecks-team,3bbe4550-883d-4859-8188-29c88e22563e,2026-02-07,2026-02-07T00:00:00+00:00,2026-03-04,2026-09-18T14:37:03.893983+00:00,2026-09-18T14:37:03.893983+00:00,477,17,123dfc118019add02539d0f5689a2f0798a2ab474ea49d869e64b5b659af71fc,posts/metrics-that-matter-vanity-vs-actionable-metrics.json in the backup,"Metrics That Matter: Vanity vs Actionable Metrics — A clear, practical comparison to help you decide.",101,,Metrics That Matter: Vanity vs Actionable Metrics,49,"Metrics That Matter: Vanity vs Actionable Metrics — A clear, practical comparison to help you decide. Explained by GloryTecks Data Analytics mentors in Hyderabad.",162,Metrics That Matter: Vanity vs Actionable Metrics,"Metrics That Matter: Vanity vs Actionable Metrics — A clear, practical comparison to help you decide. Explained by GloryTecks Data Analytics mentors in Hyderabad.",,,/blog/metrics-that-matter-vanity-vs-actionable-metrics (set by the page template),false,data analytics; metrics; matter; vanity; actionable,data analytics; metrics; matter; vanity; actionable,0,,0,,4,7 min,false,false,false,,not available: no views column in the CMS and no Search Console export,analyzed
f7446b72-3e01-4c86-94d4-15fafe6fc337,microsoft-fabric-vs-azure-data-factory-what-s-new,/blog/microsoft-fabric-vs-azure-data-factory-what-s-new,Microsoft Fabric vs Azure Data Factory: What's New,published,azure-data-factory,Azure Data Factory,comparison,Sneha Reddy,sneha-reddy,682d13de-46d8-47b4-914e-58e25b899413,2025-09-08,2025-09-08T00:00:00+00:00,2025-09-08,2026-09-18T14:37:08.808906+00:00,2026-09-18T14:37:08.808906+00:00,491,17,d6e44e52d90ee08fa45197ad87f94b3b8bf0e60914155b48b144088b3f5ab2af,posts/microsoft-fabric-vs-azure-data-factory-what-s-new.json in the backup,"Microsoft Fabric vs Azure Data Factory: What's New — A clear, practical comparison to help you decide.",102,,Microsoft Fabric vs Azure Data Factory: What's New,50,"Microsoft Fabric vs Azure Data Factory: What's New — A clear, practical comparison to help you decide. Explained by GloryTecks Azure Data Factory mentors in Hyderabad.",167,Microsoft Fabric vs Azure Data Factory: What's New,"Microsoft Fabric vs Azure Data Factory: What's New — A clear, practical comparison to help you decide. Explained by GloryTecks Azure Data Factory mentors in Hyderabad.",,,/blog/microsoft-fabric-vs-azure-data-factory-what-s-new (set by the page template),false,azure data factory; microsoft; fabric; azure; data,azure data factory; microsoft; fabric; azure; data,0,,0,,4,7 min,false,false,true,,not available: no views column in the CMS and no Search Console export,analyzed
a07756cb-8329-4dbd-92b7-e78bf428e535,migrating-data-to-aws-dms-and-best-practices,/blog/migrating-data-to-aws-dms-and-best-practices,Migrating Data to AWS: DMS and Best Practices,published,aws,AWS,guide,GloryTecks Team,glorytecks-team,3bbe4550-883d-4859-8188-29c88e22563e,2025-10-19,2025-10-19T00:00:00+00:00,2025-12-05,2026-09-18T14:37:07.161579+00:00,2026-09-18T14:37:07.161579+00:00,682,26,62a4ce3e2e4dc0f79835806eb183ef6a3034d2b24611bea708ddfe4e4bee1c41,posts/migrating-data-to-aws-dms-and-best-practices.json in the backup,"Migrating Data to AWS: DMS and Best Practices — A practical, example-led guide you can apply right away.",104,,Migrating Data to AWS: DMS and Best Practices,45,"Migrating Data to AWS: DMS and Best Practices — A practical, example-led guide you can apply right away. Explained by GloryTecks AWS mentors in Hyderabad.",154,Migrating Data to AWS: DMS and Best Practices,"Migrating Data to AWS: DMS and Best Practices — A practical, example-led guide you can apply right away. Explained by GloryTecks AWS mentors in Hyderabad.",,,/blog/migrating-data-to-aws-dms-and-best-practices (set by the page template),false,migrating; data; aws; dms,migrating; data; aws; dms,0,,0,,4,10 min,false,false,false,,not available: no views column in the CMS and no Search Console export,analyzed
55417d3d-ac66-4e82-ae63-27a0ec60db49,migrating-to-bigquery-a-practical-playbook,/blog/migrating-to-bigquery-a-practical-playbook,Migrating to BigQuery: A Practical Playbook,published,gcp,GCP,guide,Sneha Reddy,sneha-reddy,682d13de-46d8-47b4-914e-58e25b899413,2025-09-20,2025-09-20T00:00:00+00:00,2025-09-20,2026-09-18T14:37:08.808906+00:00,2026-09-18T14:37:08.808906+00:00,658,26,048883b5997530f35dbeb350ad3f9f8db364801112a50ac7315677933bad4659,posts/migrating-to-bigquery-a-practical-playbook.json in the backup,"Migrating to BigQuery: A Practical Playbook — A practical, example-led guide you can apply right away.",102,,Migrating to BigQuery: A Practical Playbook,43,"Migrating to BigQuery: A Practical Playbook — A practical, example-led guide you can apply right away. Explained by GloryTecks GCP mentors in Hyderabad.",152,Migrating to BigQuery: A Practical Playbook,"Migrating to BigQuery: A Practical Playbook — A practical, example-led guide you can apply right away. Explained by GloryTecks GCP mentors in Hyderabad.",,,/blog/migrating-to-bigquery-a-practical-playbook (set by the page template),false,gcp; migrating; bigquery; practical; playbook,gcp; migrating; bigquery; practical; playbook,0,,0,,4,10 min,false,false,false,,not available: no views column in the CMS and no Search Console export,analyzed
5385983d-7dcc-4237-b804-77027282f3a4,mlflow-for-data-scientists-tracking-experiments,/blog/mlflow-for-data-scientists-tracking-experiments,MLflow for Data Scientists: Tracking Experiments,published,data-science,Data Science,guide,Ravi Kumar,ravi-kumar,4fa1201f-a7aa-4e99-9cc2-b037e972a216,2025-10-30,2025-10-30T00:00:00+00:00,2025-11-25,2026-09-18T14:37:07.161579+00:00,2026-09-18T14:37:07.161579+00:00,675,26,f2fa615988451ef4a87e95b36429ff869aeedcf41c7de6b7cba698de95dad258,posts/mlflow-for-data-scientists-tracking-experiments.json in the backup,"MLflow for Data Scientists: Tracking Experiments — A practical, example-led guide you can apply right away.",107,,MLflow for Data Scientists: Tracking Experiments,48,"MLflow for Data Scientists: Tracking Experiments — A practical, example-led guide you can apply right away. Explained by GloryTecks Data Science mentors in Hyderabad.",166,MLflow for Data Scientists: Tracking Experiments,"MLflow for Data Scientists: Tracking Experiments — A practical, example-led guide you can apply right away. Explained by GloryTecks Data Science mentors in Hyderabad.",,,/blog/mlflow-for-data-scientists-tracking-experiments (set by the page template),false,data science; mlflow; data; scientists; tracking,data science; mlflow; data; scientists; tracking,0,,0,,4,10 min,false,false,false,,not available: no views column in the CMS and no Search Console export,merge_candidate
ebcac2a2-f135-4254-a5e3-f2b42e33d03c,mlflow-tutorial-tracking-experiments-and-models,/blog/mlflow-tutorial-tracking-experiments-and-models,MLflow Tutorial: Tracking Experiments and Models,published,mlops,MLOps,guide,Ravi Kumar,ravi-kumar,4fa1201f-a7aa-4e99-9cc2-b037e972a216,2026-06-06,2026-06-06T00:00:00+00:00,2026-06-06,2026-09-18T14:07:22.598752+00:00,2026-09-18T14:07:22.598752+00:00,662,26,d02d88b86f75845fb04cf4b9685f049a73db89ed4411d1f333e5ecc47f834e04,posts/mlflow-tutorial-tracking-experiments-and-models.json in the backup,"MLflow Tutorial: Tracking Experiments and Models — A practical, example-led guide you can apply right away.",107,,MLflow Tutorial: Tracking Experiments and Models,48,"MLflow Tutorial: Tracking Experiments and Models — A practical, example-led guide you can apply right away. Explained by GloryTecks MLOps mentors in Hyderabad.",159,MLflow Tutorial: Tracking Experiments and Models,"MLflow Tutorial: Tracking Experiments and Models — A practical, example-led guide you can apply right away. Explained by GloryTecks MLOps mentors in Hyderabad.",,,/blog/mlflow-tutorial-tracking-experiments-and-models (set by the page template),false,mlops; mlflow; tutorial; tracking; experiments,mlops; mlflow; tutorial; tracking; experiments,0,,0,,4,10 min,false,true,false,,not available: no views column in the CMS and no Search Console export,analyzed
bee0d0aa-37be-44cf-925f-fc866bda97ee,mlops-engineer-salary-in-india-2026,/blog/mlops-engineer-salary-in-india-2026,MLOps Engineer Salary in India 2026,published,mlops,MLOps,salary,Sneha Reddy,sneha-reddy,682d13de-46d8-47b4-914e-58e25b899413,2025-10-15,2025-10-15T00:00:00+00:00,2025-10-15,2026-09-18T14:37:08.808906+00:00,2026-09-18T14:37:08.808906+00:00,539,17,410df075902c6055d2c1c404130326ea6216abe098adaef4df22f008ffb0a3b1,posts/mlops-engineer-salary-in-india-2026.json in the backup,"MLOps Engineer Salary in India 2026 — Up-to-date salary ranges, the factors that move pay, and how to earn more.",112,,MLOps Engineer Salary in India 2026,35,"MLOps Engineer Salary in India 2026 — Up-to-date salary ranges, the factors that move pay, and how to earn more. Explained by GloryTecks MLOps mentors in Hyderabad.",164,MLOps Engineer Salary in India 2026,"MLOps Engineer Salary in India 2026 — Up-to-date salary ranges, the factors that move pay, and how to earn more. Explained by GloryTecks MLOps mentors in Hyderabad.",,,/blog/mlops-engineer-salary-in-india-2026 (set by the page template),false,mlops; engineer; salary; india,mlops; engineer; salary; india,0,,0,,5,8 min,false,false,false,,not available: no views column in the CMS and no Search Console export,needs_review
e46dd18b-36d8-40fb-9729-5023c0219658,mlops-interview-questions-and-answers,/blog/mlops-interview-questions-and-answers,MLOps Interview Questions and Answers,published,interview-questions,Interview Questions,interview,Ravi Kumar,ravi-kumar,4fa1201f-a7aa-4e99-9cc2-b037e972a216,2026-01-10,2026-01-10T00:00:00+00:00,2026-01-10,2026-09-18T14:37:05.849802+00:00,2026-09-18T14:37:05.849802+00:00,515,13,ddfebe68ac974d7757eccc4254ff5bbfe718a72b77ee60f01e56ba14979e21dd,posts/mlops-interview-questions-and-answers.json in the backup,"MLOps Interview Questions and Answers — The questions companies actually ask, with concise model answers.",105,,MLOps Interview Questions and Answers,37,"MLOps Interview Questions and Answers — The questions companies actually ask, with concise model answers. Explained by GloryTecks Interview Questions mentors in Hyderabad.",171,MLOps Interview Questions and Answers,"MLOps Interview Questions and Answers — The questions companies actually ask, with concise model answers. Explained by GloryTecks Interview Questions mentors in Hyderabad.",,,/blog/mlops-interview-questions-and-answers (set by the page template),false,interview questions; mlops; interview; questions; answers,interview questions; mlops; interview; questions; answers,0,,0,,9,16 min,false,false,false,,not available: no views column in the CMS and no Search Console export,analyzed
ed61c93c-06fc-40c7-9c17-80a144713ec6,mlops-interview-questions-and-answers-2,/blog/mlops-interview-questions-and-answers-2,MLOps Interview Questions and Answers,published,mlops,MLOps,interview,Sneha Reddy,sneha-reddy,682d13de-46d8-47b4-914e-58e25b899413,2025-09-21,2025-09-21T00:00:00+00:00,2025-09-21,2026-09-18T14:37:08.808906+00:00,2026-09-18T14:37:08.808906+00:00,531,15,4307e117d99e67fc7b2df295e15e1367c8bcc4a59bdd9248e1fb2ef39da42caf,posts/mlops-interview-questions-and-answers-2.json in the backup,"MLOps Interview Questions and Answers — The questions companies actually ask, with concise model answers.",105,,MLOps Interview Questions and Answers,37,"MLOps Interview Questions and Answers — The questions companies actually ask, with concise model answers. Explained by GloryTecks MLOps mentors in Hyderabad.",157,MLOps Interview Questions and Answers,"MLOps Interview Questions and Answers — The questions companies actually ask, with concise model answers. Explained by GloryTecks MLOps mentors in Hyderabad.",,,/blog/mlops-interview-questions-and-answers-2 (set by the page template),false,mlops; interview; questions; answers,mlops; interview; questions; answers,0,,0,,9,16 min,false,false,false,mlops-interview-questions-and-answers,not available: no views column in the CMS and no Search Console export,redirected
d387d8e2-1280-4957-8c8b-c240b49d8167,mlops-maturity-levels-where-does-your-team-stand,/blog/mlops-maturity-levels-where-does-your-team-stand,MLOps Maturity Levels: Where Does Your Team Stand?,published,mlops,MLOps,guide,Sneha Reddy,sneha-reddy,682d13de-46d8-47b4-914e-58e25b899413,2025-11-08,2025-11-08T00:00:00+00:00,2025-11-08,2026-09-18T14:37:07.161579+00:00,2026-09-18T14:37:07.161579+00:00,666,26,b6d35be06328dc042bfd5e9036edecf2a4b6d09df4061c581c05ba1d63abbb75,posts/mlops-maturity-levels-where-does-your-team-stand.json in the backup,"MLOps Maturity Levels: Where Does Your Team Stand? — A practical, example-led guide you can apply right away.",109,,MLOps Maturity Levels: Where Does Your Team Stand?,50,"MLOps Maturity Levels: Where Does Your Team Stand? — A practical, example-led guide you can apply right away. Explained by GloryTecks MLOps mentors in Hyderabad.",161,MLOps Maturity Levels: Where Does Your Team Stand?,"MLOps Maturity Levels: Where Does Your Team Stand? — A practical, example-led guide you can apply right away. Explained by GloryTecks MLOps mentors in Hyderabad.",,,/blog/mlops-maturity-levels-where-does-your-team-stand (set by the page template),false,mlops; maturity; levels; where,mlops; maturity; levels; where,0,,0,,4,10 min,false,false,false,,not available: no views column in the CMS and no Search Console export,analyzed
6ad8f279-59f2-4b4c-a8a8-d68b1486938c,mlops-roadmap-2026-skills-tools-and-career-path,/blog/mlops-roadmap-2026-skills-tools-and-career-path,"MLOps Roadmap 2026: Skills, Tools and Career Path",published,mlops,MLOps,roadmap,Sneha Reddy,sneha-reddy,682d13de-46d8-47b4-914e-58e25b899413,2026-06-12,2026-06-12T00:00:00+00:00,2026-06-12,2026-09-18T14:07:17.435439+00:00,2026-09-18T14:07:17.435439+00:00,669,28,d9a64e3e2c42cc801a77a2d963e9ea6fe8301380bdc4d20893d6b199eea3a92b,posts/mlops-roadmap-2026-skills-tools-and-career-path.json in the backup,"MLOps Roadmap 2026: Skills, Tools and Career Path — A step-by-step roadmap with skills, tools and a realistic timeline.",119,,"MLOps Roadmap 2026: Skills, Tools and Career Path",49,"MLOps Roadmap 2026: Skills, Tools and Career Path — A step-by-step roadmap with skills, tools and a realistic timeline. Explained by GloryTecks MLOps mentors in Hyderabad.",171,"MLOps Roadmap 2026: Skills, Tools and Career Path","MLOps Roadmap 2026: Skills, Tools and Career Path — A step-by-step roadmap with skills, tools and a realistic timeline. Explained by GloryTecks MLOps mentors in Hyderabad.",,,/blog/mlops-roadmap-2026-skills-tools-and-career-path (set by the page template),false,mlops; roadmap; skills; tools,mlops; roadmap; skills; tools,0,,0,,4,13 min,true,false,false,,not available: no views column in the CMS and no Search Console export,analyzed
aba5050d-3cd2-49e9-b467-473786c71ea1,mlops-tools-landscape-2026-what-to-learn,/blog/mlops-tools-landscape-2026-what-to-learn,MLOps Tools Landscape 2026: What to Learn,published,mlops,MLOps,guide,Ravi Kumar,ravi-kumar,4fa1201f-a7aa-4e99-9cc2-b037e972a216,2026-01-01,2026-01-01T00:00:00+00:00,2026-01-01,2026-09-18T14:37:05.849802+00:00,2026-09-18T14:37:05.849802+00:00,667,26,873adc7ab709fe3a16cc02a22a54b2246bcb1a5ff46f729c9c8eb0c3571cc590,posts/mlops-tools-landscape-2026-what-to-learn.json in the backup,"MLOps Tools Landscape 2026: What to Learn — A practical, example-led guide you can apply right away.",100,,MLOps Tools Landscape 2026: What to Learn,41,"MLOps Tools Landscape 2026: What to Learn — A practical, example-led guide you can apply right away. Explained by GloryTecks MLOps mentors in Hyderabad.",152,MLOps Tools Landscape 2026: What to Learn,"MLOps Tools Landscape 2026: What to Learn — A practical, example-led guide you can apply right away. Explained by GloryTecks MLOps mentors in Hyderabad.",,,/blog/mlops-tools-landscape-2026-what-to-learn (set by the page template),false,mlops; tools; landscape; learn,mlops; tools; landscape; learn,0,,0,,4,10 min,false,false,true,,not available: no views column in the CMS and no Search Console export,analyzed
e4fb675c-8d34-4ef7-9bad-a5596ddd1949,mlops-vs-devops-vs-dataops-key-differences,/blog/mlops-vs-devops-vs-dataops-key-differences,MLOps vs DevOps vs DataOps: Key Differences,published,mlops,MLOps,comparison,Sneha Reddy,sneha-reddy,682d13de-46d8-47b4-914e-58e25b899413,2026-02-24,2026-02-24T00:00:00+00:00,2026-02-24,2026-09-18T14:37:03.893983+00:00,2026-09-18T14:37:03.893983+00:00,478,17,e288d315fb479147d37082aba62a4e5c924781ab65ae318419c3eb1fa289396c,posts/mlops-vs-devops-vs-dataops-key-differences.json in the backup,"MLOps vs DevOps vs DataOps: Key Differences — A clear, practical comparison to help you decide.",95,,MLOps vs DevOps vs DataOps: Key Differences,43,"MLOps vs DevOps vs DataOps: Key Differences — A clear, practical comparison to help you decide. Explained by GloryTecks MLOps mentors in Hyderabad.",147,MLOps vs DevOps vs DataOps: Key Differences,"MLOps vs DevOps vs DataOps: Key Differences — A clear, practical comparison to help you decide. Explained by GloryTecks MLOps mentors in Hyderabad.",,,/blog/mlops-vs-devops-vs-dataops-key-differences (set by the page template),false,mlops; devops; dataops; key,mlops; devops; dataops; key,0,,0,,4,7 min,false,false,false,,not available: no views column in the CMS and no Search Console export,analyzed
65e09b60-2794-4472-95db-a0972cf43c61,mock-interview-guide-practising-out-loud-the-right-way,/blog/mock-interview-guide-practising-out-loud-the-right-way,Mock Interview Guide: Practising Out Loud the Right Way 10,published,interview-questions,Interview Questions,guide,Ravi Kumar,ravi-kumar,4fa1201f-a7aa-4e99-9cc2-b037e972a216,2025-08-19,2025-08-19T00:00:00+00:00,2025-08-19,2026-09-23T16:07:34.744189+00:00,2026-09-18T14:37:09.131349+00:00,641,24,1e0e79f537b71757762b5eb1be1b39daa4a8e78499f18532611929d96f3806af,posts/mock-interview-guide-practising-out-loud-the-right-way.json in the backup,"Mock Interview Guide: Practising Out Loud the Right Way — A practical, example-led guide you can apply right away.",114,,Mock Interview Guide: Practising Out Loud the Right Way,55,"Mock Interview Guide: Practising Out Loud the Right Way — A practical, example-led guide you can apply right away. Explained by GloryTecks Interview Questions mentors in Hyderabad.",180,Mock Interview Guide: Practising Out Loud the Right Way,"Mock Interview Guide: Practising Out Loud the Right Way — A practical, example-led guide you can apply right away. Explained by GloryTecks Interview Questions mentors in Hyderabad.",,,/blog/mock-interview-guide-practising-out-loud-the-right-way (set by the page template),false,interview questions; mock; interview; practising; out,interview questions; mock; interview; practising; out,0,,0,,4,4 min,false,false,false,,not available: no views column in the CMS and no Search Console export,analyzed
e0cb7df2-8ed0-48b6-84b3-e9164ff2a366,model-compression-quantization-and-pruning-explained,/blog/model-compression-quantization-and-pruning-explained,Model Compression: Quantization and Pruning Explained,published,mlops,MLOps,guide,Sneha Reddy,sneha-reddy,682d13de-46d8-47b4-914e-58e25b899413,2025-08-28,2025-08-28T00:00:00+00:00,2025-08-28,2026-09-18T14:37:09.131349+00:00,2026-09-18T14:37:09.131349+00:00,662,26,d6d984157cb790cc645e75a52f2b37d1853d585c6fe45e479801f6c06d22fd15,posts/model-compression-quantization-and-pruning-explained.json in the backup,"Model Compression: Quantization and Pruning Explained — A practical, example-led guide you can apply right away.",112,,Model Compression: Quantization and Pruning Explained,53,"Model Compression: Quantization and Pruning Explained — A practical, example-led guide you can apply right away. Explained by GloryTecks MLOps mentors in Hyderabad.",164,Model Compression: Quantization and Pruning Explained,"Model Compression: Quantization and Pruning Explained — A practical, example-led guide you can apply right away. Explained by GloryTecks MLOps mentors in Hyderabad.",,,/blog/model-compression-quantization-and-pruning-explained (set by the page template),false,mlops; model; compression; quantization; pruning,mlops; model; compression; quantization; pruning,0,,0,,4,10 min,false,false,true,,not available: no views column in the CMS and no Search Console export,analyzed
dc6432a5-729c-4fca-b3ef-149ed2893472,model-context-protocol-mcp-explained-for-beginners,/blog/model-context-protocol-mcp-explained-for-beginners,Model Context Protocol (MCP) Explained for Beginners,published,generative-ai,Generative AI,guide,Ravi Kumar,ravi-kumar,4fa1201f-a7aa-4e99-9cc2-b037e972a216,2026-05-09,2026-05-09T00:00:00+00:00,2026-05-09,2026-09-18T14:07:46.912205+00:00,2026-09-18T14:07:46.912205+00:00,697,26,97400b5c997c7a791d59172a996b5141026e3f2ee219f97a03ee48d1e4f28534,posts/model-context-protocol-mcp-explained-for-beginners.json in the backup,"Model Context Protocol (MCP) Explained for Beginners — A practical, example-led guide you can apply right away.",111,,Model Context Protocol (MCP) Explained for Beginners,52,"Model Context Protocol (MCP) Explained for Beginners — A practical, example-led guide you can apply right away. Explained by GloryTecks Generative AI mentors in Hyderabad.",171,Model Context Protocol (MCP) Explained for Beginners,"Model Context Protocol (MCP) Explained for Beginners — A practical, example-led guide you can apply right away. Explained by GloryTecks Generative AI mentors in Hyderabad.",,,/blog/model-context-protocol-mcp-explained-for-beginners (set by the page template),false,generative ai; model; context; protocol; mcp,generative ai; model; context; protocol; mcp,0,,0,,4,10 min,false,false,false,,not available: no views column in the CMS and no Search Console export,analyzed
95703081-55df-4721-b839-ba2db6b81c19,model-deployment-from-notebook-to-production,/blog/model-deployment-from-notebook-to-production,Model Deployment: From Notebook to Production,published,data-science,Data Science,guide,GloryTecks Team,glorytecks-team,3bbe4550-883d-4859-8188-29c88e22563e,2026-05-04,2026-05-04T00:00:00+00:00,2026-05-18,2026-09-18T14:37:01.989257+00:00,2026-09-18T14:37:01.989257+00:00,671,26,30b965a0d1522d8c5ac789cced6fce2377bc9f4b12f25ae40809b1c257cf206d,posts/model-deployment-from-notebook-to-production.json in the backup,"Model Deployment: From Notebook to Production — A practical, example-led guide you can apply right away.",104,,Model Deployment: From Notebook to Production,45,"Model Deployment: From Notebook to Production — A practical, example-led guide you can apply right away. Explained by GloryTecks Data Science mentors in Hyderabad.",163,Model Deployment: From Notebook to Production,"Model Deployment: From Notebook to Production — A practical, example-led guide you can apply right away. Explained by GloryTecks Data Science mentors in Hyderabad.",,,/blog/model-deployment-from-notebook-to-production (set by the page template),false,data science; model; deployment; notebook; production,data science; model; deployment; notebook; production,0,,0,,4,10 min,false,false,true,,not available: no views column in the CMS and no Search Console export,analyzed
c7b8d384-b6ee-4fe3-baca-5be0aaa8ff6a,model-drift-and-data-drift-detection-and-response,/blog/model-drift-and-data-drift-detection-and-response,Model Drift and Data Drift: Detection and Response,published,mlops,MLOps,guide,Sneha Reddy,sneha-reddy,682d13de-46d8-47b4-914e-58e25b899413,2026-04-13,2026-04-13T00:00:00+00:00,2026-04-13,2026-09-18T14:37:01.989257+00:00,2026-09-18T14:37:01.989257+00:00,670,26,2bc9af220cc486e5172fa2f9f3a87e8d9ac027de9760391b66609feed9b3e9ef,posts/model-drift-and-data-drift-detection-and-response.json in the backup,"Model Drift and Data Drift: Detection and Response — A practical, example-led guide you can apply right away.",109,,Model Drift and Data Drift: Detection and Response,50,"Model Drift and Data Drift: Detection and Response — A practical, example-led guide you can apply right away. Explained by GloryTecks MLOps mentors in Hyderabad.",161,Model Drift and Data Drift: Detection and Response,"Model Drift and Data Drift: Detection and Response — A practical, example-led guide you can apply right away. Explained by GloryTecks MLOps mentors in Hyderabad.",,,/blog/model-drift-and-data-drift-detection-and-response (set by the page template),false,mlops; model; drift; data; detection,mlops; model; drift; data; detection,0,,0,,4,10 min,false,false,false,,not available: no views column in the CMS and no Search Console export,analyzed
8db6452e-dccb-461a-b3ee-ff5ad79d2db0,model-explainability-in-production-with-shap,/blog/model-explainability-in-production-with-shap,Model Explainability in Production with SHAP,published,mlops,MLOps,guide,Sneha Reddy,sneha-reddy,682d13de-46d8-47b4-914e-58e25b899413,2026-01-07,2026-01-07T00:00:00+00:00,2026-01-07,2026-09-18T14:37:05.849802+00:00,2026-09-18T14:37:05.849802+00:00,670,26,59785db08d9af5a599b401fe3d28ddb150b40ca0847f787deb312c7c16fb04e7,posts/model-explainability-in-production-with-shap.json in the backup,"Model Explainability in Production with SHAP — A practical, example-led guide you can apply right away.",103,,Model Explainability in Production with SHAP,44,"Model Explainability in Production with SHAP — A practical, example-led guide you can apply right away. Explained by GloryTecks MLOps mentors in Hyderabad.",155,Model Explainability in Production with SHAP,"Model Explainability in Production with SHAP — A practical, example-led guide you can apply right away. Explained by GloryTecks MLOps mentors in Hyderabad.",,,/blog/model-explainability-in-production-with-shap (set by the page template),false,mlops; model; explainability; production; shap,mlops; model; explainability; production; shap,0,,0,,4,10 min,false,false,false,,not available: no views column in the CMS and no Search Console export,analyzed
136026e8-b203-4fe7-bbf8-b096f225646d,model-packaging-from-pickle-to-production,/blog/model-packaging-from-pickle-to-production,Model Packaging: From Pickle to Production,published,mlops,MLOps,guide,Sneha Reddy,sneha-reddy,682d13de-46d8-47b4-914e-58e25b899413,2025-12-02,2025-12-02T00:00:00+00:00,2025-12-02,2026-09-18T14:37:07.161579+00:00,2026-09-18T14:37:07.161579+00:00,662,26,64324535a030d95d085bc94e4693b1c326c63059bbaf60c3fd6078e276b87e19,posts/model-packaging-from-pickle-to-production.json in the backup,"Model Packaging: From Pickle to Production — A practical, example-led guide you can apply right away.",101,,Model Packaging: From Pickle to Production,42,"Model Packaging: From Pickle to Production — A practical, example-led guide you can apply right away. Explained by GloryTecks MLOps mentors in Hyderabad.",153,Model Packaging: From Pickle to Production,"Model Packaging: From Pickle to Production — A practical, example-led guide you can apply right away. Explained by GloryTecks MLOps mentors in Hyderabad.",,,/blog/model-packaging-from-pickle-to-production (set by the page template),false,mlops; model; packaging; pickle; production,mlops; model; packaging; pickle; production,0,,0,,4,10 min,false,false,false,,not available: no views column in the CMS and no Search Console export,analyzed
066d05c2-99c1-42a9-b4cd-bcad86cb5833,model-registry-managing-the-ml-model-lifecycle,/blog/model-registry-managing-the-ml-model-lifecycle,Model Registry: Managing the ML Model Lifecycle,published,mlops,MLOps,guide,Ravi Kumar,ravi-kumar,4fa1201f-a7aa-4e99-9cc2-b037e972a216,2026-03-14,2026-03-14T00:00:00+00:00,2026-03-14,2026-09-18T14:37:03.893983+00:00,2026-09-18T14:37:03.893983+00:00,663,26,4710eb446232e58254ca6adc97599ad513bc3d4b95fa70140e09d34b07ca948c,posts/model-registry-managing-the-ml-model-lifecycle.json in the backup,"Model Registry: Managing the ML Model Lifecycle — A practical, example-led guide you can apply right away.",106,,Model Registry: Managing the ML Model Lifecycle,47,"Model Registry: Managing the ML Model Lifecycle — A practical, example-led guide you can apply right away. Explained by GloryTecks MLOps mentors in Hyderabad.",158,Model Registry: Managing the ML Model Lifecycle,"Model Registry: Managing the ML Model Lifecycle — A practical, example-led guide you can apply right away. Explained by GloryTecks MLOps mentors in Hyderabad.",,,/blog/model-registry-managing-the-ml-model-lifecycle (set by the page template),false,mlops; model; registry; managing; lifecycle,mlops; model; registry; managing; lifecycle,0,,0,,4,10 min,false,false,false,,not available: no views column in the CMS and no Search Console export,analyzed
b5b97477-c55e-48d6-8253-97b2f7bd2cdb,model-versioning-with-mlflow-and-dvc,/blog/model-versioning-with-mlflow-and-dvc,Model Versioning with MLflow and DVC,published,mlops,MLOps,guide,Sneha Reddy,sneha-reddy,682d13de-46d8-47b4-914e-58e25b899413,2026-04-25,2026-04-25T00:00:00+00:00,2026-04-25,2026-09-18T14:37:01.989257+00:00,2026-09-18T14:37:01.989257+00:00,670,26,852708680282c664fc652decad85d2ccd7d025777426c48266f4ca07d94eddf4,posts/model-versioning-with-mlflow-and-dvc.json in the backup,"Model Versioning with MLflow and DVC — A practical, example-led guide you can apply right away.",95,,Model Versioning with MLflow and DVC,36,"Model Versioning with MLflow and DVC — A practical, example-led guide you can apply right away. Explained by GloryTecks MLOps mentors in Hyderabad.",147,Model Versioning with MLflow and DVC,"Model Versioning with MLflow and DVC — A practical, example-led guide you can apply right away. Explained by GloryTecks MLOps mentors in Hyderabad.",,,/blog/model-versioning-with-mlflow-and-dvc (set by the page template),false,mlops; model; versioning; mlflow; dvc,mlops; model; versioning; mlflow; dvc,0,,0,,4,10 min,false,false,false,,not available: no views column in the CMS and no Search Console export,analyzed
5b9b0f2e-8e4c-4c68-a003-ece48bd0594c,monitoring-and-alerts-in-azure-data-factory,/blog/monitoring-and-alerts-in-azure-data-factory,Monitoring and Alerts in Azure Data Factory,published,azure-data-factory,Azure Data Factory,guide,GloryTecks Team,glorytecks-team,3bbe4550-883d-4859-8188-29c88e22563e,2026-03-01,2026-03-01T00:00:00+00:00,2026-03-01,2026-09-18T14:37:03.893983+00:00,2026-09-18T14:37:03.893983+00:00,710,26,df14b825e44e262ef29d1d4b31dc43d3186bf299b11149ea525a070f5740645d,posts/monitoring-and-alerts-in-azure-data-factory.json in the backup,"Monitoring and Alerts in Azure Data Factory — A practical, example-led guide you can apply right away.",102,,Monitoring and Alerts in Azure Data Factory,43,"Monitoring and Alerts in Azure Data Factory — A practical, example-led guide you can apply right away. Explained by GloryTecks Azure Data Factory mentors in Hyderabad.",167,Monitoring and Alerts in Azure Data Factory,"Monitoring and Alerts in Azure Data Factory — A practical, example-led guide you can apply right away. Explained by GloryTecks Azure Data Factory mentors in Hyderabad.",,,/blog/monitoring-and-alerts-in-azure-data-factory (set by the page template),false,azure data factory; monitoring; alerts; azure; data,azure data factory; monitoring; alerts; azure; data,0,,0,,4,10 min,false,false,false,,not available: no views column in the CMS and no Search Console export,analyzed
8450a5b9-ca5f-4f88-9bc2-68eca6d55743,monitoring-ml-models-in-production-a-complete-guide,/blog/monitoring-ml-models-in-production-a-complete-guide,Monitoring ML Models in Production: A Complete Guide,published,mlops,MLOps,guide,Ravi Kumar,ravi-kumar,4fa1201f-a7aa-4e99-9cc2-b037e972a216,2026-05-13,2026-05-13T00:00:00+00:00,2026-05-13,2026-09-18T14:07:42.177118+00:00,2026-09-18T14:07:42.177118+00:00,670,26,6e7810cd9e5a78fb957b78f1d7ce8e02e76ed4fde70424782ee33c9b2192fd6f,posts/monitoring-ml-models-in-production-a-complete-guide.json in the backup,"Monitoring ML Models in Production: A Complete Guide — A practical, example-led guide you can apply right away.",111,,Monitoring ML Models in Production: A Complete Guide,52,"Monitoring ML Models in Production: A Complete Guide — A practical, example-led guide you can apply right away. Explained by GloryTecks MLOps mentors in Hyderabad.",163,Monitoring ML Models in Production: A Complete Guide,"Monitoring ML Models in Production: A Complete Guide — A practical, example-led guide you can apply right away. Explained by GloryTecks MLOps mentors in Hyderabad.",,,/blog/monitoring-ml-models-in-production-a-complete-guide (set by the page template),false,mlops; monitoring; models; production,mlops; monitoring; models; production,0,,0,,4,10 min,false,false,false,,not available: no views column in the CMS and no Search Console export,analyzed
4229a041-f228-47e3-b5ce-93e94a4df466,multimodal-ai-models-that-see-hear-and-speak,/blog/multimodal-ai-models-that-see-hear-and-speak,"Multimodal AI: Models That See, Hear and Speak",published,generative-ai,Generative AI,guide,Ravi Kumar,ravi-kumar,4fa1201f-a7aa-4e99-9cc2-b037e972a216,2026-02-14,2026-02-14T00:00:00+00:00,2026-02-14,2026-09-18T14:37:03.893983+00:00,2026-09-18T14:37:03.893983+00:00,688,26,e5dee115e871efa70eba0e9f61dc078d7cdee0b036e97933423cb194b3de7a04,posts/multimodal-ai-models-that-see-hear-and-speak.json in the backup,"Multimodal AI: Models That See, Hear and Speak — A practical, example-led guide you can apply right away.",105,,"Multimodal AI: Models That See, Hear and Speak",46,"Multimodal AI: Models That See, Hear and Speak — A practical, example-led guide you can apply right away. Explained by GloryTecks Generative AI mentors in Hyderabad.",165,"Multimodal AI: Models That See, Hear and Speak","Multimodal AI: Models That See, Hear and Speak — A practical, example-led guide you can apply right away. Explained by GloryTecks Generative AI mentors in Hyderabad.",,,/blog/multimodal-ai-models-that-see-hear-and-speak (set by the page template),false,generative ai; multimodal; models; see; hear,generative ai; multimodal; models; see; hear,0,,0,,4,10 min,false,false,false,,not available: no views column in the CMS and no Search Console export,analyzed
e184c4e9-172d-4a6c-8282-e7f23ab80f58,multithreading-vs-multiprocessing-in-python,/blog/multithreading-vs-multiprocessing-in-python,Multithreading vs Multiprocessing in Python,published,python,Python,comparison,Ravi Kumar,ravi-kumar,4fa1201f-a7aa-4e99-9cc2-b037e972a216,2025-12-04,2025-12-04T00:00:00+00:00,2025-12-04,2026-09-18T14:37:07.161579+00:00,2026-09-18T14:37:07.161579+00:00,470,17,ab970f6354cadd2e1fb1e3d400f8c7270349c6122a7005506d41d741fcfe71b2,posts/multithreading-vs-multiprocessing-in-python.json in the backup,"Multithreading vs Multiprocessing in Python — A clear, practical comparison to help you decide.",95,,Multithreading vs Multiprocessing in Python,43,"Multithreading vs Multiprocessing in Python — A clear, practical comparison to help you decide. Explained by GloryTecks Python mentors in Hyderabad.",148,Multithreading vs Multiprocessing in Python,"Multithreading vs Multiprocessing in Python — A clear, practical comparison to help you decide. Explained by GloryTecks Python mentors in Hyderabad.",,,/blog/multithreading-vs-multiprocessing-in-python (set by the page template),false,multithreading; multiprocessing; python,multithreading; multiprocessing; python,0,,0,,4,7 min,false,false,false,,not available: no views column in the CMS and no Search Console export,analyzed
aec32cc5-44c3-43d8-b4b8-d35cd842b3a6,natural-language-processing-nlp-roadmap-for-2026,/blog/natural-language-processing-nlp-roadmap-for-2026,Natural Language Processing (NLP) Roadmap for 2026,published,data-science,Data Science,roadmap,Ravi Kumar,ravi-kumar,4fa1201f-a7aa-4e99-9cc2-b037e972a216,2026-02-15,2026-02-15T00:00:00+00:00,2026-02-25,2026-09-18T14:37:03.893983+00:00,2026-09-18T14:37:03.893983+00:00,675,28,e763598299c7d0e6936dc10eaded9c6d1f2e13f15e9a7755ccbb5c01be0574f4,posts/natural-language-processing-nlp-roadmap-for-2026.json in the backup,"Natural Language Processing (NLP) Roadmap for 2026 — A step-by-step roadmap with skills, tools and a realistic timeline.",120,,Natural Language Processing (NLP) Roadmap for 2026,50,"Natural Language Processing (NLP) Roadmap for 2026 — A step-by-step roadmap with skills, tools and a realistic timeline. Explained by GloryTecks Data Science mentors in Hyderabad.",179,Natural Language Processing (NLP) Roadmap for 2026,"Natural Language Processing (NLP) Roadmap for 2026 — A step-by-step roadmap with skills, tools and a realistic timeline. Explained by GloryTecks Data Science mentors in Hyderabad.",,,/blog/natural-language-processing-nlp-roadmap-for-2026 (set by the page template),false,data science; natural; language; processing; nlp,data science; natural; language; processing; nlp,0,,0,,4,13 min,false,false,false,,not available: no views column in the CMS and no Search Console export,analyzed
ea91d7e1-2fba-4cef-9417-d5fa4404775b,nested-and-repeated-fields-in-bigquery,/blog/nested-and-repeated-fields-in-bigquery,Nested and Repeated Fields in BigQuery,published,gcp,GCP,guide,GloryTecks Team,glorytecks-team,3bbe4550-883d-4859-8188-29c88e22563e,2025-11-25,2025-11-25T00:00:00+00:00,2025-11-25,2026-09-18T14:37:07.161579+00:00,2026-09-18T14:37:07.161579+00:00,664,26,4fdb2e9c8f2c9e13ca528b3c78a9678f90167138c896bae7f1b90b17c7bce848,posts/nested-and-repeated-fields-in-bigquery.json in the backup,"Nested and Repeated Fields in BigQuery — A practical, example-led guide you can apply right away.",97,,Nested and Repeated Fields in BigQuery,38,"Nested and Repeated Fields in BigQuery — A practical, example-led guide you can apply right away. Explained by GloryTecks GCP mentors in Hyderabad.",147,Nested and Repeated Fields in BigQuery,"Nested and Repeated Fields in BigQuery — A practical, example-led guide you can apply right away. Explained by GloryTecks GCP mentors in Hyderabad.",,,/blog/nested-and-repeated-fields-in-bigquery (set by the page template),false,gcp; nested; repeated; fields; bigquery,gcp; nested; repeated; fields; bigquery,0,,0,,4,10 min,false,false,false,,not available: no views column in the CMS and no Search Console export,analyzed
df97d781-2b57-48aa-8851-e27f35b6d2ae,networking-for-introverts-landing-referrals,/blog/networking-for-introverts-landing-referrals,Networking for Introverts: Landing Referrals,published,career-guidance,Career Guidance,guide,Priya Sharma,priya-sharma,2ef777f6-83c0-4249-9c0b-c4d1f2e17b89,2026-03-30,2026-03-30T00:00:00+00:00,2026-03-30,2026-09-18T14:37:01.989257+00:00,2026-09-18T14:37:01.989257+00:00,635,24,419292109cc8194309e74f0dbad08796a511e3b2437964bf36b703c0afac3d8e,posts/networking-for-introverts-landing-referrals.json in the backup,"Networking for Introverts: Landing Referrals — A practical, example-led guide you can apply right away.",103,,Networking for Introverts: Landing Referrals,44,"Networking for Introverts: Landing Referrals — A practical, example-led guide you can apply right away. Explained by GloryTecks Career Guidance mentors in Hyderabad.",165,Networking for Introverts: Landing Referrals,"Networking for Introverts: Landing Referrals — A practical, example-led guide you can apply right away. Explained by GloryTecks Career Guidance mentors in Hyderabad.",,,/blog/networking-for-introverts-landing-referrals (set by the page template),false,career guidance; networking; introverts; landing; referrals,career guidance; networking; introverts; landing; referrals,0,,0,,4,10 min,false,false,true,,not available: no views column in the CMS and no Search Console export,analyzed
fd1b5c74-df47-411d-b587-8600970de604,nlp-interview-questions-for-data-scientists,/blog/nlp-interview-questions-for-data-scientists,NLP Interview Questions for Data Scientists,published,interview-questions,Interview Questions,interview,Priya Sharma,priya-sharma,2ef777f6-83c0-4249-9c0b-c4d1f2e17b89,2025-09-30,2025-09-30T00:00:00+00:00,2025-09-30,2026-09-18T14:37:08.808906+00:00,2026-09-18T14:37:08.808906+00:00,517,13,421c118b486885fdd2c314b8bd940a734d9fc111cacfbd8d4e5bbdf110ea4fd9,posts/nlp-interview-questions-for-data-scientists.json in the backup,"NLP Interview Questions for Data Scientists — The questions companies actually ask, with concise model answers.",111,,NLP Interview Questions for Data Scientists,43,"NLP Interview Questions for Data Scientists — The questions companies actually ask, with concise model answers. Explained by GloryTecks Interview Questions mentors in Hyderabad.",177,NLP Interview Questions for Data Scientists,"NLP Interview Questions for Data Scientists — The questions companies actually ask, with concise model answers. Explained by GloryTecks Interview Questions mentors in Hyderabad.",,,/blog/nlp-interview-questions-for-data-scientists (set by the page template),false,interview questions; nlp; interview; questions; data,interview questions; nlp; interview; questions; data,0,,0,,9,16 min,false,false,false,,not available: no views column in the CMS and no Search Console export,analyzed
971b600e-0010-4f57-bae3-01850fb939d2,numpy-guide-arrays-broadcasting-and-vectorization,/blog/numpy-guide-arrays-broadcasting-and-vectorization,"NumPy Guide: Arrays, Broadcasting and Vectorization",published,python,Python,guide,Ravi Kumar,ravi-kumar,4fa1201f-a7aa-4e99-9cc2-b037e972a216,2026-05-21,2026-05-21T00:00:00+00:00,2026-05-21,2026-09-18T14:07:35.9613+00:00,2026-09-18T14:07:35.9613+00:00,646,26,76b53d22c10b872363cbb77fb54cc5312f241322c070572e2e2c34be9e9de533,posts/numpy-guide-arrays-broadcasting-and-vectorization.json in the backup,"NumPy Guide: Arrays, Broadcasting and Vectorization — A practical, example-led guide you can apply right away.",110,,"NumPy Guide: Arrays, Broadcasting and Vectorization",51,"NumPy Guide: Arrays, Broadcasting and Vectorization — A practical, example-led guide you can apply right away. Explained by GloryTecks Python mentors in Hyderabad.",163,"NumPy Guide: Arrays, Broadcasting and Vectorization","NumPy Guide: Arrays, Broadcasting and Vectorization — A practical, example-led guide you can apply right away. Explained by GloryTecks Python mentors in Hyderabad.",,,/blog/numpy-guide-arrays-broadcasting-and-vectorization (set by the page template),false,python; numpy; arrays; broadcasting; vectorization,python; numpy; arrays; broadcasting; vectorization,0,,0,,4,10 min,false,true,false,,not available: no views column in the CMS and no Search Console export,needs_review
b3b16932-4699-4144-8b25-2d7f09b7ec3f,numpy-interview-questions-for-data-roles,/blog/numpy-interview-questions-for-data-roles,NumPy Interview Questions for Data Roles,published,interview-questions,Interview Questions,interview,Priya Sharma,priya-sharma,2ef777f6-83c0-4249-9c0b-c4d1f2e17b89,2026-01-28,2026-01-28T00:00:00+00:00,2026-01-28,2026-09-18T14:37:03.893983+00:00,2026-09-18T14:37:03.893983+00:00,517,13,433efb51bec3ffdee6082342bfac1244ce0fcf06fa75cbf2f16f2bedf1539e8a,posts/numpy-interview-questions-for-data-roles.json in the backup,"NumPy Interview Questions for Data Roles — The questions companies actually ask, with concise model answers.",108,,NumPy Interview Questions for Data Roles,40,"NumPy Interview Questions for Data Roles — The questions companies actually ask, with concise model answers. Explained by GloryTecks Interview Questions mentors in Hyderabad.",174,NumPy Interview Questions for Data Roles,"NumPy Interview Questions for Data Roles — The questions companies actually ask, with concise model answers. Explained by GloryTecks Interview Questions mentors in Hyderabad.",,,/blog/numpy-interview-questions-for-data-roles (set by the page template),false,interview questions; numpy; interview; questions; data,interview questions; numpy; interview; questions; data,0,,0,,9,16 min,false,false,false,,not available: no views column in the CMS and no Search Console export,analyzed
29094d47-f4d0-4699-9113-51c30ce545d2,object-oriented-programming-oop-in-python-explained,/blog/object-oriented-programming-oop-in-python-explained,Object-Oriented Programming (OOP) in Python Explained,published,python,Python,guide,Ravi Kumar,ravi-kumar,4fa1201f-a7aa-4e99-9cc2-b037e972a216,2026-05-09,2026-05-09T00:00:00+00:00,2026-05-09,2026-09-18T14:07:47.328525+00:00,2026-09-18T14:07:47.328525+00:00,654,26,b76d35b01877c25467fb36a12fb137f55f1226ee1513d8b1ef9358d41e22fd63,posts/object-oriented-programming-oop-in-python-explained.json in the backup,"Object-Oriented Programming (OOP) in Python Explained — A practical, example-led guide you can apply right away.",112,,Object-Oriented Programming (OOP) in Python Explained,53,"Object-Oriented Programming (OOP) in Python Explained — A practical, example-led guide you can apply right away. Explained by GloryTecks Python mentors in Hyderabad.",165,Object-Oriented Programming (OOP) in Python Explained,"Object-Oriented Programming (OOP) in Python Explained — A practical, example-led guide you can apply right away. Explained by GloryTecks Python mentors in Hyderabad.",,,/blog/object-oriented-programming-oop-in-python-explained (set by the page template),false,python; object; oriented; programming; oop,python; object; oriented; programming; oop,0,,0,,4,10 min,false,false,false,,not available: no views column in the CMS and no Search Console export,analyzed
168e48d7-4720-4d3a-81de-3e8e805905fd,ollama-tutorial-run-llms-locally-on-your-machine,/blog/ollama-tutorial-run-llms-locally-on-your-machine,Ollama Tutorial: Run LLMs Locally on Your Machine,published,generative-ai,Generative AI,guide,GloryTecks Team,glorytecks-team,3bbe4550-883d-4859-8188-29c88e22563e,2025-12-10,2025-12-10T00:00:00+00:00,2025-12-10,2026-09-18T14:37:05.849802+00:00,2026-09-18T14:37:05.849802+00:00,688,26,0a69a40cc3fad507f9531278ffeed903ab9c5e5340e52508d15a7186e51157b0,posts/ollama-tutorial-run-llms-locally-on-your-machine.json in the backup,"Ollama Tutorial: Run LLMs Locally on Your Machine — A practical, example-led guide you can apply right away.",108,,Ollama Tutorial: Run LLMs Locally on Your Machine,49,"Ollama Tutorial: Run LLMs Locally on Your Machine — A practical, example-led guide you can apply right away. Explained by GloryTecks Generative AI mentors in Hyderabad.",168,Ollama Tutorial: Run LLMs Locally on Your Machine,"Ollama Tutorial: Run LLMs Locally on Your Machine — A practical, example-led guide you can apply right away. Explained by GloryTecks Generative AI mentors in Hyderabad.",,,/blog/ollama-tutorial-run-llms-locally-on-your-machine (set by the page template),false,generative ai; ollama; tutorial; run; llms,generative ai; ollama; tutorial; run; llms,0,,0,,4,10 min,false,false,false,,not available: no views column in the CMS and no Search Console export,analyzed
46a5c35f-62e6-47dd-a3e4-39be726a0f80,oltp-vs-olap-transactional-vs-analytical-systems,/blog/oltp-vs-olap-transactional-vs-analytical-systems,OLTP vs OLAP: Transactional vs Analytical Systems,published,data-engineering,Data Engineering,comparison,GloryTecks Team,glorytecks-team,3bbe4550-883d-4859-8188-29c88e22563e,2026-01-01,2026-01-01T00:00:00+00:00,2026-01-21,2026-09-18T14:37:05.849802+00:00,2026-09-18T14:37:05.849802+00:00,474,17,1e4a5d09d5b6a5dcb11713383a35ef5e12af5e6adbd780240c8d5bc561400a02,posts/oltp-vs-olap-transactional-vs-analytical-systems.json in the backup,"OLTP vs OLAP: Transactional vs Analytical Systems — A clear, practical comparison to help you decide.",101,,OLTP vs OLAP: Transactional vs Analytical Systems,49,"OLTP vs OLAP: Transactional vs Analytical Systems — A clear, practical comparison to help you decide. Explained by GloryTecks Data Engineering mentors in Hyderabad.",164,OLTP vs OLAP: Transactional vs Analytical Systems,"OLTP vs OLAP: Transactional vs Analytical Systems — A clear, practical comparison to help you decide. Explained by GloryTecks Data Engineering mentors in Hyderabad.",,,/blog/oltp-vs-olap-transactional-vs-analytical-systems (set by the page template),false,data engineering; oltp; olap; transactional; analytical,data engineering; oltp; olap; transactional; analytical,0,,0,,4,7 min,false,false,false,,not available: no views column in the CMS and no Search Console export,analyzed
9d55d0fa-b133-405e-ad2d-f3689df43731,open-source-llms-vs-closed-models-a-2026-comparison,/blog/open-source-llms-vs-closed-models-a-2026-comparison,Open-Source LLMs vs Closed Models: A 2026 Comparison,published,generative-ai,Generative AI,comparison,Ravi Kumar,ravi-kumar,4fa1201f-a7aa-4e99-9cc2-b037e972a216,2026-02-26,2026-02-26T00:00:00+00:00,2026-02-26,2026-09-18T14:37:03.893983+00:00,2026-09-18T14:37:03.893983+00:00,487,17,f4b182f543003a443a494dab4c48a9ea5093f207579ed5e6b756b21105d777c0,posts/open-source-llms-vs-closed-models-a-2026-comparison.json in the backup,"Open-Source LLMs vs Closed Models: A 2026 Comparison — A clear, practical comparison to help you decide.",104,,Open-Source LLMs vs Closed Models: A 2026 Comparison,52,"Open-Source LLMs vs Closed Models: A 2026 Comparison — A clear, practical comparison to help you decide. Explained by GloryTecks Generative AI mentors in Hyderabad.",164,Open-Source LLMs vs Closed Models: A 2026 Comparison,"Open-Source LLMs vs Closed Models: A 2026 Comparison — A clear, practical comparison to help you decide. Explained by GloryTecks Generative AI mentors in Hyderabad.",,,/blog/open-source-llms-vs-closed-models-a-2026-comparison (set by the page template),false,generative ai; open; source; llms; closed,generative ai; open; source; llms; closed,0,,0,,4,7 min,false,false,true,,not available: no views column in the CMS and no Search Console export,analyzed
a6a0eaa1-b568-4541-b5d2-922a84dab321,orchestration-airflow-vs-dagster-vs-prefect,/blog/orchestration-airflow-vs-dagster-vs-prefect,Orchestration: Airflow vs Dagster vs Prefect,published,data-engineering,Data Engineering,comparison,Sneha Reddy,sneha-reddy,682d13de-46d8-47b4-914e-58e25b899413,2026-01-07,2026-01-07T00:00:00+00:00,2026-02-24,2026-09-18T14:37:05.849802+00:00,2026-09-18T14:37:05.849802+00:00,471,17,d4cd331b9c5c94c6c03fc8103075bdec9d4b0fdad2e4aa35b38e4fcdade4efd0,posts/orchestration-airflow-vs-dagster-vs-prefect.json in the backup,"Orchestration: Airflow vs Dagster vs Prefect — A clear, practical comparison to help you decide.",96,,Orchestration: Airflow vs Dagster vs Prefect,44,"Orchestration: Airflow vs Dagster vs Prefect — A clear, practical comparison to help you decide. Explained by GloryTecks Data Engineering mentors in Hyderabad.",159,Orchestration: Airflow vs Dagster vs Prefect,"Orchestration: Airflow vs Dagster vs Prefect — A clear, practical comparison to help you decide. Explained by GloryTecks Data Engineering mentors in Hyderabad.",,,/blog/orchestration-airflow-vs-dagster-vs-prefect (set by the page template),false,data engineering; orchestration; airflow; dagster; prefect,data engineering; orchestration; airflow; dagster; prefect,0,,0,,4,7 min,false,false,false,,not available: no views column in the CMS and no Search Console export,analyzed
e1faf93a-3d0a-4db2-ae57-4e68b6202862,outlier-detection-for-analysts-methods-and-tools,/blog/outlier-detection-for-analysts-methods-and-tools,Outlier Detection for Analysts: Methods and Tools,published,data-analytics,Data Analytics,guide,Arjun Nair,arjun-nair,ffb6b867-319d-461f-ba3c-c736b5113800,2025-11-21,2025-11-21T00:00:00+00:00,2025-12-12,2026-09-18T14:37:07.161579+00:00,2026-09-18T14:37:07.161579+00:00,670,26,61e5ca3ccd52f9f0eda0f4c925b337da3df0b708cfa1da74fd4583f959166aa7,posts/outlier-detection-for-analysts-methods-and-tools.json in the backup,"Outlier Detection for Analysts: Methods and Tools — A practical, example-led guide you can apply right away.",108,,Outlier Detection for Analysts: Methods and Tools,49,"Outlier Detection for Analysts: Methods and Tools — A practical, example-led guide you can apply right away. Explained by GloryTecks Data Analytics mentors in Hyderabad.",169,Outlier Detection for Analysts: Methods and Tools,"Outlier Detection for Analysts: Methods and Tools — A practical, example-led guide you can apply right away. Explained by GloryTecks Data Analytics mentors in Hyderabad.",,,/blog/outlier-detection-for-analysts-methods-and-tools (set by the page template),false,data analytics; outlier; detection; analysts; methods,data analytics; outlier; detection; analysts; methods,0,,0,,4,10 min,false,false,false,,not available: no views column in the CMS and no Search Console export,analyzed
0744d8c6-1a4c-4c93-a7ba-590e5a7dd3fa,overfitting-and-underfitting-causes-and-fixes,/blog/overfitting-and-underfitting-causes-and-fixes,Overfitting and Underfitting: Causes and Fixes,published,data-science,Data Science,guide,Ravi Kumar,ravi-kumar,4fa1201f-a7aa-4e99-9cc2-b037e972a216,2025-09-24,2025-09-24T00:00:00+00:00,2025-10-12,2026-09-18T14:37:08.808906+00:00,2026-09-18T14:37:08.808906+00:00,673,26,d1508f4e4f307b9c863be9a0096bac0c7c166f5459daca17d946dd46a2bc90cd,posts/overfitting-and-underfitting-causes-and-fixes.json in the backup,"Overfitting and Underfitting: Causes and Fixes — A practical, example-led guide you can apply right away.",105,,Overfitting and Underfitting: Causes and Fixes,46,"Overfitting and Underfitting: Causes and Fixes — A practical, example-led guide you can apply right away. Explained by GloryTecks Data Science mentors in Hyderabad.",164,Overfitting and Underfitting: Causes and Fixes,"Overfitting and Underfitting: Causes and Fixes — A practical, example-led guide you can apply right away. Explained by GloryTecks Data Science mentors in Hyderabad.",,,/blog/overfitting-and-underfitting-causes-and-fixes (set by the page template),false,data science; overfitting; underfitting; causes; fixes,data science; overfitting; underfitting; causes; fixes,0,,0,,4,10 min,false,false,false,,not available: no views column in the CMS and no Search Console export,analyzed
e53d7658-11f7-4daf-be8f-ee90bab43b33,pandas-guide-dataframes-cleaning-and-aggregation,/blog/pandas-guide-dataframes-cleaning-and-aggregation,"Pandas Guide: DataFrames, Cleaning and Aggregation",published,python,Python,guide,GloryTecks Team,glorytecks-team,3bbe4550-883d-4859-8188-29c88e22563e,2026-05-15,2026-05-15T00:00:00+00:00,2026-05-15,2026-09-18T14:07:40.780776+00:00,2026-09-18T14:07:40.780776+00:00,646,26,22dafac564185b1f6b0d2bf1d8f1ddc34f15ec132066f00b840e1554e0327733,posts/pandas-guide-dataframes-cleaning-and-aggregation.json in the backup,"Pandas Guide: DataFrames, Cleaning and Aggregation — A practical, example-led guide you can apply right away.",109,,"Pandas Guide: DataFrames, Cleaning and Aggregation",50,"Pandas Guide: DataFrames, Cleaning and Aggregation — A practical, example-led guide you can apply right away. Explained by GloryTecks Python mentors in Hyderabad.",162,"Pandas Guide: DataFrames, Cleaning and Aggregation","Pandas Guide: DataFrames, Cleaning and Aggregation — A practical, example-led guide you can apply right away. Explained by GloryTecks Python mentors in Hyderabad.",,,/blog/pandas-guide-dataframes-cleaning-and-aggregation (set by the page template),false,python; pandas; dataframes; cleaning; aggregation,python; pandas; dataframes; cleaning; aggregation,0,,0,,4,10 min,false,false,false,,not available: no views column in the CMS and no Search Console export,analyzed
fc4360ad-8aae-49ec-886e-23ae17a2a9c8,pandas-interview-questions-every-analyst-should-know,/blog/pandas-interview-questions-every-analyst-should-know,Pandas Interview Questions Every Analyst Should Know,published,interview-questions,Interview Questions,interview,Priya Sharma,priya-sharma,2ef777f6-83c0-4249-9c0b-c4d1f2e17b89,2026-04-22,2026-04-22T00:00:00+00:00,2026-04-22,2026-09-18T14:37:01.989257+00:00,2026-09-18T14:37:01.989257+00:00,519,13,3d63a9cdf38d6728075b43a79ee413619846316f559f4cf71ea90f948eb7b03f,posts/pandas-interview-questions-every-analyst-should-know.json in the backup,"Pandas Interview Questions Every Analyst Should Know — The questions companies actually ask, with concise model answers.",120,,Pandas Interview Questions Every Analyst Should Know,52,"Pandas Interview Questions Every Analyst Should Know — The questions companies actually ask, with concise model answers. Explained by GloryTecks Interview Questions mentors in Hyderabad.",186,Pandas Interview Questions Every Analyst Should Know,"Pandas Interview Questions Every Analyst Should Know — The questions companies actually ask, with concise model answers. Explained by GloryTecks Interview Questions mentors in Hyderabad.",,,/blog/pandas-interview-questions-every-analyst-should-know (set by the page template),false,interview questions; pandas; interview; questions; analyst,interview questions; pandas; interview; questions; analyst,0,,0,,9,16 min,false,false,false,,not available: no views column in the CMS and no Search Console export,analyzed
b71f2897-8aec-4070-ac95-4054bd35d274,pandas-performance-making-your-code-10x-faster,/blog/pandas-performance-making-your-code-10x-faster,Pandas Performance: Making Your Code 10x Faster,published,python,Python,guide,GloryTecks Team,glorytecks-team,3bbe4550-883d-4859-8188-29c88e22563e,2025-09-05,2025-09-05T00:00:00+00:00,2025-09-05,2026-09-18T14:37:08.808906+00:00,2026-09-18T14:37:08.808906+00:00,647,26,0d86a123f4865c704dda8dc600ecb241ae102d8e82b72c1bbb7c929109423ff8,posts/pandas-performance-making-your-code-10x-faster.json in the backup,"Pandas Performance: Making Your Code 10x Faster — A practical, example-led guide you can apply right away.",106,,Pandas Performance: Making Your Code 10x Faster,47,"Pandas Performance: Making Your Code 10x Faster — A practical, example-led guide you can apply right away. Explained by GloryTecks Python mentors in Hyderabad.",159,Pandas Performance: Making Your Code 10x Faster,"Pandas Performance: Making Your Code 10x Faster — A practical, example-led guide you can apply right away. Explained by GloryTecks Python mentors in Hyderabad.",,,/blog/pandas-performance-making-your-code-10x-faster (set by the page template),false,python; pandas; performance; making; code,python; pandas; performance; making; code,0,,0,,4,10 min,false,false,false,,not available: no views column in the CMS and no Search Console export,analyzed
6604ee3c-d43d-47cc-893c-cbb8a522acce,pandas-vs-sql-for-data-analysis-when-to-use-which,/blog/pandas-vs-sql-for-data-analysis-when-to-use-which,Pandas vs SQL for Data Analysis: When to Use Which,published,data-science,Data Science,comparison,GloryTecks Team,glorytecks-team,3bbe4550-883d-4859-8188-29c88e22563e,2025-09-06,2025-09-06T00:00:00+00:00,2025-09-20,2026-09-18T14:37:08.808906+00:00,2026-09-18T14:37:08.808906+00:00,485,17,0ea164b80dfa855e9cd667542e0d51ddcbcf53abc5b386235302f7bc9dce62c6,posts/pandas-vs-sql-for-data-analysis-when-to-use-which.json in the backup,"Pandas vs SQL for Data Analysis: When to Use Which — A clear, practical comparison to help you decide.",102,,Pandas vs SQL for Data Analysis: When to Use Which,50,"Pandas vs SQL for Data Analysis: When to Use Which — A clear, practical comparison to help you decide. Explained by GloryTecks Data Science mentors in Hyderabad.",161,Pandas vs SQL for Data Analysis: When to Use Which,"Pandas vs SQL for Data Analysis: When to Use Which — A clear, practical comparison to help you decide. Explained by GloryTecks Data Science mentors in Hyderabad.",,,/blog/pandas-vs-sql-for-data-analysis-when-to-use-which (set by the page template),false,data science; pandas; sql; data; analysis,data science; pandas; sql; data; analysis,0,,0,,4,7 min,false,false,false,,not available: no views column in the CMS and no Search Console export,analyzed
ddb1110b-94f1-4b95-a6a4-9b7303eb4c75,parameterizing-pipelines-in-azure-data-factory,/blog/parameterizing-pipelines-in-azure-data-factory,Parameterizing Pipelines in Azure Data Factory,published,azure-data-factory,Azure Data Factory,guide,Sneha Reddy,sneha-reddy,682d13de-46d8-47b4-914e-58e25b899413,2026-04-12,2026-04-12T00:00:00+00:00,2026-04-12,2026-09-18T14:37:01.989257+00:00,2026-09-18T14:37:01.989257+00:00,707,26,4db112eaddccfcd0110940313465b285df5997484978c8f7ee386deeb765f927,posts/parameterizing-pipelines-in-azure-data-factory.json in the backup,"Parameterizing Pipelines in Azure Data Factory — A practical, example-led guide you can apply right away.",105,,Parameterizing Pipelines in Azure Data Factory,46,"Parameterizing Pipelines in Azure Data Factory — A practical, example-led guide you can apply right away. Explained by GloryTecks Azure Data Factory mentors in Hyderabad.",170,Parameterizing Pipelines in Azure Data Factory,"Parameterizing Pipelines in Azure Data Factory — A practical, example-led guide you can apply right away. Explained by GloryTecks Azure Data Factory mentors in Hyderabad.",,,/blog/parameterizing-pipelines-in-azure-data-factory (set by the page template),false,azure data factory; parameterizing; pipelines; azure; data,azure data factory; parameterizing; pipelines; azure; data,0,,0,,4,10 min,false,false,false,,not available: no views column in the CMS and no Search Console export,analyzed
f75882f4-8ca5-43b6-b606-b705eb5bff4b,parquet-and-partitioning-for-cheaper-athena-queries,/blog/parquet-and-partitioning-for-cheaper-athena-queries,Parquet and Partitioning for Cheaper Athena Queries,published,aws,AWS,guide,GloryTecks Team,glorytecks-team,3bbe4550-883d-4859-8188-29c88e22563e,2025-09-01,2025-09-01T00:00:00+00:00,2025-09-24,2026-09-18T14:37:08.808906+00:00,2026-09-18T14:37:08.808906+00:00,687,26,03fc3648229b43992871ebc5410056007dc32fcdf5dba02139b7ab6c5ec6d655,posts/parquet-and-partitioning-for-cheaper-athena-queries.json in the backup,"Parquet and Partitioning for Cheaper Athena Queries — A practical, example-led guide you can apply right away.",110,,Parquet and Partitioning for Cheaper Athena Queries,51,"Parquet and Partitioning for Cheaper Athena Queries — A practical, example-led guide you can apply right away. Explained by GloryTecks AWS mentors in Hyderabad.",160,Parquet and Partitioning for Cheaper Athena Queries,"Parquet and Partitioning for Cheaper Athena Queries — A practical, example-led guide you can apply right away. Explained by GloryTecks AWS mentors in Hyderabad.",,,/blog/parquet-and-partitioning-for-cheaper-athena-queries (set by the page template),false,aws; parquet; partitioning; cheaper; athena,aws; parquet; partitioning; cheaper; athena,0,,0,,4,10 min,false,false,false,,not available: no views column in the CMS and no Search Console export,analyzed
e3bbfea1-1393-400c-b732-946dc65fdecf,parquet-vs-orc-vs-avro-file-formats-compared,/blog/parquet-vs-orc-vs-avro-file-formats-compared,Parquet vs ORC vs Avro: File Formats Compared,published,data-engineering,Data Engineering,comparison,GloryTecks Team,glorytecks-team,3bbe4550-883d-4859-8188-29c88e22563e,2025-12-08,2025-12-08T00:00:00+00:00,2026-01-05,2026-09-18T14:37:05.849802+00:00,2026-09-18T14:37:05.849802+00:00,477,17,ec2c1059d5a4be4663acda3bb32d34a343c9cbb80705ac39139407ce2b213df4,posts/parquet-vs-orc-vs-avro-file-formats-compared.json in the backup,"Parquet vs ORC vs Avro: File Formats Compared — A clear, practical comparison to help you decide.",97,,Parquet vs ORC vs Avro: File Formats Compared,45,"Parquet vs ORC vs Avro: File Formats Compared — A clear, practical comparison to help you decide. Explained by GloryTecks Data Engineering mentors in Hyderabad.",160,Parquet vs ORC vs Avro: File Formats Compared,"Parquet vs ORC vs Avro: File Formats Compared — A clear, practical comparison to help you decide. Explained by GloryTecks Data Engineering mentors in Hyderabad.",,,/blog/parquet-vs-orc-vs-avro-file-formats-compared (set by the page template),false,data engineering; parquet; orc; avro; file,data engineering; parquet; orc; avro; file,0,,0,,4,7 min,false,false,true,,not available: no views column in the CMS and no Search Console export,analyzed
2bd4e975-fbf9-4721-b99e-40d86e2f9187,partitioning-and-bucketing-in-spark-explained,/blog/partitioning-and-bucketing-in-spark-explained,Partitioning and Bucketing in Spark Explained,published,data-engineering,Data Engineering,guide,GloryTecks Team,glorytecks-team,3bbe4550-883d-4859-8188-29c88e22563e,2026-03-02,2026-03-02T00:00:00+00:00,2026-03-22,2026-09-18T14:37:03.893983+00:00,2026-09-18T14:37:03.893983+00:00,679,26,259e3a13be60bdfa9695d626667401ce9eb111a652f56d15f81755f8bd824995,posts/partitioning-and-bucketing-in-spark-explained.json in the backup,"Partitioning and Bucketing in Spark Explained — A practical, example-led guide you can apply right away.",104,,Partitioning and Bucketing in Spark Explained,45,"Partitioning and Bucketing in Spark Explained — A practical, example-led guide you can apply right away. Explained by GloryTecks Data Engineering mentors in Hyderabad.",167,Partitioning and Bucketing in Spark Explained,"Partitioning and Bucketing in Spark Explained — A practical, example-led guide you can apply right away. Explained by GloryTecks Data Engineering mentors in Hyderabad.",,,/blog/partitioning-and-bucketing-in-spark-explained (set by the page template),false,data engineering; partitioning; bucketing; spark,data engineering; partitioning; bucketing; spark,0,,0,,4,10 min,false,false,true,,not available: no views column in the CMS and no Search Console export,needs_review
0b8f15c1-2e69-4233-a3db-8beca4501f1d,partitioning-and-clustering-in-bigquery,/blog/partitioning-and-clustering-in-bigquery,Partitioning and Clustering in BigQuery,published,gcp,GCP,guide,Sneha Reddy,sneha-reddy,682d13de-46d8-47b4-914e-58e25b899413,2026-04-12,2026-04-12T00:00:00+00:00,2026-04-12,2026-09-18T14:37:01.989257+00:00,2026-09-18T14:37:01.989257+00:00,661,26,f3674374f7386e8f5b41507972b7afd1799783082201391d02dd110a3b7fdf82,posts/partitioning-and-clustering-in-bigquery.json in the backup,"Partitioning and Clustering in BigQuery — A practical, example-led guide you can apply right away.",98,,Partitioning and Clustering in BigQuery,39,"Partitioning and Clustering in BigQuery — A practical, example-led guide you can apply right away. Explained by GloryTecks GCP mentors in Hyderabad.",148,Partitioning and Clustering in BigQuery,"Partitioning and Clustering in BigQuery — A practical, example-led guide you can apply right away. Explained by GloryTecks GCP mentors in Hyderabad.",,,/blog/partitioning-and-clustering-in-bigquery (set by the page template),false,gcp; partitioning; clustering; bigquery,gcp; partitioning; clustering; bigquery,0,,0,,4,10 min,false,false,false,,not available: no views column in the CMS and no Search Console export,analyzed
54ecb1d9-4617-48f7-a3c2-1832b2049add,partitioning-data-in-s3-for-athena-performance,/blog/partitioning-data-in-s3-for-athena-performance,Partitioning Data in S3 for Athena Performance,published,aws,AWS,guide,GloryTecks Team,glorytecks-team,3bbe4550-883d-4859-8188-29c88e22563e,2026-02-28,2026-02-28T00:00:00+00:00,2026-03-23,2026-09-18T14:37:03.893983+00:00,2026-09-18T14:37:03.893983+00:00,687,26,dfeb9ef711a40c7e59cc89526b68ddc73cd122a374d9fa7822015995b23dcc80,posts/partitioning-data-in-s3-for-athena-performance.json in the backup,"Partitioning Data in S3 for Athena Performance — A practical, example-led guide you can apply right away.",105,,Partitioning Data in S3 for Athena Performance,46,"Partitioning Data in S3 for Athena Performance — A practical, example-led guide you can apply right away. Explained by GloryTecks AWS mentors in Hyderabad.",155,Partitioning Data in S3 for Athena Performance,"Partitioning Data in S3 for Athena Performance — A practical, example-led guide you can apply right away. Explained by GloryTecks AWS mentors in Hyderabad.",,,/blog/partitioning-data-in-s3-for-athena-performance (set by the page template),false,aws; partitioning; data; athena; performance,aws; partitioning; data; athena; performance,0,,0,,4,10 min,false,false,false,,not available: no views column in the CMS and no Search Console export,analyzed
0896227f-5112-4a2a-88f9-e32cb3f2521c,personal-projects-that-double-as-interview-stories,/blog/personal-projects-that-double-as-interview-stories,Personal Projects That Double as Interview Stories,published,career-guidance,Career Guidance,projects,GloryTecks Team,glorytecks-team,3bbe4550-883d-4859-8188-29c88e22563e,2025-10-07,2025-10-07T00:00:00+00:00,2025-10-07,2026-09-18T14:37:08.808906+00:00,2026-09-18T14:37:08.808906+00:00,538,19,2d3e482663b3d3e817a0edac72d62283ec1090e3da05a4e964325a914c99077a,posts/personal-projects-that-double-as-interview-stories.json in the backup,"Personal Projects That Double as Interview Stories — Hands-on project ideas with datasets, scope and what to showcase.",118,,Personal Projects That Double as Interview Stories,50,"Personal Projects That Double as Interview Stories — Hands-on project ideas with datasets, scope and what to showcase. Explained by GloryTecks Career Guidance mentors in Hyderabad.",180,Personal Projects That Double as Interview Stories,"Personal Projects That Double as Interview Stories — Hands-on project ideas with datasets, scope and what to showcase. Explained by GloryTecks Career Guidance mentors in Hyderabad.",,,/blog/personal-projects-that-double-as-interview-stories (set by the page template),false,career guidance; personal; projects; double; interview,career guidance; personal; projects; double; interview,0,,0,,4,11 min,false,false,false,,not available: no views column in the CMS and no Search Console export,merge_candidate
b6fb7f13-a83f-4ec0-bab5-41af1d92bfb7,pipeline-dependencies-and-scheduling-in-adf,/blog/pipeline-dependencies-and-scheduling-in-adf,Pipeline Dependencies and Scheduling in ADF,published,azure-data-factory,Azure Data Factory,guide,GloryTecks Team,glorytecks-team,3bbe4550-883d-4859-8188-29c88e22563e,2025-10-08,2025-10-08T00:00:00+00:00,2025-10-08,2026-09-18T14:37:08.808906+00:00,2026-09-18T14:37:08.808906+00:00,707,26,d719518d0fc96b909ae592d5e8c6612c13c5d4ddfc1ba1a78a4d66a21a106b77,posts/pipeline-dependencies-and-scheduling-in-adf.json in the backup,"Pipeline Dependencies and Scheduling in ADF — A practical, example-led guide you can apply right away.",102,,Pipeline Dependencies and Scheduling in ADF,43,"Pipeline Dependencies and Scheduling in ADF — A practical, example-led guide you can apply right away. Explained by GloryTecks Azure Data Factory mentors in Hyderabad.",167,Pipeline Dependencies and Scheduling in ADF,"Pipeline Dependencies and Scheduling in ADF — A practical, example-led guide you can apply right away. Explained by GloryTecks Azure Data Factory mentors in Hyderabad.",,,/blog/pipeline-dependencies-and-scheduling-in-adf (set by the page template),false,azure data factory; pipeline; dependencies; scheduling; adf,azure data factory; pipeline; dependencies; scheduling; adf,0,,0,,4,10 min,false,false,false,,not available: no views column in the CMS and no Search Console export,analyzed
98a63b65-4bf3-44a8-ae8b-e9bdb39d6f8c,pipeline-orchestration-airflow-vs-prefect-vs-dagster,/blog/pipeline-orchestration-airflow-vs-prefect-vs-dagster,Pipeline Orchestration: Airflow vs Prefect vs Dagster,published,mlops,MLOps,comparison,Sneha Reddy,sneha-reddy,682d13de-46d8-47b4-914e-58e25b899413,2025-09-09,2025-09-09T00:00:00+00:00,2025-09-09,2026-09-18T14:37:08.808906+00:00,2026-09-18T14:37:08.808906+00:00,475,17,1fd008e79e5de7d7d875f1553ba017b6cb67868b6bae04f23af8eba10539a3a6,posts/pipeline-orchestration-airflow-vs-prefect-vs-dagster.json in the backup,"Pipeline Orchestration: Airflow vs Prefect vs Dagster — A clear, practical comparison to help you decide.",105,,Pipeline Orchestration: Airflow vs Prefect vs Dagster,53,"Pipeline Orchestration: Airflow vs Prefect vs Dagster — A clear, practical comparison to help you decide. Explained by GloryTecks MLOps mentors in Hyderabad.",157,Pipeline Orchestration: Airflow vs Prefect vs Dagster,"Pipeline Orchestration: Airflow vs Prefect vs Dagster — A clear, practical comparison to help you decide. Explained by GloryTecks MLOps mentors in Hyderabad.",,,/blog/pipeline-orchestration-airflow-vs-prefect-vs-dagster (set by the page template),false,mlops; pipeline; orchestration; airflow; prefect,mlops; pipeline; orchestration; airflow; prefect,0,,0,,4,7 min,false,false,false,,not available: no views column in the CMS and no Search Console export,needs_review
7acfdae6-955f-4cdb-b65a-c962bee798e9,pivot-tables-in-excel-a-complete-tutorial,/blog/pivot-tables-in-excel-a-complete-tutorial,Pivot Tables in Excel: A Complete Tutorial,published,data-analytics,Data Analytics,guide,GloryTecks Team,glorytecks-team,3bbe4550-883d-4859-8188-29c88e22563e,2026-04-08,2026-04-08T00:00:00+00:00,2026-05-03,2026-09-18T14:37:01.989257+00:00,2026-09-18T14:37:01.989257+00:00,670,26,aa3436d43aa43598b8f0b1f5d71b3af6887c2bbe31f4bfda553ea1bacdaadd3f,posts/pivot-tables-in-excel-a-complete-tutorial.json in the backup,"Pivot Tables in Excel: A Complete Tutorial — A practical, example-led guide you can apply right away.",101,,Pivot Tables in Excel: A Complete Tutorial,42,"Pivot Tables in Excel: A Complete Tutorial — A practical, example-led guide you can apply right away. Explained by GloryTecks Data Analytics mentors in Hyderabad.",162,Pivot Tables in Excel: A Complete Tutorial,"Pivot Tables in Excel: A Complete Tutorial — A practical, example-led guide you can apply right away. Explained by GloryTecks Data Analytics mentors in Hyderabad.",,,/blog/pivot-tables-in-excel-a-complete-tutorial (set by the page template),false,data analytics; pivot; tables; excel; tutorial,data analytics; pivot; tables; excel; tutorial,0,,0,,4,10 min,false,false,false,,not available: no views column in the CMS and no Search Console export,analyzed
e265908e-7bcb-4aec-b825-ba3c56375899,portfolio-building-projects-that-impress-recruiters,/blog/portfolio-building-projects-that-impress-recruiters,Portfolio Building: Projects That Impress Recruiters,published,career-guidance,Career Guidance,projects,GloryTecks Team,glorytecks-team,3bbe4550-883d-4859-8188-29c88e22563e,2026-05-11,2026-05-11T00:00:00+00:00,2026-05-11,2026-09-18T14:07:45.670921+00:00,2026-09-18T14:07:45.670921+00:00,532,19,ab30d87205c6c662d2e19e3ff2cb7c2626591ac75800b4570b2d1a22eb638e11,posts/portfolio-building-projects-that-impress-recruiters.json in the backup,"Portfolio Building: Projects That Impress Recruiters — Hands-on project ideas with datasets, scope and what to showcase.",120,,Portfolio Building: Projects That Impress Recruiters,52,"Portfolio Building: Projects That Impress Recruiters — Hands-on project ideas with datasets, scope and what to showcase. Explained by GloryTecks Career Guidance mentors in Hyderabad.",182,Portfolio Building: Projects That Impress Recruiters,"Portfolio Building: Projects That Impress Recruiters — Hands-on project ideas with datasets, scope and what to showcase. Explained by GloryTecks Career Guidance mentors in Hyderabad.",,,/blog/portfolio-building-projects-that-impress-recruiters (set by the page template),false,career guidance; portfolio; building; projects; impress,career guidance; portfolio; building; projects; impress,0,,0,,4,11 min,false,false,true,,not available: no views column in the CMS and no Search Console export,analyzed
ac54a57b-a101-4b02-8314-b6b60720ed14,power-bi-bookmarks-and-buttons-for-interactivity,/blog/power-bi-bookmarks-and-buttons-for-interactivity,Power BI Bookmarks and Buttons for Interactivity,published,power-bi,Power BI,guide,Arjun Nair,arjun-nair,ffb6b867-319d-461f-ba3c-c736b5113800,2026-02-25,2026-02-25T00:00:00+00:00,2026-02-25,2026-09-18T14:37:03.893983+00:00,2026-09-18T14:37:03.893983+00:00,699,26,024b277d51ce09b27195767d3a6c83f0f7734cc845ad35ddb34798111f75b3c9,posts/power-bi-bookmarks-and-buttons-for-interactivity.json in the backup,"Power BI Bookmarks and Buttons for Interactivity — A practical, example-led guide you can apply right away.",107,,Power BI Bookmarks and Buttons for Interactivity,48,"Power BI Bookmarks and Buttons for Interactivity — A practical, example-led guide you can apply right away. Explained by GloryTecks Power BI mentors in Hyderabad.",162,Power BI Bookmarks and Buttons for Interactivity,"Power BI Bookmarks and Buttons for Interactivity — A practical, example-led guide you can apply right away. Explained by GloryTecks Power BI mentors in Hyderabad.",,,/blog/power-bi-bookmarks-and-buttons-for-interactivity (set by the page template),false,power bi; power; bookmarks; buttons; interactivity,power bi; power; bookmarks; buttons; interactivity,0,,0,,4,10 min,false,false,false,,not available: no views column in the CMS and no Search Console export,analyzed
da35abfe-ac74-44cd-889f-60a164f78af5,power-bi-certification-pl-300-how-to-prepare,/blog/power-bi-certification-pl-300-how-to-prepare,Power BI Certification (PL-300): How to Prepare,published,power-bi,Power BI,certification,Arjun Nair,arjun-nair,ffb6b867-319d-461f-ba3c-c736b5113800,2026-01-20,2026-01-20T00:00:00+00:00,2026-01-20,2026-09-18T14:37:05.849802+00:00,2026-09-18T14:37:05.849802+00:00,533,18,9a619634a63f5128d284f6c6181a602001215134b19bd1734a83a2492221dc5a,posts/power-bi-certification-pl-300-how-to-prepare.json in the backup,"Power BI Certification (PL-300): How to Prepare — Exam structure, syllabus, prep plan and resources that work.",110,,Power BI Certification (PL-300): How to Prepare,47,"Power BI Certification (PL-300): How to Prepare — Exam structure, syllabus, prep plan and resources that work. Explained by GloryTecks Power BI mentors in Hyderabad.",165,Power BI Certification (PL-300): How to Prepare,"Power BI Certification (PL-300): How to Prepare — Exam structure, syllabus, prep plan and resources that work. Explained by GloryTecks Power BI mentors in Hyderabad.",,,/blog/power-bi-certification-pl-300-how-to-prepare (set by the page template),false,power bi; power; certification; 300; prepare,power bi; power; certification; 300; prepare,0,,0,,5,9 min,false,false,false,,not available: no views column in the CMS and no Search Console export,analyzed
e0e64b5f-c271-48d6-afe9-c96d8bd65973,power-bi-custom-visuals-when-and-how-to-use-them,/blog/power-bi-custom-visuals-when-and-how-to-use-them,Power BI Custom Visuals: When and How to Use Them,published,power-bi,Power BI,guide,Arjun Nair,arjun-nair,ffb6b867-319d-461f-ba3c-c736b5113800,2026-01-08,2026-01-08T00:00:00+00:00,2026-01-08,2026-09-18T14:37:05.849802+00:00,2026-09-18T14:37:05.849802+00:00,696,26,6a2b1f3cae4d46ddacc0aae3749e1730614dece5a7cd6dc468f40af2379a70ea,posts/power-bi-custom-visuals-when-and-how-to-use-them.json in the backup,"Power BI Custom Visuals: When and How to Use Them — A practical, example-led guide you can apply right away.",108,,Power BI Custom Visuals: When and How to Use Them,49,"Power BI Custom Visuals: When and How to Use Them — A practical, example-led guide you can apply right away. Explained by GloryTecks Power BI mentors in Hyderabad.",163,Power BI Custom Visuals: When and How to Use Them,"Power BI Custom Visuals: When and How to Use Them — A practical, example-led guide you can apply right away. Explained by GloryTecks Power BI mentors in Hyderabad.",,,/blog/power-bi-custom-visuals-when-and-how-to-use-them (set by the page template),false,power bi; power; custom; visuals; when,power bi; power; custom; visuals; when,0,,0,,4,10 min,false,false,false,,not available: no views column in the CMS and no Search Console export,analyzed
74411ff7-3d1d-4954-a8db-edd0939d1897,power-bi-dashboard-design-a-practical-guide,/blog/power-bi-dashboard-design-a-practical-guide,Power BI Dashboard Design: A Practical Guide,published,power-bi,Power BI,guide,GloryTecks Team,glorytecks-team,3bbe4550-883d-4859-8188-29c88e22563e,2026-05-14,2026-05-14T00:00:00+00:00,2026-05-14,2026-09-18T14:07:41.626801+00:00,2026-09-18T14:07:41.626801+00:00,693,26,20643359ed0c2f3e5c6d2b5a18f35f1c7e5e5e39950a6b2d7a97886eeb473adc,posts/power-bi-dashboard-design-a-practical-guide.json in the backup,"Power BI Dashboard Design: A Practical Guide — A practical, example-led guide you can apply right away.",103,,Power BI Dashboard Design: A Practical Guide,44,"Power BI Dashboard Design: A Practical Guide — A practical, example-led guide you can apply right away. Explained by GloryTecks Power BI mentors in Hyderabad.",158,Power BI Dashboard Design: A Practical Guide,"Power BI Dashboard Design: A Practical Guide — A practical, example-led guide you can apply right away. Explained by GloryTecks Power BI mentors in Hyderabad.",,,/blog/power-bi-dashboard-design-a-practical-guide (set by the page template),false,power bi; power; dashboard; design; practical,power bi; power; dashboard; design; practical,0,,0,,4,10 min,false,false,false,,not available: no views column in the CMS and no Search Console export,analyzed
8e7454d8-8501-4013-a662-1718d8ebbaf1,power-bi-data-refresh-scheduled-and-incremental,/blog/power-bi-data-refresh-scheduled-and-incremental,Power BI Data Refresh: Scheduled and Incremental,published,power-bi,Power BI,guide,Arjun Nair,arjun-nair,ffb6b867-319d-461f-ba3c-c736b5113800,2026-03-09,2026-03-09T00:00:00+00:00,2026-03-09,2026-09-18T14:37:03.893983+00:00,2026-09-18T14:37:03.893983+00:00,693,26,dd1d6d5df1d4dcbfbdf9b717b186e98c3cf7fa51d2ebeb15ea95256ef76e5c26,posts/power-bi-data-refresh-scheduled-and-incremental.json in the backup,"Power BI Data Refresh: Scheduled and Incremental — A practical, example-led guide you can apply right away.",107,,Power BI Data Refresh: Scheduled and Incremental,48,"Power BI Data Refresh: Scheduled and Incremental — A practical, example-led guide you can apply right away. Explained by GloryTecks Power BI mentors in Hyderabad.",162,Power BI Data Refresh: Scheduled and Incremental,"Power BI Data Refresh: Scheduled and Incremental — A practical, example-led guide you can apply right away. Explained by GloryTecks Power BI mentors in Hyderabad.",,,/blog/power-bi-data-refresh-scheduled-and-incremental (set by the page template),false,power bi; power; data; refresh; scheduled,power bi; power; data; refresh; scheduled,0,,0,,4,10 min,false,false,true,,not available: no views column in the CMS and no Search Console export,analyzed
0dcbe8b7-c8b7-47aa-a914-f5af1eaad0f1,power-bi-dataflows-explained-for-beginners,/blog/power-bi-dataflows-explained-for-beginners,Power BI Dataflows Explained for Beginners,published,power-bi,Power BI,guide,Arjun Nair,arjun-nair,ffb6b867-319d-461f-ba3c-c736b5113800,2025-11-21,2025-11-21T00:00:00+00:00,2025-11-21,2026-09-18T14:37:07.161579+00:00,2026-09-18T14:37:07.161579+00:00,696,26,7338c7f7d8755051c753650a90538ac5a8045f76b92fc37cd0021c58217f32fe,posts/power-bi-dataflows-explained-for-beginners.json in the backup,"Power BI Dataflows Explained for Beginners — A practical, example-led guide you can apply right away.",101,,Power BI Dataflows Explained for Beginners,42,"Power BI Dataflows Explained for Beginners — A practical, example-led guide you can apply right away. Explained by GloryTecks Power BI mentors in Hyderabad.",156,Power BI Dataflows Explained for Beginners,"Power BI Dataflows Explained for Beginners — A practical, example-led guide you can apply right away. Explained by GloryTecks Power BI mentors in Hyderabad.",,,/blog/power-bi-dataflows-explained-for-beginners (set by the page template),false,power bi; power; dataflows; beginners,power bi; power; dataflows; beginners,0,,0,,4,10 min,false,false,false,,not available: no views column in the CMS and no Search Console export,analyzed
111b5beb-348f-4c0c-855e-babf6f9c3bdf,power-bi-deployment-pipelines-for-teams,/blog/power-bi-deployment-pipelines-for-teams,Power BI Deployment Pipelines for Teams,published,power-bi,Power BI,guide,Arjun Nair,arjun-nair,ffb6b867-319d-461f-ba3c-c736b5113800,2025-10-04,2025-10-04T00:00:00+00:00,2025-10-04,2026-09-18T14:37:08.808906+00:00,2026-09-18T14:37:08.808906+00:00,696,26,a7fcfa78da71068ba1d2ff61b8fdb848d9a4ee06bb56e0d3ff8e8f87aac82e1a,posts/power-bi-deployment-pipelines-for-teams.json in the backup,"Power BI Deployment Pipelines for Teams — A practical, example-led guide you can apply right away.",98,,Power BI Deployment Pipelines for Teams,39,"Power BI Deployment Pipelines for Teams — A practical, example-led guide you can apply right away. Explained by GloryTecks Power BI mentors in Hyderabad.",153,Power BI Deployment Pipelines for Teams,"Power BI Deployment Pipelines for Teams — A practical, example-led guide you can apply right away. Explained by GloryTecks Power BI mentors in Hyderabad.",,,/blog/power-bi-deployment-pipelines-for-teams (set by the page template),false,power bi; power; deployment; pipelines; teams,power bi; power; deployment; pipelines; teams,0,,0,,4,10 min,false,false,false,,not available: no views column in the CMS and no Search Console export,analyzed
77874e6c-5eb2-4208-8ac6-77870aabf046,power-bi-developer-salary-in-hyderabad-2026,/blog/power-bi-developer-salary-in-hyderabad-2026,Power BI Developer Salary in Hyderabad 2026,published,power-bi,Power BI,salary,Arjun Nair,arjun-nair,ffb6b867-319d-461f-ba3c-c736b5113800,2025-10-16,2025-10-16T00:00:00+00:00,2025-10-16,2026-09-18T14:37:08.808906+00:00,2026-09-18T14:37:08.808906+00:00,552,17,84ebe1981e7cd6e6af2c26401420e5e77fad7f1d58c1fcd91384cb98203962f7,posts/power-bi-developer-salary-in-hyderabad-2026.json in the backup,"Power BI Developer Salary in Hyderabad 2026 — Up-to-date salary ranges, the factors that move pay, and how to earn more.",120,,Power BI Developer Salary in Hyderabad 2026,43,"Power BI Developer Salary in Hyderabad 2026 — Up-to-date salary ranges, the factors that move pay, and how to earn more. Explained by GloryTecks Power BI mentors in Hyderabad.",175,Power BI Developer Salary in Hyderabad 2026,"Power BI Developer Salary in Hyderabad 2026 — Up-to-date salary ranges, the factors that move pay, and how to earn more. Explained by GloryTecks Power BI mentors in Hyderabad.",,,/blog/power-bi-developer-salary-in-hyderabad-2026 (set by the page template),false,power bi; power; developer; salary; hyderabad,power bi; power; developer; salary; hyderabad,0,,0,,5,8 min,false,false,false,,not available: no views column in the CMS and no Search Console export,needs_review
15d93744-8e75-4237-a606-1f53fd2c194c,power-bi-drillthrough-and-drilldown-explained,/blog/power-bi-drillthrough-and-drilldown-explained,Power BI Drillthrough and Drilldown Explained,published,power-bi,Power BI,guide,GloryTecks Team,glorytecks-team,3bbe4550-883d-4859-8188-29c88e22563e,2026-02-07,2026-02-07T00:00:00+00:00,2026-02-07,2026-09-18T14:37:03.893983+00:00,2026-09-18T14:37:03.893983+00:00,696,26,3e6e80a344788f483847bafcc04a2c2e89c602144b9d3819227d56835488ebc0,posts/power-bi-drillthrough-and-drilldown-explained.json in the backup,"Power BI Drillthrough and Drilldown Explained — A practical, example-led guide you can apply right away.",104,,Power BI Drillthrough and Drilldown Explained,45,"Power BI Drillthrough and Drilldown Explained — A practical, example-led guide you can apply right away. Explained by GloryTecks Power BI mentors in Hyderabad.",159,Power BI Drillthrough and Drilldown Explained,"Power BI Drillthrough and Drilldown Explained — A practical, example-led guide you can apply right away. Explained by GloryTecks Power BI mentors in Hyderabad.",,,/blog/power-bi-drillthrough-and-drilldown-explained (set by the page template),false,power bi; power; drillthrough; drilldown,power bi; power; drillthrough; drilldown,0,,0,,4,10 min,false,false,false,,not available: no views column in the CMS and no Search Console export,analyzed
980ae5a5-0aff-4e88-b07b-af02384614dd,power-bi-error-handling-in-power-query,/blog/power-bi-error-handling-in-power-query,Power BI Error Handling in Power Query,published,power-bi,Power BI,guide,Arjun Nair,arjun-nair,ffb6b867-319d-461f-ba3c-c736b5113800,2025-09-22,2025-09-22T00:00:00+00:00,2025-09-22,2026-09-18T14:37:08.808906+00:00,2026-09-18T14:37:08.808906+00:00,699,26,ca16d0db655d234c1c2847ee7088e2c397adc36e4442a1d5299ea22d2063c596,posts/power-bi-error-handling-in-power-query.json in the backup,"Power BI Error Handling in Power Query — A practical, example-led guide you can apply right away.",97,,Power BI Error Handling in Power Query,38,"Power BI Error Handling in Power Query — A practical, example-led guide you can apply right away. Explained by GloryTecks Power BI mentors in Hyderabad.",152,Power BI Error Handling in Power Query,"Power BI Error Handling in Power Query — A practical, example-led guide you can apply right away. Explained by GloryTecks Power BI mentors in Hyderabad.",,,/blog/power-bi-error-handling-in-power-query (set by the page template),false,power bi; power; error; handling; query,power bi; power; error; handling; query,0,,0,,4,10 min,false,false,true,,not available: no views column in the CMS and no Search Console export,analyzed
efe1b233-e84a-4fd4-bbba-a98585087b2e,power-bi-field-parameters-dynamic-reports-made-easy,/blog/power-bi-field-parameters-dynamic-reports-made-easy,Power BI Field Parameters: Dynamic Reports Made Easy,published,power-bi,Power BI,guide,Arjun Nair,arjun-nair,ffb6b867-319d-461f-ba3c-c736b5113800,2025-08-29,2025-08-29T00:00:00+00:00,2025-08-29,2026-09-18T14:37:09.131349+00:00,2026-09-18T14:37:09.131349+00:00,694,26,0920c3b8e4d5d44589c1ad47482859101b40cce127d954f8681f3a875907ac34,posts/power-bi-field-parameters-dynamic-reports-made-easy.json in the backup,"Power BI Field Parameters: Dynamic Reports Made Easy — A practical, example-led guide you can apply right away.",111,,Power BI Field Parameters: Dynamic Reports Made Easy,52,"Power BI Field Parameters: Dynamic Reports Made Easy — A practical, example-led guide you can apply right away. Explained by GloryTecks Power BI mentors in Hyderabad.",166,Power BI Field Parameters: Dynamic Reports Made Easy,"Power BI Field Parameters: Dynamic Reports Made Easy — A practical, example-led guide you can apply right away. Explained by GloryTecks Power BI mentors in Hyderabad.",,,/blog/power-bi-field-parameters-dynamic-reports-made-easy (set by the page template),false,power bi; power; field; parameters; dynamic,power bi; power; field; parameters; dynamic,0,,0,,4,10 min,false,false,false,,not available: no views column in the CMS and no Search Console export,analyzed
46d452e0-4b9f-4898-8b6a-ebfc87600bbf,power-bi-filters-visual-page-and-report-level,/blog/power-bi-filters-visual-page-and-report-level,"Power BI Filters: Visual, Page and Report Level",published,power-bi,Power BI,guide,Arjun Nair,arjun-nair,ffb6b867-319d-461f-ba3c-c736b5113800,2026-03-21,2026-03-21T00:00:00+00:00,2026-03-21,2026-09-18T14:37:01.989257+00:00,2026-09-18T14:37:01.989257+00:00,692,26,3750b6d53ed7398e1203200d01e87f18195404d32075534c9c23a8c820e6a9d0,posts/power-bi-filters-visual-page-and-report-level.json in the backup,"Power BI Filters: Visual, Page and Report Level — A practical, example-led guide you can apply right away.",106,,"Power BI Filters: Visual, Page and Report Level",47,"Power BI Filters: Visual, Page and Report Level — A practical, example-led guide you can apply right away. Explained by GloryTecks Power BI mentors in Hyderabad.",161,"Power BI Filters: Visual, Page and Report Level","Power BI Filters: Visual, Page and Report Level — A practical, example-led guide you can apply right away. Explained by GloryTecks Power BI mentors in Hyderabad.",,,/blog/power-bi-filters-visual-page-and-report-level (set by the page template),false,power bi; power; filters; visual; page,power bi; power; filters; visual; page,0,,0,,4,10 min,false,false,false,,not available: no views column in the CMS and no Search Console export,analyzed
415eef9e-07f1-4e59-98d2-27e293d379d7,power-bi-for-beginners-your-first-report-in-1-hour,/blog/power-bi-for-beginners-your-first-report-in-1-hour,Power BI for Beginners: Your First Report in 1 Hour,published,power-bi,Power BI,guide,Arjun Nair,arjun-nair,ffb6b867-319d-461f-ba3c-c736b5113800,2025-09-10,2025-09-10T00:00:00+00:00,2025-09-10,2026-09-18T14:37:08.808906+00:00,2026-09-18T14:37:08.808906+00:00,696,26,cad9a4346359d9fc7a27056af32542436dd3f1e895090bc7dbf7915d10fc5fab,posts/power-bi-for-beginners-your-first-report-in-1-hour.json in the backup,"Power BI for Beginners: Your First Report in 1 Hour — A practical, example-led guide you can apply right away.",110,,Power BI for Beginners: Your First Report in 1 Hour,51,"Power BI for Beginners: Your First Report in 1 Hour — A practical, example-led guide you can apply right away. Explained by GloryTecks Power BI mentors in Hyderabad.",165,Power BI for Beginners: Your First Report in 1 Hour,"Power BI for Beginners: Your First Report in 1 Hour — A practical, example-led guide you can apply right away. Explained by GloryTecks Power BI mentors in Hyderabad.",,,/blog/power-bi-for-beginners-your-first-report-in-1-hour (set by the page template),false,power bi; power; beginners; first; report,power bi; power; beginners; first; report,0,,0,,4,10 min,false,false,false,,not available: no views column in the CMS and no Search Console export,analyzed
dbb2d267-a1da-4c56-b8ed-5b4696787778,power-bi-gateway-explained-connecting-on-prem-data,/blog/power-bi-gateway-explained-connecting-on-prem-data,Power BI Gateway Explained: Connecting On-Prem Data,published,power-bi,Power BI,guide,GloryTecks Team,glorytecks-team,3bbe4550-883d-4859-8188-29c88e22563e,2026-02-19,2026-02-19T00:00:00+00:00,2026-02-19,2026-09-18T14:37:03.893983+00:00,2026-09-18T14:37:03.893983+00:00,693,26,e6926915398478c1772064c6e0819d137fae3402fda223b29b14470afac3a017,posts/power-bi-gateway-explained-connecting-on-prem-data.json in the backup,"Power BI Gateway Explained: Connecting On-Prem Data — A practical, example-led guide you can apply right away.",110,,Power BI Gateway Explained: Connecting On-Prem Data,51,"Power BI Gateway Explained: Connecting On-Prem Data — A practical, example-led guide you can apply right away. Explained by GloryTecks Power BI mentors in Hyderabad.",165,Power BI Gateway Explained: Connecting On-Prem Data,"Power BI Gateway Explained: Connecting On-Prem Data — A practical, example-led guide you can apply right away. Explained by GloryTecks Power BI mentors in Hyderabad.",,,/blog/power-bi-gateway-explained-connecting-on-prem-data (set by the page template),false,power bi; power; gateway; connecting; prem,power bi; power; gateway; connecting; prem,0,,0,,4,10 min,false,false,false,,not available: no views column in the CMS and no Search Console export,analyzed
d408360e-e966-4639-8d1f-970d98651d15,power-bi-interview-questions-top-40-with-answers,/blog/power-bi-interview-questions-top-40-with-answers,Power BI Interview Questions: Top 40 with Answers,published,power-bi,Power BI,interview,Arjun Nair,arjun-nair,ffb6b867-319d-461f-ba3c-c736b5113800,2026-05-20,2026-05-20T00:00:00+00:00,2026-05-20,2026-09-18T14:07:36.756548+00:00,2026-09-18T14:07:36.756548+00:00,544,15,b08a724687824f899f2ed581d12fd7e016798867f677f069f9edb6caa5f7fe8c,posts/power-bi-interview-questions-top-40-with-answers.json in the backup,"Power BI Interview Questions: Top 40 with Answers — The questions companies actually ask, with concise model answers.",117,,Power BI Interview Questions: Top 40 with Answers,49,"Power BI Interview Questions: Top 40 with Answers — The questions companies actually ask, with concise model answers. Explained by GloryTecks Power BI mentors in Hyderabad.",172,Power BI Interview Questions: Top 40 with Answers,"Power BI Interview Questions: Top 40 with Answers — The questions companies actually ask, with concise model answers. Explained by GloryTecks Power BI mentors in Hyderabad.",,,/blog/power-bi-interview-questions-top-40-with-answers (set by the page template),false,power bi; power; interview; questions; answers,power bi; power; interview; questions; answers,0,,0,,9,16 min,false,true,false,,not available: no views column in the CMS and no Search Console export,analyzed
45a28bcf-874b-48d3-8589-3d7cdeca2666,power-bi-interview-questions-with-detailed-answers,/blog/power-bi-interview-questions-with-detailed-answers,Power BI Interview Questions with Detailed Answers,published,interview-questions,Interview Questions,interview,Ravi Kumar,ravi-kumar,4fa1201f-a7aa-4e99-9cc2-b037e972a216,2026-05-10,2026-05-10T00:00:00+00:00,2026-05-10,2026-09-18T14:07:46.080966+00:00,2026-09-18T14:07:46.080966+00:00,519,13,f6be89de41ddf34641cc9d045806fe2e98a3aed6252e091779b41d4387671950,posts/power-bi-interview-questions-with-detailed-answers.json in the backup,"Power BI Interview Questions with Detailed Answers — The questions companies actually ask, with concise model answers.",118,,Power BI Interview Questions with Detailed Answers,50,"Power BI Interview Questions with Detailed Answers — The questions companies actually ask, with concise model answers. Explained by GloryTecks Interview Questions mentors in Hyderabad.",184,Power BI Interview Questions with Detailed Answers,"Power BI Interview Questions with Detailed Answers — The questions companies actually ask, with concise model answers. Explained by GloryTecks Interview Questions mentors in Hyderabad.",,,/blog/power-bi-interview-questions-with-detailed-answers (set by the page template),false,interview questions; power; interview; questions; detailed,interview questions; power; interview; questions; detailed,0,,0,,9,16 min,false,false,false,,not available: no views column in the CMS and no Search Console export,merge_candidate
3ec9d7e8-7a28-4e59-a1e0-230b5f14d01a,power-bi-mobile-designing-reports-for-phones,/blog/power-bi-mobile-designing-reports-for-phones,Power BI Mobile: Designing Reports for Phones,published,power-bi,Power BI,guide,GloryTecks Team,glorytecks-team,3bbe4550-883d-4859-8188-29c88e22563e,2025-11-27,2025-11-27T00:00:00+00:00,2025-11-27,2026-09-18T14:37:07.161579+00:00,2026-09-18T14:37:07.161579+00:00,691,26,85fc84b4c08868035587188fa24678b8712000a2541f067571cf22e266bdb696,posts/power-bi-mobile-designing-reports-for-phones.json in the backup,"Power BI Mobile: Designing Reports for Phones — A practical, example-led guide you can apply right away.",104,,Power BI Mobile: Designing Reports for Phones,45,"Power BI Mobile: Designing Reports for Phones — A practical, example-led guide you can apply right away. Explained by GloryTecks Power BI mentors in Hyderabad.",159,Power BI Mobile: Designing Reports for Phones,"Power BI Mobile: Designing Reports for Phones — A practical, example-led guide you can apply right away. Explained by GloryTecks Power BI mentors in Hyderabad.",,,/blog/power-bi-mobile-designing-reports-for-phones (set by the page template),false,power bi; power; mobile; designing; reports,power bi; power; mobile; designing; reports,0,,0,,4,10 min,false,false,false,,not available: no views column in the CMS and no Search Console export,analyzed
71a925aa-dcf6-4cb9-9db4-8e8a723d4ce7,power-bi-paginated-reports-vs-interactive-reports,/blog/power-bi-paginated-reports-vs-interactive-reports,Power BI Paginated Reports vs Interactive Reports,published,power-bi,Power BI,comparison,Arjun Nair,arjun-nair,ffb6b867-319d-461f-ba3c-c736b5113800,2025-12-15,2025-12-15T00:00:00+00:00,2025-12-15,2026-09-18T14:37:05.849802+00:00,2026-09-18T14:37:05.849802+00:00,490,17,cdb7458d37ab3b3355be4a7e0e757409df21df3365eca02ea5165ba906934f73,posts/power-bi-paginated-reports-vs-interactive-reports.json in the backup,"Power BI Paginated Reports vs Interactive Reports — A clear, practical comparison to help you decide.",101,,Power BI Paginated Reports vs Interactive Reports,49,"Power BI Paginated Reports vs Interactive Reports — A clear, practical comparison to help you decide. Explained by GloryTecks Power BI mentors in Hyderabad.",156,Power BI Paginated Reports vs Interactive Reports,"Power BI Paginated Reports vs Interactive Reports — A clear, practical comparison to help you decide. Explained by GloryTecks Power BI mentors in Hyderabad.",,,/blog/power-bi-paginated-reports-vs-interactive-reports (set by the page template),false,power bi; power; paginated; reports; interactive,power bi; power; paginated; reports; interactive,0,,0,,4,7 min,false,false,true,,not available: no views column in the CMS and no Search Console export,analyzed
b86793f4-f74f-4082-9c49-12b139c1722c,power-bi-performance-tuning-make-reports-faster,/blog/power-bi-performance-tuning-make-reports-faster,Power BI Performance Tuning: Make Reports Faster,published,power-bi,Power BI,guide,GloryTecks Team,glorytecks-team,3bbe4550-883d-4859-8188-29c88e22563e,2026-01-26,2026-01-26T00:00:00+00:00,2026-01-26,2026-09-18T14:37:05.849802+00:00,2026-09-18T14:37:05.849802+00:00,693,26,13be17f2d5e1ca41e24e4d9cce9c68be52cde539e8f39e6f533a7335c347327b,posts/power-bi-performance-tuning-make-reports-faster.json in the backup,"Power BI Performance Tuning: Make Reports Faster — A practical, example-led guide you can apply right away.",107,,Power BI Performance Tuning: Make Reports Faster,48,"Power BI Performance Tuning: Make Reports Faster — A practical, example-led guide you can apply right away. Explained by GloryTecks Power BI mentors in Hyderabad.",162,Power BI Performance Tuning: Make Reports Faster,"Power BI Performance Tuning: Make Reports Faster — A practical, example-led guide you can apply right away. Explained by GloryTecks Power BI mentors in Hyderabad.",,,/blog/power-bi-performance-tuning-make-reports-faster (set by the page template),false,power bi; power; performance; tuning; make,power bi; power; performance; tuning; make,0,,0,,4,10 min,false,false,true,,not available: no views column in the CMS and no Search Console export,analyzed
e945f187-a5cc-4167-942d-b0b3c77adfa8,power-bi-projects-to-build-for-your-portfolio,/blog/power-bi-projects-to-build-for-your-portfolio,Power BI Projects to Build for Your Portfolio,published,power-bi,Power BI,projects,GloryTecks Team,glorytecks-team,3bbe4550-883d-4859-8188-29c88e22563e,2026-05-26,2026-05-26T00:00:00+00:00,2026-05-26,2026-09-18T14:07:31.902212+00:00,2026-09-18T14:07:31.902212+00:00,583,21,fcee5b31d7dffe8b8a15d73ed889224204e68c69552ac759f75cabbd125586bf,posts/power-bi-projects-to-build-for-your-portfolio.json in the backup,"Power BI Projects to Build for Your Portfolio — Hands-on project ideas with datasets, scope and what to showcase.",113,,Power BI Projects to Build for Your Portfolio,45,"Power BI Projects to Build for Your Portfolio — Hands-on project ideas with datasets, scope and what to showcase. Explained by GloryTecks Power BI mentors in Hyderabad.",168,Power BI Projects to Build for Your Portfolio,"Power BI Projects to Build for Your Portfolio — Hands-on project ideas with datasets, scope and what to showcase. Explained by GloryTecks Power BI mentors in Hyderabad.",,,/blog/power-bi-projects-to-build-for-your-portfolio (set by the page template),false,power bi; power; projects; build; portfolio,power bi; power; projects; build; portfolio,0,,0,,4,11 min,false,true,false,,not available: no views column in the CMS and no Search Console export,needs_review
352998fc-5836-45c1-8d93-4d991cbe236a,power-bi-relationships-one-to-many-and-cardinality,/blog/power-bi-relationships-one-to-many-and-cardinality,Power BI Relationships: One-to-Many and Cardinality,published,power-bi,Power BI,guide,Arjun Nair,arjun-nair,ffb6b867-319d-461f-ba3c-c736b5113800,2026-04-02,2026-04-02T00:00:00+00:00,2026-04-02,2026-09-18T14:37:01.989257+00:00,2026-09-18T14:37:01.989257+00:00,690,26,a80234fb462f6f1f986e090d13bc005c4146c1a5cfe2697d7189954a0daac20f,posts/power-bi-relationships-one-to-many-and-cardinality.json in the backup,"Power BI Relationships: One-to-Many and Cardinality — A practical, example-led guide you can apply right away.",110,,Power BI Relationships: One-to-Many and Cardinality,51,"Power BI Relationships: One-to-Many and Cardinality — A practical, example-led guide you can apply right away. Explained by GloryTecks Power BI mentors in Hyderabad.",165,Power BI Relationships: One-to-Many and Cardinality,"Power BI Relationships: One-to-Many and Cardinality — A practical, example-led guide you can apply right away. Explained by GloryTecks Power BI mentors in Hyderabad.",,,/blog/power-bi-relationships-one-to-many-and-cardinality (set by the page template),false,power bi; power; relationships; one; many,power bi; power; relationships; one; many,0,,0,,4,10 min,false,false,false,,not available: no views column in the CMS and no Search Console export,analyzed
3853b6b3-ba0e-47b1-954f-99318e3d6e7c,power-bi-roadmap-2026-from-beginner-to-job-ready,/blog/power-bi-roadmap-2026-from-beginner-to-job-ready,Power BI Roadmap 2026: From Beginner to Job-Ready,published,power-bi,Power BI,roadmap,Arjun Nair,arjun-nair,ffb6b867-319d-461f-ba3c-c736b5113800,2026-06-13,2026-06-13T00:00:00+00:00,2026-06-13,2026-09-18T14:07:17.040001+00:00,2026-09-18T14:07:17.040001+00:00,695,28,62221df25ddbe5cd47415862686905055d79652374a35e7f9d530569bbb271ca,posts/power-bi-roadmap-2026-from-beginner-to-job-ready.json in the backup,"Power BI Roadmap 2026: From Beginner to Job-Ready — A step-by-step roadmap with skills, tools and a realistic timeline.",119,,Power BI Roadmap 2026: From Beginner to Job-Ready,49,"Power BI Roadmap 2026: From Beginner to Job-Ready — A step-by-step roadmap with skills, tools and a realistic timeline. Explained by GloryTecks Power BI mentors in Hyderabad.",174,Power BI Roadmap 2026: From Beginner to Job-Ready,"Power BI Roadmap 2026: From Beginner to Job-Ready — A step-by-step roadmap with skills, tools and a realistic timeline. Explained by GloryTecks Power BI mentors in Hyderabad.",,,/blog/power-bi-roadmap-2026-from-beginner-to-job-ready (set by the page template),false,power bi; power; roadmap; beginner; job,power bi; power; roadmap; beginner; job,0,,0,,4,13 min,true,false,false,,not available: no views column in the CMS and no Search Console export,analyzed
0c26d3c0-9b76-4a0e-a340-9ae33bcd5c90,power-bi-service-publishing-sharing-and-workspaces,/blog/power-bi-service-publishing-sharing-and-workspaces,"Power BI Service: Publishing, Sharing and Workspaces",published,power-bi,Power BI,guide,Arjun Nair,arjun-nair,ffb6b867-319d-461f-ba3c-c736b5113800,2026-04-14,2026-04-14T00:00:00+00:00,2026-04-14,2026-09-18T14:37:01.989257+00:00,2026-09-18T14:37:01.989257+00:00,691,26,ed42055ba74db6a4839b13f3bd2cd114d811c3fc4ff43f357eb8db750f1374f5,posts/power-bi-service-publishing-sharing-and-workspaces.json in the backup,"Power BI Service: Publishing, Sharing and Workspaces — A practical, example-led guide you can apply right away.",111,,"Power BI Service: Publishing, Sharing and Workspaces",52,"Power BI Service: Publishing, Sharing and Workspaces — A practical, example-led guide you can apply right away. Explained by GloryTecks Power BI mentors in Hyderabad.",166,"Power BI Service: Publishing, Sharing and Workspaces","Power BI Service: Publishing, Sharing and Workspaces — A practical, example-led guide you can apply right away. Explained by GloryTecks Power BI mentors in Hyderabad.",,,/blog/power-bi-service-publishing-sharing-and-workspaces (set by the page template),false,power bi; power; service; publishing; sharing,power bi; power; service; publishing; sharing,0,,0,,4,10 min,false,false,false,,not available: no views column in the CMS and no Search Console export,analyzed
3a561532-b7ef-484f-b1b4-7e18da800aa3,power-bi-slicers-sync-hierarchies-and-best-practices,/blog/power-bi-slicers-sync-hierarchies-and-best-practices,"Power BI Slicers: Sync, Hierarchies and Best Practices",published,power-bi,Power BI,guide,Arjun Nair,arjun-nair,ffb6b867-319d-461f-ba3c-c736b5113800,2025-10-28,2025-10-28T00:00:00+00:00,2025-10-28,2026-09-18T14:37:07.161579+00:00,2026-09-18T14:37:07.161579+00:00,692,26,1ceca12559fd6c900ae0068a37eb077b5976c2b5b1f5d9728711824b00716bba,posts/power-bi-slicers-sync-hierarchies-and-best-practices.json in the backup,"Power BI Slicers: Sync, Hierarchies and Best Practices — A practical, example-led guide you can apply right away.",113,,"Power BI Slicers: Sync, Hierarchies and Best Practices",54,"Power BI Slicers: Sync, Hierarchies and Best Practices — A practical, example-led guide you can apply right away. Explained by GloryTecks Power BI mentors in Hyderabad.",168,"Power BI Slicers: Sync, Hierarchies and Best Practices","Power BI Slicers: Sync, Hierarchies and Best Practices — A practical, example-led guide you can apply right away. Explained by GloryTecks Power BI mentors in Hyderabad.",,,/blog/power-bi-slicers-sync-hierarchies-and-best-practices (set by the page template),false,power bi; power; slicers; sync; hierarchies,power bi; power; slicers; sync; hierarchies,0,,0,,4,10 min,false,false,false,,not available: no views column in the CMS and no Search Console export,analyzed
1096e715-f3bf-433e-877f-a7bfeee37a05,power-bi-themes-and-branding-for-professional-reports,/blog/power-bi-themes-and-branding-for-professional-reports,Power BI Themes and Branding for Professional Reports,published,power-bi,Power BI,guide,GloryTecks Team,glorytecks-team,3bbe4550-883d-4859-8188-29c88e22563e,2025-12-09,2025-12-09T00:00:00+00:00,2025-12-09,2026-09-18T14:37:05.849802+00:00,2026-09-18T14:37:05.849802+00:00,702,26,26a491527b5a9c3076b6cee46a7d595dc54ff703c15b3fbc53ab4e722a35a014,posts/power-bi-themes-and-branding-for-professional-reports.json in the backup,"Power BI Themes and Branding for Professional Reports — A practical, example-led guide you can apply right away.",112,,Power BI Themes and Branding for Professional Reports,53,"Power BI Themes and Branding for Professional Reports — A practical, example-led guide you can apply right away. Explained by GloryTecks Power BI mentors in Hyderabad.",167,Power BI Themes and Branding for Professional Reports,"Power BI Themes and Branding for Professional Reports — A practical, example-led guide you can apply right away. Explained by GloryTecks Power BI mentors in Hyderabad.",,,/blog/power-bi-themes-and-branding-for-professional-reports (set by the page template),false,power bi; power; themes; branding; professional,power bi; power; themes; branding; professional,0,,0,,4,10 min,false,false,false,,not available: no views column in the CMS and no Search Console export,analyzed
b9e42ce4-452d-4307-9811-0f458d861066,power-bi-tooltips-adding-context-to-visuals,/blog/power-bi-tooltips-adding-context-to-visuals,Power BI Tooltips: Adding Context to Visuals,published,power-bi,Power BI,guide,Arjun Nair,arjun-nair,ffb6b867-319d-461f-ba3c-c736b5113800,2025-12-27,2025-12-27T00:00:00+00:00,2025-12-27,2026-09-18T14:37:05.849802+00:00,2026-09-18T14:37:05.849802+00:00,691,26,88418d22c17a0b150adbff9d0312a7960211533319f394a0a820af1e71c0e965,posts/power-bi-tooltips-adding-context-to-visuals.json in the backup,"Power BI Tooltips: Adding Context to Visuals — A practical, example-led guide you can apply right away.",103,,Power BI Tooltips: Adding Context to Visuals,44,"Power BI Tooltips: Adding Context to Visuals — A practical, example-led guide you can apply right away. Explained by GloryTecks Power BI mentors in Hyderabad.",158,Power BI Tooltips: Adding Context to Visuals,"Power BI Tooltips: Adding Context to Visuals — A practical, example-led guide you can apply right away. Explained by GloryTecks Power BI mentors in Hyderabad.",,,/blog/power-bi-tooltips-adding-context-to-visuals (set by the page template),false,power bi; power; tooltips; adding; context,power bi; power; tooltips; adding; context,0,,0,,4,10 min,false,false,false,,not available: no views column in the CMS and no Search Console export,analyzed
c6a5b225-ec0c-48af-bac5-b1fd5f0a65ca,power-bi-vs-excel-when-to-use-each-tool,/blog/power-bi-vs-excel-when-to-use-each-tool,Power BI vs Excel: When to Use Each Tool,published,power-bi,Power BI,comparison,GloryTecks Team,glorytecks-team,3bbe4550-883d-4859-8188-29c88e22563e,2026-04-20,2026-04-20T00:00:00+00:00,2026-04-20,2026-09-18T14:37:01.989257+00:00,2026-09-18T14:37:01.989257+00:00,489,17,e5d9668bdb42cef1a368b50c01ee9c870750fa7662fe7888f73e33cb6d1734db,posts/power-bi-vs-excel-when-to-use-each-tool.json in the backup,"Power BI vs Excel: When to Use Each Tool — A clear, practical comparison to help you decide.",92,,Power BI vs Excel: When to Use Each Tool,40,"Power BI vs Excel: When to Use Each Tool — A clear, practical comparison to help you decide. Explained by GloryTecks Power BI mentors in Hyderabad.",147,Power BI vs Excel: When to Use Each Tool,"Power BI vs Excel: When to Use Each Tool — A clear, practical comparison to help you decide. Explained by GloryTecks Power BI mentors in Hyderabad.",,,/blog/power-bi-vs-excel-when-to-use-each-tool (set by the page template),false,power bi; power; excel; when; use,power bi; power; excel; when; use,0,,0,,4,7 min,false,false,true,,not available: no views column in the CMS and no Search Console export,analyzed
f18face6-f8ee-43e3-8ce0-b14d1d824e92,power-bi-vs-tableau-a-detailed-2026-comparison,/blog/power-bi-vs-tableau-a-detailed-2026-comparison,Power BI vs Tableau: A Detailed 2026 Comparison,published,power-bi,Power BI,comparison,Arjun Nair,arjun-nair,ffb6b867-319d-461f-ba3c-c736b5113800,2025-11-09,2025-11-09T00:00:00+00:00,2025-11-09,2026-09-18T14:37:07.161579+00:00,2026-09-18T14:37:07.161579+00:00,488,17,5cf61d4c0e3aef4e107f23f0aeb75605b4e6d10617d5401a8f66373865c231c1,posts/power-bi-vs-tableau-a-detailed-2026-comparison.json in the backup,"Power BI vs Tableau: A Detailed 2026 Comparison — A clear, practical comparison to help you decide.",99,,Power BI vs Tableau: A Detailed 2026 Comparison,47,"Power BI vs Tableau: A Detailed 2026 Comparison — A clear, practical comparison to help you decide. Explained by GloryTecks Power BI mentors in Hyderabad.",154,Power BI vs Tableau: A Detailed 2026 Comparison,"Power BI vs Tableau: A Detailed 2026 Comparison — A clear, practical comparison to help you decide. Explained by GloryTecks Power BI mentors in Hyderabad.",,,/blog/power-bi-vs-tableau-a-detailed-2026-comparison (set by the page template),false,power bi; power; tableau; detailed; comparison,power bi; power; tableau; detailed; comparison,0,,0,,4,7 min,false,false,false,,not available: no views column in the CMS and no Search Console export,analyzed
a1896117-62a9-4924-b95d-4e498c7fe074,power-bi-vs-tableau-vs-looker-a-2026-comparison,/blog/power-bi-vs-tableau-vs-looker-a-2026-comparison,Power BI vs Tableau vs Looker: A 2026 Comparison,published,data-analytics,Data Analytics,comparison,GloryTecks Team,glorytecks-team,3bbe4550-883d-4859-8188-29c88e22563e,2026-03-15,2026-03-15T00:00:00+00:00,2026-04-17,2026-09-18T14:37:03.893983+00:00,2026-09-18T14:37:03.893983+00:00,482,17,5f2fd380a45bf37319afc064efbd311ebc91be511acfb87e6a1f3ba541eb2053,posts/power-bi-vs-tableau-vs-looker-a-2026-comparison.json in the backup,"Power BI vs Tableau vs Looker: A 2026 Comparison — A clear, practical comparison to help you decide.",100,,Power BI vs Tableau vs Looker: A 2026 Comparison,48,"Power BI vs Tableau vs Looker: A 2026 Comparison — A clear, practical comparison to help you decide. Explained by GloryTecks Data Analytics mentors in Hyderabad.",161,Power BI vs Tableau vs Looker: A 2026 Comparison,"Power BI vs Tableau vs Looker: A 2026 Comparison — A clear, practical comparison to help you decide. Explained by GloryTecks Data Analytics mentors in Hyderabad.",,,/blog/power-bi-vs-tableau-vs-looker-a-2026-comparison (set by the page template),false,data analytics; power; tableau; looker; comparison,data analytics; power; tableau; looker; comparison,0,,0,,4,7 min,false,false,false,,not available: no views column in the CMS and no Search Console export,analyzed
7d9fd8dc-46d8-4489-9e43-95e2b11d277f,power-query-m-language-basics-for-beginners,/blog/power-query-m-language-basics-for-beginners,Power Query M Language Basics for Beginners,published,power-bi,Power BI,guide,Arjun Nair,arjun-nair,ffb6b867-319d-461f-ba3c-c736b5113800,2026-02-01,2026-02-01T00:00:00+00:00,2026-02-01,2026-09-18T14:37:03.893983+00:00,2026-09-18T14:37:03.893983+00:00,699,26,1f74f4d1770ebd5b91ef86273d4e78ebf1bcfdbbd17b74118e4d032d2672e149,posts/power-query-m-language-basics-for-beginners.json in the backup,"Power Query M Language Basics for Beginners — A practical, example-led guide you can apply right away.",102,,Power Query M Language Basics for Beginners,43,"Power Query M Language Basics for Beginners — A practical, example-led guide you can apply right away. Explained by GloryTecks Power BI mentors in Hyderabad.",157,Power Query M Language Basics for Beginners,"Power Query M Language Basics for Beginners — A practical, example-led guide you can apply right away. Explained by GloryTecks Power BI mentors in Hyderabad.",,,/blog/power-query-m-language-basics-for-beginners (set by the page template),false,power bi; power; query; language; basics,power bi; power; query; language; basics,0,,0,,4,10 min,false,false,false,,not available: no views column in the CMS and no Search Console export,analyzed
18829db1-a7d4-4951-ad0d-fdc622e4d4c8,power-query-tutorial-transforming-data-without-code,/blog/power-query-tutorial-transforming-data-without-code,Power Query Tutorial: Transforming Data Without Code,published,power-bi,Power BI,guide,Arjun Nair,arjun-nair,ffb6b867-319d-461f-ba3c-c736b5113800,2026-06-01,2026-06-01T00:00:00+00:00,2026-06-01,2026-09-18T14:07:27.032416+00:00,2026-09-18T14:07:27.032416+00:00,691,26,eda94468ae3bc6c35232045cbc2d6bb4f26795d1a5d5da61fe13784edd50c003,posts/power-query-tutorial-transforming-data-without-code.json in the backup,"Power Query Tutorial: Transforming Data Without Code — A practical, example-led guide you can apply right away.",111,,Power Query Tutorial: Transforming Data Without Code,52,"Power Query Tutorial: Transforming Data Without Code — A practical, example-led guide you can apply right away. Explained by GloryTecks Power BI mentors in Hyderabad.",166,Power Query Tutorial: Transforming Data Without Code,"Power Query Tutorial: Transforming Data Without Code — A practical, example-led guide you can apply right away. Explained by GloryTecks Power BI mentors in Hyderabad.",,,/blog/power-query-tutorial-transforming-data-without-code (set by the page template),false,power bi; power; query; tutorial; transforming,power bi; power; query; tutorial; transforming,0,,0,,4,10 min,false,true,true,,not available: no views column in the CMS and no Search Console export,needs_review
459b4ba1-10c5-4900-9ee3-017a6dde20d0,probability-for-data-science-concepts-you-must-know,/blog/probability-for-data-science-concepts-you-must-know,Probability for Data Science: Concepts You Must Know,published,data-science,Data Science,guide,GloryTecks Team,glorytecks-team,3bbe4550-883d-4859-8188-29c88e22563e,2025-10-12,2025-10-12T00:00:00+00:00,2025-11-03,2026-09-18T14:37:08.808906+00:00,2026-09-18T14:37:08.808906+00:00,677,26,e5dbdceebd5320e9cea72e26425afef388bc6530f322b2c6535a0e054a2ccdd7,posts/probability-for-data-science-concepts-you-must-know.json in the backup,"Probability for Data Science: Concepts You Must Know — A practical, example-led guide you can apply right away.",111,,Probability for Data Science: Concepts You Must Know,52,"Probability for Data Science: Concepts You Must Know — A practical, example-led guide you can apply right away. Explained by GloryTecks Data Science mentors in Hyderabad.",170,Probability for Data Science: Concepts You Must Know,"Probability for Data Science: Concepts You Must Know — A practical, example-led guide you can apply right away. Explained by GloryTecks Data Science mentors in Hyderabad.",,,/blog/probability-for-data-science-concepts-you-must-know (set by the page template),false,data science; probability; data; science; concepts,data science; probability; data; science; concepts,0,,0,,4,10 min,false,false,false,,not available: no views column in the CMS and no Search Console export,analyzed
dfd6e4b1-074e-4822-b61f-52f3aa65d16a,probability-interview-questions-for-data-science,/blog/probability-interview-questions-for-data-science,Probability Interview Questions for Data Science,published,interview-questions,Interview Questions,interview,Priya Sharma,priya-sharma,2ef777f6-83c0-4249-9c0b-c4d1f2e17b89,2026-01-04,2026-01-04T00:00:00+00:00,2026-01-04,2026-09-18T14:37:05.849802+00:00,2026-09-18T14:37:05.849802+00:00,517,13,7446354943a357f45b6ef5ddafbf346e272cb20cff5c1de8462f19e450d189b6,posts/probability-interview-questions-for-data-science.json in the backup,"Probability Interview Questions for Data Science — The questions companies actually ask, with concise model answers.",116,,Probability Interview Questions for Data Science,48,"Probability Interview Questions for Data Science — The questions companies actually ask, with concise model answers. Explained by GloryTecks Interview Questions mentors in Hyderabad.",182,Probability Interview Questions for Data Science,"Probability Interview Questions for Data Science — The questions companies actually ask, with concise model answers. Explained by GloryTecks Interview Questions mentors in Hyderabad.",,,/blog/probability-interview-questions-for-data-science (set by the page template),false,interview questions; probability; interview; questions; data,interview questions; probability; interview; questions; data,0,,0,,9,16 min,false,false,false,,not available: no views column in the CMS and no Search Console export,analyzed
3d5bfd24-48f2-44ff-a61e-1b8d15240792,product-analytics-101-events-funnels-and-retention,/blog/product-analytics-101-events-funnels-and-retention,"Product Analytics 101: Events, Funnels and Retention",published,data-analytics,Data Analytics,guide,GloryTecks Team,glorytecks-team,3bbe4550-883d-4859-8188-29c88e22563e,2025-10-10,2025-10-10T00:00:00+00:00,2025-11-04,2026-09-18T14:37:08.808906+00:00,2026-09-18T14:37:08.808906+00:00,668,26,cde6c6116642663f76d9bbcf16f078bf27c2e0cda0eb349297a579ead5d94078,posts/product-analytics-101-events-funnels-and-retention.json in the backup,"Product Analytics 101: Events, Funnels and Retention — A practical, example-led guide you can apply right away.",111,,"Product Analytics 101: Events, Funnels and Retention",52,"Product Analytics 101: Events, Funnels and Retention — A practical, example-led guide you can apply right away. Explained by GloryTecks Data Analytics mentors in Hyderabad.",172,"Product Analytics 101: Events, Funnels and Retention","Product Analytics 101: Events, Funnels and Retention — A practical, example-led guide you can apply right away. Explained by GloryTecks Data Analytics mentors in Hyderabad.",,,/blog/product-analytics-101-events-funnels-and-retention (set by the page template),false,data analytics; product; analytics; 101; events,data analytics; product; analytics; 101; events,0,,0,,4,10 min,false,false,false,,not available: no views column in the CMS and no Search Console export,analyzed
11a54a99-36b2-4a0c-b83d-78e85c431a35,production-ml-systems-architecture-and-best-practices,/blog/production-ml-systems-architecture-and-best-practices,Production ML Systems: Architecture and Best Practices,published,mlops,MLOps,guide,Sneha Reddy,sneha-reddy,682d13de-46d8-47b4-914e-58e25b899413,2026-05-07,2026-05-07T00:00:00+00:00,2026-05-07,2026-09-18T14:07:48.80131+00:00,2026-09-18T14:07:48.80131+00:00,665,26,651c39f7a79d3e7f6d17eed307480eebc54cac952dfb039b8edb1d825931e7f2,posts/production-ml-systems-architecture-and-best-practices.json in the backup,"Production ML Systems: Architecture and Best Practices — A practical, example-led guide you can apply right away.",113,,Production ML Systems: Architecture and Best Practices,54,"Production ML Systems: Architecture and Best Practices — A practical, example-led guide you can apply right away. Explained by GloryTecks MLOps mentors in Hyderabad.",165,Production ML Systems: Architecture and Best Practices,"Production ML Systems: Architecture and Best Practices — A practical, example-led guide you can apply right away. Explained by GloryTecks MLOps mentors in Hyderabad.",,,/blog/production-ml-systems-architecture-and-best-practices (set by the page template),false,mlops; production; systems; architecture; best,mlops; production; systems; architecture; best,0,,0,,4,10 min,false,false,true,,not available: no views column in the CMS and no Search Console export,analyzed
a618619e-4f93-47d3-89ab-d084e486fbbd,prometheus-and-grafana-for-ml-monitoring,/blog/prometheus-and-grafana-for-ml-monitoring,Prometheus and Grafana for ML Monitoring,published,mlops,MLOps,guide,Ravi Kumar,ravi-kumar,4fa1201f-a7aa-4e99-9cc2-b037e972a216,2025-10-09,2025-10-09T00:00:00+00:00,2025-10-09,2026-09-18T14:37:08.808906+00:00,2026-09-18T14:37:08.808906+00:00,670,26,afeb3af9c3c713114d6d7cd3ed93eabe9334b0eebb6e57556bd51f71575b4bfc,posts/prometheus-and-grafana-for-ml-monitoring.json in the backup,"Prometheus and Grafana for ML Monitoring — A practical, example-led guide you can apply right away.",99,,Prometheus and Grafana for ML Monitoring,40,"Prometheus and Grafana for ML Monitoring — A practical, example-led guide you can apply right away. Explained by GloryTecks MLOps mentors in Hyderabad.",151,Prometheus and Grafana for ML Monitoring,"Prometheus and Grafana for ML Monitoring — A practical, example-led guide you can apply right away. Explained by GloryTecks MLOps mentors in Hyderabad.",,,/blog/prometheus-and-grafana-for-ml-monitoring (set by the page template),false,mlops; prometheus; grafana; monitoring,mlops; prometheus; grafana; monitoring,0,,0,,4,10 min,false,false,true,,not available: no views column in the CMS and no Search Console export,analyzed
24c38835-867c-4ff6-98c5-dd47ba77dcc8,prompt-engineering-techniques-that-actually-improve-output,/blog/prompt-engineering-techniques-that-actually-improve-output,Prompt Engineering: Techniques That Actually Improve Output,published,generative-ai,Generative AI,guide,GloryTecks Team,glorytecks-team,3bbe4550-883d-4859-8188-29c88e22563e,2026-05-03,2026-05-03T00:00:00+00:00,2026-05-03,2026-09-18T14:37:01.989257+00:00,2026-09-18T14:37:01.989257+00:00,687,26,db20200731ffb2f64b969794fc8f6c46be3a6cd6f0d866988a1cf84e1c08a42f,posts/prompt-engineering-techniques-that-actually-improve-output.json in the backup,"Prompt Engineering: Techniques That Actually Improve Output — A practical, example-led guide you can apply right away.",118,,Prompt Engineering: Techniques That Actually Improve Output,59,"Prompt Engineering: Techniques That Actually Improve Output — A practical, example-led guide you can apply right away. Explained by GloryTecks Generative AI mentors in Hyderabad.",178,Prompt Engineering: Techniques That Actually Improve Output,"Prompt Engineering: Techniques That Actually Improve Output — A practical, example-led guide you can apply right away. Explained by GloryTecks Generative AI mentors in Hyderabad.",,,/blog/prompt-engineering-techniques-that-actually-improve-output (set by the page template),false,generative ai; prompt; engineering; techniques; actually,generative ai; prompt; engineering; techniques; actually,0,,0,,4,10 min,false,false,false,,not available: no views column in the CMS and no Search Console export,analyzed
760a1f1f-962f-4426-a4db-1582af0025f4,prompt-injection-and-llm-security-what-you-need-to-know,/blog/prompt-injection-and-llm-security-what-you-need-to-know,Prompt Injection and LLM Security: What You Need to Know,published,generative-ai,Generative AI,guide,GloryTecks Team,glorytecks-team,3bbe4550-883d-4859-8188-29c88e22563e,2026-01-15,2026-01-15T00:00:00+00:00,2026-01-15,2026-09-18T14:37:05.849802+00:00,2026-09-18T14:37:05.849802+00:00,696,26,76376de36f8ef18badea2971688b415c3637b0072437fa5771dd323ad90c99c4,posts/prompt-injection-and-llm-security-what-you-need-to-know.json in the backup,"Prompt Injection and LLM Security: What You Need to Know — A practical, example-led guide you can apply right away.",115,,Prompt Injection and LLM Security: What You Need to Know,56,"Prompt Injection and LLM Security: What You Need to Know — A practical, example-led guide you can apply right away. Explained by GloryTecks Generative AI mentors in Hyderabad.",175,Prompt Injection and LLM Security: What You Need to Know,"Prompt Injection and LLM Security: What You Need to Know — A practical, example-led guide you can apply right away. Explained by GloryTecks Generative AI mentors in Hyderabad.",,,/blog/prompt-injection-and-llm-security-what-you-need-to-know (set by the page template),false,generative ai; prompt; injection; llm; security,generative ai; prompt; injection; llm; security,0,,0,,4,10 min,false,false,true,,not available: no views column in the CMS and no Search Console export,needs_review
5130f2dc-04fe-4df6-9d5c-db309461c983,prompt-templates-and-versioning-managing-prompts-at-scale,/blog/prompt-templates-and-versioning-managing-prompts-at-scale,Prompt Templates and Versioning: Managing Prompts at Scale,published,generative-ai,Generative AI,guide,Ravi Kumar,ravi-kumar,4fa1201f-a7aa-4e99-9cc2-b037e972a216,2025-09-11,2025-09-11T00:00:00+00:00,2025-09-11,2026-09-18T14:37:08.808906+00:00,2026-09-18T14:37:08.808906+00:00,692,26,9e78f15f1d1ee2d9652cd488f4babb888df638d806bf6e6f52d2ea78f3d1543d,posts/prompt-templates-and-versioning-managing-prompts-at-scale.json in the backup,"Prompt Templates and Versioning: Managing Prompts at Scale — A practical, example-led guide you can apply right away.",117,,Prompt Templates and Versioning: Managing Prompts at Scale,58,"Prompt Templates and Versioning: Managing Prompts at Scale — A practical, example-led guide you can apply right away. Explained by GloryTecks Generative AI mentors in Hyderabad.",177,Prompt Templates and Versioning: Managing Prompts at Scale,"Prompt Templates and Versioning: Managing Prompts at Scale — A practical, example-led guide you can apply right away. Explained by GloryTecks Generative AI mentors in Hyderabad.",,,/blog/prompt-templates-and-versioning-managing-prompts-at-scale (set by the page template),false,generative ai; prompt; templates; versioning; managing,generative ai; prompt; templates; versioning; managing,0,,0,,4,10 min,false,false,true,,not available: no views column in the CMS and no Search Console export,analyzed
656f84c8-c9ec-485b-85ee-161954054eeb,pub-sub-explained-messaging-and-streaming-on-gcp,/blog/pub-sub-explained-messaging-and-streaming-on-gcp,Pub/Sub Explained: Messaging and Streaming on GCP,published,gcp,GCP,guide,Sneha Reddy,sneha-reddy,682d13de-46d8-47b4-914e-58e25b899413,2026-05-18,2026-05-18T00:00:00+00:00,2026-05-18,2026-09-18T14:07:37.947604+00:00,2026-09-18T14:07:37.947604+00:00,660,26,9000dc1966aac423b7255bf8a83f264a4c42666554d35101b9450b7bc516953e,posts/pub-sub-explained-messaging-and-streaming-on-gcp.json in the backup,"Pub/Sub Explained: Messaging and Streaming on GCP — A practical, example-led guide you can apply right away.",108,,Pub/Sub Explained: Messaging and Streaming on GCP,49,"Pub/Sub Explained: Messaging and Streaming on GCP — A practical, example-led guide you can apply right away. Explained by GloryTecks GCP mentors in Hyderabad.",158,Pub/Sub Explained: Messaging and Streaming on GCP,"Pub/Sub Explained: Messaging and Streaming on GCP — A practical, example-led guide you can apply right away. Explained by GloryTecks GCP mentors in Hyderabad.",,,/blog/pub-sub-explained-messaging-and-streaming-on-gcp (set by the page template),false,gcp; pub; sub; messaging; streaming,gcp; pub; sub; messaging; streaming,0,,0,,4,10 min,false,true,false,,not available: no views column in the CMS and no Search Console export,analyzed
d93f55a5-2d8c-4ad5-8b34-35ce4ab996b5,pub-sub-to-dataflow-to-bigquery-a-streaming-pattern,/blog/pub-sub-to-dataflow-to-bigquery-a-streaming-pattern,Pub/Sub to Dataflow to BigQuery: A Streaming Pattern,published,gcp,GCP,guide,GloryTecks Team,glorytecks-team,3bbe4550-883d-4859-8188-29c88e22563e,2025-12-07,2025-12-07T00:00:00+00:00,2025-12-07,2026-09-18T14:37:05.849802+00:00,2026-09-18T14:37:05.849802+00:00,667,26,a4c8d2d648482cb63cff565b730bab5857e99f3c789f87abba77f2dca4393856,posts/pub-sub-to-dataflow-to-bigquery-a-streaming-pattern.json in the backup,"Pub/Sub to Dataflow to BigQuery: A Streaming Pattern — A practical, example-led guide you can apply right away.",111,,Pub/Sub to Dataflow to BigQuery: A Streaming Pattern,52,"Pub/Sub to Dataflow to BigQuery: A Streaming Pattern — A practical, example-led guide you can apply right away. Explained by GloryTecks GCP mentors in Hyderabad.",161,Pub/Sub to Dataflow to BigQuery: A Streaming Pattern,"Pub/Sub to Dataflow to BigQuery: A Streaming Pattern — A practical, example-led guide you can apply right away. Explained by GloryTecks GCP mentors in Hyderabad.",,,/blog/pub-sub-to-dataflow-to-bigquery-a-streaming-pattern (set by the page template),false,gcp; pub; sub; dataflow; bigquery,gcp; pub; sub; dataflow; bigquery,0,,0,,4,10 min,false,false,false,,not available: no views column in the CMS and no Search Console export,analyzed
bf18109d-3e26-412f-9165-b47b17673d33,pydantic-explained-data-validation-in-python,/blog/pydantic-explained-data-validation-in-python,Pydantic Explained: Data Validation in Python,published,python,Python,guide,GloryTecks Team,glorytecks-team,3bbe4550-883d-4859-8188-29c88e22563e,2025-09-17,2025-09-17T00:00:00+00:00,2025-09-17,2026-09-18T14:37:08.808906+00:00,2026-09-18T14:37:08.808906+00:00,646,26,0ebd7e9e7cb19dd6dd743e1d2dc8da31c15d2792703b3f75648a555a0923106f,posts/pydantic-explained-data-validation-in-python.json in the backup,"Pydantic Explained: Data Validation in Python — A practical, example-led guide you can apply right away.",104,,Pydantic Explained: Data Validation in Python,45,"Pydantic Explained: Data Validation in Python — A practical, example-led guide you can apply right away. Explained by GloryTecks Python mentors in Hyderabad.",157,Pydantic Explained: Data Validation in Python,"Pydantic Explained: Data Validation in Python — A practical, example-led guide you can apply right away. Explained by GloryTecks Python mentors in Hyderabad.",,,/blog/pydantic-explained-data-validation-in-python (set by the page template),false,pydantic; data; validation; python,pydantic; data; validation; python,0,,0,,4,10 min,false,false,false,,not available: no views column in the CMS and no Search Console export,analyzed
6c03ff22-411c-4983-8ad6-a42a6df1fdfb,pyspark-interview-questions-with-examples,/blog/pyspark-interview-questions-with-examples,PySpark Interview Questions with Examples,published,interview-questions,Interview Questions,interview,Priya Sharma,priya-sharma,2ef777f6-83c0-4249-9c0b-c4d1f2e17b89,2026-03-17,2026-03-17T00:00:00+00:00,2026-03-17,2026-09-18T14:37:01.989257+00:00,2026-09-18T14:37:01.989257+00:00,515,13,f51fc3eeaa8860af5b0ae9e1800a6f0319b7bf4cc9a56f5125fb27ea5a27902a,posts/pyspark-interview-questions-with-examples.json in the backup,"PySpark Interview Questions with Examples — The questions companies actually ask, with concise model answers.",109,,PySpark Interview Questions with Examples,41,"PySpark Interview Questions with Examples — The questions companies actually ask, with concise model answers. Explained by GloryTecks Interview Questions mentors in Hyderabad.",175,PySpark Interview Questions with Examples,"PySpark Interview Questions with Examples — The questions companies actually ask, with concise model answers. Explained by GloryTecks Interview Questions mentors in Hyderabad.",,,/blog/pyspark-interview-questions-with-examples (set by the page template),false,interview questions; pyspark; interview; questions; examples,interview questions; pyspark; interview; questions; examples,0,,0,,9,16 min,false,false,false,,not available: no views column in the CMS and no Search Console export,analyzed
b63e7d74-670c-45b9-9235-f8a40ba07cab,pyspark-tutorial-dataframes-transformations-and-actions,/blog/pyspark-tutorial-dataframes-transformations-and-actions,"PySpark Tutorial: DataFrames, Transformations and Actions",published,data-engineering,Data Engineering,guide,Sneha Reddy,sneha-reddy,682d13de-46d8-47b4-914e-58e25b899413,2026-05-07,2026-05-07T00:00:00+00:00,2026-06-15,2026-09-18T14:07:49.209289+00:00,2026-09-18T14:07:49.209289+00:00,671,26,df270d68ba9d5b87718389ede6597d7557dae492b67c05024b2b167e21373a5f,posts/pyspark-tutorial-dataframes-transformations-and-actions.json in the backup,"PySpark Tutorial: DataFrames, Transformations and Actions — A practical, example-led guide you can apply right away.",116,,"PySpark Tutorial: DataFrames, Transformations and Actions",57,"PySpark Tutorial: DataFrames, Transformations and Actions — A practical, example-led guide you can apply right away. Explained by GloryTecks Data Engineering mentors in Hyderabad.",179,"PySpark Tutorial: DataFrames, Transformations and Actions","PySpark Tutorial: DataFrames, Transformations and Actions — A practical, example-led guide you can apply right away. Explained by GloryTecks Data Engineering mentors in Hyderabad.",,,/blog/pyspark-tutorial-dataframes-transformations-and-actions (set by the page template),false,data engineering; pyspark; tutorial; dataframes; transformations,data engineering; pyspark; tutorial; dataframes; transformations,0,,0,,4,10 min,false,false,false,,not available: no views column in the CMS and no Search Console export,analyzed
0db55933-b6b8-47b3-9a74-cd0d530a678c,pyspark-vs-pandas-when-to-use-which,/blog/pyspark-vs-pandas-when-to-use-which,PySpark vs Pandas: When to Use Which,published,data-engineering,Data Engineering,comparison,Sneha Reddy,sneha-reddy,682d13de-46d8-47b4-914e-58e25b899413,2025-10-03,2025-10-03T00:00:00+00:00,2025-11-12,2026-09-18T14:37:08.808906+00:00,2026-09-18T14:37:08.808906+00:00,474,17,3ea3943dc1e404211b5e812da0a490a8fa087464fd0064d1ae127ec31120dff0,posts/pyspark-vs-pandas-when-to-use-which.json in the backup,"PySpark vs Pandas: When to Use Which — A clear, practical comparison to help you decide.",88,,PySpark vs Pandas: When to Use Which,36,"PySpark vs Pandas: When to Use Which — A clear, practical comparison to help you decide. Explained by GloryTecks Data Engineering mentors in Hyderabad.",151,PySpark vs Pandas: When to Use Which,"PySpark vs Pandas: When to Use Which — A clear, practical comparison to help you decide. Explained by GloryTecks Data Engineering mentors in Hyderabad.",,,/blog/pyspark-vs-pandas-when-to-use-which (set by the page template),false,data engineering; pyspark; pandas; when; use,data engineering; pyspark; pandas; when; use,0,,0,,4,7 min,false,false,false,,not available: no views column in the CMS and no Search Console export,analyzed
6bda2353-932a-41de-a822-ca6f85f633e0,python-args-and-kwargs-explained-clearly,/blog/python-args-and-kwargs-explained-clearly,Python *args and **kwargs Explained Clearly,published,python,Python,guide,GloryTecks Team,glorytecks-team,3bbe4550-883d-4859-8188-29c88e22563e,2026-03-04,2026-03-04T00:00:00+00:00,2026-03-04,2026-09-18T14:37:03.893983+00:00,2026-09-18T14:37:03.893983+00:00,654,26,9105e490f07c47c5abb6275b8481ddac19651d622daaf7958ad34f700e8dccdf,posts/python-args-and-kwargs-explained-clearly.json in the backup,"Python *args and **kwargs Explained Clearly — A practical, example-led guide you can apply right away.",102,,Python *args and **kwargs Explained Clearly,43,"Python *args and **kwargs Explained Clearly — A practical, example-led guide you can apply right away. Explained by GloryTecks Python mentors in Hyderabad.",155,Python *args and **kwargs Explained Clearly,"Python *args and **kwargs Explained Clearly — A practical, example-led guide you can apply right away. Explained by GloryTecks Python mentors in Hyderabad.",,,/blog/python-args-and-kwargs-explained-clearly (set by the page template),false,python; args; kwargs; clearly,python; args; kwargs; clearly,0,,0,,4,10 min,false,false,false,,not available: no views column in the CMS and no Search Console export,analyzed
c8618c10-99b8-48fd-b3e7-5d1ab1bc0d10,python-best-practices-writing-pythonic-code,/blog/python-best-practices-writing-pythonic-code,Python Best Practices: Writing Pythonic Code,published,python,Python,guide,GloryTecks Team,glorytecks-team,3bbe4550-883d-4859-8188-29c88e22563e,2025-11-28,2025-11-28T00:00:00+00:00,2025-11-28,2026-09-18T14:37:07.161579+00:00,2026-09-18T14:37:07.161579+00:00,648,26,750c637427ce7046e018586c84300e82b4f35b40479e2156677235eb89a9a866,posts/python-best-practices-writing-pythonic-code.json in the backup,"Python Best Practices: Writing Pythonic Code — A practical, example-led guide you can apply right away.",103,,Python Best Practices: Writing Pythonic Code,44,"Python Best Practices: Writing Pythonic Code — A practical, example-led guide you can apply right away. Explained by GloryTecks Python mentors in Hyderabad.",156,Python Best Practices: Writing Pythonic Code,"Python Best Practices: Writing Pythonic Code — A practical, example-led guide you can apply right away. Explained by GloryTecks Python mentors in Hyderabad.",,,/blog/python-best-practices-writing-pythonic-code (set by the page template),false,python; best; practices; writing,python; best; practices; writing,0,,0,,4,10 min,false,false,false,,not available: no views column in the CMS and no Search Console export,analyzed
7a9cfc36-a90a-46e5-bcef-b2064e99da7b,python-coding-challenges-to-practice-for-interviews,/blog/python-coding-challenges-to-practice-for-interviews,Python Coding Challenges to Practice for Interviews,published,python,Python,guide,Ravi Kumar,ravi-kumar,4fa1201f-a7aa-4e99-9cc2-b037e972a216,2025-09-23,2025-09-23T00:00:00+00:00,2025-09-23,2026-09-18T14:37:08.808906+00:00,2026-09-18T14:37:08.808906+00:00,657,26,5a47d8a0f0063c15c6ecf0bd375be8e52697d18703d7d0287ef8862d761c0964,posts/python-coding-challenges-to-practice-for-interviews.json in the backup,"Python Coding Challenges to Practice for Interviews — A practical, example-led guide you can apply right away.",110,,Python Coding Challenges to Practice for Interviews,51,"Python Coding Challenges to Practice for Interviews — A practical, example-led guide you can apply right away. Explained by GloryTecks Python mentors in Hyderabad.",163,Python Coding Challenges to Practice for Interviews,"Python Coding Challenges to Practice for Interviews — A practical, example-led guide you can apply right away. Explained by GloryTecks Python mentors in Hyderabad.",,,/blog/python-coding-challenges-to-practice-for-interviews (set by the page template),false,python; coding; challenges; practice,python; coding; challenges; practice,0,,0,,4,10 min,false,false,false,,not available: no views column in the CMS and no Search Console export,merge_candidate
37fd49e4-04a3-45b0-a5c0-bc59154ca904,python-coding-interview-questions-and-patterns,/blog/python-coding-interview-questions-and-patterns,Python Coding Interview Questions and Patterns,published,interview-questions,Interview Questions,interview,Priya Sharma,priya-sharma,2ef777f6-83c0-4249-9c0b-c4d1f2e17b89,2025-12-23,2025-12-23T00:00:00+00:00,2025-12-23,2026-09-18T14:37:05.849802+00:00,2026-09-18T14:37:05.849802+00:00,517,13,9b325a2c781eb7bbf6ec417b7447af6957b42a5a74b4d4ca398d821f287d36e7,posts/python-coding-interview-questions-and-patterns.json in the backup,"Python Coding Interview Questions and Patterns — The questions companies actually ask, with concise model answers.",114,,Python Coding Interview Questions and Patterns,46,"Python Coding Interview Questions and Patterns — The questions companies actually ask, with concise model answers. Explained by GloryTecks Interview Questions mentors in Hyderabad.",180,Python Coding Interview Questions and Patterns,"Python Coding Interview Questions and Patterns — The questions companies actually ask, with concise model answers. Explained by GloryTecks Interview Questions mentors in Hyderabad.",,,/blog/python-coding-interview-questions-and-patterns (set by the page template),false,interview questions; python; coding; interview; questions,interview questions; python; coding; interview; questions,0,,0,,9,16 min,false,false,false,,not available: no views column in the CMS and no Search Console export,analyzed
505159b1-b6a3-47c4-82e9-3d9ceb1c0ff2,python-data-structures-a-complete-reference,/blog/python-data-structures-a-complete-reference,Python Data Structures: A Complete Reference,published,python,Python,guide,Ravi Kumar,ravi-kumar,4fa1201f-a7aa-4e99-9cc2-b037e972a216,2026-02-02,2026-02-02T00:00:00+00:00,2026-02-02,2026-09-18T14:37:03.893983+00:00,2026-09-18T14:37:03.893983+00:00,648,26,987aa1ab3f817c4643014da314662b11f198009acb95ec2d05d1ee9bbd3c6058,posts/python-data-structures-a-complete-reference.json in the backup,"Python Data Structures: A Complete Reference — A practical, example-led guide you can apply right away.",103,,Python Data Structures: A Complete Reference,44,"Python Data Structures: A Complete Reference — A practical, example-led guide you can apply right away. Explained by GloryTecks Python mentors in Hyderabad.",156,Python Data Structures: A Complete Reference,"Python Data Structures: A Complete Reference — A practical, example-led guide you can apply right away. Explained by GloryTecks Python mentors in Hyderabad.",,,/blog/python-data-structures-a-complete-reference (set by the page template),false,python; data; structures; reference,python; data; structures; reference,0,,0,,4,10 min,false,false,true,,not available: no views column in the CMS and no Search Console export,analyzed
d28ad22e-481a-4b44-a126-c04c9a018660,python-decorators-explained-with-real-examples,/blog/python-decorators-explained-with-real-examples,Python Decorators Explained with Real Examples,published,python,Python,guide,GloryTecks Team,glorytecks-team,3bbe4550-883d-4859-8188-29c88e22563e,2026-04-09,2026-04-09T00:00:00+00:00,2026-04-09,2026-09-18T14:37:01.989257+00:00,2026-09-18T14:37:01.989257+00:00,654,26,3e50ea33e832a035498cc33eac8737c94c0ed5c1fef38162aae76ddb589a80a2,posts/python-decorators-explained-with-real-examples.json in the backup,"Python Decorators Explained with Real Examples — A practical, example-led guide you can apply right away.",105,,Python Decorators Explained with Real Examples,46,"Python Decorators Explained with Real Examples — A practical, example-led guide you can apply right away. Explained by GloryTecks Python mentors in Hyderabad.",158,Python Decorators Explained with Real Examples,"Python Decorators Explained with Real Examples — A practical, example-led guide you can apply right away. Explained by GloryTecks Python mentors in Hyderabad.",,,/blog/python-decorators-explained-with-real-examples (set by the page template),false,python; decorators; real; examples,python; decorators; real; examples,0,,0,,4,10 min,false,false,false,,not available: no views column in the CMS and no Search Console export,analyzed
12438fac-dec5-41fc-8c30-2c0347844f5d,python-decorators-vs-context-managers-when-to-use-each,/blog/python-decorators-vs-context-managers-when-to-use-each,Python Decorators vs Context Managers: When to Use Each,published,python,Python,comparison,Ravi Kumar,ravi-kumar,4fa1201f-a7aa-4e99-9cc2-b037e972a216,2025-12-28,2025-12-28T00:00:00+00:00,2025-12-28,2026-09-18T14:37:05.849802+00:00,2026-09-18T14:37:05.849802+00:00,474,17,1af13d4853091c64f66b9df6a0a22bcfe49f63e11b824f01fa94447c6676480a,posts/python-decorators-vs-context-managers-when-to-use-each.json in the backup,"Python Decorators vs Context Managers: When to Use Each — A clear, practical comparison to help you decide.",107,,Python Decorators vs Context Managers: When to Use Each,55,"Python Decorators vs Context Managers: When to Use Each — A clear, practical comparison to help you decide. Explained by GloryTecks Python mentors in Hyderabad.",160,Python Decorators vs Context Managers: When to Use Each,"Python Decorators vs Context Managers: When to Use Each — A clear, practical comparison to help you decide. Explained by GloryTecks Python mentors in Hyderabad.",,,/blog/python-decorators-vs-context-managers-when-to-use-each (set by the page template),false,python; decorators; context; managers,python; decorators; context; managers,0,,0,,4,7 min,false,false,false,,not available: no views column in the CMS and no Search Console export,analyzed
71e0b966-419f-4e2b-b91c-a19b6b16c74a,python-f-strings-formatting-done-right,/blog/python-f-strings-formatting-done-right,Python f-Strings: Formatting Done Right,published,python,Python,guide,Ravi Kumar,ravi-kumar,4fa1201f-a7aa-4e99-9cc2-b037e972a216,2026-01-21,2026-01-21T00:00:00+00:00,2026-01-21,2026-09-18T14:37:05.849802+00:00,2026-09-18T14:37:05.849802+00:00,645,26,5054be47e8169416c1a003f607c921ab6bde23a9dd05cc6f8a99cd6c26d79bbf,posts/python-f-strings-formatting-done-right.json in the backup,"Python f-Strings: Formatting Done Right — A practical, example-led guide you can apply right away.",98,,Python f-Strings: Formatting Done Right,39,"Python f-Strings: Formatting Done Right — A practical, example-led guide you can apply right away. Explained by GloryTecks Python mentors in Hyderabad.",151,Python f-Strings: Formatting Done Right,"Python f-Strings: Formatting Done Right — A practical, example-led guide you can apply right away. Explained by GloryTecks Python mentors in Hyderabad.",,,/blog/python-f-strings-formatting-done-right (set by the page template),false,python; strings; formatting; done,python; strings; formatting; done,0,,0,,4,10 min,false,false,false,,not available: no views column in the CMS and no Search Console export,analyzed
338c18d9-dd6b-4b5c-a009-73ceab040a53,python-file-handling-reading-and-writing-files,/blog/python-file-handling-reading-and-writing-files,Python File Handling: Reading and Writing Files,published,python,Python,guide,GloryTecks Team,glorytecks-team,3bbe4550-883d-4859-8188-29c88e22563e,2026-03-16,2026-03-16T00:00:00+00:00,2026-03-16,2026-09-18T14:37:03.893983+00:00,2026-09-18T14:37:03.893983+00:00,649,26,b09d325cf77814cf48caad30c0a340cf6d65483eeeedf48e29b9674f71f7f7d1,posts/python-file-handling-reading-and-writing-files.json in the backup,"Python File Handling: Reading and Writing Files — A practical, example-led guide you can apply right away.",106,,Python File Handling: Reading and Writing Files,47,"Python File Handling: Reading and Writing Files — A practical, example-led guide you can apply right away. Explained by GloryTecks Python mentors in Hyderabad.",159,Python File Handling: Reading and Writing Files,"Python File Handling: Reading and Writing Files — A practical, example-led guide you can apply right away. Explained by GloryTecks Python mentors in Hyderabad.",,,/blog/python-file-handling-reading-and-writing-files (set by the page template),false,python; file; handling; reading,python; file; handling; reading,0,,0,,4,10 min,false,false,true,,not available: no views column in the CMS and no Search Console export,analyzed
ae735a1c-82cb-4ae2-83e8-7e60220d8075,python-for-automation-a-real-world-project-guide,/blog/python-for-automation-a-real-world-project-guide,Python for Automation: A Real-World Project Guide,published,python,Python,projects,GloryTecks Team,glorytecks-team,3bbe4550-883d-4859-8188-29c88e22563e,2025-11-16,2025-11-16T00:00:00+00:00,2025-11-16,2026-09-18T14:37:07.161579+00:00,2026-09-18T14:37:07.161579+00:00,551,21,5367cf3cc8c33c6bda6384bb7de5f32143fe574e41458e87b44c27eb70bdc155,posts/python-for-automation-a-real-world-project-guide.json in the backup,"Python for Automation: A Real-World Project Guide — Hands-on project ideas with datasets, scope and what to showcase.",117,,Python for Automation: A Real-World Project Guide,49,"Python for Automation: A Real-World Project Guide — Hands-on project ideas with datasets, scope and what to showcase. Explained by GloryTecks Python mentors in Hyderabad.",170,Python for Automation: A Real-World Project Guide,"Python for Automation: A Real-World Project Guide — Hands-on project ideas with datasets, scope and what to showcase. Explained by GloryTecks Python mentors in Hyderabad.",,,/blog/python-for-automation-a-real-world-project-guide (set by the page template),false,python; automation; real; world,python; automation; real; world,0,,0,,4,11 min,false,false,false,,not available: no views column in the CMS and no Search Console export,merge_candidate
06416b68-aea7-4356-b7b0-3b7027b67f51,python-for-data-science-the-essential-libraries,/blog/python-for-data-science-the-essential-libraries,Python for Data Science: The Essential Libraries,published,python,Python,guide,Ravi Kumar,ravi-kumar,4fa1201f-a7aa-4e99-9cc2-b037e972a216,2026-06-02,2026-06-02T00:00:00+00:00,2026-06-02,2026-09-18T14:07:26.216026+00:00,2026-09-18T14:07:26.216026+00:00,651,26,e527359ec4370380da0ab1f224b8d681ece943ddb27aaf758bafa4a29c418afc,posts/python-for-data-science-the-essential-libraries.json in the backup,"Python for Data Science: The Essential Libraries — A practical, example-led guide you can apply right away.",107,,Python for Data Science: The Essential Libraries,48,"Python for Data Science: The Essential Libraries — A practical, example-led guide you can apply right away. Explained by GloryTecks Python mentors in Hyderabad.",160,Python for Data Science: The Essential Libraries,"Python for Data Science: The Essential Libraries — A practical, example-led guide you can apply right away. Explained by GloryTecks Python mentors in Hyderabad.",,,/blog/python-for-data-science-the-essential-libraries (set by the page template),false,python; data; science; essential,python; data; science; essential,0,,0,,4,10 min,false,true,false,,not available: no views column in the CMS and no Search Console export,analyzed
7d380389-f5d7-4fb2-b34d-be2828ad0063,python-generators-and-iterators-made-simple,/blog/python-generators-and-iterators-made-simple,Python Generators and Iterators Made Simple,published,python,Python,guide,Ravi Kumar,ravi-kumar,4fa1201f-a7aa-4e99-9cc2-b037e972a216,2026-04-03,2026-04-03T00:00:00+00:00,2026-04-03,2026-09-18T14:37:01.989257+00:00,2026-09-18T14:37:01.989257+00:00,654,26,8efca71e435e2156c58c28efe6a11eb3a2ec25e3647b01195f39f6535a2f4472,posts/python-generators-and-iterators-made-simple.json in the backup,"Python Generators and Iterators Made Simple — A practical, example-led guide you can apply right away.",102,,Python Generators and Iterators Made Simple,43,"Python Generators and Iterators Made Simple — A practical, example-led guide you can apply right away. Explained by GloryTecks Python mentors in Hyderabad.",155,Python Generators and Iterators Made Simple,"Python Generators and Iterators Made Simple — A practical, example-led guide you can apply right away. Explained by GloryTecks Python mentors in Hyderabad.",,,/blog/python-generators-and-iterators-made-simple (set by the page template),false,python; generators; iterators; made,python; generators; iterators; made,0,,0,,4,10 min,false,false,false,,not available: no views column in the CMS and no Search Console export,analyzed
8f3e6cc3-851a-459f-a821-c64d9dd4de2a,python-interview-questions-for-data-roles,/blog/python-interview-questions-for-data-roles,Python Interview Questions for Data Roles,published,interview-questions,Interview Questions,interview,Ravi Kumar,ravi-kumar,4fa1201f-a7aa-4e99-9cc2-b037e972a216,2026-06-03,2026-06-03T00:00:00+00:00,2026-06-03,2026-09-18T14:07:25.013098+00:00,2026-09-18T14:07:25.013098+00:00,517,13,7b0cd47cf063a12c8b9223b67ca5f77e30e15dd8e4c3cd52c8e7d316b571695c,posts/python-interview-questions-for-data-roles.json in the backup,"Python Interview Questions for Data Roles — The questions companies actually ask, with concise model answers.",109,,Python Interview Questions for Data Roles,41,"Python Interview Questions for Data Roles — The questions companies actually ask, with concise model answers. Explained by GloryTecks Interview Questions mentors in Hyderabad.",175,Python Interview Questions for Data Roles,"Python Interview Questions for Data Roles — The questions companies actually ask, with concise model answers. Explained by GloryTecks Interview Questions mentors in Hyderabad.",,,/blog/python-interview-questions-for-data-roles (set by the page template),false,interview questions; python; interview; questions; data,interview questions; python; interview; questions; data,0,,0,,9,16 min,false,true,false,,not available: no views column in the CMS and no Search Console export,needs_review
4bb37f3e-673c-4d3a-994c-64d3d057831b,python-interview-questions-top-50-with-answers,/blog/python-interview-questions-top-50-with-answers,Python Interview Questions: Top 50 with Answers,published,python,Python,interview,GloryTecks Team,glorytecks-team,3bbe4550-883d-4859-8188-29c88e22563e,2026-06-08,2026-06-08T00:00:00+00:00,2026-06-08,2026-09-18T14:07:21.063027+00:00,2026-09-18T14:07:21.063027+00:00,524,15,89b50fbeaa09cd2919d60eab11c6e6a033ae0a5d5934b8d6cf29a60ea42874b9,posts/python-interview-questions-top-50-with-answers.json in the backup,"Python Interview Questions: Top 50 with Answers — The questions companies actually ask, with concise model answers.",115,,Python Interview Questions: Top 50 with Answers,47,"Python Interview Questions: Top 50 with Answers — The questions companies actually ask, with concise model answers. Explained by GloryTecks Python mentors in Hyderabad.",168,Python Interview Questions: Top 50 with Answers,"Python Interview Questions: Top 50 with Answers — The questions companies actually ask, with concise model answers. Explained by GloryTecks Python mentors in Hyderabad.",,,/blog/python-interview-questions-top-50-with-answers (set by the page template),false,python; interview; questions; answers,python; interview; questions; answers,0,,0,,9,16 min,false,true,true,,not available: no views column in the CMS and no Search Console export,analyzed
6720186f-8f88-4738-b509-b57b93c85555,python-iterators-vs-generators-vs-comprehensions,/blog/python-iterators-vs-generators-vs-comprehensions,Python Iterators vs Generators vs Comprehensions,published,python,Python,comparison,Ravi Kumar,ravi-kumar,4fa1201f-a7aa-4e99-9cc2-b037e972a216,2025-10-05,2025-10-05T00:00:00+00:00,2025-10-05,2026-09-18T14:37:08.808906+00:00,2026-09-18T14:37:08.808906+00:00,472,17,8e2c0ab16f2ce2bf9a6652e55b5f55fc0b73e361a61c450b6f52e8c8661dd9bc,posts/python-iterators-vs-generators-vs-comprehensions.json in the backup,"Python Iterators vs Generators vs Comprehensions — A clear, practical comparison to help you decide.",100,,Python Iterators vs Generators vs Comprehensions,48,"Python Iterators vs Generators vs Comprehensions — A clear, practical comparison to help you decide. Explained by GloryTecks Python mentors in Hyderabad.",153,Python Iterators vs Generators vs Comprehensions,"Python Iterators vs Generators vs Comprehensions — A clear, practical comparison to help you decide. Explained by GloryTecks Python mentors in Hyderabad.",,,/blog/python-iterators-vs-generators-vs-comprehensions (set by the page template),false,python; iterators; generators; comprehensions,python; iterators; generators; comprehensions,0,,0,,4,7 min,false,false,false,,not available: no views column in the CMS and no Search Console export,analyzed
58ffec7c-fc6d-44cb-ae65-5eb3fad8cb92,python-lists-vs-tuples-vs-sets-vs-dictionaries,/blog/python-lists-vs-tuples-vs-sets-vs-dictionaries,Python Lists vs Tuples vs Sets vs Dictionaries,published,python,Python,comparison,GloryTecks Team,glorytecks-team,3bbe4550-883d-4859-8188-29c88e22563e,2026-04-21,2026-04-21T00:00:00+00:00,2026-04-21,2026-09-18T14:37:01.989257+00:00,2026-09-18T14:37:01.989257+00:00,476,17,5c50db2b7417f2cfab06e29e19b5657f3b1bee8e67e35e6d0c918b82cbc94829,posts/python-lists-vs-tuples-vs-sets-vs-dictionaries.json in the backup,"Python Lists vs Tuples vs Sets vs Dictionaries — A clear, practical comparison to help you decide.",98,,Python Lists vs Tuples vs Sets vs Dictionaries,46,"Python Lists vs Tuples vs Sets vs Dictionaries — A clear, practical comparison to help you decide. Explained by GloryTecks Python mentors in Hyderabad.",151,Python Lists vs Tuples vs Sets vs Dictionaries,"Python Lists vs Tuples vs Sets vs Dictionaries — A clear, practical comparison to help you decide. Explained by GloryTecks Python mentors in Hyderabad.",,,/blog/python-lists-vs-tuples-vs-sets-vs-dictionaries (set by the page template),false,python; lists; tuples; sets,python; lists; tuples; sets,0,,0,,4,7 min,false,false,false,,not available: no views column in the CMS and no Search Console export,analyzed
ef46655a-ea04-4e19-b098-9ed232e209ff,python-logging-a-practical-setup-for-real-projects,/blog/python-logging-a-practical-setup-for-real-projects,Python Logging: A Practical Setup for Real Projects,published,python,Python,projects,GloryTecks Team,glorytecks-team,3bbe4550-883d-4859-8188-29c88e22563e,2025-11-04,2025-11-04T00:00:00+00:00,2025-11-04,2026-09-18T14:37:07.161579+00:00,2026-09-18T14:37:07.161579+00:00,551,21,4691af6e538154091e12cc661ce0a1aa016c7ab03ceb31d4b230d5bdb5f74c77,posts/python-logging-a-practical-setup-for-real-projects.json in the backup,"Python Logging: A Practical Setup for Real Projects — Hands-on project ideas with datasets, scope and what to showcase.",119,,Python Logging: A Practical Setup for Real Projects,51,"Python Logging: A Practical Setup for Real Projects — Hands-on project ideas with datasets, scope and what to showcase. Explained by GloryTecks Python mentors in Hyderabad.",172,Python Logging: A Practical Setup for Real Projects,"Python Logging: A Practical Setup for Real Projects — Hands-on project ideas with datasets, scope and what to showcase. Explained by GloryTecks Python mentors in Hyderabad.",,,/blog/python-logging-a-practical-setup-for-real-projects (set by the page template),false,python; logging; practical; setup,python; logging; practical; setup,0,,0,,4,11 min,false,false,false,,not available: no views column in the CMS and no Search Console export,analyzed
de0d21d1-77c5-459a-8f8d-4b1bcfa9eb32,python-memory-management-and-garbage-collection,/blog/python-memory-management-and-garbage-collection,Python Memory Management and Garbage Collection,published,python,Python,guide,Ravi Kumar,ravi-kumar,4fa1201f-a7aa-4e99-9cc2-b037e972a216,2025-12-16,2025-12-16T00:00:00+00:00,2025-12-16,2026-09-18T14:37:05.849802+00:00,2026-09-18T14:37:05.849802+00:00,654,26,1ea1c7e054e06f252254fc83838c8dd7468e72a8aa7a631310f8485cecb6ba36,posts/python-memory-management-and-garbage-collection.json in the backup,"Python Memory Management and Garbage Collection — A practical, example-led guide you can apply right away.",106,,Python Memory Management and Garbage Collection,47,"Python Memory Management and Garbage Collection — A practical, example-led guide you can apply right away. Explained by GloryTecks Python mentors in Hyderabad.",159,Python Memory Management and Garbage Collection,"Python Memory Management and Garbage Collection — A practical, example-led guide you can apply right away. Explained by GloryTecks Python mentors in Hyderabad.",,,/blog/python-memory-management-and-garbage-collection (set by the page template),false,python; memory; management; garbage,python; memory; management; garbage,0,,0,,4,10 min,false,false,false,,not available: no views column in the CMS and no Search Console export,analyzed
f700ca21-f622-447c-b352-7339f8acca0e,python-mini-projects-to-build-in-a-weekend,/blog/python-mini-projects-to-build-in-a-weekend,Python Mini Projects to Build in a Weekend,published,python,Python,projects,Ravi Kumar,ravi-kumar,4fa1201f-a7aa-4e99-9cc2-b037e972a216,2025-08-30,2025-08-30T00:00:00+00:00,2025-08-30,2026-09-18T14:37:08.808906+00:00,2026-09-18T14:37:08.808906+00:00,557,21,7e8403d117317a6a67d9c32372064c06b77e72926b42312e37d3acfe8474e1f2,posts/python-mini-projects-to-build-in-a-weekend.json in the backup,"Python Mini Projects to Build in a Weekend — Hands-on project ideas with datasets, scope and what to showcase.",110,,Python Mini Projects to Build in a Weekend,42,"Python Mini Projects to Build in a Weekend — Hands-on project ideas with datasets, scope and what to showcase. Explained by GloryTecks Python mentors in Hyderabad.",163,Python Mini Projects to Build in a Weekend,"Python Mini Projects to Build in a Weekend — Hands-on project ideas with datasets, scope and what to showcase. Explained by GloryTecks Python mentors in Hyderabad.",,,/blog/python-mini-projects-to-build-in-a-weekend (set by the page template),false,python; mini; projects; build,python; mini; projects; build,0,,0,,4,11 min,false,false,false,,not available: no views column in the CMS and no Search Console export,merge_candidate
aff911c7-72df-41df-9000-e5988f91a683,python-projects-for-beginners-15-ideas-to-build,/blog/python-projects-for-beginners-15-ideas-to-build,Python Projects for Beginners: 15 Ideas to Build,published,python,Python,projects,GloryTecks Team,glorytecks-team,3bbe4550-883d-4859-8188-29c88e22563e,2026-05-27,2026-05-27T00:00:00+00:00,2026-05-27,2026-09-18T14:07:31.104821+00:00,2026-09-18T14:07:31.104821+00:00,553,21,11878ca85c43bad7953113ea4abe5ea01078d2f366d014f4cc108b66db385822,posts/python-projects-for-beginners-15-ideas-to-build.json in the backup,"Python Projects for Beginners: 15 Ideas to Build — Hands-on project ideas with datasets, scope and what to showcase.",116,,Python Projects for Beginners: 15 Ideas to Build,48,"Python Projects for Beginners: 15 Ideas to Build — Hands-on project ideas with datasets, scope and what to showcase. Explained by GloryTecks Python mentors in Hyderabad.",169,Python Projects for Beginners: 15 Ideas to Build,"Python Projects for Beginners: 15 Ideas to Build — Hands-on project ideas with datasets, scope and what to showcase. Explained by GloryTecks Python mentors in Hyderabad.",,,/blog/python-projects-for-beginners-15-ideas-to-build (set by the page template),false,python; projects; beginners; ideas,python; projects; beginners; ideas,0,,0,,4,11 min,false,true,false,,not available: no views column in the CMS and no Search Console export,needs_review
5fa5ea97-2b5b-445f-84ff-e114024942f8,python-salary-in-india-2026-roles-and-expectations,/blog/python-salary-in-india-2026-roles-and-expectations,Python Salary in India 2026: Roles and Expectations,published,python,Python,salary,GloryTecks Team,glorytecks-team,3bbe4550-883d-4859-8188-29c88e22563e,2025-10-23,2025-10-23T00:00:00+00:00,2025-10-23,2026-09-18T14:37:07.161579+00:00,2026-09-18T14:37:07.161579+00:00,530,17,38121a892a48474dbed677cf36c98accca22a9ef1cd99b1f8bf96bc7a6f35760,posts/python-salary-in-india-2026-roles-and-expectations.json in the backup,"Python Salary in India 2026: Roles and Expectations — Up-to-date salary ranges, the factors that move pay, and how to earn more.",128,,Python Salary in India 2026: Roles and Expectations,51,"Python Salary in India 2026: Roles and Expectations — Up-to-date salary ranges, the factors that move pay, and how to earn more. Explained by GloryTecks Python mentors in Hyderabad.",181,Python Salary in India 2026: Roles and Expectations,"Python Salary in India 2026: Roles and Expectations — Up-to-date salary ranges, the factors that move pay, and how to earn more. Explained by GloryTecks Python mentors in Hyderabad.",,,/blog/python-salary-in-india-2026-roles-and-expectations (set by the page template),false,python; salary; india; roles,python; salary; india; roles,0,,0,,5,8 min,false,false,false,,not available: no views column in the CMS and no Search Console export,needs_review
0d1a0303-775d-48dc-8cf6-dde91b8b809d,python-string-methods-every-developer-should-know,/blog/python-string-methods-every-developer-should-know,Python String Methods Every Developer Should Know,published,python,Python,guide,GloryTecks Team,glorytecks-team,3bbe4550-883d-4859-8188-29c88e22563e,2026-02-20,2026-02-20T00:00:00+00:00,2026-02-20,2026-09-18T14:37:03.893983+00:00,2026-09-18T14:37:03.893983+00:00,657,26,78d1fd1d1a1ef51031e5f7167f6621a610196b0216eabbc5450f434913f710d8,posts/python-string-methods-every-developer-should-know.json in the backup,"Python String Methods Every Developer Should Know — A practical, example-led guide you can apply right away.",108,,Python String Methods Every Developer Should Know,49,"Python String Methods Every Developer Should Know — A practical, example-led guide you can apply right away. Explained by GloryTecks Python mentors in Hyderabad.",161,Python String Methods Every Developer Should Know,"Python String Methods Every Developer Should Know — A practical, example-led guide you can apply right away. Explained by GloryTecks Python mentors in Hyderabad.",,,/blog/python-string-methods-every-developer-should-know (set by the page template),false,python; string; methods; developer,python; string; methods; developer,0,,0,,4,10 min,false,false,false,,not available: no views column in the CMS and no Search Console export,analyzed
d6c2cddc-a509-4d91-9cab-433ef3a80018,python-type-hints-writing-cleaner-safer-code,/blog/python-type-hints-writing-cleaner-safer-code,"Python Type Hints: Writing Cleaner, Safer Code",published,python,Python,guide,Ravi Kumar,ravi-kumar,4fa1201f-a7aa-4e99-9cc2-b037e972a216,2026-01-09,2026-01-09T00:00:00+00:00,2026-01-09,2026-09-18T14:37:05.849802+00:00,2026-09-18T14:37:05.849802+00:00,649,26,06f58f6a853fb2430773b74b32ea9436137ec668d836ff6837be12d91d823aaf,posts/python-type-hints-writing-cleaner-safer-code.json in the backup,"Python Type Hints: Writing Cleaner, Safer Code — A practical, example-led guide you can apply right away.",105,,"Python Type Hints: Writing Cleaner, Safer Code",46,"Python Type Hints: Writing Cleaner, Safer Code — A practical, example-led guide you can apply right away. Explained by GloryTecks Python mentors in Hyderabad.",158,"Python Type Hints: Writing Cleaner, Safer Code","Python Type Hints: Writing Cleaner, Safer Code — A practical, example-led guide you can apply right away. Explained by GloryTecks Python mentors in Hyderabad.",,,/blog/python-type-hints-writing-cleaner-safer-code (set by the page template),false,python; type; hints; writing,python; type; hints; writing,0,,0,,4,10 min,false,false,false,,not available: no views column in the CMS and no Search Console export,analyzed
7c809a1c-1807-44a9-9e31-cadcefc8342b,rag-architecture-explained-retrieval-augmented-generation,/blog/rag-architecture-explained-retrieval-augmented-generation,RAG Architecture Explained: Retrieval-Augmented Generation,published,generative-ai,Generative AI,guide,Ravi Kumar,ravi-kumar,4fa1201f-a7aa-4e99-9cc2-b037e972a216,2026-06-02,2026-06-02T00:00:00+00:00,2026-06-02,2026-09-18T14:07:25.817168+00:00,2026-09-18T14:07:25.817168+00:00,687,26,91c5507cfdbf61cf39326b3745576a2b11b2a4703e606d28513a85f8dc693afe,posts/rag-architecture-explained-retrieval-augmented-generation.json in the backup,"RAG Architecture Explained: Retrieval-Augmented Generation — A practical, example-led guide you can apply right away.",117,,RAG Architecture Explained: Retrieval-Augmented Generation,58,"RAG Architecture Explained: Retrieval-Augmented Generation — A practical, example-led guide you can apply right away. Explained by GloryTecks Generative AI mentors in Hyderabad.",177,RAG Architecture Explained: Retrieval-Augmented Generation,"RAG Architecture Explained: Retrieval-Augmented Generation — A practical, example-led guide you can apply right away. Explained by GloryTecks Generative AI mentors in Hyderabad.",,,/blog/rag-architecture-explained-retrieval-augmented-generation (set by the page template),false,generative ai; rag; architecture; retrieval; augmented,generative ai; rag; architecture; retrieval; augmented,0,,0,,4,10 min,false,true,false,,not available: no views column in the CMS and no Search Console export,analyzed
71125b73-254b-4cec-a699-de76551a6d73,reading-and-writing-csv-files-in-python,/blog/reading-and-writing-csv-files-in-python,Reading and Writing CSV Files in Python,published,python,Python,guide,GloryTecks Team,glorytecks-team,3bbe4550-883d-4859-8188-29c88e22563e,2025-12-22,2025-12-22T00:00:00+00:00,2025-12-22,2026-09-18T14:37:05.849802+00:00,2026-09-18T14:37:05.849802+00:00,657,26,9c1d27b0f2f2d063c7049d0e06073412452cfa54ad72cbd1442a0c6b2ed04c9f,posts/reading-and-writing-csv-files-in-python.json in the backup,"Reading and Writing CSV Files in Python — A practical, example-led guide you can apply right away.",98,,Reading and Writing CSV Files in Python,39,"Reading and Writing CSV Files in Python — A practical, example-led guide you can apply right away. Explained by GloryTecks Python mentors in Hyderabad.",151,Reading and Writing CSV Files in Python,"Reading and Writing CSV Files in Python — A practical, example-led guide you can apply right away. Explained by GloryTecks Python mentors in Hyderabad.",,,/blog/reading-and-writing-csv-files-in-python (set by the page template),false,python; reading; writing; csv; files,python; reading; writing; csv; files,0,,0,,4,10 min,false,false,true,,not available: no views column in the CMS and no Search Console export,analyzed
94ae6a42-36ac-42ff-b4b7-e8bf99caf3b0,real-time-analytics-architecture-and-tools,/blog/real-time-analytics-architecture-and-tools,Real-Time Analytics: Architecture and Tools,published,data-engineering,Data Engineering,guide,GloryTecks Team,glorytecks-team,3bbe4550-883d-4859-8188-29c88e22563e,2025-11-02,2025-11-02T00:00:00+00:00,2025-11-22,2026-09-18T14:37:07.161579+00:00,2026-09-18T14:37:07.161579+00:00,670,26,b6524b8fb4a6035cecacbdc221b56766791d33bf1fbe884a1cdcbb137cf5dc45,posts/real-time-analytics-architecture-and-tools.json in the backup,"Real-Time Analytics: Architecture and Tools — A practical, example-led guide you can apply right away.",102,,Real-Time Analytics: Architecture and Tools,43,"Real-Time Analytics: Architecture and Tools — A practical, example-led guide you can apply right away. Explained by GloryTecks Data Engineering mentors in Hyderabad.",165,Real-Time Analytics: Architecture and Tools,"Real-Time Analytics: Architecture and Tools — A practical, example-led guide you can apply right away. Explained by GloryTecks Data Engineering mentors in Hyderabad.",,,/blog/real-time-analytics-architecture-and-tools (set by the page template),false,data engineering; real; time; analytics; architecture,data engineering; real; time; analytics; architecture,0,,0,,4,10 min,false,false,false,,not available: no views column in the CMS and no Search Console export,analyzed
6b234168-796a-4250-8568-b44421eea48c,real-time-feature-engineering-for-online-models,/blog/real-time-feature-engineering-for-online-models,Real-Time Feature Engineering for Online Models,published,mlops,MLOps,guide,Ravi Kumar,ravi-kumar,4fa1201f-a7aa-4e99-9cc2-b037e972a216,2025-10-21,2025-10-21T00:00:00+00:00,2025-10-21,2026-09-18T14:37:07.161579+00:00,2026-09-18T14:37:07.161579+00:00,670,26,2eea6b619787239cfcc711eafd563183bb5a3da8138dd1fd9f5d5f9325a9e23e,posts/real-time-feature-engineering-for-online-models.json in the backup,"Real-Time Feature Engineering for Online Models — A practical, example-led guide you can apply right away.",106,,Real-Time Feature Engineering for Online Models,47,"Real-Time Feature Engineering for Online Models — A practical, example-led guide you can apply right away. Explained by GloryTecks MLOps mentors in Hyderabad.",158,Real-Time Feature Engineering for Online Models,"Real-Time Feature Engineering for Online Models — A practical, example-led guide you can apply right away. Explained by GloryTecks MLOps mentors in Hyderabad.",,,/blog/real-time-feature-engineering-for-online-models (set by the page template),false,mlops; real; time; feature; engineering,mlops; real; time; feature; engineering,0,,0,,4,10 min,false,false,false,,not available: no views column in the CMS and no Search Console export,analyzed
691b82b8-7451-48db-bec7-0d1819005919,recommendation-systems-how-netflix-and-amazon-suggest-items,/blog/recommendation-systems-how-netflix-and-amazon-suggest-items,Recommendation Systems: How Netflix and Amazon Suggest Items,published,data-science,Data Science,guide,Ravi Kumar,ravi-kumar,4fa1201f-a7aa-4e99-9cc2-b037e972a216,2025-11-23,2025-11-23T00:00:00+00:00,2025-12-11,2026-09-18T14:37:07.161579+00:00,2026-09-18T14:37:07.161579+00:00,673,26,a79c8df907c255b6db313a7bfdfcfc75ad570ddfef8063d087f37338a2816e89,posts/recommendation-systems-how-netflix-and-amazon-suggest-items.json in the backup,"Recommendation Systems: How Netflix and Amazon Suggest Items — A practical, example-led guide you can apply right away.",119,,Recommendation Systems: How Netflix and Amazon Suggest Items,60,"Recommendation Systems: How Netflix and Amazon Suggest Items — A practical, example-led guide you can apply right away. Explained by GloryTecks Data Science mentors in Hyderabad.",178,Recommendation Systems: How Netflix and Amazon Suggest Items,"Recommendation Systems: How Netflix and Amazon Suggest Items — A practical, example-led guide you can apply right away. Explained by GloryTecks Data Science mentors in Hyderabad.",,,/blog/recommendation-systems-how-netflix-and-amazon-suggest-items (set by the page template),false,data science; recommendation; systems; netflix; amazon,data science; recommendation; systems; netflix; amazon,0,,0,,4,10 min,false,false,false,,not available: no views column in the CMS and no Search Console export,analyzed
d072e01d-bfd2-43ff-9414-949102f7ac8f,redshift-interview-questions-and-answers,/blog/redshift-interview-questions-and-answers,Redshift Interview Questions and Answers,published,interview-questions,Interview Questions,interview,Priya Sharma,priya-sharma,2ef777f6-83c0-4249-9c0b-c4d1f2e17b89,2025-09-06,2025-09-06T00:00:00+00:00,2025-09-06,2026-09-18T14:37:08.808906+00:00,2026-09-18T14:37:08.808906+00:00,515,13,a1ab1914a66f7dd2f36dfff463d5e4a4088167116faa652dd98bab157f7437ce,posts/redshift-interview-questions-and-answers.json in the backup,"Redshift Interview Questions and Answers — The questions companies actually ask, with concise model answers.",108,,Redshift Interview Questions and Answers,40,"Redshift Interview Questions and Answers — The questions companies actually ask, with concise model answers. Explained by GloryTecks Interview Questions mentors in Hyderabad.",174,Redshift Interview Questions and Answers,"Redshift Interview Questions and Answers — The questions companies actually ask, with concise model answers. Explained by GloryTecks Interview Questions mentors in Hyderabad.",,,/blog/redshift-interview-questions-and-answers (set by the page template),false,interview questions; redshift; interview; questions; answers,interview questions; redshift; interview; questions; answers,0,,0,,9,16 min,false,false,false,,not available: no views column in the CMS and no Search Console export,analyzed
df881e22-a523-4bc3-904c-7f80d4590def,redshift-performance-tuning-distribution-and-sort-keys,/blog/redshift-performance-tuning-distribution-and-sort-keys,Redshift Performance Tuning: Distribution and Sort Keys,published,aws,AWS,guide,GloryTecks Team,glorytecks-team,3bbe4550-883d-4859-8188-29c88e22563e,2025-10-31,2025-10-31T00:00:00+00:00,2025-11-23,2026-09-18T14:37:07.161579+00:00,2026-09-18T14:37:07.161579+00:00,679,26,5b59168d97040810219aae2205f3c3c3ea1b9207d96e23216aa5bd21be426b1a,posts/redshift-performance-tuning-distribution-and-sort-keys.json in the backup,"Redshift Performance Tuning: Distribution and Sort Keys — A practical, example-led guide you can apply right away.",114,,Redshift Performance Tuning: Distribution and Sort Keys,55,"Redshift Performance Tuning: Distribution and Sort Keys — A practical, example-led guide you can apply right away. Explained by GloryTecks AWS mentors in Hyderabad.",164,Redshift Performance Tuning: Distribution and Sort Keys,"Redshift Performance Tuning: Distribution and Sort Keys — A practical, example-led guide you can apply right away. Explained by GloryTecks AWS mentors in Hyderabad.",,,/blog/redshift-performance-tuning-distribution-and-sort-keys (set by the page template),false,aws; redshift; performance; tuning; distribution,aws; redshift; performance; tuning; distribution,0,,0,,4,10 min,false,false,false,,not available: no views column in the CMS and no Search Console export,analyzed
7f141f7e-cb1f-4772-80ca-f0c96de72f14,redshift-spectrum-querying-s3-from-redshift,/blog/redshift-spectrum-querying-s3-from-redshift,Redshift Spectrum: Querying S3 from Redshift,published,aws,AWS,guide,Sneha Reddy,sneha-reddy,682d13de-46d8-47b4-914e-58e25b899413,2026-01-17,2026-01-17T00:00:00+00:00,2026-02-13,2026-09-18T14:37:05.849802+00:00,2026-09-18T14:37:05.849802+00:00,676,26,ba4160ffee6752417ff97c9530511ebbf547d91888cc288152458fcc3140afea,posts/redshift-spectrum-querying-s3-from-redshift.json in the backup,"Redshift Spectrum: Querying S3 from Redshift — A practical, example-led guide you can apply right away.",103,,Redshift Spectrum: Querying S3 from Redshift,44,"Redshift Spectrum: Querying S3 from Redshift — A practical, example-led guide you can apply right away. Explained by GloryTecks AWS mentors in Hyderabad.",153,Redshift Spectrum: Querying S3 from Redshift,"Redshift Spectrum: Querying S3 from Redshift — A practical, example-led guide you can apply right away. Explained by GloryTecks AWS mentors in Hyderabad.",,,/blog/redshift-spectrum-querying-s3-from-redshift (set by the page template),false,aws; redshift; spectrum; querying,aws; redshift; spectrum; querying,0,,0,,4,10 min,false,false,false,,not available: no views column in the CMS and no Search Console export,analyzed
b3d0bc4f-ffb6-43e7-a665-31055fc61275,redshift-vs-snowflake-vs-bigquery-a-comparison,/blog/redshift-vs-snowflake-vs-bigquery-a-comparison,Redshift vs Snowflake vs BigQuery: A Comparison,published,aws,AWS,comparison,GloryTecks Team,glorytecks-team,3bbe4550-883d-4859-8188-29c88e22563e,2026-03-12,2026-03-12T00:00:00+00:00,2026-04-20,2026-09-18T14:37:03.893983+00:00,2026-09-18T14:37:03.893983+00:00,482,17,db6d5c5dea0d4334a0bc8abc9640d8a31f113ed35c26930f053289bcdbe92a1d,posts/redshift-vs-snowflake-vs-bigquery-a-comparison.json in the backup,"Redshift vs Snowflake vs BigQuery: A Comparison — A clear, practical comparison to help you decide.",99,,Redshift vs Snowflake vs BigQuery: A Comparison,47,"Redshift vs Snowflake vs BigQuery: A Comparison — A clear, practical comparison to help you decide. Explained by GloryTecks AWS mentors in Hyderabad.",149,Redshift vs Snowflake vs BigQuery: A Comparison,"Redshift vs Snowflake vs BigQuery: A Comparison — A clear, practical comparison to help you decide. Explained by GloryTecks AWS mentors in Hyderabad.",,,/blog/redshift-vs-snowflake-vs-bigquery-a-comparison (set by the page template),false,aws; redshift; snowflake; bigquery; comparison,aws; redshift; snowflake; bigquery; comparison,0,,0,,4,7 min,false,false,true,,not available: no views column in the CMS and no Search Console export,merge_candidate
65dbdc3b-c53a-4690-ba53-574bbf8283fc,reference-checks-how-to-prepare-your-referees,/blog/reference-checks-how-to-prepare-your-referees,Reference Checks: How to Prepare Your Referees,published,career-guidance,Career Guidance,guide,Priya Sharma,priya-sharma,2ef777f6-83c0-4249-9c0b-c4d1f2e17b89,2025-09-07,2025-09-07T00:00:00+00:00,2025-09-07,2026-09-18T14:37:08.808906+00:00,2026-09-18T14:37:08.808906+00:00,635,24,82ffb72bd69f626d60da5b066b9b5033af100a535779899ac5f8874aae756680,posts/reference-checks-how-to-prepare-your-referees.json in the backup,"Reference Checks: How to Prepare Your Referees — A practical, example-led guide you can apply right away.",105,,Reference Checks: How to Prepare Your Referees,46,"Reference Checks: How to Prepare Your Referees — A practical, example-led guide you can apply right away. Explained by GloryTecks Career Guidance mentors in Hyderabad.",167,Reference Checks: How to Prepare Your Referees,"Reference Checks: How to Prepare Your Referees — A practical, example-led guide you can apply right away. Explained by GloryTecks Career Guidance mentors in Hyderabad.",,,/blog/reference-checks-how-to-prepare-your-referees (set by the page template),false,career guidance; reference; checks; prepare; referees,career guidance; reference; checks; prepare; referees,0,,0,,4,10 min,false,false,false,,not available: no views column in the CMS and no Search Console export,analyzed
e6b30108-46f6-435c-866d-1b4454ffce97,regression-vs-classification-when-to-use-each,/blog/regression-vs-classification-when-to-use-each,Regression vs Classification: When to Use Each,published,data-science,Data Science,comparison,Ravi Kumar,ravi-kumar,4fa1201f-a7aa-4e99-9cc2-b037e972a216,2026-01-22,2026-01-22T00:00:00+00:00,2026-02-09,2026-09-18T14:37:05.849802+00:00,2026-09-18T14:37:05.849802+00:00,479,17,1ba8288cd6400f5ae4947477035122c5264f7755bc95631f867e2b73679b785d,posts/regression-vs-classification-when-to-use-each.json in the backup,"Regression vs Classification: When to Use Each — A clear, practical comparison to help you decide.",98,,Regression vs Classification: When to Use Each,46,"Regression vs Classification: When to Use Each — A clear, practical comparison to help you decide. Explained by GloryTecks Data Science mentors in Hyderabad.",157,Regression vs Classification: When to Use Each,"Regression vs Classification: When to Use Each — A clear, practical comparison to help you decide. Explained by GloryTecks Data Science mentors in Hyderabad.",,,/blog/regression-vs-classification-when-to-use-each (set by the page template),false,data science; regression; classification; when; use,data science; regression; classification; when; use,0,,0,,4,7 min,false,false,false,,not available: no views column in the CMS and no Search Console export,analyzed
6c508b0a-d7e6-40af-92e3-8622b9d693e2,regular-expressions-in-python-a-practical-guide,/blog/regular-expressions-in-python-a-practical-guide,Regular Expressions in Python: A Practical Guide,published,python,Python,guide,GloryTecks Team,glorytecks-team,3bbe4550-883d-4859-8188-29c88e22563e,2025-12-10,2025-12-10T00:00:00+00:00,2025-12-10,2026-09-18T14:37:05.849802+00:00,2026-09-18T14:37:05.849802+00:00,651,26,439b47580e27c892fbd93dbd26d20395b1d7a3a028d39ec07114647693c880ab,posts/regular-expressions-in-python-a-practical-guide.json in the backup,"Regular Expressions in Python: A Practical Guide — A practical, example-led guide you can apply right away.",107,,Regular Expressions in Python: A Practical Guide,48,"Regular Expressions in Python: A Practical Guide — A practical, example-led guide you can apply right away. Explained by GloryTecks Python mentors in Hyderabad.",160,Regular Expressions in Python: A Practical Guide,"Regular Expressions in Python: A Practical Guide — A practical, example-led guide you can apply right away. Explained by GloryTecks Python mentors in Hyderabad.",,,/blog/regular-expressions-in-python-a-practical-guide (set by the page template),false,regular; expressions; python; practical,regular; expressions; python; practical,0,,0,,4,10 min,false,false,false,,not available: no views column in the CMS and no Search Console export,analyzed
28421f30-eaea-45ea-97e6-e9fede6b9a19,remote-data-jobs-how-to-find-and-land-them,/blog/remote-data-jobs-how-to-find-and-land-them,Remote Data Jobs: How to Find and Land Them,published,career-guidance,Career Guidance,guide,Priya Sharma,priya-sharma,2ef777f6-83c0-4249-9c0b-c4d1f2e17b89,2026-03-18,2026-03-18T00:00:00+00:00,2026-03-18,2026-09-18T14:37:01.989257+00:00,2026-09-18T14:37:01.989257+00:00,639,24,c3f686dd06862a9ecddccf9eba0ecdf166642299c975c80811248be2554e7f7b,posts/remote-data-jobs-how-to-find-and-land-them.json in the backup,"Remote Data Jobs: How to Find and Land Them — A practical, example-led guide you can apply right away.",102,,Remote Data Jobs: How to Find and Land Them,43,"Remote Data Jobs: How to Find and Land Them — A practical, example-led guide you can apply right away. Explained by GloryTecks Career Guidance mentors in Hyderabad.",164,Remote Data Jobs: How to Find and Land Them,"Remote Data Jobs: How to Find and Land Them — A practical, example-led guide you can apply right away. Explained by GloryTecks Career Guidance mentors in Hyderabad.",,,/blog/remote-data-jobs-how-to-find-and-land-them (set by the page template),false,career guidance; remote; data; jobs; find,career guidance; remote; data; jobs; find,0,,0,,4,10 min,false,false,false,,not available: no views column in the CMS and no Search Console export,analyzed
8dd12094-2a35-4855-ab12-70092b8c7ea4,reproducibility-in-ml-seeds-configs-and-pipelines,/blog/reproducibility-in-ml-seeds-configs-and-pipelines,"Reproducibility in ML: Seeds, Configs and Pipelines",published,mlops,MLOps,guide,Sneha Reddy,sneha-reddy,682d13de-46d8-47b4-914e-58e25b899413,2025-12-26,2025-12-26T00:00:00+00:00,2025-12-26,2026-09-18T14:37:05.849802+00:00,2026-09-18T14:37:05.849802+00:00,665,26,5d58252ed62f2a88eeb03946b36c640c657a5bd5918c4cd7c8db5bff85da17f8,posts/reproducibility-in-ml-seeds-configs-and-pipelines.json in the backup,"Reproducibility in ML: Seeds, Configs and Pipelines — A practical, example-led guide you can apply right away.",110,,"Reproducibility in ML: Seeds, Configs and Pipelines",51,"Reproducibility in ML: Seeds, Configs and Pipelines — A practical, example-led guide you can apply right away. Explained by GloryTecks MLOps mentors in Hyderabad.",162,"Reproducibility in ML: Seeds, Configs and Pipelines","Reproducibility in ML: Seeds, Configs and Pipelines — A practical, example-led guide you can apply right away. Explained by GloryTecks MLOps mentors in Hyderabad.",,,/blog/reproducibility-in-ml-seeds-configs-and-pipelines (set by the page template),false,mlops; reproducibility; seeds; configs; pipelines,mlops; reproducibility; seeds; configs; pipelines,0,,0,,4,10 min,false,false,false,,not available: no views column in the CMS and no Search Console export,analyzed
74a2fb9b-d043-44be-a9c3-9b12ea1ab0bb,rest-api-interview-questions-and-answers,/blog/rest-api-interview-questions-and-answers,REST API Interview Questions and Answers,published,interview-questions,Interview Questions,interview,Priya Sharma,priya-sharma,2ef777f6-83c0-4249-9c0b-c4d1f2e17b89,2025-11-29,2025-11-29T00:00:00+00:00,2025-11-29,2026-09-18T14:37:07.161579+00:00,2026-09-18T14:37:07.161579+00:00,517,13,aca7a9089b56282913e8ec6e8ae59fc7145ffdb609e89d929db14bfe01cf1ce5,posts/rest-api-interview-questions-and-answers.json in the backup,"REST API Interview Questions and Answers — The questions companies actually ask, with concise model answers.",108,,REST API Interview Questions and Answers,40,"REST API Interview Questions and Answers — The questions companies actually ask, with concise model answers. Explained by GloryTecks Interview Questions mentors in Hyderabad.",174,REST API Interview Questions and Answers,"REST API Interview Questions and Answers — The questions companies actually ask, with concise model answers. Explained by GloryTecks Interview Questions mentors in Hyderabad.",,,/blog/rest-api-interview-questions-and-answers (set by the page template),false,interview questions; rest; api; interview; questions,interview questions; rest; api; interview; questions,0,,0,,9,16 min,false,false,false,,not available: no views column in the CMS and no Search Console export,analyzed
b92d9d8b-5b0b-4be1-bf61-d6ef77b71366,resume-building-for-data-roles-a-complete-guide,/blog/resume-building-for-data-roles-a-complete-guide,Resume Building for Data Roles: A Complete Guide,published,career-guidance,Career Guidance,guide,Priya Sharma,priya-sharma,2ef777f6-83c0-4249-9c0b-c4d1f2e17b89,2026-06-10,2026-06-10T00:00:00+00:00,2026-06-10,2026-09-18T14:07:19.44745+00:00,2026-09-18T14:07:19.44745+00:00,642,24,0c21a96bb5e681d135d7d493a4f918b9ded46c636fa820514048bb6817de6fdf,posts/resume-building-for-data-roles-a-complete-guide.json in the backup,"Resume Building for Data Roles: A Complete Guide — A practical, example-led guide you can apply right away.",107,,Resume Building for Data Roles: A Complete Guide,48,"Resume Building for Data Roles: A Complete Guide — A practical, example-led guide you can apply right away. Explained by GloryTecks Career Guidance mentors in Hyderabad.",169,Resume Building for Data Roles: A Complete Guide,"Resume Building for Data Roles: A Complete Guide — A practical, example-led guide you can apply right away. Explained by GloryTecks Career Guidance mentors in Hyderabad.",,,/blog/resume-building-for-data-roles-a-complete-guide (set by the page template),false,career guidance; resume; building; data; roles,career guidance; resume; building; data; roles,0,,0,,4,10 min,true,false,false,,not available: no views column in the CMS and no Search Console export,analyzed
4593aa92-6902-4d4a-aed6-443838ad5b01,retrieval-evaluation-measuring-rag-quality,/blog/retrieval-evaluation-measuring-rag-quality,Retrieval Evaluation: Measuring RAG Quality,published,generative-ai,Generative AI,guide,Ravi Kumar,ravi-kumar,4fa1201f-a7aa-4e99-9cc2-b037e972a216,2025-09-23,2025-09-23T00:00:00+00:00,2025-09-23,2026-09-18T14:37:08.808906+00:00,2026-09-18T14:37:08.808906+00:00,685,26,a78f90e23fec30d6e45a3be55866ec191ef6beadbcc2e35bef79420493ba20b3,posts/retrieval-evaluation-measuring-rag-quality.json in the backup,"Retrieval Evaluation: Measuring RAG Quality — A practical, example-led guide you can apply right away.",102,,Retrieval Evaluation: Measuring RAG Quality,43,"Retrieval Evaluation: Measuring RAG Quality — A practical, example-led guide you can apply right away. Explained by GloryTecks Generative AI mentors in Hyderabad.",162,Retrieval Evaluation: Measuring RAG Quality,"Retrieval Evaluation: Measuring RAG Quality — A practical, example-led guide you can apply right away. Explained by GloryTecks Generative AI mentors in Hyderabad.",,,/blog/retrieval-evaluation-measuring-rag-quality (set by the page template),false,generative ai; retrieval; evaluation; measuring; rag,generative ai; retrieval; evaluation; measuring; rag,0,,0,,4,10 min,false,false,false,,not available: no views column in the CMS and no Search Console export,analyzed
6cc86ea3-a38c-4938-b30a-43704261d261,row-level-security-rls-in-power-bi-a-complete-guide,/blog/row-level-security-rls-in-power-bi-a-complete-guide,Row-Level Security (RLS) in Power BI: A Complete Guide,published,power-bi,Power BI,guide,Arjun Nair,arjun-nair,ffb6b867-319d-461f-ba3c-c736b5113800,2026-04-26,2026-04-26T00:00:00+00:00,2026-04-26,2026-09-18T14:37:01.989257+00:00,2026-09-18T14:37:01.989257+00:00,699,26,97a69420a855b64cffd61b84d8515bc0f4198767c58d48776808137496a3eae6,posts/row-level-security-rls-in-power-bi-a-complete-guide.json in the backup,"Row-Level Security (RLS) in Power BI: A Complete Guide — A practical, example-led guide you can apply right away.",113,,Row-Level Security (RLS) in Power BI: A Complete Guide,54,"Row-Level Security (RLS) in Power BI: A Complete Guide — A practical, example-led guide you can apply right away. Explained by GloryTecks Power BI mentors in Hyderabad.",168,Row-Level Security (RLS) in Power BI: A Complete Guide,"Row-Level Security (RLS) in Power BI: A Complete Guide — A practical, example-led guide you can apply right away. Explained by GloryTecks Power BI mentors in Hyderabad.",,,/blog/row-level-security-rls-in-power-bi-a-complete-guide (set by the page template),false,power bi; row; level; security; rls,power bi; row; level; security; rls,0,,0,,4,10 min,false,false,false,,not available: no views column in the CMS and no Search Console export,analyzed
5c9bb7f0-070f-4396-ac42-7e55fd68e633,s3-lifecycle-policies-and-storage-cost-savings,/blog/s3-lifecycle-policies-and-storage-cost-savings,S3 Lifecycle Policies and Storage Cost Savings,published,aws,AWS,guide,GloryTecks Team,glorytecks-team,3bbe4550-883d-4859-8188-29c88e22563e,2025-10-07,2025-10-07T00:00:00+00:00,2025-11-07,2026-09-18T14:37:08.808906+00:00,2026-09-18T14:37:08.808906+00:00,687,26,c779a288bec2741b194bfb723c07e880fcc5f9a1e90b05d902b4850fe4329fdc,posts/s3-lifecycle-policies-and-storage-cost-savings.json in the backup,"S3 Lifecycle Policies and Storage Cost Savings — A practical, example-led guide you can apply right away.",105,,S3 Lifecycle Policies and Storage Cost Savings,46,"S3 Lifecycle Policies and Storage Cost Savings — A practical, example-led guide you can apply right away. Explained by GloryTecks AWS mentors in Hyderabad.",155,S3 Lifecycle Policies and Storage Cost Savings,"S3 Lifecycle Policies and Storage Cost Savings — A practical, example-led guide you can apply right away. Explained by GloryTecks AWS mentors in Hyderabad.",,,/blog/s3-lifecycle-policies-and-storage-cost-savings (set by the page template),false,aws; lifecycle; policies; storage; cost,aws; lifecycle; policies; storage; cost,0,,0,,4,10 min,false,false,false,,not available: no views column in the CMS and no Search Console export,analyzed
069e71b9-fc55-4f69-9e3e-c37a3e5dfb40,s3-vs-ebs-vs-efs-aws-storage-compared,/blog/s3-vs-ebs-vs-efs-aws-storage-compared,S3 vs EBS vs EFS: AWS Storage Compared,published,aws,AWS,comparison,Sneha Reddy,sneha-reddy,682d13de-46d8-47b4-914e-58e25b899413,2026-04-11,2026-04-11T00:00:00+00:00,2026-04-30,2026-09-18T14:37:01.989257+00:00,2026-09-18T14:37:01.989257+00:00,483,17,fdfefc9515906f0d1a1d42519d50c412ffbec0d04209e477ccde13e05b14b451,posts/s3-vs-ebs-vs-efs-aws-storage-compared.json in the backup,"S3 vs EBS vs EFS: AWS Storage Compared — A clear, practical comparison to help you decide.",90,,S3 vs EBS vs EFS: AWS Storage Compared,38,"S3 vs EBS vs EFS: AWS Storage Compared — A clear, practical comparison to help you decide. Explained by GloryTecks AWS mentors in Hyderabad.",140,S3 vs EBS vs EFS: AWS Storage Compared,"S3 vs EBS vs EFS: AWS Storage Compared — A clear, practical comparison to help you decide. Explained by GloryTecks AWS mentors in Hyderabad.",,,/blog/s3-vs-ebs-vs-efs-aws-storage-compared (set by the page template),false,ebs; efs; aws; storage,ebs; efs; aws; storage,0,,0,,4,7 min,false,false,false,,not available: no views column in the CMS and no Search Console export,analyzed
6fc575b7-af6c-4336-81d0-295c93ed6238,salary-negotiation-how-to-get-paid-what-you-re-worth,/blog/salary-negotiation-how-to-get-paid-what-you-re-worth,Salary Negotiation: How to Get Paid What You're Worth,published,career-guidance,Career Guidance,salary,Priya Sharma,priya-sharma,2ef777f6-83c0-4249-9c0b-c4d1f2e17b89,2026-05-17,2026-05-17T00:00:00+00:00,2026-05-17,2026-09-18T14:07:39.15172+00:00,2026-09-18T14:07:39.15172+00:00,535,17,54c1562b3779e8c62555db4f73f4baa82599a9b2a214b72139f3cf4d1ccb2abf,posts/salary-negotiation-how-to-get-paid-what-you-re-worth.json in the backup,"Salary Negotiation: How to Get Paid What You're Worth — Up-to-date salary ranges, the factors that move pay, and how to earn more.",130,,Salary Negotiation: How to Get Paid What You're Worth,53,"Salary Negotiation: How to Get Paid What You're Worth — Up-to-date salary ranges, the factors that move pay, and how to earn more. Explained by GloryTecks Career Guidance mentors in Hyderabad.",192,Salary Negotiation: How to Get Paid What You're Worth,"Salary Negotiation: How to Get Paid What You're Worth — Up-to-date salary ranges, the factors that move pay, and how to earn more. Explained by GloryTecks Career Guidance mentors in Hyderabad.",,,/blog/salary-negotiation-how-to-get-paid-what-you-re-worth (set by the page template),false,career guidance; salary; negotiation; get; paid,career guidance; salary; negotiation; get; paid,0,,0,,5,8 min,false,true,false,,not available: no views column in the CMS and no Search Console export,needs_review
2ea3c424-622a-41f4-931d-78d302499d18,scaling-model-training-with-distributed-computing,/blog/scaling-model-training-with-distributed-computing,Scaling Model Training with Distributed Computing,published,mlops,MLOps,guide,Ravi Kumar,ravi-kumar,4fa1201f-a7aa-4e99-9cc2-b037e972a216,2025-12-20,2025-12-20T00:00:00+00:00,2025-12-20,2026-09-18T14:37:05.849802+00:00,2026-09-18T14:37:05.849802+00:00,670,26,eebc8b07619c55a0ed6e14cf19c19bdd82d00579d8556dad433c94ea5557eb5a,posts/scaling-model-training-with-distributed-computing.json in the backup,"Scaling Model Training with Distributed Computing — A practical, example-led guide you can apply right away.",108,,Scaling Model Training with Distributed Computing,49,"Scaling Model Training with Distributed Computing — A practical, example-led guide you can apply right away. Explained by GloryTecks MLOps mentors in Hyderabad.",160,Scaling Model Training with Distributed Computing,"Scaling Model Training with Distributed Computing — A practical, example-led guide you can apply right away. Explained by GloryTecks MLOps mentors in Hyderabad.",,,/blog/scaling-model-training-with-distributed-computing (set by the page template),false,mlops; scaling; model; training; distributed,mlops; scaling; model; training; distributed,0,,0,,4,10 min,false,false,false,,not available: no views column in the CMS and no Search Console export,analyzed
6e1e8360-d516-42a5-b0ff-28815b2b62b4,scenario-based-sql-interview-questions,/blog/scenario-based-sql-interview-questions,Scenario-Based SQL Interview Questions,published,interview-questions,Interview Questions,interview,Priya Sharma,priya-sharma,2ef777f6-83c0-4249-9c0b-c4d1f2e17b89,2025-11-05,2025-11-05T00:00:00+00:00,2025-11-05,2026-09-18T14:37:07.161579+00:00,2026-09-18T14:37:07.161579+00:00,513,13,a03e31dd87168af0debb98b3a4a88c6a940d96caed44ac82403889f6dc1510f7,posts/scenario-based-sql-interview-questions.json in the backup,"Scenario-Based SQL Interview Questions — The questions companies actually ask, with concise model answers.",106,,Scenario-Based SQL Interview Questions,38,"Scenario-Based SQL Interview Questions — The questions companies actually ask, with concise model answers. Explained by GloryTecks Interview Questions mentors in Hyderabad.",172,Scenario-Based SQL Interview Questions,"Scenario-Based SQL Interview Questions — The questions companies actually ask, with concise model answers. Explained by GloryTecks Interview Questions mentors in Hyderabad.",,,/blog/scenario-based-sql-interview-questions (set by the page template),false,interview questions; scenario; based; sql; interview,interview questions; scenario; based; sql; interview,0,,0,,9,16 min,false,false,false,,not available: no views column in the CMS and no Search Console export,analyzed
028b04ac-ee63-4d81-a2bd-5d2bf41f191e,scheduling-queries-in-bigquery,/blog/scheduling-queries-in-bigquery,Scheduling Queries in BigQuery,published,gcp,GCP,guide,Sneha Reddy,sneha-reddy,682d13de-46d8-47b4-914e-58e25b899413,2025-11-19,2025-11-19T00:00:00+00:00,2025-11-19,2026-09-18T14:37:07.161579+00:00,2026-09-18T14:37:07.161579+00:00,658,26,6d7e2e146deabac6c9b3ebe6ded5b36c163ece9d243a0b1376e9fcc50c0bab31,posts/scheduling-queries-in-bigquery.json in the backup,"Scheduling Queries in BigQuery — A practical, example-led guide you can apply right away.",89,,Scheduling Queries in BigQuery,30,"Scheduling Queries in BigQuery — A practical, example-led guide you can apply right away. Explained by GloryTecks GCP mentors in Hyderabad.",139,Scheduling Queries in BigQuery,"Scheduling Queries in BigQuery — A practical, example-led guide you can apply right away. Explained by GloryTecks GCP mentors in Hyderabad.",,,/blog/scheduling-queries-in-bigquery (set by the page template),false,gcp; scheduling; queries; bigquery,gcp; scheduling; queries; bigquery,0,,0,,4,10 min,false,false,false,,not available: no views column in the CMS and no Search Console export,analyzed
16247e73-2517-4f0f-996d-bf38a858ccc1,schema-evolution-handling-changing-data-structures,/blog/schema-evolution-handling-changing-data-structures,Schema Evolution: Handling Changing Data Structures,published,data-engineering,Data Engineering,guide,GloryTecks Team,glorytecks-team,3bbe4550-883d-4859-8188-29c88e22563e,2026-02-06,2026-02-06T00:00:00+00:00,2026-03-06,2026-09-18T14:37:03.893983+00:00,2026-09-18T14:37:03.893983+00:00,671,26,46d3d138f343752966f1566744caac23d46965a0e658a334ef3190e418e667f4,posts/schema-evolution-handling-changing-data-structures.json in the backup,"Schema Evolution: Handling Changing Data Structures — A practical, example-led guide you can apply right away.",110,,Schema Evolution: Handling Changing Data Structures,51,"Schema Evolution: Handling Changing Data Structures — A practical, example-led guide you can apply right away. Explained by GloryTecks Data Engineering mentors in Hyderabad.",173,Schema Evolution: Handling Changing Data Structures,"Schema Evolution: Handling Changing Data Structures — A practical, example-led guide you can apply right away. Explained by GloryTecks Data Engineering mentors in Hyderabad.",,,/blog/schema-evolution-handling-changing-data-structures (set by the page template),false,data engineering; schema; evolution; handling; changing,data engineering; schema; evolution; handling; changing,0,,0,,4,10 min,false,false,false,,not available: no views column in the CMS and no Search Console export,analyzed
c3aaee5f-a913-48c6-b7d9-2eb93abeae6d,secrets-management-for-ml-pipelines,/blog/secrets-management-for-ml-pipelines,Secrets Management for ML Pipelines,published,mlops,MLOps,guide,Ravi Kumar,ravi-kumar,4fa1201f-a7aa-4e99-9cc2-b037e972a216,2025-11-02,2025-11-02T00:00:00+00:00,2025-11-02,2026-09-18T14:37:07.161579+00:00,2026-09-18T14:37:07.161579+00:00,667,26,41e6532b5e0daf7885605fc409bc9b1ec66fb279022216a281d69f55ef89c8d7,posts/secrets-management-for-ml-pipelines.json in the backup,"Secrets Management for ML Pipelines — A practical, example-led guide you can apply right away.",94,,Secrets Management for ML Pipelines,35,"Secrets Management for ML Pipelines — A practical, example-led guide you can apply right away. Explained by GloryTecks MLOps mentors in Hyderabad.",146,Secrets Management for ML Pipelines,"Secrets Management for ML Pipelines — A practical, example-led guide you can apply right away. Explained by GloryTecks MLOps mentors in Hyderabad.",,,/blog/secrets-management-for-ml-pipelines (set by the page template),false,mlops; secrets; management; pipelines,mlops; secrets; management; pipelines,0,,0,,4,10 min,false,false,false,,not available: no views column in the CMS and no Search Console export,analyzed
498b7c41-3740-4cbb-88a4-b7104ec34843,securing-azure-data-factory-managed-identities,/blog/securing-azure-data-factory-managed-identities,Securing Azure Data Factory: Managed Identities,published,azure-data-factory,Azure Data Factory,guide,Sneha Reddy,sneha-reddy,682d13de-46d8-47b4-914e-58e25b899413,2025-12-01,2025-12-01T00:00:00+00:00,2025-12-01,2026-09-18T14:37:07.161579+00:00,2026-09-18T14:37:07.161579+00:00,703,26,081da27086e5ab7af6e15d3aa1998d028f402d1d89a566a230cf2d9c576eda89,posts/securing-azure-data-factory-managed-identities.json in the backup,"Securing Azure Data Factory: Managed Identities — A practical, example-led guide you can apply right away.",106,,Securing Azure Data Factory: Managed Identities,47,"Securing Azure Data Factory: Managed Identities — A practical, example-led guide you can apply right away. Explained by GloryTecks Azure Data Factory mentors in Hyderabad.",171,Securing Azure Data Factory: Managed Identities,"Securing Azure Data Factory: Managed Identities — A practical, example-led guide you can apply right away. Explained by GloryTecks Azure Data Factory mentors in Hyderabad.",,,/blog/securing-azure-data-factory-managed-identities (set by the page template),false,azure data factory; securing; azure; data; factory,azure data factory; securing; azure; data; factory,0,,0,,4,10 min,false,false,true,,not available: no views column in the CMS and no Search Console export,analyzed
4678f12a-51c7-4309-85b9-e00fcb1eea94,securing-data-on-aws-encryption-and-kms,/blog/securing-data-on-aws-encryption-and-kms,Securing Data on AWS: Encryption and KMS,published,aws,AWS,guide,GloryTecks Team,glorytecks-team,3bbe4550-883d-4859-8188-29c88e22563e,2025-11-24,2025-11-24T00:00:00+00:00,2025-12-09,2026-09-18T14:37:07.161579+00:00,2026-09-18T14:37:07.161579+00:00,681,26,f7f068c315899eeb64ae7b154fe7766426b9332d9089bb31e33b13fb699eeb03,posts/securing-data-on-aws-encryption-and-kms.json in the backup,"Securing Data on AWS: Encryption and KMS — A practical, example-led guide you can apply right away.",99,,Securing Data on AWS: Encryption and KMS,40,"Securing Data on AWS: Encryption and KMS — A practical, example-led guide you can apply right away. Explained by GloryTecks AWS mentors in Hyderabad.",149,Securing Data on AWS: Encryption and KMS,"Securing Data on AWS: Encryption and KMS — A practical, example-led guide you can apply right away. Explained by GloryTecks AWS mentors in Hyderabad.",,,/blog/securing-data-on-aws-encryption-and-kms (set by the page template),false,securing; data; aws; encryption,securing; data; aws; encryption,0,,0,,4,10 min,false,false,false,,not available: no views column in the CMS and no Search Console export,analyzed
348f8714-c6f2-457b-8924-098d9764f126,securing-data-on-gcp-encryption-and-dlp,/blog/securing-data-on-gcp-encryption-and-dlp,Securing Data on GCP: Encryption and DLP,published,gcp,GCP,guide,GloryTecks Team,glorytecks-team,3bbe4550-883d-4859-8188-29c88e22563e,2025-12-31,2025-12-31T00:00:00+00:00,2025-12-31,2026-09-18T14:37:05.849802+00:00,2026-09-18T14:37:05.849802+00:00,661,26,0678098806a6e792e9184a06d360006d5b0759d2b161c035749076792ef76bc2,posts/securing-data-on-gcp-encryption-and-dlp.json in the backup,"Securing Data on GCP: Encryption and DLP — A practical, example-led guide you can apply right away.",99,,Securing Data on GCP: Encryption and DLP,40,"Securing Data on GCP: Encryption and DLP — A practical, example-led guide you can apply right away. Explained by GloryTecks GCP mentors in Hyderabad.",149,Securing Data on GCP: Encryption and DLP,"Securing Data on GCP: Encryption and DLP — A practical, example-led guide you can apply right away. Explained by GloryTecks GCP mentors in Hyderabad.",,,/blog/securing-data-on-gcp-encryption-and-dlp (set by the page template),false,securing; data; gcp; encryption,securing; data; gcp; encryption,0,,0,,4,10 min,false,false,false,,not available: no views column in the CMS and no Search Console export,analyzed
2e763d01-50de-4ff7-92a1-7c9a6ffe7ec5,self-service-analytics-empowering-business-teams,/blog/self-service-analytics-empowering-business-teams,Self-Service Analytics: Empowering Business Teams,published,data-analytics,Data Analytics,guide,GloryTecks Team,glorytecks-team,3bbe4550-883d-4859-8188-29c88e22563e,2025-11-03,2025-11-03T00:00:00+00:00,2025-11-20,2026-09-18T14:37:07.161579+00:00,2026-09-18T14:37:07.161579+00:00,664,26,da1b78b5f0da023bc8630f63a9054af7cb2b7a4ea8e6885ffcadf4175454008a,posts/self-service-analytics-empowering-business-teams.json in the backup,"Self-Service Analytics: Empowering Business Teams — A practical, example-led guide you can apply right away.",108,,Self-Service Analytics: Empowering Business Teams,49,"Self-Service Analytics: Empowering Business Teams — A practical, example-led guide you can apply right away. Explained by GloryTecks Data Analytics mentors in Hyderabad.",169,Self-Service Analytics: Empowering Business Teams,"Self-Service Analytics: Empowering Business Teams — A practical, example-led guide you can apply right away. Explained by GloryTecks Data Analytics mentors in Hyderabad.",,,/blog/self-service-analytics-empowering-business-teams (set by the page template),false,data analytics; self; service; analytics; empowering,data analytics; self; service; analytics; empowering,0,,0,,4,10 min,false,false,false,,not available: no views column in the CMS and no Search Console export,analyzed
c777ccaa-54e0-4b68-9360-3d8cc77ba425,semantic-search-vs-keyword-search-what-changed-with-ai,/blog/semantic-search-vs-keyword-search-what-changed-with-ai,Semantic Search vs Keyword Search: What Changed with AI,published,generative-ai,Generative AI,comparison,Ravi Kumar,ravi-kumar,4fa1201f-a7aa-4e99-9cc2-b037e972a216,2026-02-02,2026-02-02T00:00:00+00:00,2026-02-02,2026-09-18T14:37:03.893983+00:00,2026-09-18T14:37:03.893983+00:00,488,17,aaeaed221ac0d400e65362a2d4d1e73f73f74088423ce73c41ab84d9fe17c5fe,posts/semantic-search-vs-keyword-search-what-changed-with-ai.json in the backup,"Semantic Search vs Keyword Search: What Changed with AI — A clear, practical comparison to help you decide.",107,,Semantic Search vs Keyword Search: What Changed with AI,55,"Semantic Search vs Keyword Search: What Changed with AI — A clear, practical comparison to help you decide. Explained by GloryTecks Generative AI mentors in Hyderabad.",167,Semantic Search vs Keyword Search: What Changed with AI,"Semantic Search vs Keyword Search: What Changed with AI — A clear, practical comparison to help you decide. Explained by GloryTecks Generative AI mentors in Hyderabad.",,,/blog/semantic-search-vs-keyword-search-what-changed-with-ai (set by the page template),false,generative ai; semantic; search; keyword; changed,generative ai; semantic; search; keyword; changed,0,,0,,4,7 min,false,false,false,,not available: no views column in the CMS and no Search Console export,analyzed
65f035b7-4947-42ec-94a0-c5d21a9e2aaa,service-accounts-and-workload-identity-on-gcp,/blog/service-accounts-and-workload-identity-on-gcp,Service Accounts and Workload Identity on GCP,published,gcp,GCP,guide,Sneha Reddy,sneha-reddy,682d13de-46d8-47b4-914e-58e25b899413,2025-09-08,2025-09-08T00:00:00+00:00,2025-09-08,2026-09-18T14:37:08.808906+00:00,2026-09-18T14:37:08.808906+00:00,667,26,bc4cb9f21866962da310654875ebe8cd6e412a38321e9af12f4dccbfbbd6f140,posts/service-accounts-and-workload-identity-on-gcp.json in the backup,"Service Accounts and Workload Identity on GCP — A practical, example-led guide you can apply right away.",104,,Service Accounts and Workload Identity on GCP,45,"Service Accounts and Workload Identity on GCP — A practical, example-led guide you can apply right away. Explained by GloryTecks GCP mentors in Hyderabad.",154,Service Accounts and Workload Identity on GCP,"Service Accounts and Workload Identity on GCP — A practical, example-led guide you can apply right away. Explained by GloryTecks GCP mentors in Hyderabad.",,,/blog/service-accounts-and-workload-identity-on-gcp (set by the page template),false,gcp; service; accounts; workload; identity,gcp; service; accounts; workload; identity,0,,0,,4,10 min,false,false,false,,not available: no views column in the CMS and no Search Console export,analyzed
ec46fc26-f6d8-4ac2-a751-05b4d12b4700,serving-ml-models-with-fastapi-and-docker,/blog/serving-ml-models-with-fastapi-and-docker,Serving ML Models with FastAPI and Docker,published,mlops,MLOps,guide,Ravi Kumar,ravi-kumar,4fa1201f-a7aa-4e99-9cc2-b037e972a216,2026-04-07,2026-04-07T00:00:00+00:00,2026-04-07,2026-09-18T14:37:01.989257+00:00,2026-09-18T14:37:01.989257+00:00,673,26,78d37a444ca06c8864e3eac17abd1ad404b0058798aee4f275d004e3bfd1ef7b,posts/serving-ml-models-with-fastapi-and-docker.json in the backup,"Serving ML Models with FastAPI and Docker — A practical, example-led guide you can apply right away.",100,,Serving ML Models with FastAPI and Docker,41,"Serving ML Models with FastAPI and Docker — A practical, example-led guide you can apply right away. Explained by GloryTecks MLOps mentors in Hyderabad.",152,Serving ML Models with FastAPI and Docker,"Serving ML Models with FastAPI and Docker — A practical, example-led guide you can apply right away. Explained by GloryTecks MLOps mentors in Hyderabad.",,,/blog/serving-ml-models-with-fastapi-and-docker (set by the page template),false,mlops; serving; models; fastapi; docker,mlops; serving; models; fastapi; docker,0,,0,,4,10 min,false,false,false,,not available: no views column in the CMS and no Search Console export,analyzed
7a4942a0-20d5-4b1d-9a20-e55fd133ece9,shadow-deployment-and-canary-releases-for-ml,/blog/shadow-deployment-and-canary-releases-for-ml,Shadow Deployment and Canary Releases for ML,published,mlops,MLOps,guide,Sneha Reddy,sneha-reddy,682d13de-46d8-47b4-914e-58e25b899413,2026-01-19,2026-01-19T00:00:00+00:00,2026-01-19,2026-09-18T14:37:05.849802+00:00,2026-09-18T14:37:05.849802+00:00,673,26,a54342afb01f8d8dd3706b4721b7ced354f98c20458bc063e73afa41402dbaf1,posts/shadow-deployment-and-canary-releases-for-ml.json in the backup,"Shadow Deployment and Canary Releases for ML — A practical, example-led guide you can apply right away.",103,,Shadow Deployment and Canary Releases for ML,44,"Shadow Deployment and Canary Releases for ML — A practical, example-led guide you can apply right away. Explained by GloryTecks MLOps mentors in Hyderabad.",155,Shadow Deployment and Canary Releases for ML,"Shadow Deployment and Canary Releases for ML — A practical, example-led guide you can apply right away. Explained by GloryTecks MLOps mentors in Hyderabad.",,,/blog/shadow-deployment-and-canary-releases-for-ml (set by the page template),false,mlops; shadow; deployment; canary; releases,mlops; shadow; deployment; canary; releases,0,,0,,4,10 min,false,false,false,,not available: no views column in the CMS and no Search Console export,analyzed
f723a52c-d4b9-4c74-8f96-4ba74c0070d6,slowly-changing-dimensions-in-adf-data-flows,/blog/slowly-changing-dimensions-in-adf-data-flows,Slowly Changing Dimensions in ADF Data Flows,published,azure-data-factory,Azure Data Factory,guide,Sneha Reddy,sneha-reddy,682d13de-46d8-47b4-914e-58e25b899413,2026-01-06,2026-01-06T00:00:00+00:00,2026-01-06,2026-09-18T14:37:05.849802+00:00,2026-09-18T14:37:05.849802+00:00,710,26,e36648378d49cf15f31efc719413da3c8c3a5d3278e0d6e5ce887f96335f302d,posts/slowly-changing-dimensions-in-adf-data-flows.json in the backup,"Slowly Changing Dimensions in ADF Data Flows — A practical, example-led guide you can apply right away.",103,,Slowly Changing Dimensions in ADF Data Flows,44,"Slowly Changing Dimensions in ADF Data Flows — A practical, example-led guide you can apply right away. Explained by GloryTecks Azure Data Factory mentors in Hyderabad.",168,Slowly Changing Dimensions in ADF Data Flows,"Slowly Changing Dimensions in ADF Data Flows — A practical, example-led guide you can apply right away. Explained by GloryTecks Azure Data Factory mentors in Hyderabad.",,,/blog/slowly-changing-dimensions-in-adf-data-flows (set by the page template),false,azure data factory; slowly; changing; dimensions; adf,azure data factory; slowly; changing; dimensions; adf,0,,0,,4,10 min,false,false,false,,not available: no views column in the CMS and no Search Console export,analyzed
6e3bb926-8c77-4478-920e-a235cf7e0a3d,slowly-changing-dimensions-scd-types-explained,/blog/slowly-changing-dimensions-scd-types-explained,Slowly Changing Dimensions (SCD) Types Explained,published,data-engineering,Data Engineering,guide,Sneha Reddy,sneha-reddy,682d13de-46d8-47b4-914e-58e25b899413,2026-02-24,2026-02-24T00:00:00+00:00,2026-03-28,2026-09-18T14:37:03.893983+00:00,2026-09-18T14:37:03.893983+00:00,679,26,0851be40c7b92ca910cf1ffdf86244d50ced1359221f6b7c592aa18f4c99d327,posts/slowly-changing-dimensions-scd-types-explained.json in the backup,"Slowly Changing Dimensions (SCD) Types Explained — A practical, example-led guide you can apply right away.",107,,Slowly Changing Dimensions (SCD) Types Explained,48,"Slowly Changing Dimensions (SCD) Types Explained — A practical, example-led guide you can apply right away. Explained by GloryTecks Data Engineering mentors in Hyderabad.",170,Slowly Changing Dimensions (SCD) Types Explained,"Slowly Changing Dimensions (SCD) Types Explained — A practical, example-led guide you can apply right away. Explained by GloryTecks Data Engineering mentors in Hyderabad.",,,/blog/slowly-changing-dimensions-scd-types-explained (set by the page template),false,data engineering; slowly; changing; dimensions; scd,data engineering; slowly; changing; dimensions; scd,0,,0,,4,10 min,false,false,false,,not available: no views column in the CMS and no Search Console export,analyzed
5467e7b0-3db3-463a-8fa8-b7fe5b3565c7,snowflake-explained-the-cloud-data-warehouse,/blog/snowflake-explained-the-cloud-data-warehouse,Snowflake Explained: The Cloud Data Warehouse,published,data-engineering,Data Engineering,guide,Sneha Reddy,sneha-reddy,682d13de-46d8-47b4-914e-58e25b899413,2026-04-13,2026-04-13T00:00:00+00:00,2026-04-29,2026-09-18T14:37:01.989257+00:00,2026-09-18T14:37:01.989257+00:00,671,26,ed1dd957b65fadafc304558e2f376b85903fbbeb8cab6e8b75ce7adb44d27870,posts/snowflake-explained-the-cloud-data-warehouse.json in the backup,"Snowflake Explained: The Cloud Data Warehouse — A practical, example-led guide you can apply right away.",104,,Snowflake Explained: The Cloud Data Warehouse,45,"Snowflake Explained: The Cloud Data Warehouse — A practical, example-led guide you can apply right away. Explained by GloryTecks Data Engineering mentors in Hyderabad.",167,Snowflake Explained: The Cloud Data Warehouse,"Snowflake Explained: The Cloud Data Warehouse — A practical, example-led guide you can apply right away. Explained by GloryTecks Data Engineering mentors in Hyderabad.",,,/blog/snowflake-explained-the-cloud-data-warehouse (set by the page template),false,data engineering; snowflake; cloud; data; warehouse,data engineering; snowflake; cloud; data; warehouse,0,,0,,4,10 min,false,false,true,,not available: no views column in the CMS and no Search Console export,analyzed
e7ebd93c-043d-432b-81ed-d30b646913ac,snowflake-interview-questions-for-data-engineers,/blog/snowflake-interview-questions-for-data-engineers,Snowflake Interview Questions for Data Engineers,published,interview-questions,Interview Questions,interview,Priya Sharma,priya-sharma,2ef777f6-83c0-4249-9c0b-c4d1f2e17b89,2026-03-05,2026-03-05T00:00:00+00:00,2026-03-05,2026-09-18T14:37:03.893983+00:00,2026-09-18T14:37:03.893983+00:00,517,13,b8b4e3bcfa7569a89a49a14f7ceff5901d999dac3c73c6bd23ef582ce98867ba,posts/snowflake-interview-questions-for-data-engineers.json in the backup,"Snowflake Interview Questions for Data Engineers — The questions companies actually ask, with concise model answers.",116,,Snowflake Interview Questions for Data Engineers,48,"Snowflake Interview Questions for Data Engineers — The questions companies actually ask, with concise model answers. Explained by GloryTecks Interview Questions mentors in Hyderabad.",182,Snowflake Interview Questions for Data Engineers,"Snowflake Interview Questions for Data Engineers — The questions companies actually ask, with concise model answers. Explained by GloryTecks Interview Questions mentors in Hyderabad.",,,/blog/snowflake-interview-questions-for-data-engineers (set by the page template),false,interview questions; snowflake; interview; questions; data,interview questions; snowflake; interview; questions; data,0,,0,,9,16 min,false,false,true,,not available: no views column in the CMS and no Search Console export,analyzed
d7690432-053e-4d13-a095-57b20926aed1,soft-skills-that-make-data-professionals-stand-out,/blog/soft-skills-that-make-data-professionals-stand-out,Soft Skills That Make Data Professionals Stand Out,published,career-guidance,Career Guidance,guide,Priya Sharma,priya-sharma,2ef777f6-83c0-4249-9c0b-c4d1f2e17b89,2026-01-05,2026-01-05T00:00:00+00:00,2026-01-05,2026-09-18T14:37:05.849802+00:00,2026-09-18T14:37:05.849802+00:00,648,24,785c18efeac37fa994b52abc1e9b4d21e26e73ed2669fb862a4147540f72174e,posts/soft-skills-that-make-data-professionals-stand-out.json in the backup,"Soft Skills That Make Data Professionals Stand Out — A practical, example-led guide you can apply right away.",109,,Soft Skills That Make Data Professionals Stand Out,50,"Soft Skills That Make Data Professionals Stand Out — A practical, example-led guide you can apply right away. Explained by GloryTecks Career Guidance mentors in Hyderabad.",171,Soft Skills That Make Data Professionals Stand Out,"Soft Skills That Make Data Professionals Stand Out — A practical, example-led guide you can apply right away. Explained by GloryTecks Career Guidance mentors in Hyderabad.",,,/blog/soft-skills-that-make-data-professionals-stand-out (set by the page template),false,career guidance; soft; skills; make; data,career guidance; soft; skills; make; data,0,,0,,4,10 min,false,false,true,,not available: no views column in the CMS and no Search Console export,analyzed
1bc64f43-9695-45a0-8f10-ec5565d163a2,spark-performance-interview-questions,/blog/spark-performance-interview-questions,Spark Performance Interview Questions,published,interview-questions,Interview Questions,interview,Ravi Kumar,ravi-kumar,4fa1201f-a7aa-4e99-9cc2-b037e972a216,2025-09-24,2025-09-24T00:00:00+00:00,2025-09-24,2026-09-18T14:37:08.808906+00:00,2026-09-18T14:37:08.808906+00:00,513,13,200857bce6421bfbba19c90624b2e2e1c978599436e4e6888ba1d4e133be6a37,posts/spark-performance-interview-questions.json in the backup,"Spark Performance Interview Questions — The questions companies actually ask, with concise model answers.",105,,Spark Performance Interview Questions,37,"Spark Performance Interview Questions — The questions companies actually ask, with concise model answers. Explained by GloryTecks Interview Questions mentors in Hyderabad.",171,Spark Performance Interview Questions,"Spark Performance Interview Questions — The questions companies actually ask, with concise model answers. Explained by GloryTecks Interview Questions mentors in Hyderabad.",,,/blog/spark-performance-interview-questions (set by the page template),false,interview questions; spark; performance; interview; questions,interview questions; spark; performance; interview; questions,0,,0,,9,16 min,false,false,false,,not available: no views column in the CMS and no Search Console export,analyzed
ae52065a-5346-47db-83bf-08c044606f55,spark-performance-tuning-shuffles-joins-and-caching,/blog/spark-performance-tuning-shuffles-joins-and-caching,"Spark Performance Tuning: Shuffles, Joins and Caching",published,data-engineering,Data Engineering,guide,Sneha Reddy,sneha-reddy,682d13de-46d8-47b4-914e-58e25b899413,2025-12-26,2025-12-26T00:00:00+00:00,2026-01-27,2026-09-18T14:37:05.849802+00:00,2026-09-18T14:37:05.849802+00:00,674,26,bb468b04c0073242a6235732ddf1c8a87d856d5aadb59ad5ed2b0a2f98d1f4eb,posts/spark-performance-tuning-shuffles-joins-and-caching.json in the backup,"Spark Performance Tuning: Shuffles, Joins and Caching — A practical, example-led guide you can apply right away.",112,,"Spark Performance Tuning: Shuffles, Joins and Caching",53,"Spark Performance Tuning: Shuffles, Joins and Caching — A practical, example-led guide you can apply right away. Explained by GloryTecks Data Engineering mentors in Hyderabad.",175,"Spark Performance Tuning: Shuffles, Joins and Caching","Spark Performance Tuning: Shuffles, Joins and Caching — A practical, example-led guide you can apply right away. Explained by GloryTecks Data Engineering mentors in Hyderabad.",,,/blog/spark-performance-tuning-shuffles-joins-and-caching (set by the page template),false,data engineering; spark; performance; tuning; shuffles,data engineering; spark; performance; tuning; shuffles,0,,0,,4,10 min,false,false,false,,not available: no views column in the CMS and no Search Console export,analyzed
22dc0ab8-b604-40ad-9e5e-ff4fb7bfdb84,spark-vs-hadoop-what-changed-and-why,/blog/spark-vs-hadoop-what-changed-and-why,Spark vs Hadoop: What Changed and Why,published,data-engineering,Data Engineering,comparison,Sneha Reddy,sneha-reddy,682d13de-46d8-47b4-914e-58e25b899413,2026-03-08,2026-03-08T00:00:00+00:00,2026-04-25,2026-09-18T14:37:03.893983+00:00,2026-09-18T14:37:03.893983+00:00,474,17,bc55c170ad1ca12f199f17913e64471042c1a00d1a4d697d21caf96ca961945b,posts/spark-vs-hadoop-what-changed-and-why.json in the backup,"Spark vs Hadoop: What Changed and Why — A clear, practical comparison to help you decide.",89,,Spark vs Hadoop: What Changed and Why,37,"Spark vs Hadoop: What Changed and Why — A clear, practical comparison to help you decide. Explained by GloryTecks Data Engineering mentors in Hyderabad.",152,Spark vs Hadoop: What Changed and Why,"Spark vs Hadoop: What Changed and Why — A clear, practical comparison to help you decide. Explained by GloryTecks Data Engineering mentors in Hyderabad.",,,/blog/spark-vs-hadoop-what-changed-and-why (set by the page template),false,data engineering; spark; hadoop; changed; why,data engineering; spark; hadoop; changed; why,0,,0,,4,7 min,false,false,false,,not available: no views column in the CMS and no Search Console export,analyzed
e3689580-16df-46ba-91f5-4bb6fdf25da5,speech-to-text-and-text-to-speech-with-modern-ai,/blog/speech-to-text-and-text-to-speech-with-modern-ai,Speech-to-Text and Text-to-Speech with Modern AI,published,generative-ai,Generative AI,guide,GloryTecks Team,glorytecks-team,3bbe4550-883d-4859-8188-29c88e22563e,2025-09-29,2025-09-29T00:00:00+00:00,2025-09-29,2026-09-18T14:37:08.808906+00:00,2026-09-18T14:37:08.808906+00:00,694,26,96fc4ff310494df284de6e7390811c4e062302a0a4864c6b0f8d74b3ccbe6f55,posts/speech-to-text-and-text-to-speech-with-modern-ai.json in the backup,"Speech-to-Text and Text-to-Speech with Modern AI — A practical, example-led guide you can apply right away.",107,,Speech-to-Text and Text-to-Speech with Modern AI,48,"Speech-to-Text and Text-to-Speech with Modern AI — A practical, example-led guide you can apply right away. Explained by GloryTecks Generative AI mentors in Hyderabad.",167,Speech-to-Text and Text-to-Speech with Modern AI,"Speech-to-Text and Text-to-Speech with Modern AI — A practical, example-led guide you can apply right away. Explained by GloryTecks Generative AI mentors in Hyderabad.",,,/blog/speech-to-text-and-text-to-speech-with-modern-ai (set by the page template),false,generative ai; speech; text; modern,generative ai; speech; text; modern,0,,0,,4,10 min,false,false,false,,not available: no views column in the CMS and no Search Console export,analyzed
8b5c40d8-c7d1-40e0-ae62-9f7702e89aee,spreadsheet-to-insight-a-repeatable-analysis-workflow,/blog/spreadsheet-to-insight-a-repeatable-analysis-workflow,Spreadsheet to Insight: A Repeatable Analysis Workflow,published,data-analytics,Data Analytics,guide,GloryTecks Team,glorytecks-team,3bbe4550-883d-4859-8188-29c88e22563e,2025-09-04,2025-09-04T00:00:00+00:00,2025-09-21,2026-09-18T14:37:08.808906+00:00,2026-09-18T14:37:08.808906+00:00,668,26,7e0c5c8beb73cef0e37bf02d0d3d094ec64f290831d24daa73f24d0fef53b580,posts/spreadsheet-to-insight-a-repeatable-analysis-workflow.json in the backup,"Spreadsheet to Insight: A Repeatable Analysis Workflow — A practical, example-led guide you can apply right away.",113,,Spreadsheet to Insight: A Repeatable Analysis Workflow,54,"Spreadsheet to Insight: A Repeatable Analysis Workflow — A practical, example-led guide you can apply right away. Explained by GloryTecks Data Analytics mentors in Hyderabad.",174,Spreadsheet to Insight: A Repeatable Analysis Workflow,"Spreadsheet to Insight: A Repeatable Analysis Workflow — A practical, example-led guide you can apply right away. Explained by GloryTecks Data Analytics mentors in Hyderabad.",,,/blog/spreadsheet-to-insight-a-repeatable-analysis-workflow (set by the page template),false,data analytics; spreadsheet; insight; repeatable; analysis,data analytics; spreadsheet; insight; repeatable; analysis,0,,0,,4,10 min,false,false,true,,not available: no views column in the CMS and no Search Console export,analyzed
0581ad5a-b57a-463d-8c46-0ab6cbe1f516,sql-for-data-analysts-the-queries-you-need-daily,/blog/sql-for-data-analysts-the-queries-you-need-daily,SQL for Data Analysts: The Queries You Need Daily,published,data-analytics,Data Analytics,guide,GloryTecks Team,glorytecks-team,3bbe4550-883d-4859-8188-29c88e22563e,2026-05-02,2026-05-02T00:00:00+00:00,2026-05-19,2026-09-18T14:37:01.989257+00:00,2026-09-18T14:37:01.989257+00:00,672,26,9fac3870e094f215fe0c17223afec67e280c410998105fbbfb90ab766e772488,posts/sql-for-data-analysts-the-queries-you-need-daily.json in the backup,"SQL for Data Analysts: The Queries You Need Daily — A practical, example-led guide you can apply right away.",108,,SQL for Data Analysts: The Queries You Need Daily,49,"SQL for Data Analysts: The Queries You Need Daily — A practical, example-led guide you can apply right away. Explained by GloryTecks Data Analytics mentors in Hyderabad.",169,SQL for Data Analysts: The Queries You Need Daily,"SQL for Data Analysts: The Queries You Need Daily — A practical, example-led guide you can apply right away. Explained by GloryTecks Data Analytics mentors in Hyderabad.",,,/blog/sql-for-data-analysts-the-queries-you-need-daily (set by the page template),false,data analytics; sql; data; analysts; queries,data analytics; sql; data; analysts; queries,0,,0,,4,10 min,false,false,false,,not available: no views column in the CMS and no Search Console export,analyzed
332063e1-f1d8-4a26-9b57-d7528115da52,sql-for-data-science-queries-every-data-scientist-must-know,/blog/sql-for-data-science-queries-every-data-scientist-must-know,SQL for Data Science: Queries Every Data Scientist Must Know,published,data-science,Data Science,guide,GloryTecks Team,glorytecks-team,3bbe4550-883d-4859-8188-29c88e22563e,2026-04-22,2026-04-22T00:00:00+00:00,2026-05-30,2026-09-18T14:37:01.989257+00:00,2026-09-18T14:37:01.989257+00:00,679,26,2a8db3f058ac908ed96dab563cc62c28ac424b091c5cebc60033be7606b083fa,posts/sql-for-data-science-queries-every-data-scientist-must-know.json in the backup,"SQL for Data Science: Queries Every Data Scientist Must Know — A practical, example-led guide you can apply right away.",119,,SQL for Data Science: Queries Every Data Scientist Must Know,60,"SQL for Data Science: Queries Every Data Scientist Must Know — A practical, example-led guide you can apply right away. Explained by GloryTecks Data Science mentors in Hyderabad.",178,SQL for Data Science: Queries Every Data Scientist Must Know,"SQL for Data Science: Queries Every Data Scientist Must Know — A practical, example-led guide you can apply right away. Explained by GloryTecks Data Science mentors in Hyderabad.",,,/blog/sql-for-data-science-queries-every-data-scientist-must-know (set by the page template),false,data science; sql; data; science; queries,data science; sql; data; science; queries,0,,0,,4,10 min,false,false,false,,not available: no views column in the CMS and no Search Console export,analyzed
7b6eac4b-442b-49d6-b36a-e9b17a16fc59,sql-interview-questions-top-50-with-answers,/blog/sql-interview-questions-top-50-with-answers,SQL Interview Questions: Top 50 with Answers,published,interview-questions,Interview Questions,interview,Priya Sharma,priya-sharma,2ef777f6-83c0-4249-9c0b-c4d1f2e17b89,2026-06-09,2026-06-09T00:00:00+00:00,2026-06-09,2026-09-18T14:07:19.845153+00:00,2026-09-18T14:07:19.845153+00:00,515,13,dae26cc50592d8997656a9ed26480cf73ffceae7a9f81759d7da458967f85270,posts/sql-interview-questions-top-50-with-answers.json in the backup,"SQL Interview Questions: Top 50 with Answers — The questions companies actually ask, with concise model answers.",112,,SQL Interview Questions: Top 50 with Answers,44,"SQL Interview Questions: Top 50 with Answers — The questions companies actually ask, with concise model answers. Explained by GloryTecks Interview Questions mentors in Hyderabad.",178,SQL Interview Questions: Top 50 with Answers,"SQL Interview Questions: Top 50 with Answers — The questions companies actually ask, with concise model answers. Explained by GloryTecks Interview Questions mentors in Hyderabad.",,,/blog/sql-interview-questions-top-50-with-answers (set by the page template),false,interview questions; sql; interview; questions; answers,interview questions; sql; interview; questions; answers,0,,0,,9,16 min,true,false,false,,not available: no views column in the CMS and no Search Console export,needs_review
aac6475a-e773-439f-9b1c-bee32b550604,sql-joins-interview-questions-explained,/blog/sql-joins-interview-questions-explained,SQL Joins Interview Questions Explained,published,interview-questions,Interview Questions,interview,Priya Sharma,priya-sharma,2ef777f6-83c0-4249-9c0b-c4d1f2e17b89,2026-04-10,2026-04-10T00:00:00+00:00,2026-04-10,2026-09-18T14:37:01.989257+00:00,2026-09-18T14:37:01.989257+00:00,515,13,b85172275c12ebb72a731052d96055e6567cb2071c02ed803b293dca501cd81a,posts/sql-joins-interview-questions-explained.json in the backup,"SQL Joins Interview Questions Explained — The questions companies actually ask, with concise model answers.",107,,SQL Joins Interview Questions Explained,39,"SQL Joins Interview Questions Explained — The questions companies actually ask, with concise model answers. Explained by GloryTecks Interview Questions mentors in Hyderabad.",173,SQL Joins Interview Questions Explained,"SQL Joins Interview Questions Explained — The questions companies actually ask, with concise model answers. Explained by GloryTecks Interview Questions mentors in Hyderabad.",,,/blog/sql-joins-interview-questions-explained (set by the page template),false,interview questions; sql; joins; interview; questions,interview questions; sql; joins; interview; questions,0,,0,,9,16 min,false,false,false,,not available: no views column in the CMS and no Search Console export,analyzed
bdec5416-d332-4027-8859-0a0af5b167e1,sql-optimization-for-data-engineers,/blog/sql-optimization-for-data-engineers,SQL Optimization for Data Engineers,published,data-engineering,Data Engineering,guide,GloryTecks Team,glorytecks-team,3bbe4550-883d-4859-8188-29c88e22563e,2025-11-14,2025-11-14T00:00:00+00:00,2025-12-20,2026-09-18T14:37:07.161579+00:00,2026-09-18T14:37:07.161579+00:00,676,26,d2c6e2e08700d54e6575a06a95e2b6b2ad957754e6cd7e4e5d0aeec03fda5843,posts/sql-optimization-for-data-engineers.json in the backup,"SQL Optimization for Data Engineers — A practical, example-led guide you can apply right away.",94,,SQL Optimization for Data Engineers,35,"SQL Optimization for Data Engineers — A practical, example-led guide you can apply right away. Explained by GloryTecks Data Engineering mentors in Hyderabad.",157,SQL Optimization for Data Engineers,"SQL Optimization for Data Engineers — A practical, example-led guide you can apply right away. Explained by GloryTecks Data Engineering mentors in Hyderabad.",,,/blog/sql-optimization-for-data-engineers (set by the page template),false,data engineering; sql; optimization; data; engineers,data engineering; sql; optimization; data; engineers,0,,0,,4,10 min,false,false,false,,not available: no views column in the CMS and no Search Console export,analyzed
f6b8ce40-2762-4f88-9812-fa523dcad34c,sql-query-optimization-interview-questions,/blog/sql-query-optimization-interview-questions,SQL Query Optimization Interview Questions,published,interview-questions,Interview Questions,interview,Ravi Kumar,ravi-kumar,4fa1201f-a7aa-4e99-9cc2-b037e972a216,2025-12-29,2025-12-29T00:00:00+00:00,2025-12-29,2026-09-18T14:37:05.849802+00:00,2026-09-18T14:37:05.849802+00:00,515,13,2a9028daddef4c8ab6cf5f371a8aafcade3733db157dfbec4d9294c46825d6b3,posts/sql-query-optimization-interview-questions.json in the backup,"SQL Query Optimization Interview Questions — The questions companies actually ask, with concise model answers.",110,,SQL Query Optimization Interview Questions,42,"SQL Query Optimization Interview Questions — The questions companies actually ask, with concise model answers. Explained by GloryTecks Interview Questions mentors in Hyderabad.",176,SQL Query Optimization Interview Questions,"SQL Query Optimization Interview Questions — The questions companies actually ask, with concise model answers. Explained by GloryTecks Interview Questions mentors in Hyderabad.",,,/blog/sql-query-optimization-interview-questions (set by the page template),false,interview questions; sql; query; optimization; interview,interview questions; sql; query; optimization; interview,0,,0,,9,16 min,false,false,false,,not available: no views column in the CMS and no Search Console export,analyzed
6921bdfe-e4f5-4b60-a1fb-a9ec2a75cb51,sqlalchemy-tutorial-databases-in-python,/blog/sqlalchemy-tutorial-databases-in-python,SQLAlchemy Tutorial: Databases in Python,published,python,Python,guide,Ravi Kumar,ravi-kumar,4fa1201f-a7aa-4e99-9cc2-b037e972a216,2025-10-29,2025-10-29T00:00:00+00:00,2025-10-29,2026-09-18T14:37:07.161579+00:00,2026-09-18T14:37:07.161579+00:00,645,26,61c395be92ec50d87f0d907db9936e30a546ae95b8c301bce2c0e6871ebe8908,posts/sqlalchemy-tutorial-databases-in-python.json in the backup,"SQLAlchemy Tutorial: Databases in Python — A practical, example-led guide you can apply right away.",99,,SQLAlchemy Tutorial: Databases in Python,40,"SQLAlchemy Tutorial: Databases in Python — A practical, example-led guide you can apply right away. Explained by GloryTecks Python mentors in Hyderabad.",152,SQLAlchemy Tutorial: Databases in Python,"SQLAlchemy Tutorial: Databases in Python — A practical, example-led guide you can apply right away. Explained by GloryTecks Python mentors in Hyderabad.",,,/blog/sqlalchemy-tutorial-databases-in-python (set by the page template),false,sqlalchemy; tutorial; databases; python,sqlalchemy; tutorial; databases; python,0,,0,,4,10 min,false,false,false,,not available: no views column in the CMS and no Search Console export,analyzed
dcf588d8-092a-431d-b93b-eefde93234ed,star-schema-vs-snowflake-schema-in-power-bi,/blog/star-schema-vs-snowflake-schema-in-power-bi,Star Schema vs Snowflake Schema in Power BI,published,power-bi,Power BI,comparison,GloryTecks Team,glorytecks-team,3bbe4550-883d-4859-8188-29c88e22563e,2026-01-14,2026-01-14T00:00:00+00:00,2026-01-14,2026-09-18T14:37:05.849802+00:00,2026-09-18T14:37:05.849802+00:00,492,17,7d6d30b016c42e7ca052338fd85a8f25452be562a3af83d849fb9371ec9c5c71,posts/star-schema-vs-snowflake-schema-in-power-bi.json in the backup,"Star Schema vs Snowflake Schema in Power BI — A clear, practical comparison to help you decide.",95,,Star Schema vs Snowflake Schema in Power BI,43,"Star Schema vs Snowflake Schema in Power BI — A clear, practical comparison to help you decide. Explained by GloryTecks Power BI mentors in Hyderabad.",150,Star Schema vs Snowflake Schema in Power BI,"Star Schema vs Snowflake Schema in Power BI — A clear, practical comparison to help you decide. Explained by GloryTecks Power BI mentors in Hyderabad.",,,/blog/star-schema-vs-snowflake-schema-in-power-bi (set by the page template),false,power bi; star; schema; snowflake; power,power bi; star; schema; snowflake; power,0,,0,,4,7 min,false,false,false,,not available: no views column in the CMS and no Search Console export,analyzed
17a007b7-1add-4bc0-a83d-bccdab58f616,statistical-concepts-every-data-analyst-must-know,/blog/statistical-concepts-every-data-analyst-must-know,Statistical Concepts Every Data Analyst Must Know,published,data-analytics,Data Analytics,guide,GloryTecks Team,glorytecks-team,3bbe4550-883d-4859-8188-29c88e22563e,2026-01-26,2026-01-26T00:00:00+00:00,2026-03-16,2026-09-18T14:37:03.893983+00:00,2026-09-18T14:37:03.893983+00:00,676,26,1c7f89c1bdf90a70d6c459565833f514688f9555a7adf88fcb4e060963e14b92,posts/statistical-concepts-every-data-analyst-must-know.json in the backup,"Statistical Concepts Every Data Analyst Must Know — A practical, example-led guide you can apply right away.",108,,Statistical Concepts Every Data Analyst Must Know,49,"Statistical Concepts Every Data Analyst Must Know — A practical, example-led guide you can apply right away. Explained by GloryTecks Data Analytics mentors in Hyderabad.",169,Statistical Concepts Every Data Analyst Must Know,"Statistical Concepts Every Data Analyst Must Know — A practical, example-led guide you can apply right away. Explained by GloryTecks Data Analytics mentors in Hyderabad.",,,/blog/statistical-concepts-every-data-analyst-must-know (set by the page template),false,data analytics; statistical; concepts; data; analyst,data analytics; statistical; concepts; data; analyst,0,,0,,4,10 min,false,false,false,,not available: no views column in the CMS and no Search Console export,analyzed
1fa0de07-5d61-4389-bf15-c59e53cca95e,statistics-for-data-science-the-20-you-actually-need,/blog/statistics-for-data-science-the-20-you-actually-need,Statistics for Data Science: The 20% You Actually Need,published,data-science,Data Science,guide,Ravi Kumar,ravi-kumar,4fa1201f-a7aa-4e99-9cc2-b037e972a216,2026-04-28,2026-04-28T00:00:00+00:00,2026-05-24,2026-09-18T14:37:01.989257+00:00,2026-09-18T14:37:01.989257+00:00,678,26,3f56038bbf54dfd3809aa898da5dba93f0b58aca61ae1964e8ab64c96ed3c2d7,posts/statistics-for-data-science-the-20-you-actually-need.json in the backup,"Statistics for Data Science: The 20% You Actually Need — A practical, example-led guide you can apply right away.",113,,Statistics for Data Science: The 20% You Actually Need,54,"Statistics for Data Science: The 20% You Actually Need — A practical, example-led guide you can apply right away. Explained by GloryTecks Data Science mentors in Hyderabad.",172,Statistics for Data Science: The 20% You Actually Need,"Statistics for Data Science: The 20% You Actually Need — A practical, example-led guide you can apply right away. Explained by GloryTecks Data Science mentors in Hyderabad.",,,/blog/statistics-for-data-science-the-20-you-actually-need (set by the page template),false,data science; statistics; data; science; actually,data science; statistics; data; science; actually,0,,0,,4,10 min,false,false,false,,not available: no views column in the CMS and no Search Console export,analyzed
a84dfe9a-49ee-4ec0-9307-68bfcf6c4495,statistics-interview-questions-for-data-science,/blog/statistics-interview-questions-for-data-science,Statistics Interview Questions for Data Science,published,interview-questions,Interview Questions,interview,Priya Sharma,priya-sharma,2ef777f6-83c0-4249-9c0b-c4d1f2e17b89,2026-03-29,2026-03-29T00:00:00+00:00,2026-03-29,2026-09-18T14:37:01.989257+00:00,2026-09-18T14:37:01.989257+00:00,517,13,7baa065f14b16a4843b07a146c058da4132c9b9c243b23f7dad859f1f88eeaf1,posts/statistics-interview-questions-for-data-science.json in the backup,"Statistics Interview Questions for Data Science — The questions companies actually ask, with concise model answers.",115,,Statistics Interview Questions for Data Science,47,"Statistics Interview Questions for Data Science — The questions companies actually ask, with concise model answers. Explained by GloryTecks Interview Questions mentors in Hyderabad.",181,Statistics Interview Questions for Data Science,"Statistics Interview Questions for Data Science — The questions companies actually ask, with concise model answers. Explained by GloryTecks Interview Questions mentors in Hyderabad.",,,/blog/statistics-interview-questions-for-data-science (set by the page template),false,interview questions; statistics; interview; questions; data,interview questions; statistics; interview; questions; data,0,,0,,9,16 min,false,false,false,,not available: no views column in the CMS and no Search Console export,analyzed
54d19c99-686d-4dc9-80cb-417a13516335,streaming-data-into-bigquery-a-practical-guide,/blog/streaming-data-into-bigquery-a-practical-guide,Streaming Data into BigQuery: A Practical Guide,published,gcp,GCP,guide,Sneha Reddy,sneha-reddy,682d13de-46d8-47b4-914e-58e25b899413,2026-03-07,2026-03-07T00:00:00+00:00,2026-03-07,2026-09-18T14:37:03.893983+00:00,2026-09-18T14:37:03.893983+00:00,661,26,c6c8b91f9bd5cb3e0b8bd5ae68a4251b46e529a395471239c8e51780e92cea7b,posts/streaming-data-into-bigquery-a-practical-guide.json in the backup,"Streaming Data into BigQuery: A Practical Guide — A practical, example-led guide you can apply right away.",106,,Streaming Data into BigQuery: A Practical Guide,47,"Streaming Data into BigQuery: A Practical Guide — A practical, example-led guide you can apply right away. Explained by GloryTecks GCP mentors in Hyderabad.",156,Streaming Data into BigQuery: A Practical Guide,"Streaming Data into BigQuery: A Practical Guide — A practical, example-led guide you can apply right away. Explained by GloryTecks GCP mentors in Hyderabad.",,,/blog/streaming-data-into-bigquery-a-practical-guide (set by the page template),false,gcp; streaming; data; into; bigquery,gcp; streaming; data; into; bigquery,0,,0,,4,10 min,false,false,false,,not available: no views column in the CMS and no Search Console export,merge_candidate
4a2a6d6c-8d4e-4762-9a82-badcb4a5fbc6,streaming-data-with-kinesis-to-s3-and-redshift,/blog/streaming-data-with-kinesis-to-s3-and-redshift,Streaming Data with Kinesis to S3 and Redshift,published,aws,AWS,guide,Sneha Reddy,sneha-reddy,682d13de-46d8-47b4-914e-58e25b899413,2026-01-05,2026-01-05T00:00:00+00:00,2026-01-16,2026-09-18T14:37:05.849802+00:00,2026-09-18T14:37:05.849802+00:00,690,26,ca19864c748b680a1ed79f79294756373b92568e5fc8c65312ed2b4385070c36,posts/streaming-data-with-kinesis-to-s3-and-redshift.json in the backup,"Streaming Data with Kinesis to S3 and Redshift — A practical, example-led guide you can apply right away.",105,,Streaming Data with Kinesis to S3 and Redshift,46,"Streaming Data with Kinesis to S3 and Redshift — A practical, example-led guide you can apply right away. Explained by GloryTecks AWS mentors in Hyderabad.",155,Streaming Data with Kinesis to S3 and Redshift,"Streaming Data with Kinesis to S3 and Redshift — A practical, example-led guide you can apply right away. Explained by GloryTecks AWS mentors in Hyderabad.",,,/blog/streaming-data-with-kinesis-to-s3-and-redshift (set by the page template),false,aws; streaming; data; kinesis; redshift,aws; streaming; data; kinesis; redshift,0,,0,,4,10 min,false,false,false,,not available: no views column in the CMS and no Search Console export,analyzed
77b9be0e-1abc-4266-85bf-09cf7877874f,supervised-vs-unsupervised-learning-a-clear-comparison,/blog/supervised-vs-unsupervised-learning-a-clear-comparison,Supervised vs Unsupervised Learning: A Clear Comparison,published,data-science,Data Science,comparison,GloryTecks Team,glorytecks-team,3bbe4550-883d-4859-8188-29c88e22563e,2026-04-10,2026-04-10T00:00:00+00:00,2026-05-02,2026-09-18T14:37:01.989257+00:00,2026-09-18T14:37:01.989257+00:00,480,17,9fded5764e26e8f36bda370bd9175a2f4327a894965f8255776b1cac796d036a,posts/supervised-vs-unsupervised-learning-a-clear-comparison.json in the backup,"Supervised vs Unsupervised Learning: A Clear Comparison — A clear, practical comparison to help you decide.",107,,Supervised vs Unsupervised Learning: A Clear Comparison,55,"Supervised vs Unsupervised Learning: A Clear Comparison — A clear, practical comparison to help you decide. Explained by GloryTecks Data Science mentors in Hyderabad.",166,Supervised vs Unsupervised Learning: A Clear Comparison,"Supervised vs Unsupervised Learning: A Clear Comparison — A clear, practical comparison to help you decide. Explained by GloryTecks Data Science mentors in Hyderabad.",,,/blog/supervised-vs-unsupervised-learning-a-clear-comparison (set by the page template),false,data science; supervised; unsupervised; learning; clear,data science; supervised; unsupervised; learning; clear,0,,0,,4,7 min,false,false,false,,not available: no views column in the CMS and no Search Console export,analyzed
18c24a13-bca9-454e-ae35-d9792cff2e40,synthetic-data-generation-with-llms-a-practical-guide,/blog/synthetic-data-generation-with-llms-a-practical-guide,Synthetic Data Generation with LLMs: A Practical Guide,published,generative-ai,Generative AI,guide,Ravi Kumar,ravi-kumar,4fa1201f-a7aa-4e99-9cc2-b037e972a216,2025-10-05,2025-10-05T00:00:00+00:00,2025-10-05,2026-09-18T14:37:08.808906+00:00,2026-09-18T14:37:08.808906+00:00,694,26,438e5ac8e1451288626ff50999728e0b4a333bd3868fef51cc868bf6c3862c2c,posts/synthetic-data-generation-with-llms-a-practical-guide.json in the backup,"Synthetic Data Generation with LLMs: A Practical Guide — A practical, example-led guide you can apply right away.",113,,Synthetic Data Generation with LLMs: A Practical Guide,54,"Synthetic Data Generation with LLMs: A Practical Guide — A practical, example-led guide you can apply right away. Explained by GloryTecks Generative AI mentors in Hyderabad.",173,Synthetic Data Generation with LLMs: A Practical Guide,"Synthetic Data Generation with LLMs: A Practical Guide — A practical, example-led guide you can apply right away. Explained by GloryTecks Generative AI mentors in Hyderabad.",,,/blog/synthetic-data-generation-with-llms-a-practical-guide (set by the page template),false,generative ai; synthetic; data; generation; llms,generative ai; synthetic; data; generation; llms,0,,0,,4,10 min,false,false,false,,not available: no views column in the CMS and no Search Console export,analyzed
a29327d8-4825-422a-aefa-bd84284bc548,system-design-interview-questions-for-data-engineers,/blog/system-design-interview-questions-for-data-engineers,System Design Interview Questions for Data Engineers,published,interview-questions,Interview Questions,interview,Ravi Kumar,ravi-kumar,4fa1201f-a7aa-4e99-9cc2-b037e972a216,2025-09-12,2025-09-12T00:00:00+00:00,2025-09-12,2026-09-18T14:37:08.808906+00:00,2026-09-18T14:37:08.808906+00:00,519,13,49babe73079ab397fa42468ecc4d2c8f3f0559242d37619f697db26588f8aab8,posts/system-design-interview-questions-for-data-engineers.json in the backup,"System Design Interview Questions for Data Engineers — The questions companies actually ask, with concise model answers.",120,,System Design Interview Questions for Data Engineers,52,"System Design Interview Questions for Data Engineers — The questions companies actually ask, with concise model answers. Explained by GloryTecks Interview Questions mentors in Hyderabad.",186,System Design Interview Questions for Data Engineers,"System Design Interview Questions for Data Engineers — The questions companies actually ask, with concise model answers. Explained by GloryTecks Interview Questions mentors in Hyderabad.",,,/blog/system-design-interview-questions-for-data-engineers (set by the page template),false,interview questions; system; design; interview; questions,interview questions; system; design; interview; questions,0,,0,,9,16 min,false,false,false,,not available: no views column in the CMS and no Search Console export,analyzed
65382c79-0cdd-40af-bb31-09a03b6e4c0c,tableau-interview-questions-and-answers,/blog/tableau-interview-questions-and-answers,Tableau Interview Questions and Answers,published,interview-questions,Interview Questions,interview,Ravi Kumar,ravi-kumar,4fa1201f-a7aa-4e99-9cc2-b037e972a216,2025-12-17,2025-12-17T00:00:00+00:00,2025-12-17,2026-09-18T14:37:05.849802+00:00,2026-09-18T14:37:05.849802+00:00,515,13,2358f79c20f5ddeaa36d76ce7aebe93633cd7719bd5d504c6ab5b633d28b7114,posts/tableau-interview-questions-and-answers.json in the backup,"Tableau Interview Questions and Answers — The questions companies actually ask, with concise model answers.",107,,Tableau Interview Questions and Answers,39,"Tableau Interview Questions and Answers — The questions companies actually ask, with concise model answers. Explained by GloryTecks Interview Questions mentors in Hyderabad.",173,Tableau Interview Questions and Answers,"Tableau Interview Questions and Answers — The questions companies actually ask, with concise model answers. Explained by GloryTecks Interview Questions mentors in Hyderabad.",,,/blog/tableau-interview-questions-and-answers (set by the page template),false,interview questions; tableau; interview; questions; answers,interview questions; tableau; interview; questions; answers,0,,0,,9,16 min,false,false,false,,not available: no views column in the CMS and no Search Console export,analyzed
5068ffb2-f3cb-4288-aefc-106225bfe6f0,testing-machine-learning-code-and-data,/blog/testing-machine-learning-code-and-data,Testing Machine Learning Code and Data,published,mlops,MLOps,guide,Sneha Reddy,sneha-reddy,682d13de-46d8-47b4-914e-58e25b899413,2025-10-27,2025-10-27T00:00:00+00:00,2025-10-27,2026-09-18T14:37:07.161579+00:00,2026-09-18T14:37:07.161579+00:00,670,26,aaf25917d599d1f4f9d9aa8882513d97a7450ee4fd09a0db1db5b3ca1af8115d,posts/testing-machine-learning-code-and-data.json in the backup,"Testing Machine Learning Code and Data — A practical, example-led guide you can apply right away.",97,,Testing Machine Learning Code and Data,38,"Testing Machine Learning Code and Data — A practical, example-led guide you can apply right away. Explained by GloryTecks MLOps mentors in Hyderabad.",149,Testing Machine Learning Code and Data,"Testing Machine Learning Code and Data — A practical, example-led guide you can apply right away. Explained by GloryTecks MLOps mentors in Hyderabad.",,,/blog/testing-machine-learning-code-and-data (set by the page template),false,mlops; testing; machine; learning; code,mlops; testing; machine; learning; code,0,,0,,4,10 min,false,false,false,,not available: no views column in the CMS and no Search Console export,analyzed
f8c255e9-0c20-4acd-89a3-83d292960c03,the-modern-data-analytics-stack-explained,/blog/the-modern-data-analytics-stack-explained,The Modern Data Analytics Stack Explained,published,data-analytics,Data Analytics,guide,GloryTecks Team,glorytecks-team,3bbe4550-883d-4859-8188-29c88e22563e,2025-11-27,2025-11-27T00:00:00+00:00,2026-01-15,2026-09-18T14:37:07.161579+00:00,2026-09-18T14:37:07.161579+00:00,673,26,0720aa5800c75d6b32e9ea8817ec304a60c7e236f03dc9707fab9babda292e63,posts/the-modern-data-analytics-stack-explained.json in the backup,"The Modern Data Analytics Stack Explained — A practical, example-led guide you can apply right away.",100,,The Modern Data Analytics Stack Explained,41,"The Modern Data Analytics Stack Explained — A practical, example-led guide you can apply right away. Explained by GloryTecks Data Analytics mentors in Hyderabad.",161,The Modern Data Analytics Stack Explained,"The Modern Data Analytics Stack Explained — A practical, example-led guide you can apply right away. Explained by GloryTecks Data Analytics mentors in Hyderabad.",,,/blog/the-modern-data-analytics-stack-explained (set by the page template),false,data analytics; modern; data; analytics; stack,data analytics; modern; data; analytics; stack,0,,0,,4,10 min,false,false,true,,not available: no views column in the CMS and no Search Console export,analyzed
69a49f00-34ea-45fd-8cfc-efbf2f99a786,time-intelligence-in-analytics-trends-and-seasonality,/blog/time-intelligence-in-analytics-trends-and-seasonality,Time Intelligence in Analytics: Trends and Seasonality,published,data-analytics,Data Analytics,guide,Arjun Nair,arjun-nair,ffb6b867-319d-461f-ba3c-c736b5113800,2025-12-27,2025-12-27T00:00:00+00:00,2026-01-25,2026-09-18T14:37:05.849802+00:00,2026-09-18T14:37:05.849802+00:00,670,26,0ad243c986f1da6987296878f99b1d19b2dd4ceb6a33f09025740ddc097b1db3,posts/time-intelligence-in-analytics-trends-and-seasonality.json in the backup,"Time Intelligence in Analytics: Trends and Seasonality — A practical, example-led guide you can apply right away.",113,,Time Intelligence in Analytics: Trends and Seasonality,54,"Time Intelligence in Analytics: Trends and Seasonality — A practical, example-led guide you can apply right away. Explained by GloryTecks Data Analytics mentors in Hyderabad.",174,Time Intelligence in Analytics: Trends and Seasonality,"Time Intelligence in Analytics: Trends and Seasonality — A practical, example-led guide you can apply right away. Explained by GloryTecks Data Analytics mentors in Hyderabad.",,,/blog/time-intelligence-in-analytics-trends-and-seasonality (set by the page template),false,data analytics; time; intelligence; analytics; trends,data analytics; time; intelligence; analytics; trends,0,,0,,4,10 min,false,false,false,,not available: no views column in the CMS and no Search Console export,analyzed
ff266896-33c3-43d0-97d8-8fc1c048f946,time-intelligence-in-dax-ytd-mtd-and-comparisons,/blog/time-intelligence-in-dax-ytd-mtd-and-comparisons,"Time Intelligence in DAX: YTD, MTD and Comparisons",published,power-bi,Power BI,guide,GloryTecks Team,glorytecks-team,3bbe4550-883d-4859-8188-29c88e22563e,2026-04-08,2026-04-08T00:00:00+00:00,2026-04-08,2026-09-18T14:37:01.989257+00:00,2026-09-18T14:37:01.989257+00:00,694,26,57ff6e356125077f6383b96dca3c6976afef9d716bed81f7979069420e33f442,posts/time-intelligence-in-dax-ytd-mtd-and-comparisons.json in the backup,"Time Intelligence in DAX: YTD, MTD and Comparisons — A practical, example-led guide you can apply right away.",109,,"Time Intelligence in DAX: YTD, MTD and Comparisons",50,"Time Intelligence in DAX: YTD, MTD and Comparisons — A practical, example-led guide you can apply right away. Explained by GloryTecks Power BI mentors in Hyderabad.",164,"Time Intelligence in DAX: YTD, MTD and Comparisons","Time Intelligence in DAX: YTD, MTD and Comparisons — A practical, example-led guide you can apply right away. Explained by GloryTecks Power BI mentors in Hyderabad.",,,/blog/time-intelligence-in-dax-ytd-mtd-and-comparisons (set by the page template),false,power bi; time; intelligence; dax; ytd,power bi; time; intelligence; dax; ytd,0,,0,,4,10 min,false,false,false,,not available: no views column in the CMS and no Search Console export,analyzed
e4525ea5-abdc-4aeb-affb-ca76482cd1eb,time-series-forecasting-a-beginner-friendly-introduction,/blog/time-series-forecasting-a-beginner-friendly-introduction,Time Series Forecasting: A Beginner-Friendly Introduction,published,data-science,Data Science,guide,GloryTecks Team,glorytecks-team,3bbe4550-883d-4859-8188-29c88e22563e,2026-02-21,2026-02-21T00:00:00+00:00,2026-03-31,2026-09-18T14:37:03.893983+00:00,2026-09-18T14:37:03.893983+00:00,673,26,88c1e23585b61473f4ba83559fa0d363bc813e2fe7163656e7c8063294dedcc3,posts/time-series-forecasting-a-beginner-friendly-introduction.json in the backup,"Time Series Forecasting: A Beginner-Friendly Introduction — A practical, example-led guide you can apply right away.",116,,Time Series Forecasting: A Beginner-Friendly Introduction,57,"Time Series Forecasting: A Beginner-Friendly Introduction — A practical, example-led guide you can apply right away. Explained by GloryTecks Data Science mentors in Hyderabad.",175,Time Series Forecasting: A Beginner-Friendly Introduction,"Time Series Forecasting: A Beginner-Friendly Introduction — A practical, example-led guide you can apply right away. Explained by GloryTecks Data Science mentors in Hyderabad.",,,/blog/time-series-forecasting-a-beginner-friendly-introduction (set by the page template),false,data science; time; series; forecasting; beginner,data science; time; series; forecasting; beginner,0,,0,,4,10 min,false,false,false,,not available: no views column in the CMS and no Search Console export,analyzed
350a81ab-9383-4028-a0d0-33f585eeedc3,time-series-interview-questions-for-data-science,/blog/time-series-interview-questions-for-data-science,Time Series Interview Questions for Data Science,published,interview-questions,Interview Questions,interview,Ravi Kumar,ravi-kumar,4fa1201f-a7aa-4e99-9cc2-b037e972a216,2025-10-18,2025-10-18T00:00:00+00:00,2025-10-18,2026-09-18T14:37:07.161579+00:00,2026-09-18T14:37:07.161579+00:00,519,13,97a5fe47198076fa4853f724c9dc37e92bb9a4ffa136fccd0b85e2060b91b5a4,posts/time-series-interview-questions-for-data-science.json in the backup,"Time Series Interview Questions for Data Science — The questions companies actually ask, with concise model answers.",116,,Time Series Interview Questions for Data Science,48,"Time Series Interview Questions for Data Science — The questions companies actually ask, with concise model answers. Explained by GloryTecks Interview Questions mentors in Hyderabad.",182,Time Series Interview Questions for Data Science,"Time Series Interview Questions for Data Science — The questions companies actually ask, with concise model answers. Explained by GloryTecks Interview Questions mentors in Hyderabad.",,,/blog/time-series-interview-questions-for-data-science (set by the page template),false,interview questions; time; series; interview; questions,interview questions; time; series; interview; questions,0,,0,,9,16 min,false,false,false,,not available: no views column in the CMS and no Search Console export,analyzed
e674e833-75fd-4a74-9f3a-1cd17454afce,tokenization-in-llms-why-it-matters-more-than-you-think,/blog/tokenization-in-llms-why-it-matters-more-than-you-think,Tokenization in LLMs: Why It Matters More Than You Think,published,generative-ai,Generative AI,guide,Ravi Kumar,ravi-kumar,4fa1201f-a7aa-4e99-9cc2-b037e972a216,2026-03-10,2026-03-10T00:00:00+00:00,2026-03-10,2026-09-18T14:37:03.893983+00:00,2026-09-18T14:37:03.893983+00:00,692,26,79c03f346b6a94422a773282a5fd5d682caaadf094e42d64630783c8407d4306,posts/tokenization-in-llms-why-it-matters-more-than-you-think.json in the backup,"Tokenization in LLMs: Why It Matters More Than You Think — A practical, example-led guide you can apply right away.",115,,Tokenization in LLMs: Why It Matters More Than You Think,56,"Tokenization in LLMs: Why It Matters More Than You Think — A practical, example-led guide you can apply right away. Explained by GloryTecks Generative AI mentors in Hyderabad.",175,Tokenization in LLMs: Why It Matters More Than You Think,"Tokenization in LLMs: Why It Matters More Than You Think — A practical, example-led guide you can apply right away. Explained by GloryTecks Generative AI mentors in Hyderabad.",,,/blog/tokenization-in-llms-why-it-matters-more-than-you-think (set by the page template),false,generative ai; tokenization; llms; why; matters,generative ai; tokenization; llms; why; matters,0,,0,,4,10 min,false,false,false,,not available: no views column in the CMS and no Search Console export,analyzed
4c14f85c-c39e-42e1-9134-75ad45182e79,top-10-machine-learning-algorithms-explained-for-beginners,/blog/top-10-machine-learning-algorithms-explained-for-beginners,Top 10 Machine Learning Algorithms Explained for Beginners,published,data-science,Data Science,guide,Ravi Kumar,ravi-kumar,4fa1201f-a7aa-4e99-9cc2-b037e972a216,2026-03-23,2026-03-23T00:00:00+00:00,2026-04-10,2026-09-18T14:37:01.989257+00:00,2026-09-18T14:37:01.989257+00:00,685,26,60bce8686428c5c2a8567e54e199fa3cdf5660e565d8e6da4892b7e34f5cca17,posts/top-10-machine-learning-algorithms-explained-for-beginners.json in the backup,"Top 10 Machine Learning Algorithms Explained for Beginners — A practical, example-led guide you can apply right away.",117,,Top 10 Machine Learning Algorithms Explained for Beginners,58,"Top 10 Machine Learning Algorithms Explained for Beginners — A practical, example-led guide you can apply right away. Explained by GloryTecks Data Science mentors in Hyderabad.",176,Top 10 Machine Learning Algorithms Explained for Beginners,"Top 10 Machine Learning Algorithms Explained for Beginners — A practical, example-led guide you can apply right away. Explained by GloryTecks Data Science mentors in Hyderabad.",,,/blog/top-10-machine-learning-algorithms-explained-for-beginners (set by the page template),false,data science; machine; learning; algorithms; beginners,data science; machine; learning; algorithms; beginners,0,,0,,4,10 min,false,false,true,,not available: no views column in the CMS and no Search Console export,analyzed
8918d340-828d-4091-b261-ad1cf334074e,top-20-dax-functions-every-analyst-should-know,/blog/top-20-dax-functions-every-analyst-should-know,Top 20 DAX Functions Every Analyst Should Know,published,power-bi,Power BI,guide,GloryTecks Team,glorytecks-team,3bbe4550-883d-4859-8188-29c88e22563e,2026-03-03,2026-03-03T00:00:00+00:00,2026-03-03,2026-09-18T14:37:03.893983+00:00,2026-09-18T14:37:03.893983+00:00,702,26,2c16c7fdd51c06bdf590dcd9bf2012809b5662c577431119e8f20d3b435df1e6,posts/top-20-dax-functions-every-analyst-should-know.json in the backup,"Top 20 DAX Functions Every Analyst Should Know — A practical, example-led guide you can apply right away.",105,,Top 20 DAX Functions Every Analyst Should Know,46,"Top 20 DAX Functions Every Analyst Should Know — A practical, example-led guide you can apply right away. Explained by GloryTecks Power BI mentors in Hyderabad.",160,Top 20 DAX Functions Every Analyst Should Know,"Top 20 DAX Functions Every Analyst Should Know — A practical, example-led guide you can apply right away. Explained by GloryTecks Power BI mentors in Hyderabad.",,,/blog/top-20-dax-functions-every-analyst-should-know (set by the page template),false,power bi; dax; functions; analyst,power bi; dax; functions; analyst,0,,0,,4,10 min,false,false,false,,not available: no views column in the CMS and no Search Console export,analyzed
16beecb3-547b-484f-9960-dd5e6f1f1b99,top-data-science-companies-hiring-in-hyderabad,/blog/top-data-science-companies-hiring-in-hyderabad,Top Data Science Companies Hiring in Hyderabad,published,data-science,Data Science,guide,GloryTecks Team,glorytecks-team,3bbe4550-883d-4859-8188-29c88e22563e,2025-08-25,2025-08-25T00:00:00+00:00,2025-10-02,2026-09-18T14:37:09.131349+00:00,2026-09-18T14:37:09.131349+00:00,682,26,8a7edd1e91e77f1edcba135329d3826b47a6ee4c33153ce95576adc8e2a583d6,posts/top-data-science-companies-hiring-in-hyderabad.json in the backup,"Top Data Science Companies Hiring in Hyderabad — A practical, example-led guide you can apply right away.",105,,Top Data Science Companies Hiring in Hyderabad,46,"Top Data Science Companies Hiring in Hyderabad — A practical, example-led guide you can apply right away. Explained by GloryTecks Data Science mentors in Hyderabad.",164,Top Data Science Companies Hiring in Hyderabad,"Top Data Science Companies Hiring in Hyderabad — A practical, example-led guide you can apply right away. Explained by GloryTecks Data Science mentors in Hyderabad.",,,/blog/top-data-science-companies-hiring-in-hyderabad (set by the page template),false,data science; data; science; companies; hiring,data science; data; science; companies; hiring,0,,0,,4,10 min,false,false,true,,not available: no views column in the CMS and no Search Console export,analyzed
27ce0eee-5eac-4485-b75c-b8673dc05135,top-free-tools-for-data-analysts-in-2026,/blog/top-free-tools-for-data-analysts-in-2026,Top Free Tools for Data Analysts in 2026,published,data-analytics,Data Analytics,guide,Arjun Nair,arjun-nair,ffb6b867-319d-461f-ba3c-c736b5113800,2025-09-22,2025-09-22T00:00:00+00:00,2025-10-13,2026-09-18T14:37:08.808906+00:00,2026-09-18T14:37:08.808906+00:00,679,26,fcfb7c22acb10f3a169a59d10c87c38d434e90ca4f3159a51bf2b51e15f586f5,posts/top-free-tools-for-data-analysts-in-2026.json in the backup,"Top Free Tools for Data Analysts in 2026 — A practical, example-led guide you can apply right away.",99,,Top Free Tools for Data Analysts in 2026,40,"Top Free Tools for Data Analysts in 2026 — A practical, example-led guide you can apply right away. Explained by GloryTecks Data Analytics mentors in Hyderabad.",160,Top Free Tools for Data Analysts in 2026,"Top Free Tools for Data Analysts in 2026 — A practical, example-led guide you can apply right away. Explained by GloryTecks Data Analytics mentors in Hyderabad.",,,/blog/top-free-tools-for-data-analysts-in-2026 (set by the page template),false,data analytics; free; tools; data; analysts,data analytics; free; tools; data; analysts,0,,0,,4,10 min,false,false,false,,not available: no views column in the CMS and no Search Console export,analyzed
539d8b10-b2b4-4f45-921c-df1bca3a0737,top-generative-ai-projects-to-build-for-your-portfolio,/blog/top-generative-ai-projects-to-build-for-your-portfolio,Top Generative AI Projects to Build for Your Portfolio,published,generative-ai,Generative AI,projects,GloryTecks Team,glorytecks-team,3bbe4550-883d-4859-8188-29c88e22563e,2025-09-17,2025-09-17T00:00:00+00:00,2025-09-17,2026-09-18T14:37:08.808906+00:00,2026-09-18T14:37:08.808906+00:00,586,21,0e5ec71a892ec7a5256ba923eb9b11e4a71f2cc7063bb23ea67df58d09bf7e16,posts/top-generative-ai-projects-to-build-for-your-portfolio.json in the backup,"Top Generative AI Projects to Build for Your Portfolio — Hands-on project ideas with datasets, scope and what to showcase.",122,,Top Generative AI Projects to Build for Your Portfolio,54,"Top Generative AI Projects to Build for Your Portfolio — Hands-on project ideas with datasets, scope and what to showcase. Explained by GloryTecks Generative AI mentors in Hyderabad.",182,Top Generative AI Projects to Build for Your Portfolio,"Top Generative AI Projects to Build for Your Portfolio — Hands-on project ideas with datasets, scope and what to showcase. Explained by GloryTecks Generative AI mentors in Hyderabad.",,,/blog/top-generative-ai-projects-to-build-for-your-portfolio (set by the page template),false,generative ai; generative; projects; build; portfolio,generative ai; generative; projects; build; portfolio,0,,0,,4,11 min,false,false,false,,not available: no views column in the CMS and no Search Console export,analyzed
eff04529-9a02-4bf9-9563-a4af242cf1ed,top-generative-ai-tools-every-developer-should-know-in-2026,/blog/top-generative-ai-tools-every-developer-should-know-in-2026,Top Generative AI Tools Every Developer Should Know in 2026,published,generative-ai,Generative AI,guide,GloryTecks Team,glorytecks-team,3bbe4550-883d-4859-8188-29c88e22563e,2026-03-04,2026-03-04T00:00:00+00:00,2026-03-04,2026-09-18T14:37:03.893983+00:00,2026-09-18T14:37:03.893983+00:00,706,26,93e59f1b9a5db82d81dd7cde876a9b82fbd70b0d043e106fc887e4545a7fc0fd,posts/top-generative-ai-tools-every-developer-should-know-in-2026.json in the backup,"Top Generative AI Tools Every Developer Should Know in 2026 — A practical, example-led guide you can apply right away.",118,,Top Generative AI Tools Every Developer Should Know in 2026,59,"Top Generative AI Tools Every Developer Should Know in 2026 — A practical, example-led guide you can apply right away. Explained by GloryTecks Generative AI mentors in Hyderabad.",178,Top Generative AI Tools Every Developer Should Know in 2026,"Top Generative AI Tools Every Developer Should Know in 2026 — A practical, example-led guide you can apply right away. Explained by GloryTecks Generative AI mentors in Hyderabad.",,,/blog/top-generative-ai-tools-every-developer-should-know-in-2026 (set by the page template),false,generative ai; generative; tools; developer,generative ai; generative; tools; developer,0,,0,,4,10 min,false,false,false,,not available: no views column in the CMS and no Search Console export,analyzed
fb00bb14-1255-44dd-a993-191ad68481d1,top-python-libraries-every-developer-should-know,/blog/top-python-libraries-every-developer-should-know,Top Python Libraries Every Developer Should Know,published,python,Python,guide,Ravi Kumar,ravi-kumar,4fa1201f-a7aa-4e99-9cc2-b037e972a216,2025-10-17,2025-10-17T00:00:00+00:00,2025-10-17,2026-09-18T14:37:08.808906+00:00,2026-09-18T14:37:08.808906+00:00,657,26,fd72a6a5d5b4d67f9bf6eb813c33da36efa835d93c0d30fcbb6496cde87c553c,posts/top-python-libraries-every-developer-should-know.json in the backup,"Top Python Libraries Every Developer Should Know — A practical, example-led guide you can apply right away.",107,,Top Python Libraries Every Developer Should Know,48,"Top Python Libraries Every Developer Should Know — A practical, example-led guide you can apply right away. Explained by GloryTecks Python mentors in Hyderabad.",160,Top Python Libraries Every Developer Should Know,"Top Python Libraries Every Developer Should Know — A practical, example-led guide you can apply right away. Explained by GloryTecks Python mentors in Hyderabad.",,,/blog/top-python-libraries-every-developer-should-know (set by the page template),false,python; libraries; developer,python; libraries; developer,0,,0,,4,10 min,false,false,false,,not available: no views column in the CMS and no Search Console export,analyzed
654643e1-1acf-4e0b-b40e-068a96835d2e,triggers-in-adf-schedule-tumbling-window-and-event,/blog/triggers-in-adf-schedule-tumbling-window-and-event,"Triggers in ADF: Schedule, Tumbling Window and Event",published,azure-data-factory,Azure Data Factory,guide,GloryTecks Team,glorytecks-team,3bbe4550-883d-4859-8188-29c88e22563e,2026-05-24,2026-05-24T00:00:00+00:00,2026-05-24,2026-09-18T14:07:33.486444+00:00,2026-09-18T14:07:33.486444+00:00,703,26,67edb30384c2c89a6576b80980ffe20970f2cc51ae13587bd077928ea2572973,posts/triggers-in-adf-schedule-tumbling-window-and-event.json in the backup,"Triggers in ADF: Schedule, Tumbling Window and Event — A practical, example-led guide you can apply right away.",111,,"Triggers in ADF: Schedule, Tumbling Window and Event",52,"Triggers in ADF: Schedule, Tumbling Window and Event — A practical, example-led guide you can apply right away. Explained by GloryTecks Azure Data Factory mentors in Hyderabad.",176,"Triggers in ADF: Schedule, Tumbling Window and Event","Triggers in ADF: Schedule, Tumbling Window and Event — A practical, example-led guide you can apply right away. Explained by GloryTecks Azure Data Factory mentors in Hyderabad.",,,/blog/triggers-in-adf-schedule-tumbling-window-and-event (set by the page template),false,azure data factory; triggers; adf; schedule; tumbling,azure data factory; triggers; adf; schedule; tumbling,0,,0,,4,10 min,false,true,false,,not available: no views column in the CMS and no Search Console export,needs_review
f22c8acc-57eb-4b3d-b8a0-7b5391f0674e,tumbling-window-triggers-backfills-and-dependencies,/blog/tumbling-window-triggers-backfills-and-dependencies,Tumbling Window Triggers: Backfills and Dependencies,published,azure-data-factory,Azure Data Factory,guide,Sneha Reddy,sneha-reddy,682d13de-46d8-47b4-914e-58e25b899413,2026-01-18,2026-01-18T00:00:00+00:00,2026-01-18,2026-09-18T14:37:05.849802+00:00,2026-09-18T14:37:05.849802+00:00,701,26,edeed9538e0d050bb32c2a05050e315a17bdb13fd3e9b844b288f1f721439e60,posts/tumbling-window-triggers-backfills-and-dependencies.json in the backup,"Tumbling Window Triggers: Backfills and Dependencies — A practical, example-led guide you can apply right away.",111,,Tumbling Window Triggers: Backfills and Dependencies,52,"Tumbling Window Triggers: Backfills and Dependencies — A practical, example-led guide you can apply right away. Explained by GloryTecks Azure Data Factory mentors in Hyderabad.",176,Tumbling Window Triggers: Backfills and Dependencies,"Tumbling Window Triggers: Backfills and Dependencies — A practical, example-led guide you can apply right away. Explained by GloryTecks Azure Data Factory mentors in Hyderabad.",,,/blog/tumbling-window-triggers-backfills-and-dependencies (set by the page template),false,azure data factory; tumbling; window; triggers; backfills,azure data factory; tumbling; window; triggers; backfills,0,,0,,4,10 min,false,false,false,,not available: no views column in the CMS and no Search Console export,analyzed
5ac372af-8be7-4f6b-8db4-d4c51c8887f0,unit-testing-in-python-with-pytest-a-beginner-s-guide,/blog/unit-testing-in-python-with-pytest-a-beginner-s-guide,Unit Testing in Python with pytest: A Beginner's Guide,published,python,Python,guide,GloryTecks Team,glorytecks-team,3bbe4550-883d-4859-8188-29c88e22563e,2026-01-27,2026-01-27T00:00:00+00:00,2026-01-27,2026-09-18T14:37:03.893983+00:00,2026-09-18T14:37:03.893983+00:00,657,26,4c1d81e37651bda77bb8ccb343d33516e7c8046de9f8fdd61d2813584d167dd3,posts/unit-testing-in-python-with-pytest-a-beginner-s-guide.json in the backup,"Unit Testing in Python with pytest: A Beginner's Guide — A practical, example-led guide you can apply right away.",113,,Unit Testing in Python with pytest: A Beginner's Guide,54,"Unit Testing in Python with pytest: A Beginner's Guide — A practical, example-led guide you can apply right away. Explained by GloryTecks Python mentors in Hyderabad.",166,Unit Testing in Python with pytest: A Beginner's Guide,"Unit Testing in Python with pytest: A Beginner's Guide — A practical, example-led guide you can apply right away. Explained by GloryTecks Python mentors in Hyderabad.",,,/blog/unit-testing-in-python-with-pytest-a-beginner-s-guide (set by the page template),false,unit; testing; python; pytest,unit; testing; python; pytest,0,,0,,4,10 min,false,false,false,,not available: no views column in the CMS and no Search Console export,analyzed
b482f317-6b74-4891-ae75-92b4aa07a7f4,upskilling-vs-reskilling-which-path-fits-you,/blog/upskilling-vs-reskilling-which-path-fits-you,Upskilling vs Reskilling: Which Path Fits You?,published,career-guidance,Career Guidance,comparison,GloryTecks Team,glorytecks-team,3bbe4550-883d-4859-8188-29c88e22563e,2026-02-28,2026-02-28T00:00:00+00:00,2026-02-28,2026-09-18T14:37:03.893983+00:00,2026-09-18T14:37:03.893983+00:00,475,17,297803133ab30a4338fe6ab32190d4b35064fe7e2ddbc871619ef7361dc64c76,posts/upskilling-vs-reskilling-which-path-fits-you.json in the backup,"Upskilling vs Reskilling: Which Path Fits You? — A clear, practical comparison to help you decide.",98,,Upskilling vs Reskilling: Which Path Fits You?,46,"Upskilling vs Reskilling: Which Path Fits You? — A clear, practical comparison to help you decide. Explained by GloryTecks Career Guidance mentors in Hyderabad.",160,Upskilling vs Reskilling: Which Path Fits You?,"Upskilling vs Reskilling: Which Path Fits You? — A clear, practical comparison to help you decide. Explained by GloryTecks Career Guidance mentors in Hyderabad.",,,/blog/upskilling-vs-reskilling-which-path-fits-you (set by the page template),false,career guidance; upskilling; reskilling; which; path,career guidance; upskilling; reskilling; which; path,0,,0,,4,7 min,false,false,false,,not available: no views column in the CMS and no Search Console export,analyzed
3674820c-7224-4543-8958-ca92108595d1,vector-databases-explained-pinecone-faiss-and-chromadb,/blog/vector-databases-explained-pinecone-faiss-and-chromadb,"Vector Databases Explained: Pinecone, FAISS and ChromaDB",published,generative-ai,Generative AI,guide,Ravi Kumar,ravi-kumar,4fa1201f-a7aa-4e99-9cc2-b037e972a216,2026-04-27,2026-04-27T00:00:00+00:00,2026-04-27,2026-09-18T14:37:01.989257+00:00,2026-09-18T14:37:01.989257+00:00,689,26,9648a34915bf9402f71884b0cae996635c89aafd1c4073489d1a61421cb01c49,posts/vector-databases-explained-pinecone-faiss-and-chromadb.json in the backup,"Vector Databases Explained: Pinecone, FAISS and ChromaDB — A practical, example-led guide you can apply right away.",115,,"Vector Databases Explained: Pinecone, FAISS and ChromaDB",56,"Vector Databases Explained: Pinecone, FAISS and ChromaDB — A practical, example-led guide you can apply right away. Explained by GloryTecks Generative AI mentors in Hyderabad.",175,"Vector Databases Explained: Pinecone, FAISS and ChromaDB","Vector Databases Explained: Pinecone, FAISS and ChromaDB — A practical, example-led guide you can apply right away. Explained by GloryTecks Generative AI mentors in Hyderabad.",,,/blog/vector-databases-explained-pinecone-faiss-and-chromadb (set by the page template),false,generative ai; vector; databases; pinecone; faiss,generative ai; vector; databases; pinecone; faiss,0,,0,,4,10 min,false,false,false,,not available: no views column in the CMS and no Search Console export,analyzed
2743054e-83b9-4e9e-bc3c-f34a8f53a3f2,vertex-ai-and-sagemaker-for-mlops-a-comparison,/blog/vertex-ai-and-sagemaker-for-mlops-a-comparison,Vertex AI and SageMaker for MLOps: A Comparison,published,mlops,MLOps,guide,Ravi Kumar,ravi-kumar,4fa1201f-a7aa-4e99-9cc2-b037e972a216,2025-09-03,2025-09-03T00:00:00+00:00,2025-09-03,2026-09-18T14:37:08.808906+00:00,2026-09-18T14:37:08.808906+00:00,672,26,bb51bbc0fd734be80a7e3d8fce7e046bf2ab2d6a156e36b9c85cf1e1bc87be8d,posts/vertex-ai-and-sagemaker-for-mlops-a-comparison.json in the backup,"Vertex AI and SageMaker for MLOps: A Comparison — A practical, example-led guide you can apply right away.",106,,Vertex AI and SageMaker for MLOps: A Comparison,47,"Vertex AI and SageMaker for MLOps: A Comparison — A practical, example-led guide you can apply right away. Explained by GloryTecks MLOps mentors in Hyderabad.",158,Vertex AI and SageMaker for MLOps: A Comparison,"Vertex AI and SageMaker for MLOps: A Comparison — A practical, example-led guide you can apply right away. Explained by GloryTecks MLOps mentors in Hyderabad.",,,/blog/vertex-ai-and-sagemaker-for-mlops-a-comparison (set by the page template),false,vertex; sagemaker; mlops; comparison,vertex; sagemaker; mlops; comparison,0,,0,,4,10 min,false,false,false,,not available: no views column in the CMS and no Search Console export,analyzed
8e1bf19a-b347-49aa-9022-da41b44a5f02,vertex-ai-pipelines-for-mlops-on-gcp,/blog/vertex-ai-pipelines-for-mlops-on-gcp,Vertex AI Pipelines for MLOps on GCP,published,gcp,GCP,guide,Sneha Reddy,sneha-reddy,682d13de-46d8-47b4-914e-58e25b899413,2025-11-07,2025-11-07T00:00:00+00:00,2025-11-07,2026-09-18T14:37:07.161579+00:00,2026-09-18T14:37:07.161579+00:00,667,26,45e210b1cc34ed20da620498d4d73826e0ba14ac6682c827643ef5790e1132f2,posts/vertex-ai-pipelines-for-mlops-on-gcp.json in the backup,"Vertex AI Pipelines for MLOps on GCP — A practical, example-led guide you can apply right away.",95,,Vertex AI Pipelines for MLOps on GCP,36,"Vertex AI Pipelines for MLOps on GCP — A practical, example-led guide you can apply right away. Explained by GloryTecks GCP mentors in Hyderabad.",145,Vertex AI Pipelines for MLOps on GCP,"Vertex AI Pipelines for MLOps on GCP — A practical, example-led guide you can apply right away. Explained by GloryTecks GCP mentors in Hyderabad.",,,/blog/vertex-ai-pipelines-for-mlops-on-gcp (set by the page template),false,vertex; pipelines; mlops; gcp,vertex; pipelines; mlops; gcp,0,,0,,4,10 min,false,false,false,,not available: no views column in the CMS and no Search Console export,analyzed
eb5e4f5c-62cf-4cb1-9822-83941800294f,vertex-ai-tutorial-ml-on-google-cloud,/blog/vertex-ai-tutorial-ml-on-google-cloud,Vertex AI Tutorial: ML on Google Cloud,published,gcp,GCP,guide,GloryTecks Team,glorytecks-team,3bbe4550-883d-4859-8188-29c88e22563e,2026-05-12,2026-05-12T00:00:00+00:00,2026-05-12,2026-09-18T14:07:43.521604+00:00,2026-09-18T14:07:43.521604+00:00,659,26,7fd6cce6fd88ca517ebcbf5ec19fc7f4e98a461d8895d8b990f7bba7bc431971,posts/vertex-ai-tutorial-ml-on-google-cloud.json in the backup,"Vertex AI Tutorial: ML on Google Cloud — A practical, example-led guide you can apply right away.",97,,Vertex AI Tutorial: ML on Google Cloud,38,"Vertex AI Tutorial: ML on Google Cloud — A practical, example-led guide you can apply right away. Explained by GloryTecks GCP mentors in Hyderabad.",147,Vertex AI Tutorial: ML on Google Cloud,"Vertex AI Tutorial: ML on Google Cloud — A practical, example-led guide you can apply right away. Explained by GloryTecks GCP mentors in Hyderabad.",,,/blog/vertex-ai-tutorial-ml-on-google-cloud (set by the page template),false,gcp; vertex; tutorial; google; cloud,gcp; vertex; tutorial; google; cloud,0,,0,,4,10 min,false,false,false,,not available: no views column in the CMS and no Search Console export,analyzed
acc91fcd-de70-4654-9f7a-0206129254f2,virtual-environments-in-python-venv-pip-and-poetry,/blog/virtual-environments-in-python-venv-pip-and-poetry,"Virtual Environments in Python: venv, pip and Poetry",published,python,Python,guide,Ravi Kumar,ravi-kumar,4fa1201f-a7aa-4e99-9cc2-b037e972a216,2026-03-22,2026-03-22T00:00:00+00:00,2026-03-22,2026-09-18T14:37:01.989257+00:00,2026-09-18T14:37:01.989257+00:00,652,26,692e1f29ca7bb68bc64276b6f4c7cdd86fce45a2c1a30c6f192cadc96d6c1671,posts/virtual-environments-in-python-venv-pip-and-poetry.json in the backup,"Virtual Environments in Python: venv, pip and Poetry — A practical, example-led guide you can apply right away.",111,,"Virtual Environments in Python: venv, pip and Poetry",52,"Virtual Environments in Python: venv, pip and Poetry — A practical, example-led guide you can apply right away. Explained by GloryTecks Python mentors in Hyderabad.",164,"Virtual Environments in Python: venv, pip and Poetry","Virtual Environments in Python: venv, pip and Poetry — A practical, example-led guide you can apply right away. Explained by GloryTecks Python mentors in Hyderabad.",,,/blog/virtual-environments-in-python-venv-pip-and-poetry (set by the page template),false,virtual; environments; python; venv,virtual; environments; python; venv,0,,0,,4,10 min,false,false,false,,not available: no views column in the CMS and no Search Console export,analyzed
94cd98f5-f32b-456a-bf7b-934283d95244,vllm-and-model-serving-scaling-llm-inference,/blog/vllm-and-model-serving-scaling-llm-inference,vLLM and Model Serving: Scaling LLM Inference,published,generative-ai,Generative AI,guide,Ravi Kumar,ravi-kumar,4fa1201f-a7aa-4e99-9cc2-b037e972a216,2025-12-04,2025-12-04T00:00:00+00:00,2025-12-04,2026-09-18T14:37:07.161579+00:00,2026-09-18T14:37:07.161579+00:00,691,26,50baa1cb672d678d42b866fbd89169dd484c0d18c2beb4090d8664a63b557d69,posts/vllm-and-model-serving-scaling-llm-inference.json in the backup,"vLLM and Model Serving: Scaling LLM Inference — A practical, example-led guide you can apply right away.",104,,vLLM and Model Serving: Scaling LLM Inference,45,"vLLM and Model Serving: Scaling LLM Inference — A practical, example-led guide you can apply right away. Explained by GloryTecks Generative AI mentors in Hyderabad.",164,vLLM and Model Serving: Scaling LLM Inference,"vLLM and Model Serving: Scaling LLM Inference — A practical, example-led guide you can apply right away. Explained by GloryTecks Generative AI mentors in Hyderabad.",,,/blog/vllm-and-model-serving-scaling-llm-inference (set by the page template),false,generative ai; vllm; model; serving; scaling,generative ai; vllm; model; serving; scaling,0,,0,,4,10 min,false,false,true,,not available: no views column in the CMS and no Search Console export,analyzed
6cdb6c3f-081b-4803-b713-d09ee570fa30,vpc-basics-for-data-engineers-on-aws,/blog/vpc-basics-for-data-engineers-on-aws,VPC Basics for Data Engineers on AWS,published,aws,AWS,guide,Sneha Reddy,sneha-reddy,682d13de-46d8-47b4-914e-58e25b899413,2025-12-24,2025-12-24T00:00:00+00:00,2026-01-28,2026-09-18T14:37:05.849802+00:00,2026-09-18T14:37:05.849802+00:00,687,26,6ef29805aabfa922a93540d636ee3fe5313cd6b3b340da4d3e4af884c5ca9931,posts/vpc-basics-for-data-engineers-on-aws.json in the backup,"VPC Basics for Data Engineers on AWS — A practical, example-led guide you can apply right away.",95,,VPC Basics for Data Engineers on AWS,36,"VPC Basics for Data Engineers on AWS — A practical, example-led guide you can apply right away. Explained by GloryTecks AWS mentors in Hyderabad.",145,VPC Basics for Data Engineers on AWS,"VPC Basics for Data Engineers on AWS — A practical, example-led guide you can apply right away. Explained by GloryTecks AWS mentors in Hyderabad.",,,/blog/vpc-basics-for-data-engineers-on-aws (set by the page template),false,aws; vpc; basics; data; engineers,aws; vpc; basics; data; engineers,0,,0,,4,10 min,false,false,false,,not available: no views column in the CMS and no Search Console export,analyzed
f8737f14-2bf4-4217-8e01-9818fb608ae3,web-analytics-basics-understanding-user-behavior,/blog/web-analytics-basics-understanding-user-behavior,Web Analytics Basics: Understanding User Behavior,published,data-analytics,Data Analytics,guide,GloryTecks Team,glorytecks-team,3bbe4550-883d-4859-8188-29c88e22563e,2025-09-16,2025-09-16T00:00:00+00:00,2025-10-19,2026-09-18T14:37:08.808906+00:00,2026-09-18T14:37:08.808906+00:00,667,26,e7bb933d5d09aef7a9757bdd52b3e3368395a7559661bc11a4babbbb63aed267,posts/web-analytics-basics-understanding-user-behavior.json in the backup,"Web Analytics Basics: Understanding User Behavior — A practical, example-led guide you can apply right away.",108,,Web Analytics Basics: Understanding User Behavior,49,"Web Analytics Basics: Understanding User Behavior — A practical, example-led guide you can apply right away. Explained by GloryTecks Data Analytics mentors in Hyderabad.",169,Web Analytics Basics: Understanding User Behavior,"Web Analytics Basics: Understanding User Behavior — A practical, example-led guide you can apply right away. Explained by GloryTecks Data Analytics mentors in Hyderabad.",,,/blog/web-analytics-basics-understanding-user-behavior (set by the page template),false,data analytics; web; analytics; basics; understanding,data analytics; web; analytics; basics; understanding,0,,0,,4,10 min,false,false,false,,not available: no views column in the CMS and no Search Console export,analyzed
2ae4210c-f785-4f72-933a-8ff70d3c523d,web-scraping-with-python-beautifulsoup-and-requests,/blog/web-scraping-with-python-beautifulsoup-and-requests,Web Scraping with Python: BeautifulSoup and Requests,published,python,Python,guide,Ravi Kumar,ravi-kumar,4fa1201f-a7aa-4e99-9cc2-b037e972a216,2026-02-14,2026-02-14T00:00:00+00:00,2026-02-14,2026-09-18T14:37:03.893983+00:00,2026-09-18T14:37:03.893983+00:00,651,26,d845aa1000063bfabdf8a56e3a1058536c86f9fc83c9c1e2c4c3237b3b46dc4e,posts/web-scraping-with-python-beautifulsoup-and-requests.json in the backup,"Web Scraping with Python: BeautifulSoup and Requests — A practical, example-led guide you can apply right away.",111,,Web Scraping with Python: BeautifulSoup and Requests,52,"Web Scraping with Python: BeautifulSoup and Requests — A practical, example-led guide you can apply right away. Explained by GloryTecks Python mentors in Hyderabad.",164,Web Scraping with Python: BeautifulSoup and Requests,"Web Scraping with Python: BeautifulSoup and Requests — A practical, example-led guide you can apply right away. Explained by GloryTecks Python mentors in Hyderabad.",,,/blog/web-scraping-with-python-beautifulsoup-and-requests (set by the page template),false,web; scraping; python; beautifulsoup,web; scraping; python; beautifulsoup,0,,0,,4,10 min,false,false,false,,not available: no views column in the CMS and no Search Console export,analyzed
d8136654-8ef6-4165-adbb-e7ef90167d60,what-is-generative-ai-a-complete-beginner-s-guide,/blog/what-is-generative-ai-a-complete-beginner-s-guide,What Is Generative AI? A Complete Beginner's Guide,published,generative-ai,Generative AI,whatis,Ravi Kumar,ravi-kumar,4fa1201f-a7aa-4e99-9cc2-b037e972a216,2026-06-14,2026-06-14T00:00:00+00:00,2026-06-14,2026-09-18T14:07:15.462662+00:00,2026-09-18T14:07:15.462662+00:00,489,19,e82cbe712986e68f92865dfa0cd07e1a3bc73799e2925355290b6fec3a47616d,posts/what-is-generative-ai-a-complete-beginner-s-guide.json in the backup,What Is Generative AI? A Complete Beginner's Guide — A beginner-friendly explanation with real examples and use cases.,118,,What Is Generative AI? A Complete Beginner's Guide,50,What Is Generative AI? A Complete Beginner's Guide — A beginner-friendly explanation with real examples and use cases. Explained by GloryTecks Generative AI mentors in Hyderabad.,178,What Is Generative AI? A Complete Beginner's Guide,What Is Generative AI? A Complete Beginner's Guide — A beginner-friendly explanation with real examples and use cases. Explained by GloryTecks Generative AI mentors in Hyderabad.,,,/blog/what-is-generative-ai-a-complete-beginner-s-guide (set by the page template),false,generative ai; generative; beginner,generative ai; generative; beginner,0,,0,,4,7 min,true,false,false,,not available: no views column in the CMS and no Search Console export,needs_review
a2b66d02-f14c-4ee2-9d23-89950b3e9e07,what-is-mlops-devops-for-machine-learning-explained,/blog/what-is-mlops-devops-for-machine-learning-explained,What Is MLOps? DevOps for Machine Learning Explained,published,mlops,MLOps,whatis,Ravi Kumar,ravi-kumar,4fa1201f-a7aa-4e99-9cc2-b037e972a216,2026-05-01,2026-05-01T00:00:00+00:00,2026-05-01,2026-09-18T14:37:01.989257+00:00,2026-09-18T14:37:01.989257+00:00,474,19,1e2c6624b5174d830684af717cb4b4ef28926ecef62136e90727816d4f9731a0,posts/what-is-mlops-devops-for-machine-learning-explained.json in the backup,What Is MLOps? DevOps for Machine Learning Explained — A beginner-friendly explanation with real examples and use cases.,120,,What Is MLOps? DevOps for Machine Learning Explained,52,What Is MLOps? DevOps for Machine Learning Explained — A beginner-friendly explanation with real examples and use cases. Explained by GloryTecks MLOps mentors in Hyderabad.,172,What Is MLOps? DevOps for Machine Learning Explained,What Is MLOps? DevOps for Machine Learning Explained — A beginner-friendly explanation with real examples and use cases. Explained by GloryTecks MLOps mentors in Hyderabad.,,,/blog/what-is-mlops-devops-for-machine-learning-explained (set by the page template),false,mlops; devops; machine; learning,mlops; devops; machine; learning,0,,0,,4,7 min,false,false,false,,not available: no views column in the CMS and no Search Console export,analyzed
adda97ca-0c6a-4b1a-93f3-73ab2c4b9e56,window-functions-in-sql-for-data-engineers,/blog/window-functions-in-sql-for-data-engineers,Window Functions in SQL for Data Engineers,published,data-engineering,Data Engineering,guide,GloryTecks Team,glorytecks-team,3bbe4550-883d-4859-8188-29c88e22563e,2026-01-25,2026-01-25T00:00:00+00:00,2026-02-06,2026-09-18T14:37:05.849802+00:00,2026-09-18T14:37:05.849802+00:00,682,26,88c6e0339836537159efa235c1b46c6790876a40db8386c284109cfe9065cb55,posts/window-functions-in-sql-for-data-engineers.json in the backup,"Window Functions in SQL for Data Engineers — A practical, example-led guide you can apply right away.",101,,Window Functions in SQL for Data Engineers,42,"Window Functions in SQL for Data Engineers — A practical, example-led guide you can apply right away. Explained by GloryTecks Data Engineering mentors in Hyderabad.",164,Window Functions in SQL for Data Engineers,"Window Functions in SQL for Data Engineers — A practical, example-led guide you can apply right away. Explained by GloryTecks Data Engineering mentors in Hyderabad.",,,/blog/window-functions-in-sql-for-data-engineers (set by the page template),false,data engineering; window; functions; sql; data,data engineering; window; functions; sql; data,0,,0,,4,10 min,false,false,false,,not available: no views column in the CMS and no Search Console export,analyzed
1ebea313-c19e-45ea-9b86-e6682e0c5ed3,window-functions-sql-interview-questions,/blog/window-functions-sql-interview-questions,Window Functions SQL Interview Questions,published,interview-questions,Interview Questions,interview,Ravi Kumar,ravi-kumar,4fa1201f-a7aa-4e99-9cc2-b037e972a216,2026-04-04,2026-04-04T00:00:00+00:00,2026-04-04,2026-09-18T14:37:01.989257+00:00,2026-09-18T14:37:01.989257+00:00,515,13,883f28593928620f2799a399781bdb1e3c296b1bc143099ca238267ecb0db4e6,posts/window-functions-sql-interview-questions.json in the backup,"Window Functions SQL Interview Questions — The questions companies actually ask, with concise model answers.",108,,Window Functions SQL Interview Questions,40,"Window Functions SQL Interview Questions — The questions companies actually ask, with concise model answers. Explained by GloryTecks Interview Questions mentors in Hyderabad.",174,Window Functions SQL Interview Questions,"Window Functions SQL Interview Questions — The questions companies actually ask, with concise model answers. Explained by GloryTecks Interview Questions mentors in Hyderabad.",,,/blog/window-functions-sql-interview-questions (set by the page template),false,interview questions; window; functions; sql; interview,interview questions; window; functions; sql; interview,0,,0,,9,16 min,false,false,false,,not available: no views column in the CMS and no Search Console export,analyzed
b23df0ec-f12d-4e01-b766-925c41a39f6a,workflow-orchestration-with-apache-airflow-dags,/blog/workflow-orchestration-with-apache-airflow-dags,Workflow Orchestration with Apache Airflow DAGs,published,data-engineering,Data Engineering,guide,Sneha Reddy,sneha-reddy,682d13de-46d8-47b4-914e-58e25b899413,2025-09-21,2025-09-21T00:00:00+00:00,2025-10-15,2026-09-18T14:37:08.808906+00:00,2026-09-18T14:37:08.808906+00:00,679,26,9bf7fcafc9b329b3f26072a2430895c54bc3ff62c97e0df9e42077de89183fe5,posts/workflow-orchestration-with-apache-airflow-dags.json in the backup,"Workflow Orchestration with Apache Airflow DAGs — A practical, example-led guide you can apply right away.",106,,Workflow Orchestration with Apache Airflow DAGs,47,"Workflow Orchestration with Apache Airflow DAGs — A practical, example-led guide you can apply right away. Explained by GloryTecks Data Engineering mentors in Hyderabad.",169,Workflow Orchestration with Apache Airflow DAGs,"Workflow Orchestration with Apache Airflow DAGs — A practical, example-led guide you can apply right away. Explained by GloryTecks Data Engineering mentors in Hyderabad.",,,/blog/workflow-orchestration-with-apache-airflow-dags (set by the page template),false,data engineering; workflow; orchestration; apache; airflow,data engineering; workflow; orchestration; apache; airflow,0,,0,,4,10 min,false,false,false,,not available: no views column in the CMS and no Search Console export,merge_candidate
e0f3816d-fcd6-4d82-bb5b-1575f1e26792,working-with-json-in-python-a-practical-guide,/blog/working-with-json-in-python-a-practical-guide,Working with JSON in Python: A Practical Guide,published,python,Python,guide,Ravi Kumar,ravi-kumar,4fa1201f-a7aa-4e99-9cc2-b037e972a216,2026-03-10,2026-03-10T00:00:00+00:00,2026-03-10,2026-09-18T14:37:03.893983+00:00,2026-09-18T14:37:03.893983+00:00,654,26,ad99f70985d9ca63e4b744bd6c913c8c5619309b4bf61c87436c1cdb4987d10f,posts/working-with-json-in-python-a-practical-guide.json in the backup,"Working with JSON in Python: A Practical Guide — A practical, example-led guide you can apply right away.",105,,Working with JSON in Python: A Practical Guide,46,"Working with JSON in Python: A Practical Guide — A practical, example-led guide you can apply right away. Explained by GloryTecks Python mentors in Hyderabad.",158,Working with JSON in Python: A Practical Guide,"Working with JSON in Python: A Practical Guide — A practical, example-led guide you can apply right away. Explained by GloryTecks Python mentors in Hyderabad.",,,/blog/working-with-json-in-python-a-practical-guide (set by the page template),false,working; json; python; practical,working; json; python; practical,0,,0,,4,10 min,false,false,false,,not available: no views column in the CMS and no Search Console export,analyzed
206d0217-79f7-4606-95c3-6999e819ae63,wrangling-data-flows-vs-mapping-data-flows-in-adf,/blog/wrangling-data-flows-vs-mapping-data-flows-in-adf,Wrangling Data Flows vs Mapping Data Flows in ADF,published,azure-data-factory,Azure Data Factory,comparison,GloryTecks Team,glorytecks-team,3bbe4550-883d-4859-8188-29c88e22563e,2025-12-07,2025-12-07T00:00:00+00:00,2025-12-07,2026-09-18T14:37:07.161579+00:00,2026-09-18T14:37:07.161579+00:00,495,17,f8f0039a84df45823523b44682e79c2aa5a7b0e40462c3cad92d9682fe4e9099,posts/wrangling-data-flows-vs-mapping-data-flows-in-adf.json in the backup,"Wrangling Data Flows vs Mapping Data Flows in ADF — A clear, practical comparison to help you decide.",101,,Wrangling Data Flows vs Mapping Data Flows in ADF,49,"Wrangling Data Flows vs Mapping Data Flows in ADF — A clear, practical comparison to help you decide. Explained by GloryTecks Azure Data Factory mentors in Hyderabad.",166,Wrangling Data Flows vs Mapping Data Flows in ADF,"Wrangling Data Flows vs Mapping Data Flows in ADF — A clear, practical comparison to help you decide. Explained by GloryTecks Azure Data Factory mentors in Hyderabad.",,,/blog/wrangling-data-flows-vs-mapping-data-flows-in-adf (set by the page template),false,azure data factory; wrangling; data; flows; mapping,azure data factory; wrangling; data; flows; mapping,0,,0,,4,7 min,false,false,false,,not available: no views column in the CMS and no Search Console export,analyzed
9dfbfb82-193a-43f6-83f0-fa77b8145d0d,xgboost-explained-why-it-wins-kaggle-competitions,/blog/xgboost-explained-why-it-wins-kaggle-competitions,XGBoost Explained: Why It Wins Kaggle Competitions,published,data-science,Data Science,guide,Ravi Kumar,ravi-kumar,4fa1201f-a7aa-4e99-9cc2-b037e972a216,2026-01-10,2026-01-10T00:00:00+00:00,2026-02-21,2026-09-18T14:37:05.849802+00:00,2026-09-18T14:37:05.849802+00:00,672,26,933a667ec99fab71385db6fbe39343ea335b08fa1921570cb629ab7f27a3a1fa,posts/xgboost-explained-why-it-wins-kaggle-competitions.json in the backup,"XGBoost Explained: Why It Wins Kaggle Competitions — A practical, example-led guide you can apply right away.",109,,XGBoost Explained: Why It Wins Kaggle Competitions,50,"XGBoost Explained: Why It Wins Kaggle Competitions — A practical, example-led guide you can apply right away. Explained by GloryTecks Data Science mentors in Hyderabad.",168,XGBoost Explained: Why It Wins Kaggle Competitions,"XGBoost Explained: Why It Wins Kaggle Competitions — A practical, example-led guide you can apply right away. Explained by GloryTecks Data Science mentors in Hyderabad.",,,/blog/xgboost-explained-why-it-wins-kaggle-competitions (set by the page template),false,data science; xgboost; why; wins; kaggle,data science; xgboost; why; wins; kaggle,0,,0,,4,10 min,false,false,false,,not available: no views column in the CMS and no Search Console export,analyzed
