queue_rank,priority_band,priority_score,action,action_target,action_reason,action_gate,gsc_class,id,url,slug,title,category,kind,intent,topic,primary_question,audience,unique_purpose,supporting_topics,competing_pages,words,headings,paragraphs,lists,tables,code_blocks,faq_items,examples,practical,first_hand_evidence,first_person_claims,unsourced_claims,unique_ratio,template_ratio,sim_same_category_max,sim_same_category_mean,sim_same_category_nearest,sim_same_intent_max,sim_same_intent_nearest,raw_max,internal_links,external_links,authoritative_links,images,featured_image,author,author_is_team,author_url,date,updated,commercial_conflict,source_availability,official_source,meta_description_length,image_needed,image_type,image_description
1,P1,9,DEEP REWRITE,,Template body: 96% of its phrasing is shared with 10+ articles; 2% is its own.,None. Queue order in BLOG_REWRITE_QUEUE.csv.,unknown,9b5f372e-9d6e-4cd4-b32d-fc64c4881104,/blog/aws-roadmap-2026-for-data-engineers,aws-roadmap-2026-for-data-engineers,AWS Roadmap 2026 for Data Engineers,aws,roadmap,career,aws,"What should I learn, and in what order, to become job-ready in AWS for Data Engineers?",data engineers,"Answer ""What should I learn, and in what order, to become job-ready in AWS for Data Engineers?"" for data engineers, and hand readers who want structured training to /courses/data-engineering.",roadmap; data; engineers,,685,9,7,6,1,1,4,1,true,0,0,6,0.023,0.962,0.661,0.601,amazon-dynamodb-explained-for-beginners,0.662,gcp-roadmap-2026-for-data-engineers,0.642,0,0,0,0,false,Sneha Reddy,false,,2026-06-10,2026-06-15,,official-docs,AWS documentation <https://docs.aws.amazon.com/>,155,true,roadmap diagram,"Stage-by-stage diagram of the AWS Roadmap 2026 for Data Engineers learning path: each stage, the skills in it, and the proof (project) that closes it."
2,P1,9,DEEP REWRITE,,Template body: 96% of its phrasing is shared with 10+ articles; 3% is its own.,None. Queue order in BLOG_REWRITE_QUEUE.csv.,unknown,8515f2ba-8c71-43d8-afc6-e557b7d55ad7,/blog/azure-data-factory-roadmap-2026-a-complete-guide,azure-data-factory-roadmap-2026-a-complete-guide,Azure Data Factory Roadmap 2026: A Complete Guide,azure-data-factory,roadmap,career,azure data factory,"What should I learn, and in what order, to become job-ready in Azure Data Factory?",data engineers working on Azure,"Answer ""What should I learn, and in what order, to become job-ready in Azure Data Factory?"" for data engineers working on Azure, and hand readers who want structured training to /courses/data-engineering.",azure; data; factory; roadmap,,707,9,7,6,1,1,4,1,true,0,0,6,0.031,0.96,0.654,0.59,adf-control-flow-foreach-if-and-until-activities,0.654,how-to-become-an-azure-data-engineer-in-2026,0.631,0,0,0,0,false,Sneha Reddy,false,,2026-06-11,2026-06-11,,official-docs,Azure Data Factory documentation (Microsoft Learn) <https://learn.microsoft.com/en-us/azure/data-factory/>,184,true,roadmap diagram,"Stage-by-stage diagram of the Azure Data Factory Roadmap 2026 learning path: each stage, the skills in it, and the proof (project) that closes it."
3,P1,9,DEEP REWRITE,,Template body: 97% of its phrasing is shared with 10+ articles; 2% is its own.,None. Queue order in BLOG_REWRITE_QUEUE.csv.,unknown,2c35233c-ec5a-4439-891d-afb62ace4b4e,/blog/gcp-roadmap-2026-for-data-engineers,gcp-roadmap-2026-for-data-engineers,GCP Roadmap 2026 for Data Engineers,gcp,roadmap,career,gcp,"What should I learn, and in what order, to become job-ready in GCP for Data Engineers?",data engineers,"Answer ""What should I learn, and in what order, to become job-ready in GCP for Data Engineers?"" for data engineers, and hand readers who want structured training to /courses/data-engineering.",roadmap; data; engineers,,665,9,7,6,1,1,4,1,true,0,0,6,0.019,0.965,0.659,0.593,biglake-and-external-tables-in-bigquery,0.662,aws-roadmap-2026-for-data-engineers,0.652,0,0,0,0,false,Sneha Reddy,false,,2026-06-11,2026-06-11,,official-docs,Google Cloud documentation <https://cloud.google.com/docs>,155,true,roadmap diagram,"Stage-by-stage diagram of the GCP Roadmap 2026 for Data Engineers learning path: each stage, the skills in it, and the proof (project) that closes it."
4,P1,9,DEEP REWRITE,,Template body: 97% of its phrasing is shared with 10+ articles; 3% is its own.,None. Queue order in BLOG_REWRITE_QUEUE.csv.,unknown,92281b73-ee0d-43f7-b140-250bb2a84d7d,/blog/learn-python-from-scratch-a-complete-2026-roadmap,learn-python-from-scratch-a-complete-2026-roadmap,Learn Python from Scratch: A Complete 2026 Roadmap,python,roadmap,career,python scratch,"What should I learn, and in what order, to become job-ready in Learn Python from Scratch?",Python learners heading into data work,"Answer ""What should I learn, and in what order, to become job-ready in Learn Python from Scratch?"" for Python learners heading into data work, and hand readers who want structured training to /courses/python-programming.",learn; roadmap,,648,9,7,6,1,1,4,1,true,0,0,6,0.03,0.966,0.652,0.6,async-programming-in-python-asyncio-explained,0.631,from-power-bi-beginner-to-developer-a-career-roadmap,0.63,0,0,0,0,false,Ravi Kumar,false,,2026-06-14,2026-06-14,,official-docs,Python documentation <https://docs.python.org/3/>,173,true,roadmap diagram,"Stage-by-stage diagram of the Learn Python from Scratch learning path: each stage, the skills in it, and the proof (project) that closes it."
5,P1,9,DEEP REWRITE,,Template body: 96% of its phrasing is shared with 10+ articles; 0% is its own.,None. Queue order in BLOG_REWRITE_QUEUE.csv.,unknown,3853b6b3-ba0e-47b1-954f-99318e3d6e7c,/blog/power-bi-roadmap-2026-from-beginner-to-job-ready,power-bi-roadmap-2026-from-beginner-to-job-ready,Power BI Roadmap 2026: From Beginner to Job-Ready,power-bi,roadmap,career,power bi,"What should I learn, and in what order, to become job-ready in Power BI?",analysts building Power BI reports,"Answer ""What should I learn, and in what order, to become job-ready in Power BI?"" for analysts building Power BI reports, and hand readers who want structured training to /courses/power-bi.",power; roadmap; beginner; job,,695,9,7,6,1,1,4,1,true,0,0,6,0,0.96,1,0.615,from-power-bi-beginner-to-developer-a-career-roadmap,1,from-power-bi-beginner-to-developer-a-career-roadmap,0.954,0,0,0,0,false,Arjun Nair,false,,2026-06-13,2026-06-13,,official-docs,Power BI documentation (Microsoft Learn) <https://learn.microsoft.com/en-us/power-bi/>,174,true,roadmap diagram,"Stage-by-stage diagram of the Power BI Roadmap 2026 learning path: each stage, the skills in it, and the proof (project) that closes it."
6,P1,8,DEEP REWRITE,,Template body: 96% of its phrasing is shared with 10+ articles; 0% is its own.,None. Queue order in BLOG_REWRITE_QUEUE.csv.,unknown,d4e69b05-c67e-4356-875b-a353ec336620,/blog/data-analyst-roadmap-2026-skills-tools-and-timeline,data-analyst-roadmap-2026-skills-tools-and-timeline,"Data Analyst Roadmap 2026: Skills, Tools and Timeline",data-analytics,roadmap,career,data analytics,"What should I learn, and in what order, to become job-ready in Data Analyst?",aspiring and junior data analysts,"Answer ""What should I learn, and in what order, to become job-ready in Data Analyst?"" for aspiring and junior data analysts, and hand readers who want structured training to /courses/data-analytics.",data; analyst; roadmap; skills,/blog/how-to-become-a-data-analyst-with-no-experience,668,9,7,6,1,1,4,1,true,0,0,6,0,0.964,1,0.611,data-analytics-roadmap-for-non-tech-backgrounds,1,data-analytics-roadmap-for-non-tech-backgrounds,0.959,0,0,0,0,false,Arjun Nair,false,,2026-06-13,2026-06-15,,market-data,,184,true,roadmap diagram,"Stage-by-stage diagram of the Data Analyst Roadmap 2026 learning path: each stage, the skills in it, and the proof (project) that closes it."
7,P1,8,DEEP REWRITE,,Template body: 96% of its phrasing is shared with 10+ articles; 0% is its own.,None. Queue order in BLOG_REWRITE_QUEUE.csv.,unknown,fe0843d2-54f6-4334-beef-58606bd4d1ef,/blog/data-engineering-roadmap-2026-a-complete-guide,data-engineering-roadmap-2026-a-complete-guide,Data Engineering Roadmap 2026: A Complete Guide,data-engineering,roadmap,career,data engineering,"What should I learn, and in what order, to become job-ready in Data Engineering?",aspiring and junior data engineers,"Answer ""What should I learn, and in what order, to become job-ready in Data Engineering?"" for aspiring and junior data engineers, and hand readers who want structured training to /courses/data-engineering.",data; engineering; roadmap,/blog/how-to-become-a-data-engineer-in-2026,675,9,7,6,1,1,4,1,true,0,0,6,0,0.964,1,0.576,from-backend-developer-to-data-engineer-a-roadmap,1,from-backend-developer-to-data-engineer-a-roadmap,0.957,0,0,0,0,false,Sneha Reddy,false,,2026-06-12,2026-06-15,,market-data,,180,true,roadmap diagram,"Stage-by-stage diagram of the Data Engineering Roadmap 2026 learning path: each stage, the skills in it, and the proof (project) that closes it."
8,P1,8,DEEP REWRITE,,Template body: 97% of its phrasing is shared with 10+ articles; 0% is its own.,None. Queue order in BLOG_REWRITE_QUEUE.csv.,unknown,4423b7cc-2752-439e-8a78-60746423e95a,/blog/data-science-roadmap-2026-a-complete-step-by-step-guide,data-science-roadmap-2026-a-complete-step-by-step-guide,Data Science Roadmap 2026: A Complete Step-by-Step Guide,data-science,roadmap,career,data science step-by-step,"What should I learn, and in what order, to become job-ready in Data Science?",learners and junior data scientists,"Answer ""What should I learn, and in what order, to become job-ready in Data Science?"" for learners and junior data scientists, and hand readers who want structured training to /courses/data-science.",data; science; roadmap,,673,9,7,6,1,1,4,1,true,0,0,6,0,0.966,1,0.632,from-data-analyst-to-data-scientist-a-transition-roadmap,1,from-data-analyst-to-data-scientist-a-transition-roadmap,0.959,0,0,0,0,false,Ravi Kumar,false,,2026-06-15,2026-06-15,,market-data,,185,true,roadmap diagram,"Stage-by-stage diagram of the Data Science Roadmap 2026 learning path: each stage, the skills in it, and the proof (project) that closes it."
9,P1,8,DEEP REWRITE,,Template body: 97% of its phrasing is shared with 10+ articles; 0% is its own.,None. Queue order in BLOG_REWRITE_QUEUE.csv.,unknown,6ad8f279-59f2-4b4c-a8a8-d68b1486938c,/blog/mlops-roadmap-2026-skills-tools-and-career-path,mlops-roadmap-2026-skills-tools-and-career-path,"MLOps Roadmap 2026: Skills, Tools and Career Path",mlops,roadmap,career,mlops,"What should I learn, and in what order, to become job-ready in MLOps?",data scientists and engineers moving models to production,"Answer ""What should I learn, and in what order, to become job-ready in MLOps?"" for data scientists and engineers moving models to production, and hand readers who want structured training to /courses/mlops.",roadmap; skills; tools,,669,9,7,6,1,1,4,1,true,0,0,6,0,0.967,1,0.623,from-data-scientist-to-mlops-engineer-a-roadmap,1,from-data-scientist-to-mlops-engineer-a-roadmap,0.957,0,0,0,0,false,Sneha Reddy,false,,2026-06-12,2026-06-12,,market-data,,171,true,roadmap diagram,"Stage-by-stage diagram of the MLOps Roadmap 2026 learning path: each stage, the skills in it, and the proof (project) that closes it."
10,P1,8,DEEP REWRITE,,Template body: 76% of its phrasing is shared with 10+ articles; 6% is its own.,None. Queue order in BLOG_REWRITE_QUEUE.csv.,unknown,d8136654-8ef6-4165-adbb-e7ef90167d60,/blog/what-is-generative-ai-a-complete-beginner-s-guide,what-is-generative-ai-a-complete-beginner-s-guide,What Is Generative AI? A Complete Beginner's Guide,generative-ai,whatis,informational,generative ai,What Is Generative AI? A Complete Beginner's Guide?,developers building with LLMs,"Answer ""What Is Generative AI? A Complete Beginner's Guide?"" for developers building with LLMs, and hand readers who want structured training to /courses/gen-ai.",generative; beginner,,489,6,7,2,0,1,4,1,true,0,0,3,0.063,0.763,0.605,0.503,fine-tuning-vs-rag-which-should-you-choose,0.629,what-is-mlops-devops-for-machine-learning-explained,0.578,0,0,0,0,false,Ravi Kumar,false,,2026-06-14,2026-06-14,,none-identified,,178,true,concept diagram,"One diagram that explains the central idea of ""What Is Generative AI? A Complete Beginner's Guide"" — the parts and how they relate."
11,P1,7,DEEP REWRITE,,Template body: 97% of its phrasing is shared with 10+ articles; 3% is its own.,None. Queue order in BLOG_REWRITE_QUEUE.csv.,unknown,4fdd5dcf-a04d-4174-a9e6-db0d5f2bc974,/blog/agentic-ai-roadmap-2026-from-prompts-to-autonomous-systems,agentic-ai-roadmap-2026-from-prompts-to-autonomous-systems,Agentic AI Roadmap 2026: From Prompts to Autonomous Systems,generative-ai,roadmap,career,agentic ai prompts autonomous systems,"What should I learn, and in what order, to become job-ready in Agentic AI?",developers building with LLMs,"Answer ""What should I learn, and in what order, to become job-ready in Agentic AI?"" for developers building with LLMs, and hand readers who want structured training to /courses/gen-ai.",agentic; roadmap; prompts; autonomous,,694,9,7,6,1,1,4,1,true,0,0,6,0.031,0.965,0.66,0.613,ai-agents-guide-how-autonomous-agents-actually-work,0.66,how-to-become-a-generative-ai-engineer-in-2026,0.639,0,0,0,0,false,GloryTecks Team,true,,2026-04-21,2026-04-21,,market-data,,189,true,roadmap diagram,"Stage-by-stage diagram of the Agentic AI Roadmap 2026 learning path: each stage, the skills in it, and the proof (project) that closes it."
12,P1,7,DEEP REWRITE,,Template body: 97% of its phrasing is shared with 10+ articles; 0% is its own.,None. Queue order in BLOG_REWRITE_QUEUE.csv.,unknown,991b639c-cd14-482b-8edb-8bc85ac78946,/blog/career-switch-to-data-science-a-realistic-roadmap,career-switch-to-data-science-a-realistic-roadmap,Career Switch to Data Science: A Realistic Roadmap,career-guidance,roadmap,career,switch data science realistic,"What should I learn, and in what order, to become job-ready in Career Switch to Data Science?",freshers and career switchers into data roles,"Answer ""What should I learn, and in what order, to become job-ready in Career Switch to Data Science?"" for freshers and career switchers into data roles, and hand readers who want structured training to /courses/data-science.",career; switch; data; science,,635,9,6,6,1,0,4,0,true,0,0,6,0,0.965,1,0.629,career-roadmap-analyst-to-scientist-to-lead,1,career-roadmap-analyst-to-scientist-to-lead,0.96,0,0,0,0,false,GloryTecks Team,true,,2026-05-23,2026-05-23,,market-data,,182,true,roadmap diagram,"Stage-by-stage diagram of the Career Switch to Data Science learning path: each stage, the skills in it, and the proof (project) that closes it."
13,P1,7,DEEP REWRITE,,Template body: 100% of its phrasing is shared with 10+ articles; 0% is its own.,None. Queue order in BLOG_REWRITE_QUEUE.csv.,unknown,c2a710dd-db6f-4119-b844-59bd08f77282,/blog/langgraph-tutorial-building-stateful-ai-agents,langgraph-tutorial-building-stateful-ai-agents,LangGraph Tutorial: Building Stateful AI Agents,generative-ai,guide,tutorial,langgraph building stateful ai agent,"How does LangGraph Tutorial work, and how do I apply it in practice?",developers building with LLMs,"Answer ""How does LangGraph Tutorial work, and how do I apply it in practice?"" for developers building with LLMs, and hand readers who want structured training to /courses/gen-ai.",langgraph; tutorial; building; stateful,/blog/building-ai-agents-with-langgraph-a-hands-on-tutorial,686,8,8,5,1,1,4,1,true,0,0,6,0,1,1,0.897,ai-agents-guide-how-autonomous-agents-actually-work,1,ai-agents-guide-how-autonomous-agents-actually-work,0.967,0,0,0,0,false,Ravi Kumar,false,,2026-05-21,2026-05-21,,official-docs,LangGraph documentation <https://langchain-ai.github.io/langgraph/>,166,true,architecture diagram,"Diagram of the components in ""LangGraph Tutorial"" and how data or requests flow between them."
14,P1,7,DEEP REWRITE,,Template body: 97% of its phrasing is shared with 10+ articles; 0% is its own.,None. Queue order in BLOG_REWRITE_QUEUE.csv.,unknown,ce868598-2bb0-47b5-831c-bab2ebb0888d,/blog/machine-learning-roadmap-for-beginners-in-2026,machine-learning-roadmap-for-beginners-in-2026,Machine Learning Roadmap for Beginners in 2026,data-science,roadmap,career,machine learning,"What should I learn, and in what order, to become job-ready in Machine Learning for Beginners?",beginners,"Answer ""What should I learn, and in what order, to become job-ready in Machine Learning for Beginners?"" for beginners, and hand readers who want structured training to /courses/data-science.",machine; learning; roadmap; beginners,,675,9,7,6,1,1,4,1,true,0,0,6,0,0.966,1,0.632,data-science-roadmap-2026-a-complete-step-by-step-guide,1,data-science-roadmap-2026-a-complete-step-by-step-guide,0.97,0,0,0,0,false,Ravi Kumar,false,,2026-05-22,2026-06-09,,market-data,,175,true,roadmap diagram,"Stage-by-stage diagram of the Machine Learning Roadmap for Beginners in 2026 learning path: each stage, the skills in it, and the proof (project) that closes it."
15,P1,7,DEEP REWRITE,,Template body: 98% of its phrasing is shared with 10+ articles; 1% is its own.,None. Queue order in BLOG_REWRITE_QUEUE.csv.,unknown,e945f187-a5cc-4167-942d-b0b3c77adfa8,/blog/power-bi-projects-to-build-for-your-portfolio,power-bi-projects-to-build-for-your-portfolio,Power BI Projects to Build for Your Portfolio,power-bi,projects,project,power bi build,"Which Power BI to Build for Your Portfolio projects show employers real skill, and how do I build them?",analysts building Power BI reports,"Answer ""Which Power BI to Build for Your Portfolio projects show employers real skill, and how do I build them?"" for analysts building Power BI reports, and hand readers who want structured training to /courses/power-bi.",power; projects; build; portfolio,,583,7,4,5,0,1,4,1,true,0,0,3,0.007,0.98,0.524,0.506,aggregations-in-power-bi-for-large-datasets,0.706,how-to-structure-a-python-project-the-right-way,0.591,0,0,0,0,false,GloryTecks Team,true,,2026-05-26,2026-05-26,,official-docs,Power BI documentation (Microsoft Learn) <https://learn.microsoft.com/en-us/power-bi/>,168,true,architecture diagram,"Architecture sketch of one project from ""Power BI Projects to Build for Your Portfolio"": data source, processing steps, output."
16,P1,7,DEEP REWRITE,,Template body: 99% of its phrasing is shared with 10+ articles; 0% is its own.,None. Queue order in BLOG_REWRITE_QUEUE.csv.,unknown,aff911c7-72df-41df-9000-e5988f91a683,/blog/python-projects-for-beginners-15-ideas-to-build,python-projects-for-beginners-15-ideas-to-build,Python Projects for Beginners: 15 Ideas to Build,python,projects,project,python build,"Which Python for Beginners projects show employers real skill, and how do I build them?",beginners,"Answer ""Which Python for Beginners projects show employers real skill, and how do I build them?"" for beginners, and hand readers who want structured training to /courses/python-programming.",projects; beginners; ideas,,553,7,4,5,0,1,4,1,true,0,0,3,0,0.988,1,0.553,how-to-structure-a-python-project-the-right-way,1,how-to-structure-a-python-project-the-right-way,0.951,0,0,0,0,false,GloryTecks Team,true,,2026-05-27,2026-05-27,,official-docs,Python documentation <https://docs.python.org/3/>,169,true,architecture diagram,"Architecture sketch of one project from ""Python Projects for Beginners"": data source, processing steps, output."
17,P1,7,DEEP REWRITE,,Template body: 100% of its phrasing is shared with 10+ articles; 0% is its own.,None. Queue order in BLOG_REWRITE_QUEUE.csv.,unknown,7b6eac4b-442b-49d6-b36a-e9b17a16fc59,/blog/sql-interview-questions-top-50-with-answers,sql-interview-questions-top-50-with-answers,SQL Interview Questions: Top 50 with Answers,interview-questions,interview,interview,sql,"What does an interviewer ask about SQL, and what does a strong answer contain?",candidates preparing for data interviews,"Answer ""What does an interviewer ask about SQL, and what does a strong answer contain?"" for candidates preparing for data interviews, and hand readers who want structured training to /courses/data-science.",sql; interview; questions; answers,,515,4,3,2,0,0,9,0,true,0,0,3,0,1,1,0.985,azure-data-factory-adf-interview-questions,1,azure-data-factory-adf-interview-questions,0.969,0,0,0,0,false,Priya Sharma,false,,2026-06-09,2026-06-09,,official-docs,PostgreSQL documentation (SQL reference) <https://www.postgresql.org/docs/current/>,178,false,none,No image needed; the value is in the questions and answers. Optional: one diagram for the hardest concept explained.
18,P2,6,DEEP REWRITE,,Template body: 100% of its phrasing is shared with 10+ articles; 0% is its own.,None. Queue order in BLOG_REWRITE_QUEUE.csv.,unknown,fb36b6b8-8d57-43ad-a1c6-1961da1d47d3,/blog/aws-interview-questions-for-data-engineers,aws-interview-questions-for-data-engineers,AWS Interview Questions for Data Engineers,interview-questions,interview,interview,aws,"What does an interviewer ask about AWS for Data Engineers, and what does a strong answer contain?",data engineers,"Answer ""What does an interviewer ask about AWS for Data Engineers, and what does a strong answer contain?"" for data engineers, and hand readers who want structured training to /courses/data-science.",aws; interview; questions; data,/blog/aws-interview-questions-for-data-engineers-2,517,4,3,2,0,0,9,0,true,0,0,3,0.002,0.998,0.998,0.983,azure-data-factory-adf-interview-questions,0.998,azure-data-factory-adf-interview-questions,0.991,0,0,0,0,false,Priya Sharma,false,,2026-05-16,2026-05-16,,official-docs,AWS documentation <https://docs.aws.amazon.com/>,176,false,none,No image needed; the value is in the questions and answers. Optional: one diagram for the hardest concept explained.
19,P2,6,DEEP REWRITE,,Template body: 99% of its phrasing is shared with 10+ articles; 0% is its own.,None. Queue order in BLOG_REWRITE_QUEUE.csv.,unknown,f6042b0b-7118-4f5c-85e3-ba84aaf52efd,/blog/data-science-projects-for-freshers-12-ideas-with-datasets,data-science-projects-for-freshers-12-ideas-with-datasets,Data Science Projects for Freshers: 12 Ideas with Datasets,data-science,projects,project,data science datasets,"Which Data Science for Freshers projects show employers real skill, and how do I build them?",freshers,"Answer ""Which Data Science for Freshers projects show employers real skill, and how do I build them?"" for freshers, and hand readers who want structured training to /courses/data-science.",data; science; projects; freshers,,571,7,4,5,0,1,4,1,true,0,0,3,0,0.988,1,0.52,end-to-end-machine-learning-project-a-complete-walkthrough,1,end-to-end-machine-learning-project-a-complete-walkthrough,0.944,0,0,0,0,false,GloryTecks Team,true,,2026-05-28,2026-06-15,,none-identified,,185,true,architecture diagram,"Architecture sketch of one project from ""Data Science Projects for Freshers"": data source, processing steps, output."
20,P2,6,DEEP REWRITE,,Template body: 96% of its phrasing is shared with 10+ articles; 0% is its own.,None. Queue order in BLOG_REWRITE_QUEUE.csv.,unknown,6b381aa5-df4b-4d95-bc0f-8f497ab9d6b9,/blog/from-backend-developer-to-data-engineer-a-roadmap,from-backend-developer-to-data-engineer-a-roadmap,From Backend Developer to Data Engineer: A Roadmap,data-engineering,roadmap,career,backend development data engineering,"What should I learn, and in what order, to become job-ready in From Backend Developer to Data Engineer?",aspiring and junior data engineers,"Answer ""What should I learn, and in what order, to become job-ready in From Backend Developer to Data Engineer?"" for aspiring and junior data engineers, and hand readers who want structured training to /courses/data-engineering.",backend; developer; data; engineer,,678,9,7,6,1,1,4,1,true,0,0,6,0,0.964,1,0.576,data-engineering-roadmap-2026-a-complete-guide,1,data-engineering-roadmap-2026-a-complete-guide,0.957,0,0,0,0,false,GloryTecks Team,true,,2025-09-15,2025-10-21,,market-data,,183,true,roadmap diagram,"Stage-by-stage diagram of the From Backend Developer to Data Engineer learning path: each stage, the skills in it, and the proof (project) that closes it."
21,P2,6,DEEP REWRITE,,Template body: 96% of its phrasing is shared with 10+ articles; 0% is its own.,None. Queue order in BLOG_REWRITE_QUEUE.csv.,unknown,fca531a3-6371-45e7-befe-406c31611d94,/blog/from-power-bi-beginner-to-developer-a-career-roadmap,from-power-bi-beginner-to-developer-a-career-roadmap,From Power BI Beginner to Developer: A Career Roadmap,power-bi,roadmap,career,power bi development,"What should I learn, and in what order, to become job-ready in From Power BI Beginner to Developer?",analysts building Power BI reports,"Answer ""What should I learn, and in what order, to become job-ready in From Power BI Beginner to Developer?"" for analysts building Power BI reports, and hand readers who want structured training to /courses/power-bi.",power; beginner; developer; career,,698,9,7,6,1,1,4,1,true,0,0,6,0,0.96,1,0.615,power-bi-roadmap-2026-from-beginner-to-job-ready,1,power-bi-roadmap-2026-from-beginner-to-job-ready,0.954,0,0,0,0,false,GloryTecks Team,true,,2025-08-23,2025-08-23,,official-docs,Power BI documentation (Microsoft Learn) <https://learn.microsoft.com/en-us/power-bi/>,178,true,roadmap diagram,"Stage-by-stage diagram of the From Power BI Beginner to Developer learning path: each stage, the skills in it, and the proof (project) that closes it."
22,P2,6,DEEP REWRITE,,Template body: 95% of its phrasing is shared with 10+ articles; 3% is its own.,None. Queue order in BLOG_REWRITE_QUEUE.csv.,unknown,d408360e-e966-4639-8d1f-970d98651d15,/blog/power-bi-interview-questions-top-40-with-answers,power-bi-interview-questions-top-40-with-answers,Power BI Interview Questions: Top 40 with Answers,power-bi,interview,interview,power bi,"What does an interviewer ask about Power BI, and what does a strong answer contain?",analysts building Power BI reports,"Answer ""What does an interviewer ask about Power BI, and what does a strong answer contain?"" for analysts building Power BI reports, and hand readers who want structured training to /courses/power-bi.",power; interview; questions; answers,/blog/power-bi-interview-questions-with-detailed-answers,544,4,4,2,0,1,9,1,true,0,0,3,0.032,0.946,0.446,0.385,power-bi-vs-excel-when-to-use-each-tool,0.746,python-interview-questions-top-50-with-answers,0.649,0,0,0,0,false,Arjun Nair,false,,2026-05-20,2026-05-20,,official-docs,Power BI documentation (Microsoft Learn) <https://learn.microsoft.com/en-us/power-bi/>,172,false,none,No image needed; the value is in the questions and answers. Optional: one diagram for the hardest concept explained.
23,P2,6,DEEP REWRITE,/blog/python-interview-questions-top-50-with-answers,"Phase 3 REWRITE INTENT: Keep the general Python set as owner. The ""for data roles"" post becomes standard-library coding tasks from data interviews (Phase 4 pilot rewrite, awaiting review); pandas and NumPy questions already have their own posts.",Rewrite to a distinct intent; link to the owner.,unknown,8f3e6cc3-851a-459f-a821-c64d9dd4de2a,/blog/python-interview-questions-for-data-roles,python-interview-questions-for-data-roles,Python Interview Questions for Data Roles,interview-questions,interview,interview,python,"What does an interviewer ask about Python for Data Roles, and what does a strong answer contain?",data roles,"Answer ""What does an interviewer ask about Python for Data Roles, and what does a strong answer contain?"" for data roles, and hand readers who want structured training to /courses/data-science.",python; interview; questions; data,/blog/python-interview-questions-top-50-with-answers,517,4,3,2,0,0,9,0,true,0,0,3,0.002,0.998,0.998,0.983,azure-data-factory-adf-interview-questions,0.998,azure-data-factory-adf-interview-questions,0.991,0,0,0,0,false,Ravi Kumar,false,,2026-06-03,2026-06-03,,official-docs,Python documentation <https://docs.python.org/3/>,175,false,none,No image needed; the value is in the questions and answers. Optional: one diagram for the hardest concept explained.
24,P2,6,DEEP REWRITE,,Template body: 95% of its phrasing is shared with 10+ articles; 2% is its own.,None. Queue order in BLOG_REWRITE_QUEUE.csv.,unknown,4bb37f3e-673c-4d3a-994c-64d3d057831b,/blog/python-interview-questions-top-50-with-answers,python-interview-questions-top-50-with-answers,Python Interview Questions: Top 50 with Answers,python,interview,interview,python,"What does an interviewer ask about Python, and what does a strong answer contain?",Python learners heading into data work,"Answer ""What does an interviewer ask about Python, and what does a strong answer contain?"" for Python learners heading into data work, and hand readers who want structured training to /courses/python-programming.",interview; questions; answers,/blog/python-interview-questions-for-data-roles,524,4,4,2,0,1,9,1,true,0,0,3,0.021,0.947,0.443,0.388,python-decorators-vs-context-managers-when-to-use-each,0.746,power-bi-interview-questions-top-40-with-answers,0.662,0,0,0,0,false,GloryTecks Team,true,,2026-06-08,2026-06-08,,official-docs,Python documentation <https://docs.python.org/3/>,168,false,none,No image needed; the value is in the questions and answers. Optional: one diagram for the hardest concept explained.
25,P2,5,DEEP REWRITE,,Template body: 100% of its phrasing is shared with 10+ articles; 0% is its own.,None. Queue order in BLOG_REWRITE_QUEUE.csv.,unknown,f4eb72db-c920-47bb-a8f1-e5dc195ae0c4,/blog/adf-pipelines-explained-building-your-first-pipeline,adf-pipelines-explained-building-your-first-pipeline,ADF Pipelines Explained: Building Your First Pipeline,azure-data-factory,guide,tutorial,azure data factory pipeline building,"What is ADF Pipelines, and how does it work?",data engineers working on Azure,"Answer ""What is ADF Pipelines, and how does it work?"" for data engineers working on Azure, and hand readers who want structured training to /courses/data-engineering.",adf; pipelines; building; first,/blog/building-an-etl-pipeline-with-adf-step-by-step,702,8,8,5,1,1,4,1,true,0,0,6,0,1,1,0.864,adf-control-flow-foreach-if-and-until-activities,1,adf-control-flow-foreach-if-and-until-activities,0.959,0,0,0,0,false,GloryTecks Team,true,,2026-06-05,2026-06-05,,official-docs,Azure Data Factory documentation (Microsoft Learn) <https://learn.microsoft.com/en-us/azure/data-factory/>,177,true,architecture diagram,"Diagram of the components in ""ADF Pipelines Explained"" and how data or requests flow between them."
26,P2,5,DEEP REWRITE,,Template body: 100% of its phrasing is shared with 10+ articles; 0% is its own.,None. Queue order in BLOG_REWRITE_QUEUE.csv.,unknown,34d19c0e-ed5b-4d89-aa3c-b316a1043bcf,/blog/amazon-ec2-explained-instances-types-and-pricing,amazon-ec2-explained-instances-types-and-pricing,"Amazon EC2 Explained: Instances, Types and Pricing",aws,guide,tutorial,amazon ec2 instances types pricing,"What is Amazon EC2, and how does it work?",data engineers working on AWS,"Answer ""What is Amazon EC2, and how does it work?"" for data engineers working on AWS, and hand readers who want structured training to /courses/data-engineering.",amazon; ec2; instances; types,,679,8,8,5,1,1,4,1,true,0,0,6,0,1,1,0.873,amazon-dynamodb-explained-for-beginners,1,amazon-dynamodb-explained-for-beginners,0.962,0,0,0,0,false,Sneha Reddy,false,,2026-05-29,2026-06-15,,official-docs,AWS documentation <https://docs.aws.amazon.com/>,159,true,concept diagram,"One diagram that explains the central idea of ""Amazon EC2 Explained"" — the parts and how they relate."
27,P2,5,DEEP REWRITE,,Template body: 100% of its phrasing is shared with 10+ articles; 0% is its own.,None. Queue order in BLOG_REWRITE_QUEUE.csv.,unknown,3a84fe40-cddb-42a3-9f22-25f5aa574716,/blog/amazon-s3-explained-storage-classes-and-best-practices,amazon-s3-explained-storage-classes-and-best-practices,"Amazon S3 Explained: Storage, Classes and Best Practices",aws,guide,tutorial,amazon s3 storage classes practices,"What is Amazon S3, and how does it work?",data engineers working on AWS,"Answer ""What is Amazon S3, and how does it work?"" for data engineers working on AWS, and hand readers who want structured training to /courses/data-engineering.",amazon; storage; classes; best,,680,8,8,5,1,1,4,1,true,0,0,6,0,1,1,0.873,amazon-dynamodb-explained-for-beginners,1,amazon-dynamodb-explained-for-beginners,0.96,0,0,0,0,false,GloryTecks Team,true,,2026-06-04,2026-06-15,,official-docs,Amazon S3 User Guide <https://docs.aws.amazon.com/AmazonS3/latest/userguide/>,165,true,architecture diagram,"Diagram of the components in ""Amazon S3 Explained"" and how data or requests flow between them."
28,P2,5,DEEP REWRITE,,Template body: 98% of its phrasing is shared with 10+ articles; 1% is its own.,None. Queue order in BLOG_REWRITE_QUEUE.csv.,unknown,ae7ae544-c4d7-4f2f-a428-85af7acecd27,/blog/aws-data-engineering-projects-for-your-portfolio,aws-data-engineering-projects-for-your-portfolio,AWS Data Engineering Projects for Your Portfolio,aws,projects,project,aws data engineering,"Which AWS Data Engineering for Your Portfolio projects show employers real skill, and how do I build them?",data engineers working on AWS,"Answer ""Which AWS Data Engineering for Your Portfolio projects show employers real skill, and how do I build them?"" for data engineers working on AWS, and hand readers who want structured training to /courses/data-engineering.",data; engineering; projects,,571,7,4,5,0,1,4,1,true,0,0,3,0.011,0.98,0.53,0.507,amazon-dynamodb-explained-for-beginners,0.719,gcp-data-engineering-projects-for-your-portfolio,0.644,0,0,0,0,false,Sneha Reddy,false,,2025-09-07,2025-09-18,,official-docs,AWS documentation <https://docs.aws.amazon.com/>,166,true,architecture diagram,"Architecture sketch of one project from ""AWS Data Engineering Projects for Your Portfolio"": data source, processing steps, output."
29,P2,5,DEEP REWRITE,,Template body: 100% of its phrasing is shared with 10+ articles; 0% is its own.,None. Queue order in BLOG_REWRITE_QUEUE.csv.,unknown,b02836b8-0ec5-4cbd-83fc-31b420215099,/blog/aws-glue-tutorial-serverless-etl-on-aws,aws-glue-tutorial-serverless-etl-on-aws,AWS Glue Tutorial: Serverless ETL on AWS,aws,guide,tutorial,aws glue serverless etl,"How does AWS Glue Tutorial work, and how do I apply it in practice?",data engineers working on AWS,"Answer ""How does AWS Glue Tutorial work, and how do I apply it in practice?"" for data engineers working on AWS, and hand readers who want structured training to /courses/data-engineering.",glue; tutorial; serverless,,679,8,8,5,1,1,4,1,true,0,0,6,0,1,1,0.873,amazon-dynamodb-explained-for-beginners,1,amazon-dynamodb-explained-for-beginners,0.964,0,0,0,0,false,Sneha Reddy,false,,2026-05-17,2026-06-13,,official-docs,AWS Glue Developer Guide <https://docs.aws.amazon.com/glue/latest/dg/>,149,true,architecture diagram,"Diagram of the components in ""AWS Glue Tutorial"" and how data or requests flow between them."
30,P2,5,DEEP REWRITE,,Template body: 100% of its phrasing is shared with 10+ articles; 0% is its own.,None. Queue order in BLOG_REWRITE_QUEUE.csv.,unknown,fb486884-17a7-4d47-94a8-a1f8ba948646,/blog/aws-lambda-explained-serverless-for-beginners,aws-lambda-explained-serverless-for-beginners,AWS Lambda Explained: Serverless for Beginners,aws,guide,tutorial,aws lambda serverless,"What is AWS Lambda, and how does it work?",beginners,"Answer ""What is AWS Lambda, and how does it work?"" for beginners, and hand readers who want structured training to /courses/data-engineering.",lambda; serverless; beginners,,678,8,8,5,1,1,4,1,true,0,0,6,0,1,1,0.873,amazon-dynamodb-explained-for-beginners,1,amazon-dynamodb-explained-for-beginners,0.964,0,0,0,0,false,GloryTecks Team,true,,2026-05-23,2026-06-07,,official-docs,AWS documentation <https://docs.aws.amazon.com/>,155,true,concept diagram,"One diagram that explains the central idea of ""AWS Lambda Explained"" — the parts and how they relate."
31,P2,5,DEEP REWRITE,,Template body: 98% of its phrasing is shared with 10+ articles; 0% is its own.,None. Queue order in BLOG_REWRITE_QUEUE.csv.,unknown,607d2e22-650a-4f39-93ed-e5f6a2167825,/blog/azure-data-engineering-projects-for-your-portfolio,azure-data-engineering-projects-for-your-portfolio,Azure Data Engineering Projects for Your Portfolio,azure-data-factory,projects,project,azure data engineering,"Which Azure Data Engineering for Your Portfolio projects show employers real skill, and how do I build them?",data engineers working on Azure,"Answer ""Which Azure Data Engineering for Your Portfolio projects show employers real skill, and how do I build them?"" for data engineers working on Azure, and hand readers who want structured training to /courses/data-engineering.",azure; data; engineering; projects,,591,7,4,5,0,1,4,1,true,0,0,3,0.005,0.982,0.524,0.5,adf-control-flow-foreach-if-and-until-activities,0.685,gcp-data-engineering-projects-for-your-portfolio,0.629,0,0,0,0,false,GloryTecks Team,true,,2025-09-02,2025-09-02,,official-docs,Azure Data Factory documentation (Microsoft Learn) <https://learn.microsoft.com/en-us/azure/data-factory/>,183,true,architecture diagram,"Architecture sketch of one project from ""Azure Data Engineering Projects for Your Portfolio"": data source, processing steps, output."
32,P2,5,DEEP REWRITE,,Template body: 100% of its phrasing is shared with 10+ articles; 0% is its own.,None. Queue order in BLOG_REWRITE_QUEUE.csv.,unknown,a6054653-d331-4113-a56e-ec3299744386,/blog/bigquery-explained-google-s-serverless-data-warehouse,bigquery-explained-google-s-serverless-data-warehouse,BigQuery Explained: Google's Serverless Data Warehouse,gcp,guide,tutorial,bigquery google serverless data warehouse,"What is BigQuery, and how does it work?",data engineers working on Google Cloud,"Answer ""What is BigQuery, and how does it work?"" for data engineers working on Google Cloud, and hand readers who want structured training to /courses/data-engineering.",bigquery; google; serverless; data,,656,8,8,5,1,1,4,1,true,0,0,6,0,1,1,0.862,biglake-and-external-tables-in-bigquery,1,biglake-and-external-tables-in-bigquery,0.97,0,0,0,0,false,GloryTecks Team,true,,2026-06-05,2026-06-05,,official-docs,BigQuery documentation <https://cloud.google.com/bigquery/docs>,163,true,architecture diagram,"Diagram of the components in ""BigQuery Explained"" and how data or requests flow between them."
33,P2,5,DEEP REWRITE,,Template body: 100% of its phrasing is shared with 10+ articles; 0% is its own.,None. Queue order in BLOG_REWRITE_QUEUE.csv.,unknown,2ea9a851-4aa0-4556-98b2-7fde44c6c725,/blog/bigquery-interview-questions-and-answers,bigquery-interview-questions-and-answers,BigQuery Interview Questions and Answers,interview-questions,interview,interview,bigquery,"What does an interviewer ask about BigQuery, and what does a strong answer contain?",candidates preparing for data interviews,"Answer ""What does an interviewer ask about BigQuery, and what does a strong answer contain?"" for candidates preparing for data interviews, and hand readers who want structured training to /courses/data-science.",bigquery; interview; questions; answers,,515,4,3,2,0,0,9,0,true,0,0,3,0.002,0.998,0.998,0.983,azure-data-factory-adf-interview-questions,0.998,azure-data-factory-adf-interview-questions,0.991,0,0,0,0,false,Ravi Kumar,false,,2026-01-22,2026-01-22,,official-docs,BigQuery documentation <https://cloud.google.com/bigquery/docs>,174,false,none,No image needed; the value is in the questions and answers. Optional: one diagram for the hardest concept explained.
34,P2,5,DEEP REWRITE,,Template body: 100% of its phrasing is shared with 10+ articles; 0% is its own.,None. Queue order in BLOG_REWRITE_QUEUE.csv.,unknown,0f713792-a399-4270-a18a-c6a8afd148b3,/blog/building-a-multi-agent-system-patterns-and-pitfalls,building-a-multi-agent-system-patterns-and-pitfalls,Building a Multi-Agent System: Patterns and Pitfalls,generative-ai,guide,tutorial,building multi-agent system patterns pitfalls,"How does Building a Multi-Agent System work, and how do I apply it in practice?",developers building with LLMs,"Answer ""How does Building a Multi-Agent System work, and how do I apply it in practice?"" for developers building with LLMs, and hand readers who want structured training to /courses/gen-ai.",building; multi; agent; system,,691,8,8,5,1,1,4,1,true,0,0,6,0,1,1,0.897,ai-agents-guide-how-autonomous-agents-actually-work,1,ai-agents-guide-how-autonomous-agents-actually-work,0.953,0,0,0,0,false,GloryTecks Team,true,,2025-10-23,2025-10-23,,none-identified,,171,true,architecture diagram,"Diagram of the components in ""Building a Multi-Agent System"" and how data or requests flow between them."
35,P2,5,MANUAL REVIEW,/blog/langgraph-tutorial-building-stateful-ai-agents,Phase 3 MANUAL REVIEW: Two LangGraph agent tutorials in the same category. Merge is likely; needs an editor to confirm neither covers something the other does not.,"Editor decision: merge, or rewrite to a distinct angle.",unknown,9e69c58c-0543-4b92-8299-0539e9e3af0d,/blog/building-ai-agents-with-langgraph-a-hands-on-tutorial,building-ai-agents-with-langgraph-a-hands-on-tutorial,Building AI Agents with LangGraph: A Hands-On Tutorial,generative-ai,guide,tutorial,building ai agent langgraph,"How does Building AI Agents with LangGraph work, and how do I apply it in practice?",developers building with LLMs,"Answer ""How does Building AI Agents with LangGraph work, and how do I apply it in practice?"" for developers building with LLMs, and hand readers who want structured training to /courses/gen-ai.",building; agents; langgraph; hands,/blog/langgraph-tutorial-building-stateful-ai-agents,694,8,8,5,1,1,4,1,true,0,0,6,0,1,1,0.897,ai-agents-guide-how-autonomous-agents-actually-work,1,ai-agents-guide-how-autonomous-agents-actually-work,0.951,0,0,0,0,false,GloryTecks Team,true,,2026-02-08,2026-02-08,,official-docs,LangGraph documentation <https://langchain-ai.github.io/langgraph/>,173,true,architecture diagram,"Diagram of the components in ""Building AI Agents with LangGraph"" and how data or requests flow between them."
36,P2,5,DEEP REWRITE,,Template body: 97% of its phrasing is shared with 10+ articles; 0% is its own.,None. Queue order in BLOG_REWRITE_QUEUE.csv.,unknown,65cc76d9-89b9-4609-abe6-9d40fc23824e,/blog/career-roadmap-analyst-to-scientist-to-lead,career-roadmap-analyst-to-scientist-to-lead,Career Roadmap: Analyst to Scientist to Lead,career-guidance,roadmap,career,analytics science lead,"What should I learn, and in what order, to become job-ready in Career?",freshers and career switchers into data roles,"Answer ""What should I learn, and in what order, to become job-ready in Career?"" for freshers and career switchers into data roles, and hand readers who want structured training to /courses/data-science.",career; roadmap; analyst; scientist,,631,9,6,6,1,0,4,0,true,0,0,6,0,0.965,1,0.629,career-switch-to-data-science-a-realistic-roadmap,1,career-switch-to-data-science-a-realistic-roadmap,0.96,0,0,0,0,false,Priya Sharma,false,,2026-01-17,2026-01-17,,market-data,,176,true,roadmap diagram,"Stage-by-stage diagram of the Career Roadmap learning path: each stage, the skills in it, and the proof (project) that closes it."
37,P2,5,DEEP REWRITE,,Template body: 100% of its phrasing is shared with 10+ articles; 0% is its own.,None. Queue order in BLOG_REWRITE_QUEUE.csv.,unknown,244a4994-e18b-4bfa-a7c8-0b43a9d6cd45,/blog/connecting-power-bi-to-sql-server-a-step-by-step-guide,connecting-power-bi-to-sql-server-a-step-by-step-guide,Connecting Power BI to SQL Server: A Step-by-Step Guide,power-bi,guide,tutorial,connecting power bi sql server step-by-step,"How does Connecting Power BI to SQL Server work, and how do I apply it in practice?",analysts building Power BI reports,"Answer ""How does Connecting Power BI to SQL Server work, and how do I apply it in practice?"" for analysts building Power BI reports, and hand readers who want structured training to /courses/power-bi.",connecting; power; sql; server,,699,8,8,5,1,1,4,1,true,0,0,6,0,1,1,0.889,aggregations-in-power-bi-for-large-datasets,1,aggregations-in-power-bi-for-large-datasets,0.947,0,0,0,0,false,GloryTecks Team,true,,2025-12-21,2025-12-21,,official-docs,Power BI documentation (Microsoft Learn) <https://learn.microsoft.com/en-us/power-bi/>,169,true,annotated screenshot,"Annotated screenshot of the feature in ""Connecting Power BI to SQL Server"" in the product UI, taken from a demo file (no client data)."
38,P2,5,DEEP REWRITE,,Template body: 100% of its phrasing is shared with 10+ articles; 0% is its own.,None. Queue order in BLOG_REWRITE_QUEUE.csv.,unknown,32f89549-d88d-4b53-918d-6c06f6b98fc1,/blog/copy-activity-in-azure-data-factory-a-practical-guide,copy-activity-in-azure-data-factory-a-practical-guide,Copy Activity in Azure Data Factory: A Practical Guide,azure-data-factory,guide,tutorial,copy activity azure data factory,"How does Copy Activity in Azure Data Factory work, and how do I apply it in practice?",data engineers working on Azure,"Answer ""How does Copy Activity in Azure Data Factory work, and how do I apply it in practice?"" for data engineers working on Azure, and hand readers who want structured training to /courses/data-engineering.",copy; activity; azure; data,,710,8,8,5,1,1,4,1,true,0,0,6,0,1,1,0.864,adf-control-flow-foreach-if-and-until-activities,1,adf-control-flow-foreach-if-and-until-activities,0.974,0,0,0,0,false,Sneha Reddy,false,,2026-05-18,2026-05-18,,official-docs,Azure Data Factory documentation (Microsoft Learn) <https://learn.microsoft.com/en-us/azure/data-factory/>,178,true,architecture diagram,"Diagram of the components in ""Copy Activity in Azure Data Factory"" and how data or requests flow between them."
39,P2,5,DEEP REWRITE,,Template body: 96% of its phrasing is shared with 10+ articles; 0% is its own.,None. Queue order in BLOG_REWRITE_QUEUE.csv.,unknown,8dc99bba-d522-4b95-8b66-883df971ac7a,/blog/data-analytics-roadmap-for-non-tech-backgrounds,data-analytics-roadmap-for-non-tech-backgrounds,Data Analytics Roadmap for Non-Tech Backgrounds,data-analytics,roadmap,career,data analytics non-tech backgrounds,"What should I learn, and in what order, to become job-ready in Data Analytics for Non-Tech Backgrounds?",aspiring and junior data analysts,"Answer ""What should I learn, and in what order, to become job-ready in Data Analytics for Non-Tech Backgrounds?"" for aspiring and junior data analysts, and hand readers who want structured training to /courses/data-analytics.",data; analytics; roadmap; non,,668,9,7,6,1,1,4,1,true,0,0,6,0,0.964,1,0.611,data-analyst-roadmap-2026-skills-tools-and-timeline,1,data-analyst-roadmap-2026-skills-tools-and-timeline,0.959,0,0,0,0,false,Arjun Nair,false,,2025-08-29,2025-09-27,,market-data,,178,true,roadmap diagram,"Stage-by-stage diagram of the Data Analytics Roadmap for Non-Tech Backgrounds learning path: each stage, the skills in it, and the proof (project) that closes it."
40,P2,5,DEEP REWRITE,,Template body: 100% of its phrasing is shared with 10+ articles; 0% is its own.,None. Queue order in BLOG_REWRITE_QUEUE.csv.,unknown,ceeedef7-eee6-4812-82fd-9d0980553063,/blog/data-science-interview-questions-and-answers-2026,data-science-interview-questions-and-answers-2026,Data Science Interview Questions and Answers 2026,interview-questions,interview,interview,data science,"What does an interviewer ask about Data Science, and what does a strong answer contain?",candidates preparing for data interviews,"Answer ""What does an interviewer ask about Data Science, and what does a strong answer contain?"" for candidates preparing for data interviews, and hand readers who want structured training to /courses/data-science.",data; science; interview; questions,,519,4,3,2,0,0,9,0,true,0,0,3,0.002,0.998,0.998,0.983,azure-data-factory-adf-interview-questions,0.998,azure-data-factory-adf-interview-questions,0.957,0,0,0,0,false,Priya Sharma,false,,2026-05-28,2026-05-28,,none-identified,,183,false,none,No image needed; the value is in the questions and answers. Optional: one diagram for the hardest concept explained.
41,P2,5,DEEP REWRITE,,Template body: 100% of its phrasing is shared with 10+ articles; 0% is its own.,None. Queue order in BLOG_REWRITE_QUEUE.csv.,unknown,dc06e3a2-3301-420f-9904-df486d84e207,/blog/dataflow-tutorial-stream-and-batch-processing-on-gcp,dataflow-tutorial-stream-and-batch-processing-on-gcp,Dataflow Tutorial: Stream and Batch Processing on GCP,gcp,guide,tutorial,dataflow stream batch processing gcp,"How does Dataflow Tutorial work, and how do I apply it in practice?",data engineers working on Google Cloud,"Answer ""How does Dataflow Tutorial work, and how do I apply it in practice?"" for data engineers working on Google Cloud, and hand readers who want structured training to /courses/data-engineering.",dataflow; tutorial; stream; batch,,658,8,8,5,1,1,4,1,true,0,0,6,0,1,1,0.862,biglake-and-external-tables-in-bigquery,1,biglake-and-external-tables-in-bigquery,0.959,0,0,0,0,false,Sneha Reddy,false,,2026-05-30,2026-05-30,,official-docs,Dataflow documentation <https://cloud.google.com/dataflow/docs>,162,true,architecture diagram,"Diagram of the components in ""Dataflow Tutorial"" and how data or requests flow between them."
42,P2,5,DEEP REWRITE,,Template body: 100% of its phrasing is shared with 10+ articles; 0% is its own.,None. Queue order in BLOG_REWRITE_QUEUE.csv.,unknown,75fdbf2d-cb26-4b83-adeb-5af50745506c,/blog/dax-guide-measures-calculated-columns-and-context,dax-guide-measures-calculated-columns-and-context,"DAX Guide: Measures, Calculated Columns and Context",power-bi,guide,tutorial,dax measures calculated columns context,"How does DAX Guide work, and how do I apply it in practice?",analysts building Power BI reports,"Answer ""How does DAX Guide work, and how do I apply it in practice?"" for analysts building Power BI reports, and hand readers who want structured training to /courses/power-bi.",dax; measures; calculated; columns,,689,8,8,5,1,1,4,1,true,0,0,6,0,1,1,0.889,aggregations-in-power-bi-for-large-datasets,1,aggregations-in-power-bi-for-large-datasets,0.961,0,0,0,0,false,GloryTecks Team,true,,2026-06-07,2026-06-07,,official-docs,DAX reference (Microsoft Learn) <https://learn.microsoft.com/en-us/dax/>,165,true,annotated screenshot,"Annotated screenshot of the feature in ""DAX Guide"" in the product UI, taken from a demo file (no client data)."
43,P2,5,DEEP REWRITE,,Template body: 100% of its phrasing is shared with 10+ articles; 0% is its own.,None. Queue order in BLOG_REWRITE_QUEUE.csv.,unknown,0cfceac7-0f15-471b-8737-fea1b598669f,/blog/docker-for-machine-learning-a-practical-guide,docker-for-machine-learning-a-practical-guide,Docker for Machine Learning: A Practical Guide,mlops,guide,tutorial,docker machine learning,"How does Docker for Machine Learning work, and how do I apply it in practice?",data scientists and engineers moving models to production,"Answer ""How does Docker for Machine Learning work, and how do I apply it in practice?"" for data scientists and engineers moving models to production, and hand readers who want structured training to /courses/mlops.",docker; machine; learning; practical,,667,8,8,5,1,1,4,1,true,0,0,6,0,1,1,0.9,a-b-testing-ml-models-in-production,1,a-b-testing-ml-models-in-production,0.963,0,0,0,0,false,Sneha Reddy,false,,2026-05-31,2026-05-31,,official-docs,Docker documentation <https://docs.docker.com/>,157,true,concept diagram,"One diagram that explains the central idea of ""Docker for Machine Learning"" — the parts and how they relate."
44,P2,5,DEEP REWRITE,,Template body: 99% of its phrasing is shared with 10+ articles; 0% is its own.,None. Queue order in BLOG_REWRITE_QUEUE.csv.,unknown,536b47d0-5b7c-470b-977d-6860c8fccd58,/blog/excel-vs-power-bi-which-should-you-learn-first,excel-vs-power-bi-which-should-you-learn-first,Excel vs Power BI: Which Should You Learn First?,data-analytics,comparison,comparison,excel power bi,"Should I use excel or power bi, and in which situations does each one win?",aspiring and junior data analysts,"Answer ""Should I use excel or power bi, and in which situations does each one win?"" for aspiring and junior data analysts, and hand readers who want structured training to /courses/data-analytics.",excel; power; which; learn,/blog/power-bi-vs-excel-when-to-use-each-tool /compare/power-bi-vs-excel,480,5,4,3,1,0,4,0,true,0,0,3,0,0.995,0.992,0.531,power-bi-vs-tableau-vs-looker-a-2026-comparison,0.992,power-bi-vs-tableau-vs-looker-a-2026-comparison,0.921,0,0,0,0,false,GloryTecks Team,true,,2026-06-07,2026-06-15,,official-docs,Power BI documentation (Microsoft Learn) <https://learn.microsoft.com/en-us/power-bi/>,161,true,comparison diagram,"Side-by-side diagram of where each option in ""Excel vs Power BI"" sits in a typical workflow, with the deciding differences labelled."
45,P2,5,DEEP REWRITE,,Template body: 97% of its phrasing is shared with 10+ articles; 0% is its own.,None. Queue order in BLOG_REWRITE_QUEUE.csv.,unknown,554f025e-b1d6-4977-83bb-7a7b91ee1a74,/blog/from-data-analyst-to-data-scientist-a-transition-roadmap,from-data-analyst-to-data-scientist-a-transition-roadmap,From Data Analyst to Data Scientist: A Transition Roadmap,data-science,roadmap,career,data analytics science transition,"What should I learn, and in what order, to become job-ready in From Data Analyst to Data Scientist?",learners and junior data scientists,"Answer ""What should I learn, and in what order, to become job-ready in From Data Analyst to Data Scientist?"" for learners and junior data scientists, and hand readers who want structured training to /courses/data-science.",data; analyst; scientist; transition,,676,9,7,6,1,1,4,1,true,0,0,6,0,0.966,1,0.632,data-science-roadmap-2026-a-complete-step-by-step-guide,1,data-science-roadmap-2026-a-complete-step-by-step-guide,0.957,0,0,0,0,false,Ravi Kumar,false,,2025-11-11,2025-12-23,,market-data,,186,true,roadmap diagram,"Stage-by-stage diagram of the From Data Analyst to Data Scientist learning path: each stage, the skills in it, and the proof (project) that closes it."
46,P2,5,DEEP REWRITE,,Template body: 97% of its phrasing is shared with 10+ articles; 0% is its own.,None. Queue order in BLOG_REWRITE_QUEUE.csv.,unknown,a9428529-4089-4376-accd-4d814988d1e9,/blog/from-data-scientist-to-mlops-engineer-a-roadmap,from-data-scientist-to-mlops-engineer-a-roadmap,From Data Scientist to MLOps Engineer: A Roadmap,mlops,roadmap,career,data science mlops engineering,"What should I learn, and in what order, to become job-ready in From Data Scientist to MLOps Engineer?",data scientists and engineers moving models to production,"Answer ""What should I learn, and in what order, to become job-ready in From Data Scientist to MLOps Engineer?"" for data scientists and engineers moving models to production, and hand readers who want structured training to /courses/mlops.",data; scientist; engineer,,672,9,7,6,1,1,4,1,true,0,0,6,0,0.967,1,0.623,mlops-roadmap-2026-skills-tools-and-career-path,1,mlops-roadmap-2026-skills-tools-and-career-path,0.957,0,0,0,0,false,Ravi Kumar,false,,2025-09-15,2025-09-15,,market-data,,170,true,roadmap diagram,"Stage-by-stage diagram of the From Data Scientist to MLOps Engineer learning path: each stage, the skills in it, and the proof (project) that closes it."
47,P2,5,DEEP REWRITE,,Template body: 67% of its phrasing is shared with 10+ articles; 0% is its own.,None. Queue order in BLOG_REWRITE_QUEUE.csv.,unknown,6ac8d50b-4494-417a-990a-a1b7d02c7488,/blog/gcp-certification-path-which-one-to-pick-first,gcp-certification-path-which-one-to-pick-first,GCP Certification Path: Which One to Pick First,gcp,certification,certification,gcp one pick,"Is GCP Certification Path worth it, and how do I prepare for it?",data engineers working on Google Cloud,"Answer ""Is GCP Certification Path worth it, and how do I prepare for it?"" for data engineers working on Google Cloud, and hand readers who want structured training to /courses/data-engineering.",certification; path; which,,515,6,6,4,0,0,5,0,true,0,0,3,0,0.665,1,0.48,gcp-associate-cloud-engineer-certification-guide,1,gcp-associate-cloud-engineer-certification-guide,0.955,0,0,0,0,false,GloryTecks Team,true,,2025-08-21,2025-08-21,,official-docs,Google Cloud documentation <https://cloud.google.com/docs>,160,true,concept diagram,"One diagram that explains the central idea of ""GCP Certification Path"" — the parts and how they relate."
48,P2,5,DEEP REWRITE,,Template body: 99% of its phrasing is shared with 10+ articles; 1% is its own.,None. Queue order in BLOG_REWRITE_QUEUE.csv.,unknown,55d42132-ad82-48e3-856b-da34261caeb5,/blog/gcp-data-engineering-projects-for-your-portfolio,gcp-data-engineering-projects-for-your-portfolio,GCP Data Engineering Projects for Your Portfolio,gcp,projects,project,gcp data engineering,"Which GCP Data Engineering for Your Portfolio projects show employers real skill, and how do I build them?",data engineers working on Google Cloud,"Answer ""Which GCP Data Engineering for Your Portfolio projects show employers real skill, and how do I build them?"" for data engineers working on Google Cloud, and hand readers who want structured training to /courses/data-engineering.",data; engineering; projects,,558,7,4,5,0,1,4,1,true,0,0,3,0.009,0.986,0.529,0.504,bigquery-sql-tips-tricks-and-optimization,0.719,aws-data-engineering-projects-for-your-portfolio,0.662,0,0,0,0,false,GloryTecks Team,true,,2025-09-14,2025-09-14,,official-docs,Google Cloud documentation <https://cloud.google.com/docs>,166,true,architecture diagram,"Architecture sketch of one project from ""GCP Data Engineering Projects for Your Portfolio"": data source, processing steps, output."
49,P2,5,DEEP REWRITE,,Template body: 100% of its phrasing is shared with 10+ articles; 0% is its own.,None. Queue order in BLOG_REWRITE_QUEUE.csv.,unknown,b41fe965-a012-465a-a4b0-69a948297d05,/blog/google-cloud-storage-buckets-classes-and-best-practices,google-cloud-storage-buckets-classes-and-best-practices,"Google Cloud Storage: Buckets, Classes and Best Practices",gcp,guide,tutorial,google cloud storage buckets classes practices,"What are the best practices for Google Cloud Storage, and why?",data engineers working on Google Cloud,"Answer ""What are the best practices for Google Cloud Storage, and why?"" for data engineers working on Google Cloud, and hand readers who want structured training to /courses/data-engineering.",google; cloud; storage; buckets,,660,8,8,5,1,1,4,1,true,0,0,6,0,1,1,0.862,biglake-and-external-tables-in-bigquery,1,biglake-and-external-tables-in-bigquery,0.953,0,0,0,0,false,GloryTecks Team,true,,2026-05-24,2026-05-24,,official-docs,Google Cloud documentation <https://cloud.google.com/docs>,166,true,architecture diagram,"Diagram of the components in ""Google Cloud Storage"" and how data or requests flow between them."
50,P2,5,DEEP REWRITE,,Template body: 99% of its phrasing is shared with 10+ articles; 0% is its own.,None. Queue order in BLOG_REWRITE_QUEUE.csv.,unknown,61c626df-9374-4773-bae2-e9b073c01985,/blog/how-to-structure-a-python-project-the-right-way,how-to-structure-a-python-project-the-right-way,How to Structure a Python Project the Right Way,python,projects,project,structure python way,"Which How to Structure a Python the Right Way projects show employers real skill, and how do I build them?",Python learners heading into data work,"Answer ""Which How to Structure a Python the Right Way projects show employers real skill, and how do I build them?"" for Python learners heading into data work, and hand readers who want structured training to /courses/python-programming.",structure; project; right,,559,7,4,5,0,1,4,1,true,0,0,3,0,0.988,1,0.553,python-for-automation-a-real-world-project-guide,1,python-for-automation-a-real-world-project-guide,0.951,0,0,0,0,false,Ravi Kumar,false,,2025-11-22,2025-11-22,,official-docs,Python documentation <https://docs.python.org/3/>,168,true,architecture diagram,"Architecture sketch of one project from ""How to Structure a Python Project the Right Way"": data source, processing steps, output."
51,P2,5,DEEP REWRITE,,Template body: 100% of its phrasing is shared with 10+ articles; 0% is its own.,None. Queue order in BLOG_REWRITE_QUEUE.csv.,unknown,3f2ad586-f5da-42b3-8e62-85828f47be4a,/blog/kubernetes-for-ml-deploying-models-at-scale,kubernetes-for-ml-deploying-models-at-scale,Kubernetes for ML: Deploying Models at Scale,mlops,guide,tutorial,kubernetes ml deploying model scale,"How does Kubernetes for ML work, and how do I apply it in practice?",data scientists and engineers moving models to production,"Answer ""How does Kubernetes for ML work, and how do I apply it in practice?"" for data scientists and engineers moving models to production, and hand readers who want structured training to /courses/mlops.",kubernetes; deploying; models; scale,,665,8,8,5,1,1,4,1,true,0,0,6,0,1,1,0.9,a-b-testing-ml-models-in-production,1,a-b-testing-ml-models-in-production,0.963,0,0,0,0,false,Ravi Kumar,false,,2026-05-25,2026-05-25,,official-docs,Kubernetes documentation <https://kubernetes.io/docs/>,155,true,architecture diagram,"Diagram of the components in ""Kubernetes for ML"" and how data or requests flow between them."
52,P2,5,DEEP REWRITE,,Template body: 100% of its phrasing is shared with 10+ articles; 0% is its own.,None. Queue order in BLOG_REWRITE_QUEUE.csv.,unknown,9f745723-761c-4d15-a4c9-c633b10ad3c2,/blog/langchain-tutorial-build-your-first-llm-app,langchain-tutorial-build-your-first-llm-app,LangChain Tutorial: Build Your First LLM App,generative-ai,guide,tutorial,langchain build llm app,"How does LangChain Tutorial work, and how do I apply it in practice?",developers building with LLMs,"Answer ""How does LangChain Tutorial work, and how do I apply it in practice?"" for developers building with LLMs, and hand readers who want structured training to /courses/gen-ai.",langchain; tutorial; build; first,,687,8,8,5,1,1,4,1,true,0,0,6,0,1,1,0.897,ai-agents-guide-how-autonomous-agents-actually-work,1,ai-agents-guide-how-autonomous-agents-actually-work,0.967,0,0,0,0,false,GloryTecks Team,true,,2026-05-27,2026-05-27,,official-docs,LangChain documentation <https://python.langchain.com/docs/>,163,true,concept diagram,"One diagram that explains the central idea of ""LangChain Tutorial"" — the parts and how they relate."
53,P2,5,DEEP REWRITE,,Template body: 100% of its phrasing is shared with 10+ articles; 0% is its own.,None. Queue order in BLOG_REWRITE_QUEUE.csv.,unknown,8224db35-de1e-43a7-b3bc-57bb3b1881bc,/blog/linked-services-in-azure-data-factory-explained,linked-services-in-azure-data-factory-explained,Linked Services in Azure Data Factory Explained,azure-data-factory,guide,tutorial,linked services azure data factory,"What is Linked Services in Azure Data Factory, and how does it work?",data engineers working on Azure,"Answer ""What is Linked Services in Azure Data Factory, and how does it work?"" for data engineers working on Azure, and hand readers who want structured training to /courses/data-engineering.",linked; services; azure; data,,710,8,8,5,1,1,4,1,true,0,0,6,0,1,1,0.864,adf-control-flow-foreach-if-and-until-activities,1,adf-control-flow-foreach-if-and-until-activities,0.961,0,0,0,0,false,Sneha Reddy,false,,2026-05-30,2026-05-30,,official-docs,Azure Data Factory documentation (Microsoft Learn) <https://learn.microsoft.com/en-us/azure/data-factory/>,171,true,architecture diagram,"Diagram of the components in ""Linked Services in Azure Data Factory Explained"" and how data or requests flow between them."
54,P2,5,DEEP REWRITE,,Template body: 100% of its phrasing is shared with 10+ articles; 0% is its own.,None. Queue order in BLOG_REWRITE_QUEUE.csv.,unknown,ebcac2a2-f135-4254-a5e3-f2b42e33d03c,/blog/mlflow-tutorial-tracking-experiments-and-models,mlflow-tutorial-tracking-experiments-and-models,MLflow Tutorial: Tracking Experiments and Models,mlops,guide,tutorial,mlflow tracking experiments model,"How does MLflow Tutorial work, and how do I apply it in practice?",data scientists and engineers moving models to production,"Answer ""How does MLflow Tutorial work, and how do I apply it in practice?"" for data scientists and engineers moving models to production, and hand readers who want structured training to /courses/mlops.",mlflow; tutorial; tracking; experiments,,662,8,8,5,1,1,4,1,true,0,0,6,0,1,1,0.9,a-b-testing-ml-models-in-production,1,a-b-testing-ml-models-in-production,0.963,0,0,0,0,false,Ravi Kumar,false,,2026-06-06,2026-06-06,,official-docs,MLflow documentation <https://mlflow.org/docs/latest/>,159,true,concept diagram,"One diagram that explains the central idea of ""MLflow Tutorial"" — the parts and how they relate."
55,P2,5,DEEP REWRITE,,Template body: 97% of its phrasing is shared with 10+ articles; 0% is its own.,None. Queue order in BLOG_REWRITE_QUEUE.csv.,unknown,aec32cc5-44c3-43d8-b4b8-d35cd842b3a6,/blog/natural-language-processing-nlp-roadmap-for-2026,natural-language-processing-nlp-roadmap-for-2026,Natural Language Processing (NLP) Roadmap for 2026,data-science,roadmap,career,natural language processing nlp,"What should I learn, and in what order, to become job-ready in Natural Language Processing (NLP)?",learners and junior data scientists,"Answer ""What should I learn, and in what order, to become job-ready in Natural Language Processing (NLP)?"" for learners and junior data scientists, and hand readers who want structured training to /courses/data-science.",natural; language; processing; nlp,,675,9,7,6,1,1,4,1,true,0,0,6,0,0.966,1,0.632,data-science-roadmap-2026-a-complete-step-by-step-guide,1,data-science-roadmap-2026-a-complete-step-by-step-guide,0.97,0,0,0,0,false,Ravi Kumar,false,,2026-02-15,2026-02-25,,market-data,,179,true,roadmap diagram,"Stage-by-stage diagram of the Natural Language Processing (NLP) Roadmap for 2026 learning path: each stage, the skills in it, and the proof (project) that closes it."
56,P2,5,DEEP REWRITE,,Template body: 100% of its phrasing is shared with 10+ articles; 0% is its own.,None. Queue order in BLOG_REWRITE_QUEUE.csv.,unknown,971b600e-0010-4f57-bae3-01850fb939d2,/blog/numpy-guide-arrays-broadcasting-and-vectorization,numpy-guide-arrays-broadcasting-and-vectorization,"NumPy Guide: Arrays, Broadcasting and Vectorization",python,guide,tutorial,numpy arrays broadcasting vectorization,"How does NumPy Guide work, and how do I apply it in practice?",Python learners heading into data work,"Answer ""How does NumPy Guide work, and how do I apply it in practice?"" for Python learners heading into data work, and hand readers who want structured training to /courses/python-programming.",numpy; arrays; broadcasting; vectorization,,646,8,8,5,1,1,4,1,true,0,0,6,0,1,1,0.869,async-programming-in-python-asyncio-explained,1,async-programming-in-python-asyncio-explained,0.968,0,0,0,0,false,Ravi Kumar,false,,2026-05-21,2026-05-21,,official-docs,NumPy documentation <https://numpy.org/doc/stable/>,163,true,code output screenshot or diagram,"Worked example for ""NumPy Guide"": the input, the code's key step, and the resulting output side by side."
57,P2,5,DEEP REWRITE,,Template body: 99% of its phrasing is shared with 10+ articles; 0% is its own.,None. Queue order in BLOG_REWRITE_QUEUE.csv.,unknown,e265908e-7bcb-4aec-b825-ba3c56375899,/blog/portfolio-building-projects-that-impress-recruiters,portfolio-building-projects-that-impress-recruiters,Portfolio Building: Projects That Impress Recruiters,career-guidance,projects,project,building impress recruiters,"Which Portfolio Building projects show employers real skill, and how do I build them?",freshers and career switchers into data roles,"Answer ""Which Portfolio Building projects show employers real skill, and how do I build them?"" for freshers and career switchers into data roles, and hand readers who want structured training to /courses/data-science.",portfolio; building; projects; impress,,532,7,3,5,0,0,4,0,true,0,0,3,0,0.988,1,0.521,personal-projects-that-double-as-interview-stories,0.685,building-a-sales-dashboard-a-hands-on-project,0.959,0,0,0,0,false,GloryTecks Team,true,,2026-05-11,2026-05-11,,none-identified,,182,true,architecture diagram,"Architecture sketch of one project from ""Portfolio Building"": data source, processing steps, output."
58,P2,5,DEEP REWRITE,,Template body: 100% of its phrasing is shared with 10+ articles; 0% is its own.,None. Queue order in BLOG_REWRITE_QUEUE.csv.,unknown,18829db1-a7d4-4951-ad0d-fdc622e4d4c8,/blog/power-query-tutorial-transforming-data-without-code,power-query-tutorial-transforming-data-without-code,Power Query Tutorial: Transforming Data Without Code,power-bi,guide,tutorial,power query transforming data without code,"How does Power Query Tutorial work, and how do I apply it in practice?",analysts building Power BI reports,"Answer ""How does Power Query Tutorial work, and how do I apply it in practice?"" for analysts building Power BI reports, and hand readers who want structured training to /courses/power-bi.",power; query; tutorial; transforming,,691,8,8,5,1,1,4,1,true,0,0,6,0,1,1,0.889,aggregations-in-power-bi-for-large-datasets,1,aggregations-in-power-bi-for-large-datasets,0.957,0,0,0,0,false,Arjun Nair,false,,2026-06-01,2026-06-01,,official-docs,Power Query documentation (Microsoft Learn) <https://learn.microsoft.com/en-us/power-query/>,166,true,annotated screenshot,"Annotated screenshot of the feature in ""Power Query Tutorial"" in the product UI, taken from a demo file (no client data)."
59,P2,5,DEEP REWRITE,,Template body: 100% of its phrasing is shared with 10+ articles; 0% is its own.,None. Queue order in BLOG_REWRITE_QUEUE.csv.,unknown,656f84c8-c9ec-485b-85ee-161954054eeb,/blog/pub-sub-explained-messaging-and-streaming-on-gcp,pub-sub-explained-messaging-and-streaming-on-gcp,Pub/Sub Explained: Messaging and Streaming on GCP,gcp,guide,tutorial,pub sub messaging streaming gcp,"What is Pub/Sub, and how does it work?",data engineers working on Google Cloud,"Answer ""What is Pub/Sub, and how does it work?"" for data engineers working on Google Cloud, and hand readers who want structured training to /courses/data-engineering.",pub; sub; messaging; streaming,,660,8,8,5,1,1,4,1,true,0,0,6,0,1,1,0.862,biglake-and-external-tables-in-bigquery,1,biglake-and-external-tables-in-bigquery,0.959,0,0,0,0,false,Sneha Reddy,false,,2026-05-18,2026-05-18,,official-docs,Pub/Sub documentation <https://cloud.google.com/pubsub/docs>,158,true,architecture diagram,"Diagram of the components in ""Pub/Sub Explained"" and how data or requests flow between them."
60,P2,5,DEEP REWRITE,,Template body: 99% of its phrasing is shared with 10+ articles; 0% is its own.,None. Queue order in BLOG_REWRITE_QUEUE.csv.,unknown,ae735a1c-82cb-4ae2-83e8-7e60220d8075,/blog/python-for-automation-a-real-world-project-guide,python-for-automation-a-real-world-project-guide,Python for Automation: A Real-World Project Guide,python,projects,project,python automation real-world,"Which Python for Automation projects show employers real skill, and how do I build them?",Python learners heading into data work,"Answer ""Which Python for Automation projects show employers real skill, and how do I build them?"" for Python learners heading into data work, and hand readers who want structured training to /courses/python-programming.",automation; real; world,,551,7,4,5,0,1,4,1,true,0,0,3,0,0.988,1,0.553,how-to-structure-a-python-project-the-right-way,1,how-to-structure-a-python-project-the-right-way,0.953,0,0,0,0,false,GloryTecks Team,true,,2025-11-16,2025-11-16,,official-docs,Python documentation <https://docs.python.org/3/>,170,true,architecture diagram,"Architecture sketch of one project from ""Python for Automation"": data source, processing steps, output."
61,P2,5,DEEP REWRITE,,Template body: 100% of its phrasing is shared with 10+ articles; 0% is its own.,None. Queue order in BLOG_REWRITE_QUEUE.csv.,unknown,06416b68-aea7-4356-b7b0-3b7027b67f51,/blog/python-for-data-science-the-essential-libraries,python-for-data-science-the-essential-libraries,Python for Data Science: The Essential Libraries,python,guide,tutorial,python data science essential libraries,"How does Python for Data Science work, and how do I apply it in practice?",data science,"Answer ""How does Python for Data Science work, and how do I apply it in practice?"" for data science, and hand readers who want structured training to /courses/python-programming.",data; science; essential,,651,8,8,5,1,1,4,1,true,0,0,6,0,1,1,0.869,async-programming-in-python-asyncio-explained,1,async-programming-in-python-asyncio-explained,0.952,0,0,0,0,false,Ravi Kumar,false,,2026-06-02,2026-06-02,,official-docs,Python documentation <https://docs.python.org/3/>,160,true,code output screenshot or diagram,"Worked example for ""Python for Data Science"": the input, the code's key step, and the resulting output side by side."
62,P2,5,DEEP REWRITE,,Template body: 99% of its phrasing is shared with 10+ articles; 0% is its own.,None. Queue order in BLOG_REWRITE_QUEUE.csv.,unknown,ef46655a-ea04-4e19-b098-9ed232e209ff,/blog/python-logging-a-practical-setup-for-real-projects,python-logging-a-practical-setup-for-real-projects,Python Logging: A Practical Setup for Real Projects,python,projects,project,python logging setup real,"Which Python Logging projects show employers real skill, and how do I build them?",Python learners heading into data work,"Answer ""Which Python Logging projects show employers real skill, and how do I build them?"" for Python learners heading into data work, and hand readers who want structured training to /courses/python-programming.",logging; practical; setup,,551,7,4,5,0,1,4,1,true,0,0,3,0,0.988,1,0.553,how-to-structure-a-python-project-the-right-way,1,how-to-structure-a-python-project-the-right-way,0.953,0,0,0,0,false,GloryTecks Team,true,,2025-11-04,2025-11-04,,official-docs,Python documentation <https://docs.python.org/3/>,172,true,architecture diagram,"Architecture sketch of one project from ""Python Logging"": data source, processing steps, output."
63,P2,5,DEEP REWRITE,,Template body: 99% of its phrasing is shared with 10+ articles; 0% is its own.,None. Queue order in BLOG_REWRITE_QUEUE.csv.,unknown,f700ca21-f622-447c-b352-7339f8acca0e,/blog/python-mini-projects-to-build-in-a-weekend,python-mini-projects-to-build-in-a-weekend,Python Mini Projects to Build in a Weekend,python,projects,project,python mini build weekend,"Which Python Mini to Build in a Weekend projects show employers real skill, and how do I build them?",Python learners heading into data work,"Answer ""Which Python Mini to Build in a Weekend projects show employers real skill, and how do I build them?"" for Python learners heading into data work, and hand readers who want structured training to /courses/python-programming.",mini; projects; build,,557,7,4,5,0,1,4,1,true,0,0,3,0,0.988,1,0.553,how-to-structure-a-python-project-the-right-way,1,how-to-structure-a-python-project-the-right-way,0.953,0,0,0,0,false,Ravi Kumar,false,,2025-08-30,2025-08-30,,official-docs,Python documentation <https://docs.python.org/3/>,163,true,architecture diagram,"Architecture sketch of one project from ""Python Mini Projects to Build in a Weekend"": data source, processing steps, output."
64,P2,5,DEEP REWRITE,,Template body: 100% of its phrasing is shared with 10+ articles; 0% is its own.,None. Queue order in BLOG_REWRITE_QUEUE.csv.,unknown,b92d9d8b-5b0b-4be1-bf61-d6ef77b71366,/blog/resume-building-for-data-roles-a-complete-guide,resume-building-for-data-roles-a-complete-guide,Resume Building for Data Roles: A Complete Guide,career-guidance,guide,tutorial,resume building data,"How does Resume Building for Data Roles work, and how do I apply it in practice?",data roles,"Answer ""How does Resume Building for Data Roles work, and how do I apply it in practice?"" for data roles, and hand readers who want structured training to /courses/data-science.",resume; building; data; roles,,642,8,7,5,1,0,4,0,true,0,0,6,0,1,1,0.925,asking-for-a-raise-timing-script-and-evidence,1,asking-for-a-raise-timing-script-and-evidence,0.948,0,0,0,0,false,Priya Sharma,false,,2026-06-10,2026-06-10,,none-identified,,169,true,concept diagram,"One diagram that explains the central idea of ""Resume Building for Data Roles"" — the parts and how they relate."
65,P2,5,DEEP REWRITE,,Template body: 100% of its phrasing is shared with 10+ articles; 0% is its own.,None. Queue order in BLOG_REWRITE_QUEUE.csv.,unknown,e7ebd93c-043d-432b-81ed-d30b646913ac,/blog/snowflake-interview-questions-for-data-engineers,snowflake-interview-questions-for-data-engineers,Snowflake Interview Questions for Data Engineers,interview-questions,interview,interview,snowflake,"What does an interviewer ask about Snowflake for Data Engineers, and what does a strong answer contain?",data engineers,"Answer ""What does an interviewer ask about Snowflake for Data Engineers, and what does a strong answer contain?"" for data engineers, and hand readers who want structured training to /courses/data-science.",snowflake; interview; questions; data,,517,4,3,2,0,0,9,0,true,0,0,3,0.002,0.998,0.998,0.983,azure-data-factory-adf-interview-questions,0.998,azure-data-factory-adf-interview-questions,0.991,0,0,0,0,false,Priya Sharma,false,,2026-03-05,2026-03-05,,official-docs,Snowflake documentation <https://docs.snowflake.com/>,182,false,none,No image needed; the value is in the questions and answers. Optional: one diagram for the hardest concept explained.
66,P2,5,DEEP REWRITE,,Template body: 100% of its phrasing is shared with 10+ articles; 0% is its own.,None. Queue order in BLOG_REWRITE_QUEUE.csv.,unknown,654643e1-1acf-4e0b-b40e-068a96835d2e,/blog/triggers-in-adf-schedule-tumbling-window-and-event,triggers-in-adf-schedule-tumbling-window-and-event,"Triggers in ADF: Schedule, Tumbling Window and Event",azure-data-factory,guide,tutorial,triggers azure data factory schedule tumbling window event,"How does Triggers in ADF work, and how do I apply it in practice?",data engineers working on Azure,"Answer ""How does Triggers in ADF work, and how do I apply it in practice?"" for data engineers working on Azure, and hand readers who want structured training to /courses/data-engineering.",triggers; adf; schedule; tumbling,,703,8,8,5,1,1,4,1,true,0,0,6,0,1,1,0.864,adf-control-flow-foreach-if-and-until-activities,1,adf-control-flow-foreach-if-and-until-activities,0.965,0,0,0,0,false,GloryTecks Team,true,,2026-05-24,2026-05-24,,official-docs,Azure Data Factory documentation (Microsoft Learn) <https://learn.microsoft.com/en-us/azure/data-factory/>,176,true,architecture diagram,"Diagram of the components in ""Triggers in ADF"" and how data or requests flow between them."
67,P2,5,DEEP REWRITE,,Template body: 76% of its phrasing is shared with 10+ articles; 6% is its own.,None. Queue order in BLOG_REWRITE_QUEUE.csv.,unknown,a2b66d02-f14c-4ee2-9d23-89950b3e9e07,/blog/what-is-mlops-devops-for-machine-learning-explained,what-is-mlops-devops-for-machine-learning-explained,What Is MLOps? DevOps for Machine Learning Explained,mlops,whatis,informational,mlops devops machine learning,What Is MLOps? DevOps for Machine Learning Explained?,data scientists and engineers moving models to production,"Answer ""What Is MLOps? DevOps for Machine Learning Explained?"" for data scientists and engineers moving models to production, and hand readers who want structured training to /courses/mlops.",devops; machine; learning,,474,6,7,2,0,1,4,1,true,0,0,3,0.064,0.764,0.605,0.504,experiment-tracking-mlflow-vs-weights-and-biases,0.629,what-is-generative-ai-a-complete-beginner-s-guide,0.577,0,0,0,0,false,Ravi Kumar,false,,2026-05-01,2026-05-01,,none-identified,,172,true,architecture diagram,"Diagram of the components in ""What Is MLOps? DevOps for Machine Learning Explained"" and how data or requests flow between them."
68,P3,4,DEEP REWRITE,,Template body: 99% of its phrasing is shared with 10+ articles; 0% is its own.,None. Queue order in BLOG_REWRITE_QUEUE.csv.,unknown,57b53dd9-6367-4857-a8b4-8afc9eb6f3be,/blog/adf-vs-databricks-when-to-use-each,adf-vs-databricks-when-to-use-each,ADF vs Databricks: When to Use Each,azure-data-factory,comparison,comparison,azure data factory databricks,"Should I use azure data factory or databricks, and in which situations does each one win?",data engineers working on Azure,"Answer ""Should I use azure data factory or databricks, and in which situations does each one win?"" for data engineers working on Azure, and hand readers who want structured training to /courses/data-engineering.",adf; databricks; when; use,,487,5,4,3,1,0,4,0,true,0,0,3,0.003,0.995,0.995,0.545,adf-vs-ssis-migrating-legacy-etl-to-the-cloud,0.995,adf-vs-ssis-migrating-legacy-etl-to-the-cloud,0.934,0,0,0,0,false,GloryTecks Team,true,,2026-04-06,2026-04-06,,official-docs,Azure Data Factory documentation (Microsoft Learn) <https://learn.microsoft.com/en-us/azure/data-factory/>,152,true,comparison diagram,"Side-by-side diagram of where each option in ""ADF vs Databricks"" sits in a typical workflow, with the deciding differences labelled."
69,P3,4,DEEP REWRITE,,Template body: 100% of its phrasing is shared with 10+ articles; 0% is its own.,None. Queue order in BLOG_REWRITE_QUEUE.csv.,unknown,dd1af33f-d841-4cfc-a47a-bac70283eb03,/blog/ai-agents-guide-how-autonomous-agents-actually-work,ai-agents-guide-how-autonomous-agents-actually-work,AI Agents Guide: How Autonomous Agents Actually Work,generative-ai,guide,tutorial,ai agent autonomous actually work,"How does AI Agents Guide work, and how do I apply it in practice?",developers building with LLMs,"Answer ""How does AI Agents Guide work, and how do I apply it in practice?"" for developers building with LLMs, and hand readers who want structured training to /courses/gen-ai.",agents; autonomous; actually; work,,690,8,8,5,1,1,4,1,true,0,0,6,0,1,1,0.897,ai-coding-assistants-how-to-use-them-effectively,1,ai-coding-assistants-how-to-use-them-effectively,0.956,0,0,0,0,false,GloryTecks Team,true,,2026-05-15,2026-05-15,,none-identified,,171,true,architecture diagram,"Diagram of the components in ""AI Agents Guide"" and how data or requests flow between them."
70,P3,4,DEEP REWRITE,,Template body: 100% of its phrasing is shared with 10+ articles; 0% is its own.,None. Queue order in BLOG_REWRITE_QUEUE.csv.,unknown,2e06b1e7-1562-4bb8-8eb5-56f7aba5c4a9,/blog/airflow-interview-questions-for-data-engineers,airflow-interview-questions-for-data-engineers,Airflow Interview Questions for Data Engineers,interview-questions,interview,interview,airflow,"What does an interviewer ask about Airflow for Data Engineers, and what does a strong answer contain?",data engineers,"Answer ""What does an interviewer ask about Airflow for Data Engineers, and what does a strong answer contain?"" for data engineers, and hand readers who want structured training to /courses/data-science.",airflow; interview; questions; data,,517,4,3,2,0,0,9,0,true,0,0,3,0.002,0.998,0.998,0.983,azure-data-factory-adf-interview-questions,0.998,azure-data-factory-adf-interview-questions,0.991,0,0,0,0,false,Ravi Kumar,false,,2026-02-15,2026-02-15,,official-docs,Apache Airflow documentation <https://airflow.apache.org/docs/>,180,false,none,No image needed; the value is in the questions and answers. Optional: one diagram for the hardest concept explained.
71,P3,4,DEEP REWRITE,,Template body: 100% of its phrasing is shared with 10+ articles; 0% is its own.,None. Queue order in BLOG_REWRITE_QUEUE.csv.,unknown,3c63c20d-a99a-411b-902f-f6e4dd06131a,/blog/amazon-msk-managed-kafka-on-aws,amazon-msk-managed-kafka-on-aws,Amazon MSK: Managed Kafka on AWS,aws,guide,tutorial,amazon msk managed kafka aws,"How does Amazon MSK work, and how do I apply it in practice?",data engineers working on AWS,"Answer ""How does Amazon MSK work, and how do I apply it in practice?"" for data engineers working on AWS, and hand readers who want structured training to /courses/data-engineering.",amazon; msk; managed; kafka,,676,8,8,5,1,1,4,1,true,0,0,6,0,1,1,0.873,amazon-dynamodb-explained-for-beginners,1,amazon-dynamodb-explained-for-beginners,0.964,0,0,0,0,false,Sneha Reddy,false,,2025-11-06,2025-11-17,,official-docs,AWS documentation <https://docs.aws.amazon.com/>,141,true,architecture diagram,"Diagram of the components in ""Amazon MSK"" and how data or requests flow between them."
72,P3,4,DEEP REWRITE,,Template body: 100% of its phrasing is shared with 10+ articles; 0% is its own.,None. Queue order in BLOG_REWRITE_QUEUE.csv.,unknown,91ec07f1-35b5-4283-985c-68c07bbdbad1,/blog/apache-spark-interview-questions-and-answers,apache-spark-interview-questions-and-answers,Apache Spark Interview Questions and Answers,interview-questions,interview,interview,apache spark,"What does an interviewer ask about Apache Spark, and what does a strong answer contain?",candidates preparing for data interviews,"Answer ""What does an interviewer ask about Apache Spark, and what does a strong answer contain?"" for candidates preparing for data interviews, and hand readers who want structured training to /courses/data-science.",apache; spark; interview; questions,,517,4,3,2,0,0,9,0,true,0,0,3,0.002,0.998,0.998,0.983,azure-data-factory-adf-interview-questions,0.998,azure-data-factory-adf-interview-questions,0.989,0,0,0,0,false,Priya Sharma,false,,2026-05-04,2026-05-04,,official-docs,Apache Spark documentation <https://spark.apache.org/docs/latest/>,178,false,none,No image needed; the value is in the questions and answers. Optional: one diagram for the hardest concept explained.
73,P3,4,DEEP REWRITE,,Template body: 100% of its phrasing is shared with 10+ articles; 0% is its own.,None. Queue order in BLOG_REWRITE_QUEUE.csv.,unknown,80e049d5-c6f5-4474-8cb3-a3447f1fedd4,/blog/athena-federated-queries-explained,athena-federated-queries-explained,Athena Federated Queries Explained,aws,guide,tutorial,athena federated queries,"What is Athena Federated Queries, and how does it work?",data engineers working on AWS,"Answer ""What is Athena Federated Queries, and how does it work?"" for data engineers working on AWS, and hand readers who want structured training to /courses/data-engineering.",athena; federated; queries,,678,8,8,5,1,1,4,1,true,0,0,6,0,1,1,0.873,amazon-dynamodb-explained-for-beginners,1,amazon-dynamodb-explained-for-beginners,0.964,0,0,0,0,false,GloryTecks Team,true,,2025-09-25,2025-10-10,,official-docs,AWS documentation <https://docs.aws.amazon.com/>,143,true,concept diagram,"One diagram that explains the central idea of ""Athena Federated Queries Explained"" — the parts and how they relate."
74,P3,4,DEEP REWRITE,,Template body: 99% of its phrasing is shared with 10+ articles; 0% is its own.,None. Queue order in BLOG_REWRITE_QUEUE.csv.,unknown,fe5c86f7-bb93-4c98-b8b3-dbbff6ade8ff,/blog/athena-vs-redshift-when-to-use-each,athena-vs-redshift-when-to-use-each,Athena vs Redshift: When to Use Each,aws,comparison,comparison,athena redshift,"Should I use athena or redshift, and in which situations does each one win?",data engineers working on AWS,"Answer ""Should I use athena or redshift, and in which situations does each one win?"" for data engineers working on AWS, and hand readers who want structured training to /courses/data-engineering.",athena; redshift; when; use,,480,5,4,3,1,0,4,0,true,0,0,3,0.003,0.995,0.992,0.528,redshift-vs-snowflake-vs-bigquery-a-comparison,0.992,redshift-vs-snowflake-vs-bigquery-a-comparison,0.931,0,0,0,0,false,GloryTecks Team,true,,2025-12-18,2026-02-03,,official-docs,Amazon Redshift documentation <https://docs.aws.amazon.com/redshift/>,138,true,comparison diagram,"Side-by-side diagram of where each option in ""Athena vs Redshift"" sits in a typical workflow, with the deciding differences labelled."
75,P3,4,DEEP REWRITE,,Template body: 67% of its phrasing is shared with 10+ articles; 0% is its own.,None. Queue order in BLOG_REWRITE_QUEUE.csv.,unknown,809f3dda-0382-42c5-a064-098ddef421d1,/blog/aws-certification-path-for-data-roles,aws-certification-path-for-data-roles,AWS Certification Path for Data Roles,aws,certification,certification,aws,"Is AWS Certification Path for Data Roles worth it, and how do I prepare for it?",data roles,"Answer ""Is AWS Certification Path for Data Roles worth it, and how do I prepare for it?"" for data roles, and hand readers who want structured training to /courses/data-engineering.",certification; path; data,,526,6,6,4,0,0,5,0,true,0,0,3,0,0.671,1,0.481,aws-cloud-practitioner-certification-how-to-start,1,aws-cloud-practitioner-certification-how-to-start,0.958,0,0,0,0,false,GloryTecks Team,true,,2025-08-20,2025-10-06,,official-docs,AWS documentation <https://docs.aws.amazon.com/>,150,true,concept diagram,"One diagram that explains the central idea of ""AWS Certification Path for Data Roles"" — the parts and how they relate."
76,P3,4,DEEP REWRITE,,Template body: 68% of its phrasing is shared with 10+ articles; 0% is its own.,None. Queue order in BLOG_REWRITE_QUEUE.csv.,unknown,3326b340-4af5-4485-ae8a-7dc7eeff335e,/blog/aws-certified-data-engineer-associate-exam-guide,aws-certified-data-engineer-associate-exam-guide,AWS Certified Data Engineer Associate: Exam Guide,aws,certification,certification,aws certified data engineering associate exam,"Is AWS Certified Data Engineer Associate worth it, and how do I prepare for it?",data engineers working on AWS,"Answer ""Is AWS Certified Data Engineer Associate worth it, and how do I prepare for it?"" for data engineers working on AWS, and hand readers who want structured training to /courses/data-engineering.",certified; data; engineer,,526,6,6,4,0,0,5,0,true,0,0,3,0.005,0.677,0.982,0.484,aws-certification-path-for-data-roles,0.982,aws-certification-path-for-data-roles,0.958,0,0,0,0,false,GloryTecks Team,true,,2026-04-17,2026-06-03,,official-docs,AWS documentation <https://docs.aws.amazon.com/>,162,true,concept diagram,"One diagram that explains the central idea of ""AWS Certified Data Engineer Associate"" — the parts and how they relate."
77,P3,4,DEEP REWRITE,,Template body: 67% of its phrasing is shared with 10+ articles; 0% is its own.,None. Queue order in BLOG_REWRITE_QUEUE.csv.,unknown,abdc0925-8e85-48bc-9df9-67dc4ab0a839,/blog/aws-cloud-practitioner-certification-how-to-start,aws-cloud-practitioner-certification-how-to-start,AWS Cloud Practitioner Certification: How to Start,aws,certification,certification,aws cloud practitioner start,"Is AWS Cloud Practitioner Certification worth it, and how do I prepare for it?",data engineers working on AWS,"Answer ""Is AWS Cloud Practitioner Certification worth it, and how do I prepare for it?"" for data engineers working on AWS, and hand readers who want structured training to /courses/data-engineering.",cloud; practitioner; certification,,525,6,6,4,0,0,5,0,true,0,0,3,0,0.671,1,0.481,aws-certification-path-for-data-roles,1,aws-certification-path-for-data-roles,0.956,0,0,0,0,false,Sneha Reddy,false,,2026-02-10,2026-03-01,,official-docs,AWS documentation <https://docs.aws.amazon.com/>,163,true,concept diagram,"One diagram that explains the central idea of ""AWS Cloud Practitioner Certification"" — the parts and how they relate."
78,P3,4,DEEP REWRITE,,Template body: 100% of its phrasing is shared with 10+ articles; 0% is its own.,None. Queue order in BLOG_REWRITE_QUEUE.csv.,unknown,fc7dc45f-56ea-4e11-a850-901156b19a51,/blog/aws-data-engineer-guide-skills-and-services,aws-data-engineer-guide-skills-and-services,AWS Data Engineer Guide: Skills and Services,aws,guide,tutorial,aws data engineering services,"How does AWS Data Engineer Guide work, and how do I apply it in practice?",data engineers working on AWS,"Answer ""How does AWS Data Engineer Guide work, and how do I apply it in practice?"" for data engineers working on AWS, and hand readers who want structured training to /courses/data-engineering.",data; engineer; skills,,681,8,8,5,1,1,4,1,true,0,0,6,0,1,1,0.873,amazon-dynamodb-explained-for-beginners,1,amazon-dynamodb-explained-for-beginners,0.953,0,0,0,0,false,Sneha Reddy,false,,2026-04-23,2026-05-28,,official-docs,AWS documentation <https://docs.aws.amazon.com/>,153,true,concept diagram,"One diagram that explains the central idea of ""AWS Data Engineer Guide"" — the parts and how they relate."
79,P3,4,DEEP REWRITE,,Template body: 67% of its phrasing is shared with 10+ articles; 1% is its own.,None. Queue order in BLOG_REWRITE_QUEUE.csv.,unknown,c745e9a0-2f74-4e06-9556-a4bd1f56c124,/blog/azure-data-engineer-certification-dp-203-guide,azure-data-engineer-certification-dp-203-guide,Azure Data Engineer Certification (DP-203) Guide,azure-data-factory,certification,certification,azure data engineering dp-203,"Is Azure Data Engineer Certification (DP-203) Guide worth it, and how do I prepare for it?",data engineers working on Azure,"Answer ""Is Azure Data Engineer Certification (DP-203) Guide worth it, and how do I prepare for it?"" for data engineers working on Azure, and hand readers who want structured training to /courses/data-engineering.",azure; data; engineer; certification,,534,6,6,4,0,0,5,0,true,0,0,3,0.012,0.665,0.986,0.471,azure-fundamentals-az-900-a-quick-start-guide,0.986,azure-fundamentals-az-900-a-quick-start-guide,0.957,0,0,0,0,false,Sneha Reddy,false,,2026-05-06,2026-05-06,,official-docs,Azure Data Factory documentation (Microsoft Learn) <https://learn.microsoft.com/en-us/azure/data-factory/>,176,true,concept diagram,"One diagram that explains the central idea of ""Azure Data Engineer Certification (DP-203) Guide"" — the parts and how they relate."
80,P3,4,DEEP REWRITE,,Template body: 95% of its phrasing is shared with 10+ articles; 2% is its own.,None. Queue order in BLOG_REWRITE_QUEUE.csv.,unknown,d4a2cf26-6806-4348-91e2-04762d4163be,/blog/azure-data-factory-interview-questions-and-answers,azure-data-factory-interview-questions-and-answers,Azure Data Factory Interview Questions and Answers,azure-data-factory,interview,interview,azure data factory,"What does an interviewer ask about Azure Data Factory, and what does a strong answer contain?",data engineers working on Azure,"Answer ""What does an interviewer ask about Azure Data Factory, and what does a strong answer contain?"" for data engineers working on Azure, and hand readers who want structured training to /courses/data-engineering.",azure; data; factory; interview,/blog/azure-data-factory-adf-interview-questions,544,4,4,2,0,1,9,1,true,0,0,3,0.021,0.945,0.442,0.384,adf-vs-databricks-when-to-use-each,0.742,gcp-interview-questions-for-data-engineers-2,0.684,0,0,0,0,false,GloryTecks Team,true,,2025-11-01,2025-11-01,,official-docs,Azure Data Factory documentation (Microsoft Learn) <https://learn.microsoft.com/en-us/azure/data-factory/>,183,false,none,No image needed; the value is in the questions and answers. Optional: one diagram for the hardest concept explained.
81,P3,4,DEEP REWRITE,,Template body: 67% of its phrasing is shared with 10+ articles; 0% is its own.,None. Queue order in BLOG_REWRITE_QUEUE.csv.,unknown,fc90e982-6c07-4a1e-b9ad-2248908003e1,/blog/azure-fundamentals-az-900-a-quick-start-guide,azure-fundamentals-az-900-a-quick-start-guide,Azure Fundamentals (AZ-900): A Quick-Start Guide,azure-data-factory,certification,certification,azure fundamentals az-900 quick-start,"Is Azure Fundamentals (AZ-900) worth it, and how do I prepare for it?",data engineers working on Azure,"Answer ""Is Azure Fundamentals (AZ-900) worth it, and how do I prepare for it?"" for data engineers working on Azure, and hand readers who want structured training to /courses/data-engineering.",azure; fundamentals; 900; quick,,531,6,6,4,0,0,5,0,true,0,0,3,0.002,0.671,0.986,0.474,azure-data-engineer-certification-dp-203-guide,0.986,azure-data-engineer-certification-dp-203-guide,0.957,0,0,0,0,false,Sneha Reddy,false,,2025-10-14,2025-10-14,,official-docs,Azure Data Factory documentation (Microsoft Learn) <https://learn.microsoft.com/en-us/azure/data-factory/>,176,true,concept diagram,"One diagram that explains the central idea of ""Azure Fundamentals (AZ-900)"" — the parts and how they relate."
82,P3,4,DEEP REWRITE,,Template body: 99% of its phrasing is shared with 10+ articles; 0% is its own.,None. Queue order in BLOG_REWRITE_QUEUE.csv.,unknown,49319bac-a68d-4a3d-8f7e-fcdb24e0fb3e,/blog/azure-synapse-vs-azure-data-factory-a-comparison,azure-synapse-vs-azure-data-factory-a-comparison,Azure Synapse vs Azure Data Factory: A Comparison,azure-data-factory,comparison,comparison,azure synapse data factory,"Should I use azure data factory or azure synapse, and in which situations does each one win?",data engineers working on Azure,"Answer ""Should I use azure data factory or azure synapse, and in which situations does each one win?"" for data engineers working on Azure, and hand readers who want structured training to /courses/data-engineering.",azure; synapse; data; factory,,491,5,4,3,1,0,4,0,true,0,0,3,0,0.995,0.995,0.546,microsoft-fabric-vs-azure-data-factory-what-s-new,0.995,microsoft-fabric-vs-azure-data-factory-what-s-new,0.955,0,0,0,0,false,GloryTecks Team,true,,2026-01-12,2026-01-12,,official-docs,Azure Data Factory documentation (Microsoft Learn) <https://learn.microsoft.com/en-us/azure/data-factory/>,166,true,comparison diagram,"Side-by-side diagram of where each option in ""Azure Synapse vs Azure Data Factory"" sits in a typical workflow, with the deciding differences labelled."
83,P3,4,DEEP REWRITE,,Template body: 100% of its phrasing is shared with 10+ articles; 0% is its own.,None. Queue order in BLOG_REWRITE_QUEUE.csv.,unknown,33b74348-521e-4edd-8dd4-a36b7b482ae2,/blog/behavioral-interview-questions-for-data-roles,behavioral-interview-questions-for-data-roles,Behavioral Interview Questions for Data Roles,interview-questions,interview,interview,behavioral,"What does an interviewer ask about Behavioral for Data Roles, and what does a strong answer contain?",data roles,"Answer ""What does an interviewer ask about Behavioral for Data Roles, and what does a strong answer contain?"" for data roles, and hand readers who want structured training to /courses/data-science.",behavioral; interview; questions; data,,517,4,3,2,0,0,9,0,true,0,0,3,0.002,0.998,0.998,0.983,azure-data-factory-adf-interview-questions,0.998,azure-data-factory-adf-interview-questions,0.991,0,0,0,0,false,Priya Sharma,false,,2025-09-18,2025-09-18,,none-identified,,179,false,none,No image needed; the value is in the questions and answers. Optional: one diagram for the hardest concept explained.
84,P3,4,DEEP REWRITE,,Template body: 100% of its phrasing is shared with 10+ articles; 0% is its own.,None. Queue order in BLOG_REWRITE_QUEUE.csv.,unknown,c37d8e1f-39b1-41b3-9188-22680beb2891,/blog/biglake-and-external-tables-in-bigquery,biglake-and-external-tables-in-bigquery,BigLake and External Tables in BigQuery,gcp,guide,tutorial,biglake external tables bigquery,"How does BigLake and External Tables in BigQuery work, and how do I apply it in practice?",data engineers working on Google Cloud,"Answer ""How does BigLake and External Tables in BigQuery work, and how do I apply it in practice?"" for data engineers working on Google Cloud, and hand readers who want structured training to /courses/data-engineering.",biglake; external; tables; bigquery,,664,8,8,5,1,1,4,1,true,0,0,6,0,1,1,0.862,bigquery-best-practices-for-analysts,1,bigquery-best-practices-for-analysts,0.976,0,0,0,0,false,Sneha Reddy,false,,2025-10-02,2025-10-02,,official-docs,BigQuery documentation <https://cloud.google.com/bigquery/docs>,148,true,code output screenshot or diagram,"Worked example for ""BigLake and External Tables in BigQuery"": the input, the code's key step, and the resulting output side by side."
85,P3,4,DEEP REWRITE,,Template body: 99% of its phrasing is shared with 10+ articles; 1% is its own.,None. Queue order in BLOG_REWRITE_QUEUE.csv.,unknown,efbb8e32-f7f1-49a8-8c13-382124987b3d,/blog/bigquery-sql-tips-tricks-and-optimization,bigquery-sql-tips-tricks-and-optimization,"BigQuery SQL: Tips, Tricks and Optimization",gcp,guide,tutorial,bigquery sql tricks optimization,"How does BigQuery SQL work, and how do I apply it in practice?",data engineers working on Google Cloud,"Answer ""How does BigQuery SQL work, and how do I apply it in practice?"" for data engineers working on Google Cloud, and hand readers who want structured training to /courses/data-engineering.",bigquery; sql; tips; tricks,,656,8,8,5,1,1,4,1,true,0,0,6,0.01,0.99,0.978,0.844,biglake-and-external-tables-in-bigquery,0.978,biglake-and-external-tables-in-bigquery,0.963,0,0,0,0,false,GloryTecks Team,true,,2026-04-30,2026-04-30,,official-docs,BigQuery documentation <https://cloud.google.com/bigquery/docs>,152,true,code output screenshot or diagram,"Worked example for ""BigQuery SQL"": the input, the code's key step, and the resulting output side by side."
86,P3,4,DEEP REWRITE,,Template body: 99% of its phrasing is shared with 10+ articles; 0% is its own.,None. Queue order in BLOG_REWRITE_QUEUE.csv.,unknown,bab7e75d-468f-44c6-9867-a3df4b78252e,/blog/building-a-sales-dashboard-a-hands-on-project,building-a-sales-dashboard-a-hands-on-project,Building a Sales Dashboard: A Hands-On Project,data-analytics,projects,project,building sales dashboard,"Which Building a Sales Dashboard projects show employers real skill, and how do I build them?",aspiring and junior data analysts,"Answer ""Which Building a Sales Dashboard projects show employers real skill, and how do I build them?"" for aspiring and junior data analysts, and hand readers who want structured training to /courses/data-analytics.",building; sales; dashboard; hands,,565,7,4,5,0,1,4,1,true,0,0,3,0,0.986,1,0.517,data-analytics-projects-for-your-resume,1,data-analytics-projects-for-your-resume,0.954,0,0,0,0,false,GloryTecks Team,true,,2025-11-15,2025-12-18,,none-identified,,175,true,architecture diagram,"Architecture sketch of one project from ""Building a Sales Dashboard"": data source, processing steps, output."
87,P3,4,DEEP REWRITE,,Template body: 100% of its phrasing is shared with 10+ articles; 0% is its own.,None. Queue order in BLOG_REWRITE_QUEUE.csv.,unknown,747abbc1-4071-4aaf-84af-3bbcc7f62ff1,/blog/building-a-streaming-pipeline-with-kafka-and-spark,building-a-streaming-pipeline-with-kafka-and-spark,Building a Streaming Pipeline with Kafka and Spark,data-engineering,guide,tutorial,building streaming pipeline kafka spark,"How does Building a Streaming Pipeline with Kafka and Spark work, and how do I apply it in practice?",aspiring and junior data engineers,"Answer ""How does Building a Streaming Pipeline with Kafka and Spark work, and how do I apply it in practice?"" for aspiring and junior data engineers, and hand readers who want structured training to /courses/data-engineering.",building; streaming; pipeline; kafka,,685,8,8,5,1,1,4,1,true,0,0,6,0,1,1,0.816,airflow-tutorial-orchestrating-data-pipelines,1,airflow-tutorial-orchestrating-data-pipelines,0.953,0,0,0,0,false,Sneha Reddy,false,,2026-01-19,2026-02-12,,official-docs,Apache Kafka documentation <https://kafka.apache.org/documentation/>,172,true,architecture diagram,"Diagram of the components in ""Building a Streaming Pipeline with Kafka and Spark"" and how data or requests flow between them."
88,P3,4,DEEP REWRITE,,Template body: 100% of its phrasing is shared with 10+ articles; 0% is its own.,None. Queue order in BLOG_REWRITE_QUEUE.csv.,unknown,065531f7-6777-4584-9ccf-1cfc54ca5556,/blog/building-an-etl-pipeline-on-aws-step-by-step,building-an-etl-pipeline-on-aws-step-by-step,Building an ETL Pipeline on AWS Step by Step,aws,guide,tutorial,building etl pipeline aws,"How does Building an ETL Pipeline on AWS Step by Step work, and how do I apply it in practice?",data engineers working on AWS,"Answer ""How does Building an ETL Pipeline on AWS Step by Step work, and how do I apply it in practice?"" for data engineers working on AWS, and hand readers who want structured training to /courses/data-engineering.",building; etl; pipeline,,693,8,8,5,1,1,4,1,true,0,0,6,0,1,1,0.873,amazon-dynamodb-explained-for-beginners,1,amazon-dynamodb-explained-for-beginners,0.951,0,0,0,0,false,Sneha Reddy,false,,2026-01-29,2026-03-13,,official-docs,AWS documentation <https://docs.aws.amazon.com/>,153,true,architecture diagram,"Diagram of the components in ""Building an ETL Pipeline on AWS Step by Step"" and how data or requests flow between them."
89,P3,4,DEEP REWRITE,,Template body: 100% of its phrasing is shared with 10+ articles; 0% is its own.,None. Queue order in BLOG_REWRITE_QUEUE.csv.,unknown,917e4f2d-08cd-4587-ae5e-e40029e7afc7,/blog/chatgpt-complete-guide-features-prompts-and-use-cases,chatgpt-complete-guide-features-prompts-and-use-cases,"ChatGPT Complete Guide: Features, Prompts and Use Cases",generative-ai,guide,tutorial,chatgpt features prompts cases,"How does ChatGPT Complete Guide work, and how do I apply it in practice?",developers building with LLMs,"Answer ""How does ChatGPT Complete Guide work, and how do I apply it in practice?"" for developers building with LLMs, and hand readers who want structured training to /courses/gen-ai.",chatgpt; features; prompts; use,,690,8,8,5,1,1,4,1,true,0,0,6,0,1,1,0.897,ai-agents-guide-how-autonomous-agents-actually-work,1,ai-agents-guide-how-autonomous-agents-actually-work,0.956,0,0,0,0,false,GloryTecks Team,true,,2026-06-08,2026-06-08,,none-identified,,174,true,concept diagram,"One diagram that explains the central idea of ""ChatGPT Complete Guide"" — the parts and how they relate."
90,P3,4,DEEP REWRITE,,Template body: 100% of its phrasing is shared with 10+ articles; 0% is its own.,None. Queue order in BLOG_REWRITE_QUEUE.csv.,unknown,66169667-6424-422e-8410-6dc9fe96131a,/blog/ci-cd-for-machine-learning-pipelines-that-work,ci-cd-for-machine-learning-pipelines-that-work,CI/CD for Machine Learning: Pipelines That Work,mlops,guide,tutorial,ci cd machine learning pipeline work,"How does CI/CD for Machine Learning work, and how do I apply it in practice?",data scientists and engineers moving models to production,"Answer ""How does CI/CD for Machine Learning work, and how do I apply it in practice?"" for data scientists and engineers moving models to production, and hand readers who want structured training to /courses/mlops.",machine; learning; pipelines; work,,670,8,8,5,1,1,4,1,true,0,0,6,0,1,1,0.9,a-b-testing-ml-models-in-production,1,a-b-testing-ml-models-in-production,0.963,0,0,0,0,false,Sneha Reddy,false,,2026-05-19,2026-05-19,,none-identified,,158,true,architecture diagram,"Diagram of the components in ""CI/CD for Machine Learning"" and how data or requests flow between them."
91,P3,4,DEEP REWRITE,,Template body: 100% of its phrasing is shared with 10+ articles; 0% is its own.,None. Queue order in BLOG_REWRITE_QUEUE.csv.,unknown,3049df3e-995e-4bcd-95b1-df14eb18361f,/blog/cloud-functions-on-gcp-serverless-explained,cloud-functions-on-gcp-serverless-explained,Cloud Functions on GCP: Serverless Explained,gcp,guide,tutorial,cloud functions gcp serverless,"What is Cloud Functions on GCP, and how does it work?",data engineers working on Google Cloud,"Answer ""What is Cloud Functions on GCP, and how does it work?"" for data engineers working on Google Cloud, and hand readers who want structured training to /courses/data-engineering.",cloud; functions; serverless,,660,8,8,5,1,1,4,1,true,0,0,6,0,1,1,0.862,biglake-and-external-tables-in-bigquery,1,biglake-and-external-tables-in-bigquery,0.963,0,0,0,0,false,Sneha Reddy,false,,2026-03-19,2026-03-19,,official-docs,Google Cloud documentation <https://cloud.google.com/docs>,153,true,code output screenshot or diagram,"Worked example for ""Cloud Functions on GCP"": the input, the code's key step, and the resulting output side by side."
92,P3,4,DEEP REWRITE,,Template body: 100% of its phrasing is shared with 10+ articles; 0% is its own.,None. Queue order in BLOG_REWRITE_QUEUE.csv.,unknown,fa590765-7e16-4d50-ba0f-3ad20c5ee9e3,/blog/cloud-storage-to-bigquery-building-an-ingestion-layer,cloud-storage-to-bigquery-building-an-ingestion-layer,Cloud Storage to BigQuery: Building an Ingestion Layer,gcp,guide,tutorial,cloud storage bigquery building ingestion layer,"How does Cloud Storage to BigQuery work, and how do I apply it in practice?",data engineers working on Google Cloud,"Answer ""How does Cloud Storage to BigQuery work, and how do I apply it in practice?"" for data engineers working on Google Cloud, and hand readers who want structured training to /courses/data-engineering.",cloud; storage; bigquery; building,,662,8,8,5,1,1,4,1,true,0,0,6,0,1,1,0.862,biglake-and-external-tables-in-bigquery,1,biglake-and-external-tables-in-bigquery,0.961,0,0,0,0,false,Sneha Reddy,false,,2025-12-25,2025-12-25,,official-docs,BigQuery documentation <https://cloud.google.com/bigquery/docs>,163,true,architecture diagram,"Diagram of the components in ""Cloud Storage to BigQuery"" and how data or requests flow between them."
93,P3,4,DEEP REWRITE,,Template body: 100% of its phrasing is shared with 10+ articles; 0% is its own.,None. Queue order in BLOG_REWRITE_QUEUE.csv.,unknown,abcc9aa8-f055-4f92-926c-305aed8f2e28,/blog/dashboard-design-principles-for-data-analysts,dashboard-design-principles-for-data-analysts,Dashboard Design Principles for Data Analysts,data-analytics,guide,tutorial,dashboard design principles,"How does Dashboard Design Principles for Data Analysts work, and how do I apply it in practice?",data analysts,"Answer ""How does Dashboard Design Principles for Data Analysts work, and how do I apply it in practice?"" for data analysts, and hand readers who want structured training to /courses/data-analytics.",dashboard; design; principles; data,,673,8,8,5,1,1,4,1,true,0,0,6,0,1,1,0.88,building-kpi-scorecards-for-executives,1,building-kpi-scorecards-for-executives,0.965,0,0,0,0,false,GloryTecks Team,true,,2026-05-26,2026-06-15,,none-identified,,165,true,concept diagram,"One diagram that explains the central idea of ""Dashboard Design Principles for Data Analysts"" — the parts and how they relate."
94,P3,4,DEEP REWRITE,,Template body: 99% of its phrasing is shared with 10+ articles; 0% is its own.,None. Queue order in BLOG_REWRITE_QUEUE.csv.,unknown,edfc9ba3-9801-4400-a188-755efe377054,/blog/data-analytics-projects-for-your-resume,data-analytics-projects-for-your-resume,Data Analytics Projects for Your Resume,data-analytics,projects,project,data analytics resume,"Which Data Analytics for Your Resume projects show employers real skill, and how do I build them?",aspiring and junior data analysts,"Answer ""Which Data Analytics for Your Resume projects show employers real skill, and how do I build them?"" for aspiring and junior data analysts, and hand readers who want structured training to /courses/data-analytics.",data; analytics; projects; resume,,566,7,4,5,0,1,4,1,true,0,0,3,0,0.986,1,0.517,building-a-sales-dashboard-a-hands-on-project,1,building-a-sales-dashboard-a-hands-on-project,0.954,0,0,0,0,false,Arjun Nair,false,,2026-03-09,2026-04-23,,none-identified,,168,true,architecture diagram,"Architecture sketch of one project from ""Data Analytics Projects for Your Resume"": data source, processing steps, output."
95,P3,4,DEEP REWRITE,,Template body: 99% of its phrasing is shared with 10+ articles; 1% is its own.,None. Queue order in BLOG_REWRITE_QUEUE.csv.,unknown,89abac70-82f9-4201-829c-db690950c247,/blog/data-cleaning-a-practical-step-by-step-guide,data-cleaning-a-practical-step-by-step-guide,Data Cleaning: A Practical Step-by-Step Guide,data-analytics,guide,tutorial,data cleaning step-by-step,"How does Data Cleaning work, and how do I apply it in practice?",aspiring and junior data analysts,"Answer ""How does Data Cleaning work, and how do I apply it in practice?"" for aspiring and junior data analysts, and hand readers who want structured training to /courses/data-analytics.",data; cleaning; practical,,665,8,8,5,1,1,4,1,true,0,0,6,0.01,0.99,0.978,0.861,building-kpi-scorecards-for-executives,0.978,building-kpi-scorecards-for-executives,0.956,0,0,0,0,false,Arjun Nair,false,,2026-06-01,2026-06-15,,none-identified,,165,true,concept diagram,"One diagram that explains the central idea of ""Data Cleaning"" — the parts and how they relate."
96,P3,4,DEEP REWRITE,,Template body: 100% of its phrasing is shared with 10+ articles; 0% is its own.,None. Queue order in BLOG_REWRITE_QUEUE.csv.,unknown,d378de89-5a04-49e3-beb5-faca70d91481,/blog/data-engineering-interview-questions-and-answers,data-engineering-interview-questions-and-answers,Data Engineering Interview Questions and Answers,interview-questions,interview,interview,data engineering,"What does an interviewer ask about Data Engineering, and what does a strong answer contain?",candidates preparing for data interviews,"Answer ""What does an interviewer ask about Data Engineering, and what does a strong answer contain?"" for candidates preparing for data interviews, and hand readers who want structured training to /courses/data-science.",data; engineering; interview; questions,/blog/data-engineering-interview-questions-and-answers-2,517,4,3,2,0,0,9,0,true,0,0,3,0.002,0.998,0.998,0.983,azure-data-factory-adf-interview-questions,0.998,azure-data-factory-adf-interview-questions,0.989,0,0,0,0,false,Ravi Kumar,false,,2026-04-16,2026-04-16,,none-identified,,182,false,none,No image needed; the value is in the questions and answers. Optional: one diagram for the hardest concept explained.
97,P3,4,DEEP REWRITE,,Template body: 98% of its phrasing is shared with 10+ articles; 1% is its own.,None. Queue order in BLOG_REWRITE_QUEUE.csv.,unknown,7688d79a-0f96-4d11-ad3e-9f100f7c4d40,/blog/data-engineering-projects-for-your-portfolio,data-engineering-projects-for-your-portfolio,Data Engineering Projects for Your Portfolio,data-engineering,projects,project,data engineering,"Which Data Engineering for Your Portfolio projects show employers real skill, and how do I build them?",aspiring and junior data engineers,"Answer ""Which Data Engineering for Your Portfolio projects show employers real skill, and how do I build them?"" for aspiring and junior data engineers, and hand readers who want structured training to /courses/data-engineering.",data; engineering; projects; portfolio,,573,7,4,5,0,1,4,1,true,0,0,3,0.012,0.984,0.524,0.496,airflow-tutorial-orchestrating-data-pipelines,0.705,data-science-projects-for-freshers-12-ideas-with-datasets,0.662,0,0,0,0,false,GloryTecks Team,true,,2025-12-20,2026-02-02,,none-identified,,175,true,architecture diagram,"Architecture sketch of one project from ""Data Engineering Projects for Your Portfolio"": data source, processing steps, output."
98,P3,4,DEEP REWRITE,,Template body: 99% of its phrasing is shared with 10+ articles; 1% is its own.,None. Queue order in BLOG_REWRITE_QUEUE.csv.,unknown,9b30f136-ca6a-43c2-be4d-ee6d6f7e192d,/blog/data-lake-vs-data-warehouse-vs-lakehouse,data-lake-vs-data-warehouse-vs-lakehouse,Data Lake vs Data Warehouse vs Lakehouse,data-engineering,comparison,comparison,data lake warehouse lakehouse,"Should I use data lake or data warehouse or lakehouse, and in which situations does each one win?",aspiring and junior data engineers,"Answer ""Should I use data lake or data warehouse or lakehouse, and in which situations does each one win?"" for aspiring and junior data engineers, and hand readers who want structured training to /courses/data-engineering.",data; lake; warehouse; lakehouse,,478,5,4,3,1,0,4,0,true,0,0,3,0.01,0.99,0.984,0.601,data-engineering-vs-data-science-roles-compared,0.984,data-engineering-vs-data-science-roles-compared,0.927,0,0,0,0,false,GloryTecks Team,true,,2026-05-25,2026-06-06,,none-identified,,155,true,comparison diagram,"Side-by-side diagram of where each option in ""Data Lake vs Data Warehouse vs Lakehouse"" sits in a typical workflow, with the deciding differences labelled."
99,P3,4,DEEP REWRITE,,Template body: 100% of its phrasing is shared with 10+ articles; 0% is its own.,None. Queue order in BLOG_REWRITE_QUEUE.csv.,unknown,5b624059-dc21-44d7-b2e4-acad9e29bd4e,/blog/data-partitioning-strategies-in-adf-copy-activity,data-partitioning-strategies-in-adf-copy-activity,Data Partitioning Strategies in ADF Copy Activity,azure-data-factory,guide,tutorial,data partitioning strategies azure factory copy activity,"How does Data Partitioning Strategies in ADF Copy Activity work, and how do I apply it in practice?",data engineers working on Azure,"Answer ""How does Data Partitioning Strategies in ADF Copy Activity work, and how do I apply it in practice?"" for data engineers working on Azure, and hand readers who want structured training to /courses/data-engineering.",data; partitioning; strategies; adf,,710,8,8,5,1,1,4,1,true,0,0,6,0,1,1,0.864,adf-control-flow-foreach-if-and-until-activities,1,adf-control-flow-foreach-if-and-until-activities,0.952,0,0,0,0,false,GloryTecks Team,true,,2025-10-20,2025-10-20,,official-docs,Azure Data Factory documentation (Microsoft Learn) <https://learn.microsoft.com/en-us/azure/data-factory/>,173,true,architecture diagram,"Diagram of the components in ""Data Partitioning Strategies in ADF Copy Activity"" and how data or requests flow between them."
100,P3,4,DEEP REWRITE,/compare/data-science-vs-data-analytics,"Phase 3 REWRITE INTENT: Two /compare pages ask one question. Keep the field comparison as the owner and refocus the analyst-vs-scientist page on the job roles (duties, hiring, pay). The blog post supports the owner.",Rewrite to a distinct intent; link to the owner.,unknown,ded4f3b2-9da3-4214-83ee-ed356c855727,/blog/data-science-vs-data-analytics-which-career-is-right-for-you,data-science-vs-data-analytics-which-career-is-right-for-you,Data Science vs Data Analytics: Which Career Is Right for You?,data-science,comparison,comparison,data science analytics,"Should I use data analytics or data science, and in which situations does each one win?",learners and junior data scientists,"Answer ""Should I use data analytics or data science, and in which situations does each one win?"" for learners and junior data scientists, and hand readers who want structured training to /courses/data-science.",data; science; analytics; which,/compare/data-science-vs-data-analytics /compare/data-analyst-vs-data-scientist,485,5,4,3,1,0,4,0,true,0,0,3,0.003,0.995,0.99,0.531,data-science-vs-machine-learning-vs-ai-what-s-the-difference,0.99,data-science-vs-machine-learning-vs-ai-what-s-the-difference,0.919,0,0,0,0,false,Ravi Kumar,false,,2026-06-03,2026-06-15,,none-identified,,173,true,comparison diagram,"Side-by-side diagram of where each option in ""Data Science vs Data Analytics"" sits in a typical workflow, with the deciding differences labelled."
101,P3,4,DEEP REWRITE,,Template body: 100% of its phrasing is shared with 10+ articles; 0% is its own.,None. Queue order in BLOG_REWRITE_QUEUE.csv.,unknown,fa556191-c716-47e5-8742-41ccd92ced2b,/blog/data-warehouse-explained-concepts-and-architecture,data-warehouse-explained-concepts-and-architecture,Data Warehouse Explained: Concepts and Architecture,data-engineering,guide,tutorial,data warehouse concepts architecture,"What is Data Warehouse, and how does it work?",aspiring and junior data engineers,"Answer ""What is Data Warehouse, and how does it work?"" for aspiring and junior data engineers, and hand readers who want structured training to /courses/data-engineering.",data; warehouse; concepts; architecture,,673,8,8,5,1,1,4,1,true,0,0,6,0,1,1,0.816,airflow-tutorial-orchestrating-data-pipelines,1,airflow-tutorial-orchestrating-data-pipelines,0.965,0,0,0,0,false,Sneha Reddy,false,,2026-05-31,2026-06-15,,none-identified,,173,true,architecture diagram,"Diagram of the components in ""Data Warehouse Explained"" and how data or requests flow between them."
102,P3,4,DEEP REWRITE,,Template body: 100% of its phrasing is shared with 10+ articles; 0% is its own.,None. Queue order in BLOG_REWRITE_QUEUE.csv.,unknown,d65f1972-854c-4a7e-a393-f8b21f2d4301,/blog/data-warehouse-interview-questions-and-answers,data-warehouse-interview-questions-and-answers,Data Warehouse Interview Questions and Answers,interview-questions,interview,interview,data warehouse,"What does an interviewer ask about Data Warehouse, and what does a strong answer contain?",candidates preparing for data interviews,"Answer ""What does an interviewer ask about Data Warehouse, and what does a strong answer contain?"" for candidates preparing for data interviews, and hand readers who want structured training to /courses/data-science.",data; warehouse; interview; questions,,517,4,3,2,0,0,9,0,true,0,0,3,0.002,0.998,0.998,0.983,azure-data-factory-adf-interview-questions,0.998,azure-data-factory-adf-interview-questions,0.989,0,0,0,0,false,Ravi Kumar,false,,2025-10-30,2025-10-30,,none-identified,,180,false,none,No image needed; the value is in the questions and answers. Optional: one diagram for the hardest concept explained.
103,P3,4,DEEP REWRITE,,Template body: 100% of its phrasing is shared with 10+ articles; 0% is its own.,None. Queue order in BLOG_REWRITE_QUEUE.csv.,unknown,693e2cc1-4c16-495a-bd09-3dcb072bf57b,/blog/databricks-interview-questions-and-answers,databricks-interview-questions-and-answers,Databricks Interview Questions and Answers,interview-questions,interview,interview,databricks,"What does an interviewer ask about Databricks, and what does a strong answer contain?",candidates preparing for data interviews,"Answer ""What does an interviewer ask about Databricks, and what does a strong answer contain?"" for candidates preparing for data interviews, and hand readers who want structured training to /courses/data-science.",databricks; interview; questions; answers,,515,4,3,2,0,0,9,0,true,0,0,3,0.002,0.998,0.998,0.983,azure-data-factory-adf-interview-questions,0.998,azure-data-factory-adf-interview-questions,0.991,0,0,0,0,false,Ravi Kumar,false,,2026-02-27,2026-02-27,,official-docs,Databricks documentation <https://docs.databricks.com/>,176,false,none,No image needed; the value is in the questions and answers. Optional: one diagram for the hardest concept explained.
104,P3,4,DEEP REWRITE,,Template body: 100% of its phrasing is shared with 10+ articles; 0% is its own.,None. Queue order in BLOG_REWRITE_QUEUE.csv.,unknown,f3c923b3-4b18-4086-b614-82b2b838d26c,/blog/datetime-in-python-working-with-dates-and-times,datetime-in-python-working-with-dates-and-times,Datetime in Python: Working with Dates and Times,python,guide,tutorial,datetime python working dates times,"How does Datetime in Python work, and how do I apply it in practice?",Python learners heading into data work,"Answer ""How does Datetime in Python work, and how do I apply it in practice?"" for Python learners heading into data work, and hand readers who want structured training to /courses/python-programming.",datetime; working; dates,,650,8,8,5,1,1,4,1,true,0,0,6,0,1,1,0.869,async-programming-in-python-asyncio-explained,1,async-programming-in-python-asyncio-explained,0.96,0,0,0,0,false,Ravi Kumar,false,,2025-11-10,2025-11-10,,official-docs,Python documentation <https://docs.python.org/3/>,160,true,code output screenshot or diagram,"Worked example for ""Datetime in Python"": the input, the code's key step, and the resulting output side by side."
105,P3,4,DEEP REWRITE,,Template body: 100% of its phrasing is shared with 10+ articles; 0% is its own.,None. Queue order in BLOG_REWRITE_QUEUE.csv.,unknown,d0bbea83-5fe6-40ee-9171-20603222bb8d,/blog/dax-filter-and-all-functions-explained,dax-filter-and-all-functions-explained,DAX FILTER and ALL Functions Explained,power-bi,guide,tutorial,dax filter all functions,"What is DAX FILTER and ALL Functions, and how does it work?",analysts building Power BI reports,"Answer ""What is DAX FILTER and ALL Functions, and how does it work?"" for analysts building Power BI reports, and hand readers who want structured training to /courses/power-bi.",dax; filter; all; functions,,696,8,8,5,1,1,4,1,true,0,0,6,0,1,1,0.889,aggregations-in-power-bi-for-large-datasets,1,aggregations-in-power-bi-for-large-datasets,0.963,0,0,0,0,false,GloryTecks Team,true,,2025-11-03,2025-11-03,,official-docs,DAX reference (Microsoft Learn) <https://learn.microsoft.com/en-us/dax/>,152,true,annotated screenshot,"Annotated screenshot of the feature in ""DAX FILTER and ALL Functions Explained"" in the product UI, taken from a demo file (no client data)."
106,P3,4,DEEP REWRITE,,Template body: 100% of its phrasing is shared with 10+ articles; 0% is its own.,None. Queue order in BLOG_REWRITE_QUEUE.csv.,unknown,d4b16ad8-8e08-4516-b3be-31e343134910,/blog/dax-interview-questions-for-power-bi-developers,dax-interview-questions-for-power-bi-developers,DAX Interview Questions for Power BI Developers,interview-questions,interview,interview,dax power bi development,"What does an interviewer ask about DAX for Power BI Developers, and what does a strong answer contain?",candidates preparing for data interviews,"Answer ""What does an interviewer ask about DAX for Power BI Developers, and what does a strong answer contain?"" for candidates preparing for data interviews, and hand readers who want structured training to /courses/data-science.",dax; interview; questions; power,,519,4,3,2,0,0,9,0,true,0,0,3,0.002,0.998,0.998,0.983,azure-data-factory-adf-interview-questions,0.998,azure-data-factory-adf-interview-questions,0.957,0,0,0,0,false,Priya Sharma,false,,2026-02-09,2026-02-09,,official-docs,DAX reference (Microsoft Learn) <https://learn.microsoft.com/en-us/dax/>,181,false,none,No image needed; the value is in the questions and answers. Optional: one diagram for the hardest concept explained.
107,P3,4,DEEP REWRITE,,Template body: 100% of its phrasing is shared with 10+ articles; 0% is its own.,None. Queue order in BLOG_REWRITE_QUEUE.csv.,unknown,09f2a01c-0f55-4a77-987b-ee0eb6fbaece,/blog/docker-and-kubernetes-interview-questions-for-ml,docker-and-kubernetes-interview-questions-for-ml,Docker and Kubernetes Interview Questions for ML,interview-questions,interview,interview,docker kubernetes ml,"What does an interviewer ask about Docker and Kubernetes for ML, and what does a strong answer contain?",candidates preparing for data interviews,"Answer ""What does an interviewer ask about Docker and Kubernetes for ML, and what does a strong answer contain?"" for candidates preparing for data interviews, and hand readers who want structured training to /courses/data-science.",docker; kubernetes; interview; questions,,519,4,3,2,0,0,9,0,true,0,0,3,0.002,0.998,0.998,0.983,azure-data-factory-adf-interview-questions,0.998,azure-data-factory-adf-interview-questions,0.957,0,0,0,0,false,Priya Sharma,false,,2025-08-25,2025-08-25,,official-docs,Kubernetes documentation <https://kubernetes.io/docs/>,182,false,none,No image needed; the value is in the questions and answers. Optional: one diagram for the hardest concept explained.
108,P3,4,DEEP REWRITE,,Template body: 99% of its phrasing is shared with 10+ articles; 0% is its own.,None. Queue order in BLOG_REWRITE_QUEUE.csv.,unknown,b9313879-f717-4644-bbfe-c98992a7ce72,/blog/end-to-end-machine-learning-project-a-complete-walkthrough,end-to-end-machine-learning-project-a-complete-walkthrough,End-to-End Machine Learning Project: A Complete Walkthrough,data-science,projects,project,end-to-end machine learning walkthrough,"Which End-to-End Machine Learning projects show employers real skill, and how do I build them?",learners and junior data scientists,"Answer ""Which End-to-End Machine Learning projects show employers real skill, and how do I build them?"" for learners and junior data scientists, and hand readers who want structured training to /courses/data-science.",end; machine; learning; project,,568,7,4,5,0,1,4,1,true,0,0,3,0,0.988,1,0.52,data-science-projects-for-freshers-12-ideas-with-datasets,1,data-science-projects-for-freshers-12-ideas-with-datasets,0.944,0,0,0,0,false,GloryTecks Team,true,,2025-10-24,2025-12-01,,none-identified,,186,true,architecture diagram,"Architecture sketch of one project from ""End-to-End Machine Learning Project"": data source, processing steps, output."
109,P3,4,DEEP REWRITE,,Template body: 99% of its phrasing is shared with 10+ articles; 1% is its own.,None. Queue order in BLOG_REWRITE_QUEUE.csv.,unknown,4d5339c3-b07c-4fb4-87b0-5c7772773e9e,/blog/etl-vs-elt-differences-and-when-to-use-each,etl-vs-elt-differences-and-when-to-use-each,ETL vs ELT: Differences and When to Use Each,data-engineering,comparison,comparison,etl elt differences,"Should I use elt or etl, and in which situations does each one win?",aspiring and junior data engineers,"Answer ""Should I use elt or etl, and in which situations does each one win?"" for aspiring and junior data engineers, and hand readers who want structured training to /courses/data-engineering.",etl; elt; differences; when,,476,5,4,3,1,0,4,0,true,0,0,3,0.005,0.995,0.99,0.604,data-engineering-vs-data-science-roles-compared,0.99,data-engineering-vs-data-science-roles-compared,0.93,0,0,0,0,false,GloryTecks Team,true,,2026-06-06,2026-06-15,,none-identified,,159,true,comparison diagram,"Side-by-side diagram of where each option in ""ETL vs ELT"" sits in a typical workflow, with the deciding differences labelled."
110,P3,4,DEEP REWRITE,,Template body: 100% of its phrasing is shared with 10+ articles; 0% is its own.,None. Queue order in BLOG_REWRITE_QUEUE.csv.,unknown,9671d0ef-8c4c-4a64-86a6-3e0afb66dcb0,/blog/excel-interview-questions-for-data-analysts,excel-interview-questions-for-data-analysts,Excel Interview Questions for Data Analysts,interview-questions,interview,interview,excel,"What does an interviewer ask about Excel for Data Analysts, and what does a strong answer contain?",data analysts,"Answer ""What does an interviewer ask about Excel for Data Analysts, and what does a strong answer contain?"" for data analysts, and hand readers who want structured training to /courses/data-science.",excel; interview; questions; data,,517,4,3,2,0,0,9,0,true,0,0,3,0.002,0.998,0.998,0.983,azure-data-factory-adf-interview-questions,0.998,azure-data-factory-adf-interview-questions,0.96,0,0,0,0,false,Ravi Kumar,false,,2025-08-31,2025-08-31,,official-docs,Microsoft Excel help <https://support.microsoft.com/en-us/excel>,177,false,none,No image needed; the value is in the questions and answers. Optional: one diagram for the hardest concept explained.
111,P3,4,DEEP REWRITE,,Template body: 100% of its phrasing is shared with 10+ articles; 0% is its own.,None. Queue order in BLOG_REWRITE_QUEUE.csv.,unknown,3bf72922-6d87-444c-a336-e906d69de9be,/blog/excel-power-query-cleaning-data-without-code,excel-power-query-cleaning-data-without-code,Excel Power Query: Cleaning Data Without Code,data-analytics,guide,tutorial,excel power query cleaning data without code,"How does Excel Power Query work, and how do I apply it in practice?",aspiring and junior data analysts,"Answer ""How does Excel Power Query work, and how do I apply it in practice?"" for aspiring and junior data analysts, and hand readers who want structured training to /courses/data-analytics.",excel; power; query; cleaning,,668,8,8,5,1,1,4,1,true,0,0,6,0,1,1,0.88,building-kpi-scorecards-for-executives,1,building-kpi-scorecards-for-executives,0.954,0,0,0,0,false,Arjun Nair,false,,2026-01-08,2026-02-22,,official-docs,Power Query documentation (Microsoft Learn) <https://learn.microsoft.com/en-us/power-query/>,165,true,annotated screenshot,"Annotated screenshot of the feature in ""Excel Power Query"" in the product UI, taken from a demo file (no client data)."
112,P3,4,DEEP REWRITE,,Template body: 100% of its phrasing is shared with 10+ articles; 0% is its own.,None. Queue order in BLOG_REWRITE_QUEUE.csv.,unknown,c5bf0466-e910-41b5-902f-09129ee11f75,/blog/fastapi-guide-build-a-production-api-step-by-step,fastapi-guide-build-a-production-api-step-by-step,FastAPI Guide: Build a Production API Step by Step,python,guide,tutorial,fastapi build production api,"How does FastAPI Guide work, and how do I apply it in practice?",Python learners heading into data work,"Answer ""How does FastAPI Guide work, and how do I apply it in practice?"" for Python learners heading into data work, and hand readers who want structured training to /courses/python-programming.",fastapi; build; production; api,,649,8,8,5,1,1,4,1,true,0,0,6,0,1,1,0.869,async-programming-in-python-asyncio-explained,1,async-programming-in-python-asyncio-explained,0.962,0,0,0,0,false,Ravi Kumar,false,,2026-04-27,2026-04-27,,official-docs,Python documentation <https://docs.python.org/3/>,162,true,concept diagram,"One diagram that explains the central idea of ""FastAPI Guide"" — the parts and how they relate."
113,P3,4,DEEP REWRITE,,Template body: 67% of its phrasing is shared with 10+ articles; 0% is its own.,None. Queue order in BLOG_REWRITE_QUEUE.csv.,unknown,7ed99eca-251c-42d1-af62-27450d315fde,/blog/gcp-associate-cloud-engineer-certification-guide,gcp-associate-cloud-engineer-certification-guide,GCP Associate Cloud Engineer Certification Guide,gcp,certification,certification,gcp associate cloud engineering,"Is GCP Associate Cloud Engineer Certification Guide worth it, and how do I prepare for it?",data engineers working on Google Cloud,"Answer ""Is GCP Associate Cloud Engineer Certification Guide worth it, and how do I prepare for it?"" for data engineers working on Google Cloud, and hand readers who want structured training to /courses/data-engineering.",associate; cloud; engineer,,516,6,6,4,0,0,5,0,true,0,0,3,0,0.665,1,0.48,gcp-certification-path-which-one-to-pick-first,1,gcp-certification-path-which-one-to-pick-first,0.986,0,0,0,0,false,GloryTecks Team,true,,2026-01-12,2026-01-12,,official-docs,Google Cloud documentation <https://cloud.google.com/docs>,161,true,concept diagram,"One diagram that explains the central idea of ""GCP Associate Cloud Engineer Certification Guide"" — the parts and how they relate."
114,P3,4,DEEP REWRITE,,Template body: 100% of its phrasing is shared with 10+ articles; 0% is its own.,None. Queue order in BLOG_REWRITE_QUEUE.csv.,unknown,08ad6f98-ce88-4ec4-8ead-f111d7eef56d,/blog/gcp-free-tier-what-you-can-build-without-paying,gcp-free-tier-what-you-can-build-without-paying,GCP Free Tier: What You Can Build Without Paying,gcp,guide,tutorial,gcp free tier can build without paying,"How does GCP Free Tier work, and how do I apply it in practice?",data engineers working on Google Cloud,"Answer ""How does GCP Free Tier work, and how do I apply it in practice?"" for data engineers working on Google Cloud, and hand readers who want structured training to /courses/data-engineering.",free; tier; can,,661,8,8,5,1,1,4,1,true,0,0,6,0,1,1,0.862,biglake-and-external-tables-in-bigquery,1,biglake-and-external-tables-in-bigquery,0.951,0,0,0,0,false,GloryTecks Team,true,,2026-02-05,2026-02-05,,official-docs,Google Cloud documentation <https://cloud.google.com/docs>,157,true,concept diagram,"One diagram that explains the central idea of ""GCP Free Tier"" — the parts and how they relate."
115,P3,4,DEEP REWRITE,,Template body: 100% of its phrasing is shared with 10+ articles; 0% is its own.,None. Queue order in BLOG_REWRITE_QUEUE.csv.,unknown,94f00e05-193a-4156-b50f-fb1308d108a1,/blog/gcp-interview-questions-for-data-engineers,gcp-interview-questions-for-data-engineers,GCP Interview Questions for Data Engineers,interview-questions,interview,interview,gcp,"What does an interviewer ask about GCP for Data Engineers, and what does a strong answer contain?",data engineers,"Answer ""What does an interviewer ask about GCP for Data Engineers, and what does a strong answer contain?"" for data engineers, and hand readers who want structured training to /courses/data-science.",gcp; interview; questions; data,/blog/gcp-interview-questions-for-data-engineers-2,517,4,3,2,0,0,9,0,true,0,0,3,0.002,0.998,0.998,0.983,azure-data-factory-adf-interview-questions,0.998,azure-data-factory-adf-interview-questions,0.991,0,0,0,0,false,Priya Sharma,false,,2026-01-16,2026-01-16,,official-docs,Google Cloud documentation <https://cloud.google.com/docs>,176,false,none,No image needed; the value is in the questions and answers. Optional: one diagram for the hardest concept explained.
116,P3,4,DEEP REWRITE,,Template body: 67% of its phrasing is shared with 10+ articles; 0% is its own.,None. Queue order in BLOG_REWRITE_QUEUE.csv.,unknown,68fa2bc2-5386-48fa-905f-9e948c10736c,/blog/gcp-professional-data-engineer-certification-guide,gcp-professional-data-engineer-certification-guide,GCP Professional Data Engineer Certification Guide,gcp,certification,certification,gcp professional data engineering,"Is GCP Professional Data Engineer Certification Guide worth it, and how do I prepare for it?",data engineers working on Google Cloud,"Answer ""Is GCP Professional Data Engineer Certification Guide worth it, and how do I prepare for it?"" for data engineers working on Google Cloud, and hand readers who want structured training to /courses/data-engineering.",professional; data; engineer,,516,6,6,4,0,0,5,0,true,0,0,3,0,0.665,1,0.48,gcp-associate-cloud-engineer-certification-guide,1,gcp-associate-cloud-engineer-certification-guide,0.986,0,0,0,0,false,Sneha Reddy,false,,2026-05-06,2026-05-06,,official-docs,Google Cloud documentation <https://cloud.google.com/docs>,163,true,concept diagram,"One diagram that explains the central idea of ""GCP Professional Data Engineer Certification Guide"" — the parts and how they relate."
117,P3,4,DEEP REWRITE,,Template body: 100% of its phrasing is shared with 10+ articles; 0% is its own.,None. Queue order in BLOG_REWRITE_QUEUE.csv.,unknown,103de154-885e-430a-87c4-b3e7dc09386a,/blog/git-interview-questions-every-developer-should-know,git-interview-questions-every-developer-should-know,Git Interview Questions Every Developer Should Know,interview-questions,interview,interview,git every development,"What does an interviewer ask about Git Every Developer Should Know, and what does a strong answer contain?",candidates preparing for data interviews,"Answer ""What does an interviewer ask about Git Every Developer Should Know, and what does a strong answer contain?"" for candidates preparing for data interviews, and hand readers who want structured training to /courses/data-science.",git; interview; questions; developer,,519,4,3,2,0,0,9,0,true,0,0,3,0.002,0.998,0.998,0.983,azure-data-factory-adf-interview-questions,0.998,azure-data-factory-adf-interview-questions,0.969,0,0,0,0,false,Ravi Kumar,false,,2025-12-05,2025-12-05,,official-docs,Git documentation <https://git-scm.com/doc>,185,false,none,No image needed; the value is in the questions and answers. Optional: one diagram for the hardest concept explained.
118,P3,4,DEEP REWRITE,,Template body: 100% of its phrasing is shared with 10+ articles; 0% is its own.,None. Queue order in BLOG_REWRITE_QUEUE.csv.,unknown,bf2f35ac-4845-4e4e-8562-ccdad92336ff,/blog/how-to-create-effective-kpis-for-any-business,how-to-create-effective-kpis-for-any-business,How to Create Effective KPIs for Any Business,data-analytics,guide,tutorial,create effective kpis any business,How do I Create Effective KPIs for Any Business?,aspiring and junior data analysts,"Answer ""How do I Create Effective KPIs for Any Business?"" for aspiring and junior data analysts, and hand readers who want structured training to /courses/data-analytics.",create; effective; kpis; any,,679,8,8,5,1,1,4,1,true,0,0,6,0,1,1,0.88,building-kpi-scorecards-for-executives,1,building-kpi-scorecards-for-executives,0.95,0,0,0,0,false,Arjun Nair,false,,2026-05-20,2026-06-10,,none-identified,,165,true,concept diagram,"One diagram that explains the central idea of ""How to Create Effective KPIs for Any Business"" — the parts and how they relate."
119,P3,4,DEEP REWRITE,,Template body: 100% of its phrasing is shared with 10+ articles; 0% is its own.,None. Queue order in BLOG_REWRITE_QUEUE.csv.,unknown,9ac4af73-9ca7-4fe8-8e96-eb0cb785b42a,/blog/how-to-learn-python-faster-a-proven-study-plan,how-to-learn-python-faster-a-proven-study-plan,How to Learn Python Faster: A Proven Study Plan,python,guide,tutorial,python faster proven study plan,How do I Learn Python Faster?,Python learners heading into data work,"Answer ""How do I Learn Python Faster?"" for Python learners heading into data work, and hand readers who want structured training to /courses/python-programming.",learn; faster; proven,,655,8,8,5,1,1,4,1,true,0,0,6,0,1,1,0.869,async-programming-in-python-asyncio-explained,1,async-programming-in-python-asyncio-explained,0.948,0,0,0,0,false,GloryTecks Team,true,,2025-09-29,2025-09-29,,official-docs,Python documentation <https://docs.python.org/3/>,159,true,code output screenshot or diagram,"Worked example for ""How to Learn Python Faster"": the input, the code's key step, and the resulting output side by side."
120,P3,4,DEEP REWRITE,,Template body: 100% of its phrasing is shared with 10+ articles; 0% is its own.,None. Queue order in BLOG_REWRITE_QUEUE.csv.,unknown,b72f8d3e-b8e6-421c-94c2-cb7807bee0a4,/blog/interview-tips-for-freshers-how-to-stand-out,interview-tips-for-freshers-how-to-stand-out,Interview Tips for Freshers: How to Stand Out,career-guidance,guide,interview,stand out,"What does an interviewer ask about Interview Tips for Freshers, and what does a strong answer contain?",freshers,"Answer ""What does an interviewer ask about Interview Tips for Freshers, and what does a strong answer contain?"" for freshers, and hand readers who want structured training to /courses/data-science.",interview; tips; freshers; stand,,640,8,7,5,1,0,4,0,true,0,0,6,0,1,1,0.925,asking-for-a-raise-timing-script-and-evidence,1,cracking-the-behavioral-interview-star-method,0.947,0,0,0,0,false,Priya Sharma,false,,2026-05-29,2026-05-29,,none-identified,,166,false,none,No image needed; the value is in the questions and answers. Optional: one diagram for the hardest concept explained.
121,P3,4,DEEP REWRITE,,Template body: 100% of its phrasing is shared with 10+ articles; 0% is its own.,None. Queue order in BLOG_REWRITE_QUEUE.csv.,unknown,a1d2eb6a-b749-455a-a269-4a6f4b870673,/blog/kafka-interview-questions-explained,kafka-interview-questions-explained,Kafka Interview Questions Explained,interview-questions,interview,interview,kafka,"What does an interviewer ask about Kafka, and what does a strong answer contain?",candidates preparing for data interviews,"Answer ""What does an interviewer ask about Kafka, and what does a strong answer contain?"" for candidates preparing for data interviews, and hand readers who want structured training to /courses/data-science.",kafka; interview; questions,,513,4,3,2,0,0,9,0,true,0,0,3,0.002,0.998,0.998,0.983,azure-data-factory-adf-interview-questions,0.998,azure-data-factory-adf-interview-questions,0.989,0,0,0,0,false,Priya Sharma,false,,2026-02-21,2026-02-21,,official-docs,Apache Kafka documentation <https://kafka.apache.org/documentation/>,169,false,none,No image needed; the value is in the questions and answers. Optional: one diagram for the hardest concept explained.
122,P3,4,DEEP REWRITE,,Template body: 100% of its phrasing is shared with 10+ articles; 0% is its own.,None. Queue order in BLOG_REWRITE_QUEUE.csv.,unknown,ec6d3a2b-d54f-4120-b2a0-cea1aca87904,/blog/kubeflow-pipelines-an-introduction-for-ml-engineers,kubeflow-pipelines-an-introduction-for-ml-engineers,Kubeflow Pipelines: An Introduction for ML Engineers,mlops,guide,tutorial,kubeflow pipeline ml engineering,"What is Kubeflow Pipelines, and how does it work?",data scientists and engineers moving models to production,"Answer ""What is Kubeflow Pipelines, and how does it work?"" for data scientists and engineers moving models to production, and hand readers who want structured training to /courses/mlops.",kubeflow; pipelines; introduction; engineers,,663,8,8,5,1,1,4,1,true,0,0,6,0,1,1,0.9,a-b-testing-ml-models-in-production,1,a-b-testing-ml-models-in-production,0.963,0,0,0,0,false,Ravi Kumar,false,,2026-03-26,2026-03-26,,official-docs,Kubernetes documentation <https://kubernetes.io/docs/>,163,true,architecture diagram,"Diagram of the components in ""Kubeflow Pipelines"" and how data or requests flow between them."
123,P3,4,DEEP REWRITE,,Template body: 100% of its phrasing is shared with 10+ articles; 0% is its own.,None. Queue order in BLOG_REWRITE_QUEUE.csv.,unknown,6fb04597-c9b0-46c7-a854-a262c7b17653,/blog/linkedin-optimization-for-tech-job-seekers-in-2026,linkedin-optimization-for-tech-job-seekers-in-2026,LinkedIn Optimization for Tech Job Seekers in 2026,career-guidance,guide,tutorial,linkedin optimization tech seekers,"How does LinkedIn Optimization for Tech Job Seekers in work, and how do I apply it in practice?",freshers and career switchers into data roles,"Answer ""How does LinkedIn Optimization for Tech Job Seekers in work, and how do I apply it in practice?"" for freshers and career switchers into data roles, and hand readers who want structured training to /courses/data-science.",linkedin; optimization; tech; job,,648,8,7,5,1,0,4,0,true,0,0,6,0,1,1,0.925,asking-for-a-raise-timing-script-and-evidence,1,asking-for-a-raise-timing-script-and-evidence,0.95,0,0,0,0,false,GloryTecks Team,true,,2026-06-04,2026-06-04,,none-identified,,171,true,concept diagram,"One diagram that explains the central idea of ""LinkedIn Optimization for Tech Job Seekers in 2026"" — the parts and how they relate."
124,P3,4,DEEP REWRITE,,Template body: 100% of its phrasing is shared with 10+ articles; 0% is its own.,None. Queue order in BLOG_REWRITE_QUEUE.csv.,unknown,e29aba5c-08bd-4f10-99d5-d1b1418cff33,/blog/linux-interview-questions-for-data-engineers,linux-interview-questions-for-data-engineers,Linux Interview Questions for Data Engineers,interview-questions,interview,interview,linux,"What does an interviewer ask about Linux for Data Engineers, and what does a strong answer contain?",data engineers,"Answer ""What does an interviewer ask about Linux for Data Engineers, and what does a strong answer contain?"" for data engineers, and hand readers who want structured training to /courses/data-science.",linux; interview; questions; data,,517,4,3,2,0,0,9,0,true,0,0,3,0.002,0.998,0.998,0.983,azure-data-factory-adf-interview-questions,0.998,azure-data-factory-adf-interview-questions,0.991,0,0,0,0,false,Priya Sharma,false,,2025-12-11,2025-12-11,,none-identified,,178,false,none,No image needed; the value is in the questions and answers. Optional: one diagram for the hardest concept explained.
125,P3,4,DEEP REWRITE,,Template body: 100% of its phrasing is shared with 10+ articles; 0% is its own.,None. Queue order in BLOG_REWRITE_QUEUE.csv.,unknown,c802eb21-8ce4-43f3-b456-c2b882f32fcb,/blog/lookup-and-get-metadata-activities-in-adf,lookup-and-get-metadata-activities-in-adf,Lookup and Get Metadata Activities in ADF,azure-data-factory,guide,tutorial,lookup get metadata activities azure data factory,"How does Lookup and Get Metadata Activities in ADF work, and how do I apply it in practice?",data engineers working on Azure,"Answer ""How does Lookup and Get Metadata Activities in ADF work, and how do I apply it in practice?"" for data engineers working on Azure, and hand readers who want structured training to /courses/data-engineering.",lookup; get; metadata; activities,,710,8,8,5,1,1,4,1,true,0,0,6,0,1,1,0.864,adf-control-flow-foreach-if-and-until-activities,1,adf-control-flow-foreach-if-and-until-activities,0.972,0,0,0,0,false,Sneha Reddy,false,,2026-02-23,2026-02-23,,official-docs,Azure Data Factory documentation (Microsoft Learn) <https://learn.microsoft.com/en-us/azure/data-factory/>,165,true,architecture diagram,"Diagram of the components in ""Lookup and Get Metadata Activities in ADF"" and how data or requests flow between them."
126,P3,4,DEEP REWRITE,,Template body: 100% of its phrasing is shared with 10+ articles; 0% is its own.,None. Queue order in BLOG_REWRITE_QUEUE.csv.,unknown,ed385058-9ad5-4a1d-a1af-68f915c51b0b,/blog/medallion-architecture-bronze-silver-and-gold-layers,medallion-architecture-bronze-silver-and-gold-layers,"Medallion Architecture: Bronze, Silver and Gold Layers",data-engineering,guide,tutorial,medallion architecture bronze silver gold layers,"How does Medallion Architecture work, and how do I apply it in practice?",aspiring and junior data engineers,"Answer ""How does Medallion Architecture work, and how do I apply it in practice?"" for aspiring and junior data engineers, and hand readers who want structured training to /courses/data-engineering.",medallion; architecture; bronze; silver,,672,8,8,5,1,1,4,1,true,0,0,6,0,1,1,0.816,airflow-tutorial-orchestrating-data-pipelines,1,airflow-tutorial-orchestrating-data-pipelines,0.961,0,0,0,0,false,Sneha Reddy,false,,2026-05-19,2026-06-12,,none-identified,,176,true,architecture diagram,"Diagram of the components in ""Medallion Architecture"" and how data or requests flow between them."
127,P3,4,DEEP REWRITE,,Template body: 99% of its phrasing is shared with 10+ articles; 0% is its own.,None. Queue order in BLOG_REWRITE_QUEUE.csv.,unknown,f7446b72-3e01-4c86-94d4-15fafe6fc337,/blog/microsoft-fabric-vs-azure-data-factory-what-s-new,microsoft-fabric-vs-azure-data-factory-what-s-new,Microsoft Fabric vs Azure Data Factory: What's New,azure-data-factory,comparison,comparison,microsoft fabric azure data factory new,"Should I use azure data factory or microsoft fabric, and in which situations does each one win?",data engineers working on Azure,"Answer ""Should I use azure data factory or microsoft fabric, and in which situations does each one win?"" for data engineers working on Azure, and hand readers who want structured training to /courses/data-engineering.",microsoft; fabric; azure; data,,491,5,4,3,1,0,4,0,true,0,0,3,0.003,0.995,0.995,0.545,azure-synapse-vs-azure-data-factory-a-comparison,0.995,azure-synapse-vs-azure-data-factory-a-comparison,0.955,0,0,0,0,false,Sneha Reddy,false,,2025-09-08,2025-09-08,,official-docs,Azure Data Factory documentation (Microsoft Learn) <https://learn.microsoft.com/en-us/azure/data-factory/>,167,true,comparison diagram,"Side-by-side diagram of where each option in ""Microsoft Fabric vs Azure Data Factory"" sits in a typical workflow, with the deciding differences labelled."
128,P3,4,DEEP REWRITE,,Template body: 100% of its phrasing is shared with 10+ articles; 0% is its own.,None. Queue order in BLOG_REWRITE_QUEUE.csv.,unknown,b3b16932-4699-4144-8b25-2d7f09b7ec3f,/blog/numpy-interview-questions-for-data-roles,numpy-interview-questions-for-data-roles,NumPy Interview Questions for Data Roles,interview-questions,interview,interview,numpy,"What does an interviewer ask about NumPy for Data Roles, and what does a strong answer contain?",data roles,"Answer ""What does an interviewer ask about NumPy for Data Roles, and what does a strong answer contain?"" for data roles, and hand readers who want structured training to /courses/data-science.",numpy; interview; questions; data,,517,4,3,2,0,0,9,0,true,0,0,3,0.002,0.998,0.998,0.983,azure-data-factory-adf-interview-questions,0.998,azure-data-factory-adf-interview-questions,0.991,0,0,0,0,false,Priya Sharma,false,,2026-01-28,2026-01-28,,official-docs,NumPy documentation <https://numpy.org/doc/stable/>,174,false,none,No image needed; the value is in the questions and answers. Optional: one diagram for the hardest concept explained.
129,P3,4,DEEP REWRITE,,Template body: 100% of its phrasing is shared with 10+ articles; 0% is its own.,None. Queue order in BLOG_REWRITE_QUEUE.csv.,unknown,fc4360ad-8aae-49ec-886e-23ae17a2a9c8,/blog/pandas-interview-questions-every-analyst-should-know,pandas-interview-questions-every-analyst-should-know,Pandas Interview Questions Every Analyst Should Know,interview-questions,interview,interview,pandas every analytics,"What does an interviewer ask about Pandas Every Analyst Should Know, and what does a strong answer contain?",candidates preparing for data interviews,"Answer ""What does an interviewer ask about Pandas Every Analyst Should Know, and what does a strong answer contain?"" for candidates preparing for data interviews, and hand readers who want structured training to /courses/data-science.",pandas; interview; questions; analyst,,519,4,3,2,0,0,9,0,true,0,0,3,0.002,0.998,0.998,0.983,azure-data-factory-adf-interview-questions,0.998,azure-data-factory-adf-interview-questions,0.969,0,0,0,0,false,Priya Sharma,false,,2026-04-22,2026-04-22,,official-docs,pandas documentation <https://pandas.pydata.org/docs/>,186,false,none,No image needed; the value is in the questions and answers. Optional: one diagram for the hardest concept explained.
130,P3,4,DEEP REWRITE,,Template body: 100% of its phrasing is shared with 10+ articles; 0% is its own.,None. Queue order in BLOG_REWRITE_QUEUE.csv.,unknown,2bd4e975-fbf9-4721-b99e-40d86e2f9187,/blog/partitioning-and-bucketing-in-spark-explained,partitioning-and-bucketing-in-spark-explained,Partitioning and Bucketing in Spark Explained,data-engineering,guide,tutorial,partitioning bucketing spark,"What is Partitioning and Bucketing in Spark, and how does it work?",aspiring and junior data engineers,"Answer ""What is Partitioning and Bucketing in Spark, and how does it work?"" for aspiring and junior data engineers, and hand readers who want structured training to /courses/data-engineering.",partitioning; bucketing; spark,,679,8,8,5,1,1,4,1,true,0,0,6,0,1,1,0.816,airflow-tutorial-orchestrating-data-pipelines,1,airflow-tutorial-orchestrating-data-pipelines,0.963,0,0,0,0,false,GloryTecks Team,true,,2026-03-02,2026-03-22,,official-docs,Apache Spark documentation <https://spark.apache.org/docs/latest/>,167,true,code output screenshot or diagram,"Worked example for ""Partitioning and Bucketing in Spark Explained"": the input, the code's key step, and the resulting output side by side."
131,P3,4,DEEP REWRITE,,Template body: 99% of its phrasing is shared with 10+ articles; 0% is its own.,None. Queue order in BLOG_REWRITE_QUEUE.csv.,unknown,0896227f-5112-4a2a-88f9-e32cb3f2521c,/blog/personal-projects-that-double-as-interview-stories,personal-projects-that-double-as-interview-stories,Personal Projects That Double as Interview Stories,career-guidance,projects,interview,personal double stories,"What does an interviewer ask about Personal That Double as Interview Stories, and what does a strong answer contain?",freshers and career switchers into data roles,"Answer ""What does an interviewer ask about Personal That Double as Interview Stories, and what does a strong answer contain?"" for freshers and career switchers into data roles, and hand readers who want structured training to /courses/data-science.",personal; projects; double; interview,,538,7,3,5,0,0,4,0,true,0,0,3,0,0.988,1,0.521,portfolio-building-projects-that-impress-recruiters,0.518,cracking-the-behavioral-interview-star-method,0.959,0,0,0,0,false,GloryTecks Team,true,,2025-10-07,2025-10-07,,none-identified,,180,false,none,No image needed; the value is in the questions and answers. Optional: one diagram for the hardest concept explained.
132,P3,4,DEEP REWRITE,,Template body: 67% of its phrasing is shared with 10+ articles; 2% is its own.,None. Queue order in BLOG_REWRITE_QUEUE.csv.,unknown,da35abfe-ac74-44cd-889f-60a164f78af5,/blog/power-bi-certification-pl-300-how-to-prepare,power-bi-certification-pl-300-how-to-prepare,Power BI Certification (PL-300): How to Prepare,power-bi,certification,certification,power bi pl-300 prepare,"Is Power BI Certification (PL-300) worth it, and how do I prepare for it?",analysts building Power BI reports,"Answer ""Is Power BI Certification (PL-300) worth it, and how do I prepare for it?"" for analysts building Power BI reports, and hand readers who want structured training to /courses/power-bi.",power; certification; 300; prepare,,533,6,6,4,0,0,5,0,true,0,0,3,0.023,0.668,0.545,0.459,power-bi-vs-excel-when-to-use-each-tool,0.701,azure-fundamentals-az-900-a-quick-start-guide,0.591,0,0,0,0,false,Arjun Nair,false,,2026-01-20,2026-01-20,,official-docs,Power BI documentation (Microsoft Learn) <https://learn.microsoft.com/en-us/power-bi/>,165,true,annotated screenshot,"Annotated screenshot of the feature in ""Power BI Certification (PL-300)"" in the product UI, taken from a demo file (no client data)."
133,P3,4,DEEP REWRITE,,Template body: 100% of its phrasing is shared with 10+ articles; 0% is its own.,None. Queue order in BLOG_REWRITE_QUEUE.csv.,unknown,8e7454d8-8501-4013-a662-1718d8ebbaf1,/blog/power-bi-data-refresh-scheduled-and-incremental,power-bi-data-refresh-scheduled-and-incremental,Power BI Data Refresh: Scheduled and Incremental,power-bi,guide,tutorial,power bi data refresh scheduled incremental,"How does Power BI Data Refresh work, and how do I apply it in practice?",analysts building Power BI reports,"Answer ""How does Power BI Data Refresh work, and how do I apply it in practice?"" for analysts building Power BI reports, and hand readers who want structured training to /courses/power-bi.",power; data; refresh; scheduled,,693,8,8,5,1,1,4,1,true,0,0,6,0,1,1,0.889,aggregations-in-power-bi-for-large-datasets,1,aggregations-in-power-bi-for-large-datasets,0.954,0,0,0,0,false,Arjun Nair,false,,2026-03-09,2026-03-09,,official-docs,Power BI documentation (Microsoft Learn) <https://learn.microsoft.com/en-us/power-bi/>,162,true,annotated screenshot,"Annotated screenshot of the feature in ""Power BI Data Refresh"" in the product UI, taken from a demo file (no client data)."
134,P3,4,DEEP REWRITE,,Template body: 100% of its phrasing is shared with 10+ articles; 0% is its own.,None. Queue order in BLOG_REWRITE_QUEUE.csv.,unknown,980ae5a5-0aff-4e88-b07b-af02384614dd,/blog/power-bi-error-handling-in-power-query,power-bi-error-handling-in-power-query,Power BI Error Handling in Power Query,power-bi,guide,tutorial,power bi error handling query,"How does Power BI Error Handling in Power Query work, and how do I apply it in practice?",analysts building Power BI reports,"Answer ""How does Power BI Error Handling in Power Query work, and how do I apply it in practice?"" for analysts building Power BI reports, and hand readers who want structured training to /courses/power-bi.",power; error; handling; query,,699,8,8,5,1,1,4,1,true,0,0,6,0,1,1,0.889,aggregations-in-power-bi-for-large-datasets,1,aggregations-in-power-bi-for-large-datasets,0.955,0,0,0,0,false,Arjun Nair,false,,2025-09-22,2025-09-22,,official-docs,Power Query documentation (Microsoft Learn) <https://learn.microsoft.com/en-us/power-query/>,152,true,annotated screenshot,"Annotated screenshot of the feature in ""Power BI Error Handling in Power Query"" in the product UI, taken from a demo file (no client data)."
135,P3,4,DEEP REWRITE,,Template body: 99% of its phrasing is shared with 10+ articles; 1% is its own.,None. Queue order in BLOG_REWRITE_QUEUE.csv.,unknown,71a925aa-dcf6-4cb9-9db4-8e8a723d4ce7,/blog/power-bi-paginated-reports-vs-interactive-reports,power-bi-paginated-reports-vs-interactive-reports,Power BI Paginated Reports vs Interactive Reports,power-bi,comparison,comparison,power bi paginated reports interactive,"Should I use interactive reports or power bi paginated reports, and in which situations does each one win?",analysts building Power BI reports,"Answer ""Should I use interactive reports or power bi paginated reports, and in which situations does each one win?"" for analysts building Power BI reports, and hand readers who want structured training to /courses/power-bi.",power; paginated; reports; interactive,,490,5,4,3,1,0,4,0,true,0,0,3,0.008,0.992,0.987,0.525,power-bi-vs-excel-when-to-use-each-tool,0.987,power-bi-vs-excel-when-to-use-each-tool,0.925,0,0,0,0,false,Arjun Nair,false,,2025-12-15,2025-12-15,,official-docs,Power BI documentation (Microsoft Learn) <https://learn.microsoft.com/en-us/power-bi/>,156,true,comparison diagram,"Side-by-side diagram of where each option in ""Power BI Paginated Reports vs Interactive Reports"" sits in a typical workflow, with the deciding differences labelled."
136,P3,4,DEEP REWRITE,,Template body: 100% of its phrasing is shared with 10+ articles; 0% is its own.,None. Queue order in BLOG_REWRITE_QUEUE.csv.,unknown,b86793f4-f74f-4082-9c49-12b139c1722c,/blog/power-bi-performance-tuning-make-reports-faster,power-bi-performance-tuning-make-reports-faster,Power BI Performance Tuning: Make Reports Faster,power-bi,guide,tutorial,power bi performance tuning make reports faster,"How does Power BI Performance Tuning work, and how do I apply it in practice?",analysts building Power BI reports,"Answer ""How does Power BI Performance Tuning work, and how do I apply it in practice?"" for analysts building Power BI reports, and hand readers who want structured training to /courses/power-bi.",power; performance; tuning; make,,693,8,8,5,1,1,4,1,true,0,0,6,0,1,1,0.889,aggregations-in-power-bi-for-large-datasets,1,aggregations-in-power-bi-for-large-datasets,0.954,0,0,0,0,false,GloryTecks Team,true,,2026-01-26,2026-01-26,,official-docs,Power BI documentation (Microsoft Learn) <https://learn.microsoft.com/en-us/power-bi/>,162,true,annotated screenshot,"Annotated screenshot of the feature in ""Power BI Performance Tuning"" in the product UI, taken from a demo file (no client data)."
137,P3,4,DEEP REWRITE,,Template body: 99% of its phrasing is shared with 10+ articles; 0% is its own.,None. Queue order in BLOG_REWRITE_QUEUE.csv.,unknown,c6a5b225-ec0c-48af-bac5-b1fd5f0a65ca,/blog/power-bi-vs-excel-when-to-use-each-tool,power-bi-vs-excel-when-to-use-each-tool,Power BI vs Excel: When to Use Each Tool,power-bi,comparison,comparison,power bi excel,"Should I use excel or power bi, and in which situations does each one win?",analysts building Power BI reports,"Answer ""Should I use excel or power bi, and in which situations does each one win?"" for analysts building Power BI reports, and hand readers who want structured training to /courses/power-bi.",power; excel; when; use,/blog/excel-vs-power-bi-which-should-you-learn-first /compare/power-bi-vs-excel,489,5,4,3,1,0,4,0,true,0,0,3,0,0.995,0.995,0.526,power-bi-vs-tableau-a-detailed-2026-comparison,0.995,power-bi-vs-tableau-a-detailed-2026-comparison,0.923,0,0,0,0,false,GloryTecks Team,true,,2026-04-20,2026-04-20,,official-docs,Power BI documentation (Microsoft Learn) <https://learn.microsoft.com/en-us/power-bi/>,147,true,comparison diagram,"Side-by-side diagram of where each option in ""Power BI vs Excel"" sits in a typical workflow, with the deciding differences labelled."
138,P3,4,DEEP REWRITE,,Template body: 100% of its phrasing is shared with 10+ articles; 0% is its own.,None. Queue order in BLOG_REWRITE_QUEUE.csv.,unknown,6c03ff22-411c-4983-8ad6-a42a6df1fdfb,/blog/pyspark-interview-questions-with-examples,pyspark-interview-questions-with-examples,PySpark Interview Questions with Examples,interview-questions,interview,interview,pyspark examples,"What does an interviewer ask about PySpark with Examples, and what does a strong answer contain?",candidates preparing for data interviews,"Answer ""What does an interviewer ask about PySpark with Examples, and what does a strong answer contain?"" for candidates preparing for data interviews, and hand readers who want structured training to /courses/data-science.",pyspark; interview; questions; examples,,515,4,3,2,0,0,9,0,true,0,0,3,0.002,0.998,0.998,0.983,azure-data-factory-adf-interview-questions,0.998,azure-data-factory-adf-interview-questions,0.962,0,0,0,0,false,Priya Sharma,false,,2026-03-17,2026-03-17,,official-docs,Apache Spark documentation <https://spark.apache.org/docs/latest/>,175,false,none,No image needed; the value is in the questions and answers. Optional: one diagram for the hardest concept explained.
139,P3,4,DEEP REWRITE,,Template body: 100% of its phrasing is shared with 10+ articles; 0% is its own.,None. Queue order in BLOG_REWRITE_QUEUE.csv.,unknown,37fd49e4-04a3-45b0-a5c0-bc59154ca904,/blog/python-coding-interview-questions-and-patterns,python-coding-interview-questions-and-patterns,Python Coding Interview Questions and Patterns,interview-questions,interview,interview,python coding patterns,"What does an interviewer ask about Python Coding and Patterns, and what does a strong answer contain?",candidates preparing for data interviews,"Answer ""What does an interviewer ask about Python Coding and Patterns, and what does a strong answer contain?"" for candidates preparing for data interviews, and hand readers who want structured training to /courses/data-science.",python; coding; interview; questions,,517,4,3,2,0,0,9,0,true,0,0,3,0.002,0.998,0.998,0.983,azure-data-factory-adf-interview-questions,0.998,azure-data-factory-adf-interview-questions,0.96,0,0,0,0,false,Priya Sharma,false,,2025-12-23,2025-12-23,,official-docs,Python documentation <https://docs.python.org/3/>,180,false,none,No image needed; the value is in the questions and answers. Optional: one diagram for the hardest concept explained.
140,P3,4,DEEP REWRITE,,Template body: 100% of its phrasing is shared with 10+ articles; 0% is its own.,None. Queue order in BLOG_REWRITE_QUEUE.csv.,unknown,505159b1-b6a3-47c4-82e9-3d9ceb1c0ff2,/blog/python-data-structures-a-complete-reference,python-data-structures-a-complete-reference,Python Data Structures: A Complete Reference,python,guide,tutorial,python data structures reference,"How does Python Data Structures work, and how do I apply it in practice?",Python learners heading into data work,"Answer ""How does Python Data Structures work, and how do I apply it in practice?"" for Python learners heading into data work, and hand readers who want structured training to /courses/python-programming.",data; structures; reference,,648,8,8,5,1,1,4,1,true,0,0,6,0,1,1,0.869,async-programming-in-python-asyncio-explained,1,async-programming-in-python-asyncio-explained,0.958,0,0,0,0,false,Ravi Kumar,false,,2026-02-02,2026-02-02,,official-docs,Python documentation <https://docs.python.org/3/>,156,true,code output screenshot or diagram,"Worked example for ""Python Data Structures"": the input, the code's key step, and the resulting output side by side."
141,P3,4,DEEP REWRITE,,Template body: 100% of its phrasing is shared with 10+ articles; 0% is its own.,None. Queue order in BLOG_REWRITE_QUEUE.csv.,unknown,338c18d9-dd6b-4b5c-a009-73ceab040a53,/blog/python-file-handling-reading-and-writing-files,python-file-handling-reading-and-writing-files,Python File Handling: Reading and Writing Files,python,guide,tutorial,python file handling reading writing files,"How does Python File Handling work, and how do I apply it in practice?",Python learners heading into data work,"Answer ""How does Python File Handling work, and how do I apply it in practice?"" for Python learners heading into data work, and hand readers who want structured training to /courses/python-programming.",file; handling; reading,,649,8,8,5,1,1,4,1,true,0,0,6,0,1,1,0.869,async-programming-in-python-asyncio-explained,1,async-programming-in-python-asyncio-explained,0.956,0,0,0,0,false,GloryTecks Team,true,,2026-03-16,2026-03-16,,official-docs,Python documentation <https://docs.python.org/3/>,159,true,code output screenshot or diagram,"Worked example for ""Python File Handling"": the input, the code's key step, and the resulting output side by side."
142,P3,4,DEEP REWRITE,,Template body: 100% of its phrasing is shared with 10+ articles; 0% is its own.,None. Queue order in BLOG_REWRITE_QUEUE.csv.,unknown,7c809a1c-1807-44a9-9e31-cadcefc8342b,/blog/rag-architecture-explained-retrieval-augmented-generation,rag-architecture-explained-retrieval-augmented-generation,RAG Architecture Explained: Retrieval-Augmented Generation,generative-ai,guide,tutorial,rag architecture retrieval-augmented generation,"What is RAG Architecture, and how does it work?",developers building with LLMs,"Answer ""What is RAG Architecture, and how does it work?"" for developers building with LLMs, and hand readers who want structured training to /courses/gen-ai.",rag; architecture; retrieval; augmented,,687,8,8,5,1,1,4,1,true,0,0,6,0,1,1,0.897,ai-agents-guide-how-autonomous-agents-actually-work,1,ai-agents-guide-how-autonomous-agents-actually-work,0.964,0,0,0,0,false,Ravi Kumar,false,,2026-06-02,2026-06-02,,none-identified,,177,true,architecture diagram,"Diagram of the components in ""RAG Architecture Explained"" and how data or requests flow between them."
143,P3,4,DEEP REWRITE,,Template body: 100% of its phrasing is shared with 10+ articles; 0% is its own.,None. Queue order in BLOG_REWRITE_QUEUE.csv.,unknown,71125b73-254b-4cec-a699-de76551a6d73,/blog/reading-and-writing-csv-files-in-python,reading-and-writing-csv-files-in-python,Reading and Writing CSV Files in Python,python,guide,tutorial,reading writing csv files python,"How does Reading and Writing CSV Files in Python work, and how do I apply it in practice?",Python learners heading into data work,"Answer ""How does Reading and Writing CSV Files in Python work, and how do I apply it in practice?"" for Python learners heading into data work, and hand readers who want structured training to /courses/python-programming.",reading; writing; csv; files,,657,8,8,5,1,1,4,1,true,0,0,6,0,1,1,0.869,async-programming-in-python-asyncio-explained,1,async-programming-in-python-asyncio-explained,0.966,0,0,0,0,false,GloryTecks Team,true,,2025-12-22,2025-12-22,,official-docs,Python documentation <https://docs.python.org/3/>,151,true,code output screenshot or diagram,"Worked example for ""Reading and Writing CSV Files in Python"": the input, the code's key step, and the resulting output side by side."
144,P3,4,DEEP REWRITE,,Template body: 100% of its phrasing is shared with 10+ articles; 0% is its own.,None. Queue order in BLOG_REWRITE_QUEUE.csv.,unknown,d072e01d-bfd2-43ff-9414-949102f7ac8f,/blog/redshift-interview-questions-and-answers,redshift-interview-questions-and-answers,Redshift Interview Questions and Answers,interview-questions,interview,interview,redshift,"What does an interviewer ask about Redshift, and what does a strong answer contain?",candidates preparing for data interviews,"Answer ""What does an interviewer ask about Redshift, and what does a strong answer contain?"" for candidates preparing for data interviews, and hand readers who want structured training to /courses/data-science.",redshift; interview; questions; answers,,515,4,3,2,0,0,9,0,true,0,0,3,0.002,0.998,0.998,0.983,azure-data-factory-adf-interview-questions,0.998,azure-data-factory-adf-interview-questions,0.991,0,0,0,0,false,Priya Sharma,false,,2025-09-06,2025-09-06,,official-docs,Amazon Redshift documentation <https://docs.aws.amazon.com/redshift/>,174,false,none,No image needed; the value is in the questions and answers. Optional: one diagram for the hardest concept explained.
145,P3,4,DEEP REWRITE,,Template body: 100% of its phrasing is shared with 10+ articles; 0% is its own.,None. Queue order in BLOG_REWRITE_QUEUE.csv.,unknown,6e1e8360-d516-42a5-b0ff-28815b2b62b4,/blog/scenario-based-sql-interview-questions,scenario-based-sql-interview-questions,Scenario-Based SQL Interview Questions,interview-questions,interview,interview,scenario-based sql,"What does an interviewer ask about Scenario-Based SQL, and what does a strong answer contain?",candidates preparing for data interviews,"Answer ""What does an interviewer ask about Scenario-Based SQL, and what does a strong answer contain?"" for candidates preparing for data interviews, and hand readers who want structured training to /courses/data-science.",scenario; based; sql; interview,,513,4,3,2,0,0,9,0,true,0,0,3,0,1,1,0.985,azure-data-factory-adf-interview-questions,1,azure-data-factory-adf-interview-questions,0.986,0,0,0,0,false,Priya Sharma,false,,2025-11-05,2025-11-05,,official-docs,PostgreSQL documentation (SQL reference) <https://www.postgresql.org/docs/current/>,172,false,none,No image needed; the value is in the questions and answers. Optional: one diagram for the hardest concept explained.
146,P3,4,DEEP REWRITE,,Template body: 100% of its phrasing is shared with 10+ articles; 0% is its own.,None. Queue order in BLOG_REWRITE_QUEUE.csv.,unknown,498b7c41-3740-4cbb-88a4-b7104ec34843,/blog/securing-azure-data-factory-managed-identities,securing-azure-data-factory-managed-identities,Securing Azure Data Factory: Managed Identities,azure-data-factory,guide,tutorial,securing azure data factory managed identities,"How does Securing Azure Data Factory work, and how do I apply it in practice?",data engineers working on Azure,"Answer ""How does Securing Azure Data Factory work, and how do I apply it in practice?"" for data engineers working on Azure, and hand readers who want structured training to /courses/data-engineering.",securing; azure; data; factory,,703,8,8,5,1,1,4,1,true,0,0,6,0,1,1,0.864,adf-control-flow-foreach-if-and-until-activities,1,adf-control-flow-foreach-if-and-until-activities,0.972,0,0,0,0,false,Sneha Reddy,false,,2025-12-01,2025-12-01,,official-docs,Azure Data Factory documentation (Microsoft Learn) <https://learn.microsoft.com/en-us/azure/data-factory/>,171,true,architecture diagram,"Diagram of the components in ""Securing Azure Data Factory"" and how data or requests flow between them."
147,P3,4,DEEP REWRITE,,Template body: 100% of its phrasing is shared with 10+ articles; 0% is its own.,None. Queue order in BLOG_REWRITE_QUEUE.csv.,unknown,5467e7b0-3db3-463a-8fa8-b7fe5b3565c7,/blog/snowflake-explained-the-cloud-data-warehouse,snowflake-explained-the-cloud-data-warehouse,Snowflake Explained: The Cloud Data Warehouse,data-engineering,guide,tutorial,snowflake cloud data warehouse,"What is Snowflake, and how does it work?",aspiring and junior data engineers,"Answer ""What is Snowflake, and how does it work?"" for aspiring and junior data engineers, and hand readers who want structured training to /courses/data-engineering.",snowflake; cloud; data; warehouse,,671,8,8,5,1,1,4,1,true,0,0,6,0,1,1,0.816,airflow-tutorial-orchestrating-data-pipelines,1,airflow-tutorial-orchestrating-data-pipelines,0.965,0,0,0,0,false,Sneha Reddy,false,,2026-04-13,2026-04-29,,official-docs,Snowflake documentation <https://docs.snowflake.com/>,167,true,architecture diagram,"Diagram of the components in ""Snowflake Explained"" and how data or requests flow between them."
148,P3,4,DEEP REWRITE,,Template body: 100% of its phrasing is shared with 10+ articles; 0% is its own.,None. Queue order in BLOG_REWRITE_QUEUE.csv.,unknown,1bc64f43-9695-45a0-8f10-ec5565d163a2,/blog/spark-performance-interview-questions,spark-performance-interview-questions,Spark Performance Interview Questions,interview-questions,interview,interview,spark performance,"What does an interviewer ask about Spark Performance, and what does a strong answer contain?",candidates preparing for data interviews,"Answer ""What does an interviewer ask about Spark Performance, and what does a strong answer contain?"" for candidates preparing for data interviews, and hand readers who want structured training to /courses/data-science.",spark; performance; interview; questions,,513,4,3,2,0,0,9,0,true,0,0,3,0,1,1,0.985,azure-data-factory-adf-interview-questions,1,azure-data-factory-adf-interview-questions,0.982,0,0,0,0,false,Ravi Kumar,false,,2025-09-24,2025-09-24,,official-docs,Apache Spark documentation <https://spark.apache.org/docs/latest/>,171,false,none,No image needed; the value is in the questions and answers. Optional: one diagram for the hardest concept explained.
149,P3,4,DEEP REWRITE,,Template body: 100% of its phrasing is shared with 10+ articles; 0% is its own.,None. Queue order in BLOG_REWRITE_QUEUE.csv.,unknown,aac6475a-e773-439f-9b1c-bee32b550604,/blog/sql-joins-interview-questions-explained,sql-joins-interview-questions-explained,SQL Joins Interview Questions Explained,interview-questions,interview,interview,sql joins,"What does an interviewer ask about SQL Joins, and what does a strong answer contain?",candidates preparing for data interviews,"Answer ""What does an interviewer ask about SQL Joins, and what does a strong answer contain?"" for candidates preparing for data interviews, and hand readers who want structured training to /courses/data-science.",sql; joins; interview; questions,,515,4,3,2,0,0,9,0,true,0,0,3,0.002,0.998,0.998,0.983,azure-data-factory-adf-interview-questions,0.998,azure-data-factory-adf-interview-questions,0.989,0,0,0,0,false,Priya Sharma,false,,2026-04-10,2026-04-10,,official-docs,PostgreSQL documentation (SQL reference) <https://www.postgresql.org/docs/current/>,173,false,none,No image needed; the value is in the questions and answers. Optional: one diagram for the hardest concept explained.
150,P3,4,DEEP REWRITE,,Template body: 100% of its phrasing is shared with 10+ articles; 0% is its own.,None. Queue order in BLOG_REWRITE_QUEUE.csv.,unknown,f6b8ce40-2762-4f88-9812-fa523dcad34c,/blog/sql-query-optimization-interview-questions,sql-query-optimization-interview-questions,SQL Query Optimization Interview Questions,interview-questions,interview,interview,sql query optimization,"What does an interviewer ask about SQL Query Optimization, and what does a strong answer contain?",candidates preparing for data interviews,"Answer ""What does an interviewer ask about SQL Query Optimization, and what does a strong answer contain?"" for candidates preparing for data interviews, and hand readers who want structured training to /courses/data-science.",sql; query; optimization; interview,,515,4,3,2,0,0,9,0,true,0,0,3,0,1,1,0.985,azure-data-factory-adf-interview-questions,1,azure-data-factory-adf-interview-questions,0.98,0,0,0,0,false,Ravi Kumar,false,,2025-12-29,2025-12-29,,official-docs,PostgreSQL documentation (SQL reference) <https://www.postgresql.org/docs/current/>,176,false,none,No image needed; the value is in the questions and answers. Optional: one diagram for the hardest concept explained.
151,P3,4,DEEP REWRITE,,Template body: 100% of its phrasing is shared with 10+ articles; 0% is its own.,None. Queue order in BLOG_REWRITE_QUEUE.csv.,unknown,65382c79-0cdd-40af-bb31-09a03b6e4c0c,/blog/tableau-interview-questions-and-answers,tableau-interview-questions-and-answers,Tableau Interview Questions and Answers,interview-questions,interview,interview,tableau,"What does an interviewer ask about Tableau, and what does a strong answer contain?",candidates preparing for data interviews,"Answer ""What does an interviewer ask about Tableau, and what does a strong answer contain?"" for candidates preparing for data interviews, and hand readers who want structured training to /courses/data-science.",tableau; interview; questions; answers,,515,4,3,2,0,0,9,0,true,0,0,3,0.002,0.998,0.998,0.983,azure-data-factory-adf-interview-questions,0.998,azure-data-factory-adf-interview-questions,0.991,0,0,0,0,false,Ravi Kumar,false,,2025-12-17,2025-12-17,,official-docs,Tableau help <https://help.tableau.com/>,173,false,none,No image needed; the value is in the questions and answers. Optional: one diagram for the hardest concept explained.
152,P3,4,DEEP REWRITE,,Template body: 99% of its phrasing is shared with 10+ articles; 1% is its own.,None. Queue order in BLOG_REWRITE_QUEUE.csv.,unknown,539d8b10-b2b4-4f45-921c-df1bca3a0737,/blog/top-generative-ai-projects-to-build-for-your-portfolio,top-generative-ai-projects-to-build-for-your-portfolio,Top Generative AI Projects to Build for Your Portfolio,generative-ai,projects,project,generative ai build,"Which Top Generative AI to Build for Your Portfolio projects show employers real skill, and how do I build them?",developers building with LLMs,"Answer ""Which Top Generative AI to Build for Your Portfolio projects show employers real skill, and how do I build them?"" for developers building with LLMs, and hand readers who want structured training to /courses/gen-ai.",generative; projects; build; portfolio,,586,7,4,5,0,1,4,1,true,0,0,3,0.009,0.986,0.527,0.511,prompt-engineering-techniques-that-actually-improve-output,0.688,data-science-projects-for-freshers-12-ideas-with-datasets,0.604,0,0,0,0,false,GloryTecks Team,true,,2025-09-17,2025-09-17,,none-identified,,182,true,architecture diagram,"Architecture sketch of one project from ""Top Generative AI Projects to Build for Your Portfolio"": data source, processing steps, output."
153,P3,4,DEEP REWRITE,,Template body: 100% of its phrasing is shared with 10+ articles; 0% is its own.,None. Queue order in BLOG_REWRITE_QUEUE.csv.,unknown,1ebea313-c19e-45ea-9b86-e6682e0c5ed3,/blog/window-functions-sql-interview-questions,window-functions-sql-interview-questions,Window Functions SQL Interview Questions,interview-questions,interview,interview,window functions sql,"What does an interviewer ask about Window Functions SQL, and what does a strong answer contain?",candidates preparing for data interviews,"Answer ""What does an interviewer ask about Window Functions SQL, and what does a strong answer contain?"" for candidates preparing for data interviews, and hand readers who want structured training to /courses/data-science.",window; functions; sql; interview,,515,4,3,2,0,0,9,0,true,0,0,3,0,1,1,0.985,azure-data-factory-adf-interview-questions,1,azure-data-factory-adf-interview-questions,0.986,0,0,0,0,false,Ravi Kumar,false,,2026-04-04,2026-04-04,,official-docs,PostgreSQL documentation (SQL reference) <https://www.postgresql.org/docs/current/>,174,false,none,No image needed; the value is in the questions and answers. Optional: one diagram for the hardest concept explained.
154,P3,3,DEEP REWRITE,,Template body: 100% of its phrasing is shared with 10+ articles; 0% is its own.,None. Queue order in BLOG_REWRITE_QUEUE.csv.,unknown,a394607c-5b33-4f0e-b4fe-502f1091d6d5,/blog/adf-control-flow-foreach-if-and-until-activities,adf-control-flow-foreach-if-and-until-activities,"ADF Control Flow: ForEach, If and Until Activities",azure-data-factory,guide,tutorial,azure data factory control flow foreach if until activities,"How does ADF Control Flow work, and how do I apply it in practice?",data engineers working on Azure,"Answer ""How does ADF Control Flow work, and how do I apply it in practice?"" for data engineers working on Azure, and hand readers who want structured training to /courses/data-engineering.",adf; control; flow; foreach,,703,8,8,5,1,1,4,1,true,0,0,6,0,1,1,0.864,adf-data-flow-transformations-a-complete-reference,1,adf-data-flow-transformations-a-complete-reference,0.952,0,0,0,0,false,GloryTecks Team,true,,2026-03-25,2026-03-25,,official-docs,Azure Data Factory documentation (Microsoft Learn) <https://learn.microsoft.com/en-us/azure/data-factory/>,174,true,architecture diagram,"Diagram of the components in ""ADF Control Flow"" and how data or requests flow between them."
155,P3,3,DEEP REWRITE,,Template body: 100% of its phrasing is shared with 10+ articles; 0% is its own.,None. Queue order in BLOG_REWRITE_QUEUE.csv.,unknown,49cc1a94-927a-4eae-bdb6-602eae138040,/blog/adf-data-flow-transformations-a-complete-reference,adf-data-flow-transformations-a-complete-reference,ADF Data Flow Transformations: A Complete Reference,azure-data-factory,guide,tutorial,azure data factory flow transformations reference,"How does ADF Data Flow Transformations work, and how do I apply it in practice?",data engineers working on Azure,"Answer ""How does ADF Data Flow Transformations work, and how do I apply it in practice?"" for data engineers working on Azure, and hand readers who want structured training to /courses/data-engineering.",adf; data; flow; transformations,,704,8,8,5,1,1,4,1,true,0,0,6,0,1,1,0.864,adf-control-flow-foreach-if-and-until-activities,1,adf-control-flow-foreach-if-and-until-activities,0.95,0,0,0,0,false,GloryTecks Team,true,,2025-09-14,2025-09-14,,official-docs,Azure Data Factory documentation (Microsoft Learn) <https://learn.microsoft.com/en-us/azure/data-factory/>,175,true,architecture diagram,"Diagram of the components in ""ADF Data Flow Transformations"" and how data or requests flow between them."
156,P3,3,DEEP REWRITE,,Template body: 100% of its phrasing is shared with 10+ articles; 0% is its own.,None. Queue order in BLOG_REWRITE_QUEUE.csv.,unknown,d87b25da-9f47-44fc-9932-a6a2af8e7bf6,/blog/adf-expressions-and-functions-a-practical-guide,adf-expressions-and-functions-a-practical-guide,ADF Expressions and Functions: A Practical Guide,azure-data-factory,guide,tutorial,azure data factory expressions functions,"How does ADF Expressions and Functions work, and how do I apply it in practice?",data engineers working on Azure,"Answer ""How does ADF Expressions and Functions work, and how do I apply it in practice?"" for data engineers working on Azure, and hand readers who want structured training to /courses/data-engineering.",adf; expressions; functions; practical,,704,8,8,5,1,1,4,1,true,0,0,6,0,1,1,0.864,adf-control-flow-foreach-if-and-until-activities,1,adf-control-flow-foreach-if-and-until-activities,0.952,0,0,0,0,false,Sneha Reddy,false,,2026-01-30,2026-01-30,,official-docs,Azure Data Factory documentation (Microsoft Learn) <https://learn.microsoft.com/en-us/azure/data-factory/>,172,true,architecture diagram,"Diagram of the components in ""ADF Expressions and Functions"" and how data or requests flow between them."
157,P3,3,DEEP REWRITE,,Template body: 100% of its phrasing is shared with 10+ articles; 0% is its own.,None. Queue order in BLOG_REWRITE_QUEUE.csv.,unknown,0200bacd-0237-4992-b993-9c07476d0bd6,/blog/adf-global-parameters-and-variables-explained,adf-global-parameters-and-variables-explained,ADF Global Parameters and Variables Explained,azure-data-factory,guide,tutorial,azure data factory global parameters variables,"What is ADF Global Parameters and Variables, and how does it work?",data engineers working on Azure,"Answer ""What is ADF Global Parameters and Variables, and how does it work?"" for data engineers working on Azure, and hand readers who want structured training to /courses/data-engineering.",adf; global; parameters; variables,,707,8,8,5,1,1,4,1,true,0,0,6,0,1,1,0.864,adf-control-flow-foreach-if-and-until-activities,1,adf-control-flow-foreach-if-and-until-activities,0.963,0,0,0,0,false,GloryTecks Team,true,,2025-11-13,2025-11-13,,official-docs,Azure Data Factory documentation (Microsoft Learn) <https://learn.microsoft.com/en-us/azure/data-factory/>,169,true,architecture diagram,"Diagram of the components in ""ADF Global Parameters and Variables Explained"" and how data or requests flow between them."
158,P3,3,DEEP REWRITE,,Template body: 100% of its phrasing is shared with 10+ articles; 0% is its own.,None. Queue order in BLOG_REWRITE_QUEUE.csv.,unknown,81769536-7a95-4915-b4c9-37457b2ba32c,/blog/adf-logging-and-auditing-for-compliance,adf-logging-and-auditing-for-compliance,ADF Logging and Auditing for Compliance,azure-data-factory,guide,tutorial,azure data factory logging auditing compliance,"How does ADF Logging and Auditing for Compliance work, and how do I apply it in practice?",data engineers working on Azure,"Answer ""How does ADF Logging and Auditing for Compliance work, and how do I apply it in practice?"" for data engineers working on Azure, and hand readers who want structured training to /courses/data-engineering.",adf; logging; auditing; compliance,,707,8,8,5,1,1,4,1,true,0,0,6,0,1,1,0.864,adf-control-flow-foreach-if-and-until-activities,1,adf-control-flow-foreach-if-and-until-activities,0.954,0,0,0,0,false,GloryTecks Team,true,,2025-08-21,2025-08-21,,official-docs,Azure Data Factory documentation (Microsoft Learn) <https://learn.microsoft.com/en-us/azure/data-factory/>,163,true,architecture diagram,"Diagram of the components in ""ADF Logging and Auditing for Compliance"" and how data or requests flow between them."
159,P3,3,DEEP REWRITE,,Template body: 100% of its phrasing is shared with 10+ articles; 0% is its own.,None. Queue order in BLOG_REWRITE_QUEUE.csv.,unknown,2e8c4712-05fe-46a6-9330-48d1a3766430,/blog/adf-performance-tuning-dius-and-parallelism,adf-performance-tuning-dius-and-parallelism,ADF Performance Tuning: DIUs and Parallelism,azure-data-factory,guide,tutorial,azure data factory performance tuning dius parallelism,"How does ADF Performance Tuning work, and how do I apply it in practice?",data engineers working on Azure,"Answer ""How does ADF Performance Tuning work, and how do I apply it in practice?"" for data engineers working on Azure, and hand readers who want structured training to /courses/data-engineering.",adf; performance; tuning; dius,,701,8,8,5,1,1,4,1,true,0,0,6,0,1,1,0.864,adf-control-flow-foreach-if-and-until-activities,1,adf-control-flow-foreach-if-and-until-activities,0.956,0,0,0,0,false,Sneha Reddy,false,,2025-10-02,2025-10-02,,official-docs,Azure Data Factory documentation (Microsoft Learn) <https://learn.microsoft.com/en-us/azure/data-factory/>,168,true,architecture diagram,"Diagram of the components in ""ADF Performance Tuning"" and how data or requests flow between them."
160,P3,3,DEEP REWRITE,,Template body: 100% of its phrasing is shared with 10+ articles; 0% is its own.,None. Queue order in BLOG_REWRITE_QUEUE.csv.,unknown,be63b27c-3ad8-4893-b347-436949f4fe84,/blog/adf-pipeline-best-practices-for-production,adf-pipeline-best-practices-for-production,ADF Pipeline Best Practices for Production,azure-data-factory,guide,tutorial,azure data factory pipeline practices production,"What are the best practices for ADF Pipeline, and why?",data engineers working on Azure,"Answer ""What are the best practices for ADF Pipeline, and why?"" for data engineers working on Azure, and hand readers who want structured training to /courses/data-engineering.",adf; pipeline; best; practices,,707,8,8,5,1,1,4,1,true,0,0,6,0,1,1,0.864,adf-control-flow-foreach-if-and-until-activities,1,adf-control-flow-foreach-if-and-until-activities,0.954,0,0,0,0,false,GloryTecks Team,true,,2025-12-31,2025-12-31,,official-docs,Azure Data Factory documentation (Microsoft Learn) <https://learn.microsoft.com/en-us/azure/data-factory/>,166,true,architecture diagram,"Diagram of the components in ""ADF Pipeline Best Practices for Production"" and how data or requests flow between them."
161,P3,3,DEEP REWRITE,,Template body: 99% of its phrasing is shared with 10+ articles; 0% is its own.,None. Queue order in BLOG_REWRITE_QUEUE.csv.,unknown,48879315-ca2d-497c-b288-3c2b3f3d51da,/blog/adf-vs-ssis-migrating-legacy-etl-to-the-cloud,adf-vs-ssis-migrating-legacy-etl-to-the-cloud,ADF vs SSIS: Migrating Legacy ETL to the Cloud,azure-data-factory,comparison,comparison,azure data factory ssis migrating legacy etl cloud,"Should I use azure data factory or ssis, and in which situations does each one win?",data engineers working on Azure,"Answer ""Should I use azure data factory or ssis, and in which situations does each one win?"" for data engineers working on Azure, and hand readers who want structured training to /courses/data-engineering.",adf; ssis; migrating; legacy,,489,5,4,3,1,0,4,0,true,0,0,3,0.003,0.995,0.995,0.545,adf-vs-databricks-when-to-use-each,0.995,adf-vs-databricks-when-to-use-each,0.934,0,0,0,0,false,Sneha Reddy,false,,2025-12-13,2025-12-13,,official-docs,Azure Data Factory documentation (Microsoft Learn) <https://learn.microsoft.com/en-us/azure/data-factory/>,163,true,comparison diagram,"Side-by-side diagram of where each option in ""ADF vs SSIS"" sits in a typical workflow, with the deciding differences labelled."
162,P3,3,DEEP REWRITE,,Template body: 100% of its phrasing is shared with 10+ articles; 0% is its own.,None. Queue order in BLOG_REWRITE_QUEUE.csv.,unknown,b8a06ca4-3c07-41f7-8831-84770192c8a5,/blog/aggregations-in-power-bi-for-large-datasets,aggregations-in-power-bi-for-large-datasets,Aggregations in Power BI for Large Datasets,power-bi,guide,tutorial,aggregations power bi large datasets,"How does Aggregations in Power BI for Large Datasets work, and how do I apply it in practice?",analysts building Power BI reports,"Answer ""How does Aggregations in Power BI for Large Datasets work, and how do I apply it in practice?"" for analysts building Power BI reports, and hand readers who want structured training to /courses/power-bi.",aggregations; power; large; datasets,,699,8,8,5,1,1,4,1,true,0,0,6,0,1,1,0.889,building-a-finance-dashboard-in-power-bi,1,building-a-finance-dashboard-in-power-bi,0.955,0,0,0,0,false,Arjun Nair,false,,2025-12-03,2025-12-03,,official-docs,Power BI documentation (Microsoft Learn) <https://learn.microsoft.com/en-us/power-bi/>,157,true,annotated screenshot,"Annotated screenshot of the feature in ""Aggregations in Power BI for Large Datasets"" in the product UI, taken from a demo file (no client data)."
163,P3,3,DEEP REWRITE,,Template body: 100% of its phrasing is shared with 10+ articles; 0% is its own.,None. Queue order in BLOG_REWRITE_QUEUE.csv.,unknown,49d10bcd-b378-4562-a2c5-a21dbd253852,/blog/airflow-for-ml-pipelines-a-practical-guide,airflow-for-ml-pipelines-a-practical-guide,Airflow for ML Pipelines: A Practical Guide,mlops,guide,tutorial,airflow ml pipeline,"How does Airflow for ML Pipelines work, and how do I apply it in practice?",data scientists and engineers moving models to production,"Answer ""How does Airflow for ML Pipelines work, and how do I apply it in practice?"" for data scientists and engineers moving models to production, and hand readers who want structured training to /courses/mlops.",airflow; pipelines; practical,,667,8,8,5,1,1,4,1,true,0,0,6,0,1,1,0.9,a-b-testing-ml-models-in-production,1,a-b-testing-ml-models-in-production,0.971,0,0,0,0,false,Ravi Kumar,false,,2025-12-08,2025-12-08,,official-docs,Apache Airflow documentation <https://airflow.apache.org/docs/>,154,true,architecture diagram,"Diagram of the components in ""Airflow for ML Pipelines"" and how data or requests flow between them."
164,P3,3,DEEP REWRITE,,Template body: 100% of its phrasing is shared with 10+ articles; 0% is its own.,None. Queue order in BLOG_REWRITE_QUEUE.csv.,unknown,5d57b451-b542-4e96-9cee-2ea19f961d27,/blog/airflow-tutorial-orchestrating-data-pipelines,airflow-tutorial-orchestrating-data-pipelines,Airflow Tutorial: Orchestrating Data Pipelines,data-engineering,guide,tutorial,airflow orchestrating data pipeline,"How does Airflow Tutorial work, and how do I apply it in practice?",aspiring and junior data engineers,"Answer ""How does Airflow Tutorial work, and how do I apply it in practice?"" for aspiring and junior data engineers, and hand readers who want structured training to /courses/data-engineering.",airflow; tutorial; orchestrating; data,,670,8,8,5,1,1,4,1,true,0,0,6,0,1,1,0.816,apache-kafka-explained-streaming-data-basics,1,apache-kafka-explained-streaming-data-basics,0.97,0,0,0,0,false,GloryTecks Team,true,,2026-04-19,2026-06-02,,official-docs,Apache Airflow documentation <https://airflow.apache.org/docs/>,168,true,architecture diagram,"Diagram of the components in ""Airflow Tutorial"" and how data or requests flow between them."
165,P3,3,DEEP REWRITE,,Template body: 99% of its phrasing is shared with 10+ articles; 1% is its own.,None. Queue order in BLOG_REWRITE_QUEUE.csv.,unknown,ae40295b-4ad6-4f94-9816-71fc8ff05487,/blog/amazon-athena-querying-s3-with-sql,amazon-athena-querying-s3-with-sql,Amazon Athena: Querying S3 with SQL,aws,guide,tutorial,amazon athena querying s3 sql,"How does Amazon Athena work, and how do I apply it in practice?",data engineers working on AWS,"Answer ""How does Amazon Athena work, and how do I apply it in practice?"" for data engineers working on AWS, and hand readers who want structured training to /courses/data-engineering.",amazon; athena; querying; sql,,676,8,8,5,1,1,4,1,true,0,0,6,0.012,0.986,0.967,0.849,amazon-dynamodb-explained-for-beginners,0.967,amazon-dynamodb-explained-for-beginners,0.962,0,0,0,0,false,Sneha Reddy,false,,2026-05-05,2026-05-16,,official-docs,Amazon S3 User Guide <https://docs.aws.amazon.com/AmazonS3/latest/userguide/>,144,true,code output screenshot or diagram,"Worked example for ""Amazon Athena"": the input, the code's key step, and the resulting output side by side."
166,P3,3,DEEP REWRITE,,Template body: 100% of its phrasing is shared with 10+ articles; 0% is its own.,None. Queue order in BLOG_REWRITE_QUEUE.csv.,unknown,c8197807-6dec-4b93-82b9-cfcd461c3b5b,/blog/amazon-dynamodb-explained-for-beginners,amazon-dynamodb-explained-for-beginners,Amazon DynamoDB Explained for Beginners,aws,guide,tutorial,amazon dynamodb,"What is Amazon DynamoDB, and how does it work?",beginners,"Answer ""What is Amazon DynamoDB, and how does it work?"" for beginners, and hand readers who want structured training to /courses/data-engineering.",amazon; dynamodb; beginners,,681,8,8,5,1,1,4,1,true,0,0,6,0,1,1,0.873,amazon-ec2-explained-instances-types-and-pricing,1,amazon-ec2-explained-instances-types-and-pricing,0.962,0,0,0,0,false,GloryTecks Team,true,,2026-02-04,2026-03-07,,official-docs,AWS documentation <https://docs.aws.amazon.com/>,148,true,concept diagram,"One diagram that explains the central idea of ""Amazon DynamoDB Explained for Beginners"" — the parts and how they relate."
167,P3,3,DEEP REWRITE,,Template body: 100% of its phrasing is shared with 10+ articles; 0% is its own.,None. Queue order in BLOG_REWRITE_QUEUE.csv.,unknown,3404fd01-f4ec-4dc1-ba13-df9903fc23e1,/blog/amazon-emr-explained-big-data-on-aws,amazon-emr-explained-big-data-on-aws,Amazon EMR Explained: Big Data on AWS,aws,guide,tutorial,amazon emr big data aws,"What is Amazon EMR, and how does it work?",data engineers working on AWS,"Answer ""What is Amazon EMR, and how does it work?"" for data engineers working on AWS, and hand readers who want structured training to /courses/data-engineering.",amazon; emr; big; data,,679,8,8,5,1,1,4,1,true,0,0,6,0,1,1,0.873,amazon-dynamodb-explained-for-beginners,1,amazon-dynamodb-explained-for-beginners,0.964,0,0,0,0,false,GloryTecks Team,true,,2026-04-29,2026-05-22,,official-docs,AWS documentation <https://docs.aws.amazon.com/>,146,true,concept diagram,"One diagram that explains the central idea of ""Amazon EMR Explained"" — the parts and how they relate."
168,P3,3,DEEP REWRITE,,Template body: 100% of its phrasing is shared with 10+ articles; 0% is its own.,None. Queue order in BLOG_REWRITE_QUEUE.csv.,unknown,91518a9c-fe75-447b-8e91-b75d38aadc78,/blog/amazon-kinesis-explained-real-time-streaming,amazon-kinesis-explained-real-time-streaming,Amazon Kinesis Explained: Real-Time Streaming,aws,guide,tutorial,amazon kinesis real-time streaming,"What is Amazon Kinesis, and how does it work?",data engineers working on AWS,"Answer ""What is Amazon Kinesis, and how does it work?"" for data engineers working on AWS, and hand readers who want structured training to /courses/data-engineering.",amazon; kinesis; real; time,,677,8,8,5,1,1,4,1,true,0,0,6,0,1,1,0.873,amazon-dynamodb-explained-for-beginners,1,amazon-dynamodb-explained-for-beginners,0.964,0,0,0,0,false,GloryTecks Team,true,,2026-03-24,2026-04-08,,official-docs,AWS documentation <https://docs.aws.amazon.com/>,154,true,architecture diagram,"Diagram of the components in ""Amazon Kinesis Explained"" and how data or requests flow between them."
169,P3,3,DEEP REWRITE,,Template body: 100% of its phrasing is shared with 10+ articles; 0% is its own.,None. Queue order in BLOG_REWRITE_QUEUE.csv.,unknown,bbfa6ba7-3b85-4256-9478-90f299254d11,/blog/amazon-redshift-explained-the-cloud-data-warehouse,amazon-redshift-explained-the-cloud-data-warehouse,Amazon Redshift Explained: The Cloud Data Warehouse,aws,guide,tutorial,amazon redshift cloud data warehouse,"What is Amazon Redshift, and how does it work?",data engineers working on AWS,"Answer ""What is Amazon Redshift, and how does it work?"" for data engineers working on AWS, and hand readers who want structured training to /courses/data-engineering.",amazon; redshift; cloud; data,,679,8,8,5,1,1,4,1,true,0,0,6,0,1,1,0.873,amazon-dynamodb-explained-for-beginners,1,amazon-dynamodb-explained-for-beginners,0.962,0,0,0,0,false,GloryTecks Team,true,,2026-05-11,2026-06-15,,official-docs,Amazon Redshift documentation <https://docs.aws.amazon.com/redshift/>,160,true,architecture diagram,"Diagram of the components in ""Amazon Redshift Explained"" and how data or requests flow between them."
170,P3,3,DEEP REWRITE,,Template body: 100% of its phrasing is shared with 10+ articles; 0% is its own.,None. Queue order in BLOG_REWRITE_QUEUE.csv.,unknown,616adf5f-11dd-4e72-8455-0ca6747fbd50,/blog/anomaly-detection-techniques-and-real-world-use-cases,anomaly-detection-techniques-and-real-world-use-cases,Anomaly Detection: Techniques and Real-World Use Cases,data-science,guide,tutorial,anomaly detection techniques real-world cases,"How does Anomaly Detection work, and how do I apply it in practice?",learners and junior data scientists,"Answer ""How does Anomaly Detection work, and how do I apply it in practice?"" for learners and junior data scientists, and hand readers who want structured training to /courses/data-science.",anomaly; detection; techniques; real,,672,8,8,5,1,1,4,1,true,0,0,6,0,1,1,0.879,a-b-testing-for-data-scientists-a-practical-guide,1,a-b-testing-for-data-scientists-a-practical-guide,0.957,0,0,0,0,false,GloryTecks Team,true,,2025-11-17,2025-12-17,,none-identified,,172,true,concept diagram,"One diagram that explains the central idea of ""Anomaly Detection"" — the parts and how they relate."
171,P3,3,DEEP REWRITE,,Template body: 99% of its phrasing is shared with 10+ articles; 1% is its own.,None. Queue order in BLOG_REWRITE_QUEUE.csv.,unknown,663d55df-fc74-45f8-bde8-b1f62492fc11,/blog/apache-iceberg-vs-delta-lake-vs-hudi,apache-iceberg-vs-delta-lake-vs-hudi,Apache Iceberg vs Delta Lake vs Hudi,data-engineering,comparison,comparison,apache iceberg delta lake hudi,"Should I use apache iceberg or delta lake or hudi, and in which situations does each one win?",aspiring and junior data engineers,"Answer ""Should I use apache iceberg or delta lake or hudi, and in which situations does each one win?"" for aspiring and junior data engineers, and hand readers who want structured training to /courses/data-engineering.",apache; iceberg; delta; lake,,478,5,4,3,1,0,4,0,true,0,0,3,0.01,0.99,0.984,0.601,data-engineering-vs-data-science-roles-compared,0.984,data-engineering-vs-data-science-roles-compared,0.927,0,0,0,0,false,GloryTecks Team,true,,2025-11-26,2025-12-08,,official-docs,Databricks documentation <https://docs.databricks.com/>,151,true,comparison diagram,"Side-by-side diagram of where each option in ""Apache Iceberg vs Delta Lake vs Hudi"" sits in a typical workflow, with the deciding differences labelled."
172,P3,3,DEEP REWRITE,,Template body: 100% of its phrasing is shared with 10+ articles; 0% is its own.,None. Queue order in BLOG_REWRITE_QUEUE.csv.,unknown,e73532ca-6c20-4b39-b190-b8d3e3243ac8,/blog/apache-kafka-explained-streaming-data-basics,apache-kafka-explained-streaming-data-basics,Apache Kafka Explained: Streaming Data Basics,data-engineering,guide,tutorial,apache kafka streaming data,"What is Apache Kafka, and how does it work?",aspiring and junior data engineers,"Answer ""What is Apache Kafka, and how does it work?"" for aspiring and junior data engineers, and hand readers who want structured training to /courses/data-engineering.",apache; kafka; streaming; data,,673,8,8,5,1,1,4,1,true,0,0,6,0,1,1,0.816,airflow-tutorial-orchestrating-data-pipelines,1,airflow-tutorial-orchestrating-data-pipelines,0.965,0,0,0,0,false,Sneha Reddy,false,,2026-04-25,2026-05-27,,official-docs,Apache Kafka documentation <https://kafka.apache.org/documentation/>,167,true,architecture diagram,"Diagram of the components in ""Apache Kafka Explained"" and how data or requests flow between them."
173,P3,3,DEEP REWRITE,,Template body: 100% of its phrasing is shared with 10+ articles; 0% is its own.,None. Queue order in BLOG_REWRITE_QUEUE.csv.,unknown,4ebc971b-8e9d-467c-a277-1af051bda29b,/blog/apache-spark-explained-for-beginners,apache-spark-explained-for-beginners,Apache Spark Explained for Beginners,data-engineering,guide,tutorial,apache spark,"What is Apache Spark, and how does it work?",beginners,"Answer ""What is Apache Spark, and how does it work?"" for beginners, and hand readers who want structured training to /courses/data-engineering.",apache; spark; beginners,,676,8,8,5,1,1,4,1,true,0,0,6,0,1,1,0.816,airflow-tutorial-orchestrating-data-pipelines,1,airflow-tutorial-orchestrating-data-pipelines,0.959,0,0,0,0,false,GloryTecks Team,true,,2026-05-13,2026-06-15,,official-docs,Apache Spark documentation <https://spark.apache.org/docs/latest/>,158,true,code output screenshot or diagram,"Worked example for ""Apache Spark Explained for Beginners"": the input, the code's key step, and the resulting output side by side."
174,P3,3,DEEP REWRITE,,Template body: 100% of its phrasing is shared with 10+ articles; 0% is its own.,None. Queue order in BLOG_REWRITE_QUEUE.csv.,unknown,f428d13d-de14-4621-abc2-98478efd2475,/blog/async-programming-in-python-asyncio-explained,async-programming-in-python-asyncio-explained,Async Programming in Python: asyncio Explained,python,guide,tutorial,async programming python asyncio,"What is Async Programming in Python, and how does it work?",Python learners heading into data work,"Answer ""What is Async Programming in Python, and how does it work?"" for Python learners heading into data work, and hand readers who want structured training to /courses/python-programming.",async; programming; asyncio,,650,8,8,5,1,1,4,1,true,0,0,6,0,1,1,0.869,automate-boring-tasks-with-python-10-scripts,1,automate-boring-tasks-with-python-10-scripts,0.96,0,0,0,0,false,GloryTecks Team,true,,2026-01-15,2026-01-15,,official-docs,Python documentation <https://docs.python.org/3/>,158,true,code output screenshot or diagram,"Worked example for ""Async Programming in Python"": the input, the code's key step, and the resulting output side by side."
175,P3,3,DEEP REWRITE,,Template body: 100% of its phrasing is shared with 10+ articles; 0% is its own.,None. Queue order in BLOG_REWRITE_QUEUE.csv.,unknown,4f437d9d-a154-4e7b-88f4-5c66ce18e35a,/blog/automate-boring-tasks-with-python-10-scripts,automate-boring-tasks-with-python-10-scripts,Automate Boring Tasks with Python: 10 Scripts,python,guide,tutorial,automate boring tasks python scripts,"How does Automate Boring Tasks with Python work, and how do I apply it in practice?",Python learners heading into data work,"Answer ""How does Automate Boring Tasks with Python work, and how do I apply it in practice?"" for Python learners heading into data work, and hand readers who want structured training to /courses/python-programming.",automate; boring; tasks,,653,8,8,5,1,1,4,1,true,0,0,6,0,1,1,0.869,async-programming-in-python-asyncio-explained,1,async-programming-in-python-asyncio-explained,0.956,0,0,0,0,false,GloryTecks Team,true,,2026-02-08,2026-02-08,,official-docs,Python documentation <https://docs.python.org/3/>,157,true,code output screenshot or diagram,"Worked example for ""Automate Boring Tasks with Python"": the input, the code's key step, and the resulting output side by side."
176,P3,3,DEEP REWRITE,,Template body: 100% of its phrasing is shared with 10+ articles; 0% is its own.,None. Queue order in BLOG_REWRITE_QUEUE.csv.,unknown,f56d3762-478a-4c31-98e0-ef38caae222e,/blog/aws-cloudwatch-for-monitoring-data-pipelines,aws-cloudwatch-for-monitoring-data-pipelines,AWS CloudWatch for Monitoring Data Pipelines,aws,guide,tutorial,aws cloudwatch monitoring data pipeline,"How does AWS CloudWatch for Monitoring Data Pipelines work, and how do I apply it in practice?",data engineers working on AWS,"Answer ""How does AWS CloudWatch for Monitoring Data Pipelines work, and how do I apply it in practice?"" for data engineers working on AWS, and hand readers who want structured training to /courses/data-engineering.",cloudwatch; monitoring; data,,684,8,8,5,1,1,4,1,true,0,0,6,0,1,1,0.873,amazon-dynamodb-explained-for-beginners,1,amazon-dynamodb-explained-for-beginners,0.956,0,0,0,0,false,Sneha Reddy,false,,2025-10-25,2025-11-29,,official-docs,AWS documentation <https://docs.aws.amazon.com/>,153,true,architecture diagram,"Diagram of the components in ""AWS CloudWatch for Monitoring Data Pipelines"" and how data or requests flow between them."
177,P3,3,DEEP REWRITE,,Template body: 100% of its phrasing is shared with 10+ articles; 0% is its own.,None. Queue order in BLOG_REWRITE_QUEUE.csv.,unknown,2d2684b7-6e03-4a37-930b-fdca72ccceb5,/blog/aws-cost-optimization-for-data-workloads,aws-cost-optimization-for-data-workloads,AWS Cost Optimization for Data Workloads,aws,guide,tutorial,aws cost optimization,"How does AWS Cost Optimization for Data Workloads work, and how do I apply it in practice?",data workloads,"Answer ""How does AWS Cost Optimization for Data Workloads work, and how do I apply it in practice?"" for data workloads, and hand readers who want structured training to /courses/data-engineering.",cost; optimization; data,,684,8,8,5,1,1,4,1,true,0,0,6,0,1,1,0.873,amazon-dynamodb-explained-for-beginners,1,amazon-dynamodb-explained-for-beginners,0.956,0,0,0,0,false,GloryTecks Team,true,,2026-01-11,2026-02-19,,official-docs,AWS documentation <https://docs.aws.amazon.com/>,149,true,concept diagram,"One diagram that explains the central idea of ""AWS Cost Optimization for Data Workloads"" — the parts and how they relate."
178,P3,3,DEEP REWRITE,,Template body: 100% of its phrasing is shared with 10+ articles; 0% is its own.,None. Queue order in BLOG_REWRITE_QUEUE.csv.,unknown,3e35ca71-6f6f-47fa-b6c4-f93c4476881d,/blog/aws-free-tier-what-you-can-build-for-practice,aws-free-tier-what-you-can-build-for-practice,AWS Free Tier: What You Can Build for Practice,aws,guide,tutorial,aws free tier can build practice,"How does AWS Free Tier work, and how do I apply it in practice?",data engineers working on AWS,"Answer ""How does AWS Free Tier work, and how do I apply it in practice?"" for data engineers working on AWS, and hand readers who want structured training to /courses/data-engineering.",free; tier; can,,681,8,8,5,1,1,4,1,true,0,0,6,0,1,1,0.873,amazon-dynamodb-explained-for-beginners,1,amazon-dynamodb-explained-for-beginners,0.953,0,0,0,0,false,Sneha Reddy,false,,2025-09-19,2025-10-16,,official-docs,AWS documentation <https://docs.aws.amazon.com/>,155,true,concept diagram,"One diagram that explains the central idea of ""AWS Free Tier"" — the parts and how they relate."
179,P3,3,DEEP REWRITE,,Template body: 100% of its phrasing is shared with 10+ articles; 0% is its own.,None. Queue order in BLOG_REWRITE_QUEUE.csv.,unknown,ee1f5b0c-6973-4e9d-9bf6-8197721caa41,/blog/aws-glue-data-catalog-and-crawlers-explained,aws-glue-data-catalog-and-crawlers-explained,AWS Glue Data Catalog and Crawlers Explained,aws,guide,tutorial,aws glue data catalog crawlers,"What is AWS Glue Data Catalog and Crawlers, and how does it work?",data engineers working on AWS,"Answer ""What is AWS Glue Data Catalog and Crawlers, and how does it work?"" for data engineers working on AWS, and hand readers who want structured training to /courses/data-engineering.",glue; data; catalog,,687,8,8,5,1,1,4,1,true,0,0,6,0,1,1,0.873,amazon-dynamodb-explained-for-beginners,1,amazon-dynamodb-explained-for-beginners,0.964,0,0,0,0,false,Sneha Reddy,false,,2026-02-22,2026-03-29,,official-docs,AWS Glue Developer Guide <https://docs.aws.amazon.com/glue/latest/dg/>,153,true,architecture diagram,"Diagram of the components in ""AWS Glue Data Catalog and Crawlers Explained"" and how data or requests flow between them."
180,P3,3,DEEP REWRITE,,Template body: 100% of its phrasing is shared with 10+ articles; 0% is its own.,None. Queue order in BLOG_REWRITE_QUEUE.csv.,unknown,5bb06e8d-8c3a-4689-8979-0190b055bd23,/blog/aws-glue-jobs-pyspark-on-serverless-spark,aws-glue-jobs-pyspark-on-serverless-spark,AWS Glue Jobs: PySpark on Serverless Spark,aws,guide,tutorial,aws glue pyspark serverless spark,"How does AWS Glue Jobs work, and how do I apply it in practice?",data engineers working on AWS,"Answer ""How does AWS Glue Jobs work, and how do I apply it in practice?"" for data engineers working on AWS, and hand readers who want structured training to /courses/data-engineering.",glue; jobs; pyspark,,679,8,8,5,1,1,4,1,true,0,0,6,0,1,1,0.873,amazon-dynamodb-explained-for-beginners,1,amazon-dynamodb-explained-for-beginners,0.956,0,0,0,0,false,GloryTecks Team,true,,2025-12-30,2026-01-22,,official-docs,AWS Glue Developer Guide <https://docs.aws.amazon.com/glue/latest/dg/>,151,true,architecture diagram,"Diagram of the components in ""AWS Glue Jobs"" and how data or requests flow between them."
181,P3,3,DEEP REWRITE,,Template body: 100% of its phrasing is shared with 10+ articles; 0% is its own.,None. Queue order in BLOG_REWRITE_QUEUE.csv.,unknown,43090c3b-d496-410d-ba59-c679d6506321,/blog/aws-glue-studio-visual-etl-for-beginners,aws-glue-studio-visual-etl-for-beginners,AWS Glue Studio: Visual ETL for Beginners,aws,guide,tutorial,aws glue studio visual etl,"How does AWS Glue Studio work, and how do I apply it in practice?",beginners,"Answer ""How does AWS Glue Studio work, and how do I apply it in practice?"" for beginners, and hand readers who want structured training to /courses/data-engineering.",glue; studio; visual,,679,8,8,5,1,1,4,1,true,0,0,6,0,1,1,0.873,amazon-dynamodb-explained-for-beginners,1,amazon-dynamodb-explained-for-beginners,0.96,0,0,0,0,false,Sneha Reddy,false,,2025-11-30,2026-01-12,,official-docs,AWS Glue Developer Guide <https://docs.aws.amazon.com/glue/latest/dg/>,150,true,architecture diagram,"Diagram of the components in ""AWS Glue Studio"" and how data or requests flow between them."
182,P3,3,DEEP REWRITE,,Template body: 98% of its phrasing is shared with 10+ articles; 2% is its own.,None. Queue order in BLOG_REWRITE_QUEUE.csv.,unknown,89d1ddb6-eaa8-4b4b-abad-15e836f1bfb9,/blog/aws-glue-vs-emr-vs-lambda-for-etl,aws-glue-vs-emr-vs-lambda-for-etl,AWS Glue vs EMR vs Lambda for ETL,aws,comparison,comparison,aws glue emr lambda etl,"Should I use aws glue or emr or lambda, and in which situations does each one win?",data engineers working on AWS,"Answer ""Should I use aws glue or emr or lambda, and in which situations does each one win?"" for data engineers working on AWS, and hand readers who want structured training to /courses/data-engineering.",glue; emr; lambda,,486,5,4,3,1,0,4,0,true,0,0,3,0.02,0.98,0.973,0.523,athena-vs-redshift-when-to-use-each,0.973,athena-vs-redshift-when-to-use-each,0.926,0,0,0,0,false,GloryTecks Team,true,,2026-04-05,2026-05-06,,official-docs,AWS Glue Developer Guide <https://docs.aws.amazon.com/glue/latest/dg/>,135,true,comparison diagram,"Side-by-side diagram of where each option in ""AWS Glue vs EMR vs Lambda for ETL"" sits in a typical workflow, with the deciding differences labelled."
183,P3,3,DEEP REWRITE,,Template body: 100% of its phrasing is shared with 10+ articles; 0% is its own.,None. Queue order in BLOG_REWRITE_QUEUE.csv.,unknown,1347f457-e649-430e-8513-d5897456f917,/blog/aws-iam-explained-users-roles-and-policies,aws-iam-explained-users-roles-and-policies,"AWS IAM Explained: Users, Roles and Policies",aws,guide,tutorial,aws iam users policies,"What is AWS IAM, and how does it work?",data engineers working on AWS,"Answer ""What is AWS IAM, and how does it work?"" for data engineers working on AWS, and hand readers who want structured training to /courses/data-engineering.",iam; users; roles,,679,8,8,5,1,1,4,1,true,0,0,6,0,1,1,0.873,amazon-dynamodb-explained-for-beginners,1,amazon-dynamodb-explained-for-beginners,0.962,0,0,0,0,false,Sneha Reddy,false,,2026-03-18,2026-04-14,,official-docs,AWS documentation <https://docs.aws.amazon.com/>,153,true,concept diagram,"One diagram that explains the central idea of ""AWS IAM Explained"" — the parts and how they relate."
184,P3,3,DEEP REWRITE,,Template body: 100% of its phrasing is shared with 10+ articles; 0% is its own.,None. Queue order in BLOG_REWRITE_QUEUE.csv.,unknown,bb5962f1-02dc-4ecf-be8c-4e4cdb5c7124,/blog/aws-lake-formation-governance-for-data-lakes,aws-lake-formation-governance-for-data-lakes,AWS Lake Formation: Governance for Data Lakes,aws,guide,tutorial,aws lake formation governance,"How does AWS Lake Formation work, and how do I apply it in practice?",data lakes,"Answer ""How does AWS Lake Formation work, and how do I apply it in practice?"" for data lakes, and hand readers who want structured training to /courses/data-engineering.",lake; formation; governance,,679,8,8,5,1,1,4,1,true,0,0,6,0,1,1,0.873,amazon-dynamodb-explained-for-beginners,1,amazon-dynamodb-explained-for-beginners,0.956,0,0,0,0,false,GloryTecks Team,true,,2026-01-23,2026-02-07,,official-docs,AWS documentation <https://docs.aws.amazon.com/>,154,true,concept diagram,"One diagram that explains the central idea of ""AWS Lake Formation"" — the parts and how they relate."
185,P3,3,DEEP REWRITE,,Template body: 100% of its phrasing is shared with 10+ articles; 0% is its own.,None. Queue order in BLOG_REWRITE_QUEUE.csv.,unknown,1da99e24-0ef1-4ec5-9e4e-d054a84b0497,/blog/aws-solutions-architect-associate-a-study-guide,aws-solutions-architect-associate-a-study-guide,AWS Solutions Architect Associate: A Study Guide,aws,guide,tutorial,aws solutions architect associate study,"How does AWS Solutions Architect Associate work, and how do I apply it in practice?",data engineers working on AWS,"Answer ""How does AWS Solutions Architect Associate work, and how do I apply it in practice?"" for data engineers working on AWS, and hand readers who want structured training to /courses/data-engineering.",solutions; architect; associate,,681,8,8,5,1,1,4,1,true,0,0,6,0,1,1,0.873,amazon-dynamodb-explained-for-beginners,1,amazon-dynamodb-explained-for-beginners,0.953,0,0,0,0,false,Sneha Reddy,false,,2025-12-12,2025-12-31,,official-docs,AWS documentation <https://docs.aws.amazon.com/>,157,true,concept diagram,"One diagram that explains the central idea of ""AWS Solutions Architect Associate"" — the parts and how they relate."
186,P3,3,DEEP REWRITE,,Template body: 100% of its phrasing is shared with 10+ articles; 0% is its own.,None. Queue order in BLOG_REWRITE_QUEUE.csv.,unknown,8e059829-fbfc-4507-8320-7545457d05d1,/blog/aws-step-functions-orchestrating-serverless-workflows,aws-step-functions-orchestrating-serverless-workflows,AWS Step Functions: Orchestrating Serverless Workflows,aws,guide,tutorial,aws functions orchestrating serverless workflows,"How does AWS Step Functions work, and how do I apply it in practice?",data engineers working on AWS,"Answer ""How does AWS Step Functions work, and how do I apply it in practice?"" for data engineers working on AWS, and hand readers who want structured training to /courses/data-engineering.",functions; orchestrating; serverless,,678,8,8,5,1,1,4,1,true,0,0,6,0,1,1,0.873,amazon-dynamodb-explained-for-beginners,1,amazon-dynamodb-explained-for-beginners,0.958,0,0,0,0,false,Sneha Reddy,false,,2026-03-06,2026-03-17,,official-docs,AWS documentation <https://docs.aws.amazon.com/>,163,true,architecture diagram,"Diagram of the components in ""AWS Step Functions"" and how data or requests flow between them."
187,P3,3,DEEP REWRITE,,Template body: 100% of its phrasing is shared with 10+ articles; 0% is its own.,None. Queue order in BLOG_REWRITE_QUEUE.csv.,unknown,115673c0-835c-48f7-91dc-7e97c7c9470b,/blog/azure-data-lake-storage-gen2-explained,azure-data-lake-storage-gen2-explained,Azure Data Lake Storage Gen2 Explained,azure-data-factory,guide,tutorial,azure data lake storage gen2,"What is Azure Data Lake Storage Gen2, and how does it work?",data engineers working on Azure,"Answer ""What is Azure Data Lake Storage Gen2, and how does it work?"" for data engineers working on Azure, and hand readers who want structured training to /courses/data-engineering.",azure; data; lake; storage,,707,8,8,5,1,1,4,1,true,0,0,6,0,1,1,0.864,adf-control-flow-foreach-if-and-until-activities,1,adf-control-flow-foreach-if-and-until-activities,0.963,0,0,0,0,false,GloryTecks Team,true,,2026-03-13,2026-03-13,,official-docs,Azure Data Factory documentation (Microsoft Learn) <https://learn.microsoft.com/en-us/azure/data-factory/>,162,true,architecture diagram,"Diagram of the components in ""Azure Data Lake Storage Gen2 Explained"" and how data or requests flow between them."
188,P3,3,DEEP REWRITE,,Template body: 100% of its phrasing is shared with 10+ articles; 0% is its own.,None. Queue order in BLOG_REWRITE_QUEUE.csv.,unknown,fa288dfa-2abf-4af0-a611-1861a28202ea,/blog/azure-databricks-with-adf-orchestration-patterns,azure-databricks-with-adf-orchestration-patterns,Azure Databricks with ADF: Orchestration Patterns,azure-data-factory,guide,tutorial,azure databricks data factory orchestration patterns,"How does Azure Databricks with ADF work, and how do I apply it in practice?",data engineers working on Azure,"Answer ""How does Azure Databricks with ADF work, and how do I apply it in practice?"" for data engineers working on Azure, and hand readers who want structured training to /courses/data-engineering.",azure; databricks; adf; orchestration,,703,8,8,5,1,1,4,1,true,0,0,6,0,1,1,0.864,adf-control-flow-foreach-if-and-until-activities,1,adf-control-flow-foreach-if-and-until-activities,0.965,0,0,0,0,false,GloryTecks Team,true,,2025-12-19,2025-12-19,,official-docs,Azure Data Factory documentation (Microsoft Learn) <https://learn.microsoft.com/en-us/azure/data-factory/>,173,true,architecture diagram,"Diagram of the components in ""Azure Databricks with ADF"" and how data or requests flow between them."
189,P3,3,DEEP REWRITE,,Template body: 100% of its phrasing is shared with 10+ articles; 0% is its own.,None. Queue order in BLOG_REWRITE_QUEUE.csv.,unknown,72c3f650-0df8-4772-bd7f-f750cdab4341,/blog/azure-interview-questions-for-data-engineers,azure-interview-questions-for-data-engineers,Azure Interview Questions for Data Engineers,interview-questions,interview,interview,azure,"What does an interviewer ask about Azure for Data Engineers, and what does a strong answer contain?",data engineers,"Answer ""What does an interviewer ask about Azure for Data Engineers, and what does a strong answer contain?"" for data engineers, and hand readers who want structured training to /courses/data-science.",azure; interview; questions; data,,517,4,3,2,0,0,9,0,true,0,0,3,0.002,0.998,0.998,0.983,azure-data-factory-adf-interview-questions,0.998,azure-data-factory-adf-interview-questions,0.991,0,0,0,0,false,Priya Sharma,false,,2025-10-12,2025-10-12,,none-identified,,178,false,none,No image needed; the value is in the questions and answers. Optional: one diagram for the hardest concept explained.
190,P3,3,DEEP REWRITE,,Template body: 100% of its phrasing is shared with 10+ articles; 0% is its own.,None. Queue order in BLOG_REWRITE_QUEUE.csv.,unknown,411d7c4e-1869-481a-8fa6-be2149483e0a,/blog/azure-key-vault-integration-with-data-factory,azure-key-vault-integration-with-data-factory,Azure Key Vault Integration with Data Factory,azure-data-factory,guide,tutorial,azure key vault integration data factory,"How does Azure Key Vault Integration with Data Factory work, and how do I apply it in practice?",data engineers working on Azure,"Answer ""How does Azure Key Vault Integration with Data Factory work, and how do I apply it in practice?"" for data engineers working on Azure, and hand readers who want structured training to /courses/data-engineering.",azure; key; vault; integration,,710,8,8,5,1,1,4,1,true,0,0,6,0,1,1,0.864,adf-control-flow-foreach-if-and-until-activities,1,adf-control-flow-foreach-if-and-until-activities,0.972,0,0,0,0,false,Sneha Reddy,false,,2026-02-11,2026-02-11,,official-docs,Azure Data Factory documentation (Microsoft Learn) <https://learn.microsoft.com/en-us/azure/data-factory/>,169,true,architecture diagram,"Diagram of the components in ""Azure Key Vault Integration with Data Factory"" and how data or requests flow between them."
191,P3,3,DEEP REWRITE,,Template body: 100% of its phrasing is shared with 10+ articles; 0% is its own.,None. Queue order in BLOG_REWRITE_QUEUE.csv.,unknown,a9cb8ce8-0423-49eb-bd46-90008dfe8ce1,/blog/azure-synapse-analytics-explained-for-beginners,azure-synapse-analytics-explained-for-beginners,Azure Synapse Analytics Explained for Beginners,azure-data-factory,guide,tutorial,azure synapse analytics,"What is Azure Synapse Analytics, and how does it work?",beginners,"Answer ""What is Azure Synapse Analytics, and how does it work?"" for beginners, and hand readers who want structured training to /courses/data-engineering.",azure; synapse; analytics; beginners,,707,8,8,5,1,1,4,1,true,0,0,6,0,1,1,0.864,adf-control-flow-foreach-if-and-until-activities,1,adf-control-flow-foreach-if-and-until-activities,0.954,0,0,0,0,false,GloryTecks Team,true,,2026-04-30,2026-04-30,,official-docs,Azure Synapse Analytics documentation <https://learn.microsoft.com/en-us/azure/synapse-analytics/>,171,true,concept diagram,"One diagram that explains the central idea of ""Azure Synapse Analytics Explained for Beginners"" — the parts and how they relate."
192,P3,3,DEEP REWRITE,,Template body: 99% of its phrasing is shared with 10+ articles; 1% is its own.,None. Queue order in BLOG_REWRITE_QUEUE.csv.,unknown,790ec0a3-9c9e-4b34-953a-527e344d4420,/blog/azure-synapse-pipelines-vs-standalone-adf,azure-synapse-pipelines-vs-standalone-adf,Azure Synapse Pipelines vs Standalone ADF,azure-data-factory,comparison,comparison,azure synapse pipeline standalone data factory,"Should I use azure synapse pipeline or standalone azure data factory, and in which situations does each one win?",data engineers working on Azure,"Answer ""Should I use azure synapse pipeline or standalone azure data factory, and in which situations does each one win?"" for data engineers working on Azure, and hand readers who want structured training to /courses/data-engineering.",azure; synapse; pipelines; standalone,,489,5,4,3,1,0,4,0,true,0,0,3,0.005,0.992,0.992,0.544,azure-synapse-vs-azure-data-factory-a-comparison,0.992,azure-synapse-vs-azure-data-factory-a-comparison,0.932,0,0,0,0,false,Sneha Reddy,false,,2025-09-20,2025-09-20,,official-docs,Azure Data Factory documentation (Microsoft Learn) <https://learn.microsoft.com/en-us/azure/data-factory/>,158,true,comparison diagram,"Side-by-side diagram of where each option in ""Azure Synapse Pipelines vs Standalone ADF"" sits in a typical workflow, with the deciding differences labelled."
193,P3,3,DEEP REWRITE,,Template body: 100% of its phrasing is shared with 10+ articles; 0% is its own.,None. Queue order in BLOG_REWRITE_QUEUE.csv.,unknown,e233c2ec-2a91-47ff-99b1-858f94a86797,/blog/bigquery-best-practices-for-analysts,bigquery-best-practices-for-analysts,BigQuery Best Practices for Analysts,gcp,guide,tutorial,bigquery practices,"What are the best practices for BigQuery, and why?",analysts,"Answer ""What are the best practices for BigQuery, and why?"" for analysts, and hand readers who want structured training to /courses/data-engineering.",bigquery; best; practices; analysts,,661,8,8,5,1,1,4,1,true,0,0,6,0,1,1,0.862,biglake-and-external-tables-in-bigquery,1,biglake-and-external-tables-in-bigquery,0.957,0,0,0,0,false,GloryTecks Team,true,,2025-11-01,2025-11-01,,official-docs,BigQuery documentation <https://cloud.google.com/bigquery/docs>,145,true,code output screenshot or diagram,"Worked example for ""BigQuery Best Practices for Analysts"": the input, the code's key step, and the resulting output side by side."
194,P3,3,DEEP REWRITE,,Template body: 100% of its phrasing is shared with 10+ articles; 0% is its own.,None. Queue order in BLOG_REWRITE_QUEUE.csv.,unknown,52bd5ba6-4872-4c52-995d-a1ae1e770ef7,/blog/bigquery-cost-optimization-slots-pricing-and-tips,bigquery-cost-optimization-slots-pricing-and-tips,"BigQuery Cost Optimization: Slots, Pricing and Tips",gcp,guide,tutorial,bigquery cost optimization slots pricing,"How does BigQuery Cost Optimization work, and how do I apply it in practice?",data engineers working on Google Cloud,"Answer ""How does BigQuery Cost Optimization work, and how do I apply it in practice?"" for data engineers working on Google Cloud, and hand readers who want structured training to /courses/data-engineering.",bigquery; cost; optimization; slots,,659,8,8,5,1,1,4,1,true,0,0,6,0,1,1,0.862,biglake-and-external-tables-in-bigquery,1,biglake-and-external-tables-in-bigquery,0.955,0,0,0,0,false,GloryTecks Team,true,,2026-03-25,2026-03-25,,official-docs,BigQuery documentation <https://cloud.google.com/bigquery/docs>,160,true,code output screenshot or diagram,"Worked example for ""BigQuery Cost Optimization"": the input, the code's key step, and the resulting output side by side."
195,P3,3,DEEP REWRITE,,Template body: 100% of its phrasing is shared with 10+ articles; 0% is its own.,None. Queue order in BLOG_REWRITE_QUEUE.csv.,unknown,e2275476-1f18-49da-9a73-13fd16f6acfc,/blog/bigquery-federated-queries-explained,bigquery-federated-queries-explained,BigQuery Federated Queries Explained,gcp,guide,tutorial,bigquery federated queries,"What is BigQuery Federated Queries, and how does it work?",data engineers working on Google Cloud,"Answer ""What is BigQuery Federated Queries, and how does it work?"" for data engineers working on Google Cloud, and hand readers who want structured training to /courses/data-engineering.",bigquery; federated; queries,,658,8,8,5,1,1,4,1,true,0,0,6,0,1,1,0.862,biglake-and-external-tables-in-bigquery,1,biglake-and-external-tables-in-bigquery,0.967,0,0,0,0,false,GloryTecks Team,true,,2025-09-02,2025-09-02,,official-docs,BigQuery documentation <https://cloud.google.com/bigquery/docs>,145,true,code output screenshot or diagram,"Worked example for ""BigQuery Federated Queries Explained"": the input, the code's key step, and the resulting output side by side."
196,P3,3,DEEP REWRITE,,Template body: 100% of its phrasing is shared with 10+ articles; 0% is its own.,None. Queue order in BLOG_REWRITE_QUEUE.csv.,unknown,6ad5314f-9cc3-40cc-9d22-6bb4e14a9e74,/blog/bigquery-ml-machine-learning-with-sql,bigquery-ml-machine-learning-with-sql,BigQuery ML: Machine Learning with SQL,gcp,guide,tutorial,bigquery ml machine learning sql,"How does BigQuery ML work, and how do I apply it in practice?",data engineers working on Google Cloud,"Answer ""How does BigQuery ML work, and how do I apply it in practice?"" for data engineers working on Google Cloud, and hand readers who want structured training to /courses/data-engineering.",bigquery; machine; learning; sql,,656,8,8,5,1,1,4,1,true,0,0,6,0,1,1,0.862,biglake-and-external-tables-in-bigquery,1,biglake-and-external-tables-in-bigquery,0.961,0,0,0,0,false,GloryTecks Team,true,,2026-01-24,2026-01-24,,official-docs,BigQuery documentation <https://cloud.google.com/bigquery/docs>,147,true,code output screenshot or diagram,"Worked example for ""BigQuery ML"": the input, the code's key step, and the resulting output side by side."
197,P3,3,DEEP REWRITE,,Template body: 99% of its phrasing is shared with 10+ articles; 1% is its own.,None. Queue order in BLOG_REWRITE_QUEUE.csv.,unknown,c1b0fd3c-408b-4aed-b3ab-a7b068bbbff0,/blog/bigquery-vs-snowflake-vs-redshift-a-comparison,bigquery-vs-snowflake-vs-redshift-a-comparison,BigQuery vs Snowflake vs Redshift: A Comparison,gcp,comparison,comparison,bigquery snowflake redshift,"Should I use bigquery or redshift or snowflake, and in which situations does each one win?",data engineers working on Google Cloud,"Answer ""Should I use bigquery or redshift or snowflake, and in which situations does each one win?"" for data engineers working on Google Cloud, and hand readers who want structured training to /courses/data-engineering.",bigquery; snowflake; redshift; comparison,/blog/cloud-data-warehouses-compared-snowflake-vs-bigquery-vs-redshift /blog/redshift-vs-snowflake-vs-bigquery-a-comparison,474,5,4,3,1,0,4,0,true,0,0,3,0.005,0.992,0.987,0.535,dataproc-vs-dataflow-which-to-choose,0.987,dataproc-vs-dataflow-which-to-choose,0.927,0,0,0,0,false,GloryTecks Team,true,,2026-03-13,2026-03-13,,official-docs,BigQuery documentation <https://cloud.google.com/bigquery/docs>,149,true,comparison diagram,"Side-by-side diagram of where each option in ""BigQuery vs Snowflake vs Redshift"" sits in a typical workflow, with the deciding differences labelled."
198,P3,3,DEEP REWRITE,,Template body: 100% of its phrasing is shared with 10+ articles; 0% is its own.,None. Queue order in BLOG_REWRITE_QUEUE.csv.,unknown,1e779601-80f9-4ff7-a261-522153a8166e,/blog/bigquery-window-functions-and-analytic-sql,bigquery-window-functions-and-analytic-sql,BigQuery Window Functions and Analytic SQL,gcp,guide,tutorial,bigquery window functions analytic sql,"How does BigQuery Window Functions and Analytic SQL work, and how do I apply it in practice?",data engineers working on Google Cloud,"Answer ""How does BigQuery Window Functions and Analytic SQL work, and how do I apply it in practice?"" for data engineers working on Google Cloud, and hand readers who want structured training to /courses/data-engineering.",bigquery; window; functions; analytic,,664,8,8,5,1,1,4,1,true,0,0,6,0,1,1,0.862,biglake-and-external-tables-in-bigquery,1,biglake-and-external-tables-in-bigquery,0.963,0,0,0,0,false,Sneha Reddy,false,,2025-12-13,2025-12-13,,official-docs,BigQuery documentation <https://cloud.google.com/bigquery/docs>,151,true,code output screenshot or diagram,"Worked example for ""BigQuery Window Functions and Analytic SQL"": the input, the code's key step, and the resulting output side by side."
199,P3,3,DEEP REWRITE,,Template body: 100% of its phrasing is shared with 10+ articles; 0% is its own.,None. Queue order in BLOG_REWRITE_QUEUE.csv.,unknown,bd712f6b-e063-42e5-b5cc-bc8c5ee1a8c3,/blog/building-a-cli-tool-in-python-with-argparse,building-a-cli-tool-in-python-with-argparse,Building a CLI Tool in Python with argparse,python,guide,tutorial,building cli python argparse,"How does Building a CLI Tool in Python with argparse work, and how do I apply it in practice?",Python learners heading into data work,"Answer ""How does Building a CLI Tool in Python with argparse work, and how do I apply it in practice?"" for Python learners heading into data work, and hand readers who want structured training to /courses/python-programming.",building; cli; tool,,660,8,8,5,1,1,4,1,true,0,0,6,0,1,1,0.869,async-programming-in-python-asyncio-explained,1,async-programming-in-python-asyncio-explained,0.952,0,0,0,0,false,GloryTecks Team,true,,2025-10-11,2025-10-11,,official-docs,Python documentation <https://docs.python.org/3/>,155,true,code output screenshot or diagram,"Worked example for ""Building a CLI Tool in Python with argparse"": the input, the code's key step, and the resulting output side by side."
200,P3,3,DEEP REWRITE,,Template body: 100% of its phrasing is shared with 10+ articles; 0% is its own.,None. Queue order in BLOG_REWRITE_QUEUE.csv.,unknown,30e98dbd-6043-4fad-9cac-003022856ac1,/blog/building-a-data-lake-on-aws-with-s3-and-glue,building-a-data-lake-on-aws-with-s3-and-glue,Building a Data Lake on AWS with S3 and Glue,aws,guide,tutorial,building data lake aws s3 glue,"How does Building a Data Lake on AWS with S3 and Glue work, and how do I apply it in practice?",data engineers working on AWS,"Answer ""How does Building a Data Lake on AWS with S3 and Glue work, and how do I apply it in practice?"" for data engineers working on AWS, and hand readers who want structured training to /courses/data-engineering.",building; data; lake,,696,8,8,5,1,1,4,1,true,0,0,6,0,1,1,0.873,amazon-dynamodb-explained-for-beginners,1,amazon-dynamodb-explained-for-beginners,0.949,0,0,0,0,false,Sneha Reddy,false,,2026-03-30,2026-05-12,,official-docs,Amazon S3 User Guide <https://docs.aws.amazon.com/AmazonS3/latest/userguide/>,153,true,architecture diagram,"Diagram of the components in ""Building a Data Lake on AWS with S3 and Glue"" and how data or requests flow between them."
201,P3,3,DEEP REWRITE,,Template body: 100% of its phrasing is shared with 10+ articles; 0% is its own.,None. Queue order in BLOG_REWRITE_QUEUE.csv.,unknown,e7be8204-552d-4409-8f68-a5748629519e,/blog/building-a-data-pipeline-on-gcp-end-to-end,building-a-data-pipeline-on-gcp-end-to-end,Building a Data Pipeline on GCP End to End,gcp,guide,tutorial,building data pipeline gcp end,"How does Building a Data Pipeline on GCP End to End work, and how do I apply it in practice?",data engineers working on Google Cloud,"Answer ""How does Building a Data Pipeline on GCP End to End work, and how do I apply it in practice?"" for data engineers working on Google Cloud, and hand readers who want structured training to /courses/data-engineering.",building; data; pipeline,,673,8,8,5,1,1,4,1,true,0,0,6,0,1,1,0.862,biglake-and-external-tables-in-bigquery,1,biglake-and-external-tables-in-bigquery,0.95,0,0,0,0,false,Sneha Reddy,false,,2026-03-31,2026-03-31,,official-docs,Google Cloud documentation <https://cloud.google.com/docs>,151,true,architecture diagram,"Diagram of the components in ""Building a Data Pipeline on GCP End to End"" and how data or requests flow between them."
202,P3,3,DEEP REWRITE,,Template body: 100% of its phrasing is shared with 10+ articles; 0% is its own.,None. Queue order in BLOG_REWRITE_QUEUE.csv.,unknown,4cff8509-27d3-4b2d-8500-d9bbefc533f5,/blog/building-a-finance-dashboard-in-power-bi,building-a-finance-dashboard-in-power-bi,Building a Finance Dashboard in Power BI,power-bi,guide,tutorial,building finance dashboard power bi,"How does Building a Finance Dashboard in Power BI work, and how do I apply it in practice?",analysts building Power BI reports,"Answer ""How does Building a Finance Dashboard in Power BI work, and how do I apply it in practice?"" for analysts building Power BI reports, and hand readers who want structured training to /courses/power-bi.",building; finance; dashboard; power,,699,8,8,5,1,1,4,1,true,0,0,6,0,1,1,0.889,aggregations-in-power-bi-for-large-datasets,1,aggregations-in-power-bi-for-large-datasets,0.981,0,0,0,0,false,GloryTecks Team,true,,2025-10-22,2025-10-22,,official-docs,Power BI documentation (Microsoft Learn) <https://learn.microsoft.com/en-us/power-bi/>,154,true,annotated screenshot,"Annotated screenshot of the feature in ""Building a Finance Dashboard in Power BI"" in the product UI, taken from a demo file (no client data)."
203,P3,3,DEEP REWRITE,,Template body: 100% of its phrasing is shared with 10+ articles; 0% is its own.,None. Queue order in BLOG_REWRITE_QUEUE.csv.,unknown,4a35d3c1-f3af-4f8e-b777-b6620ed2a83a,/blog/building-a-metadata-framework-for-adf-pipelines,building-a-metadata-framework-for-adf-pipelines,Building a Metadata Framework for ADF Pipelines,azure-data-factory,guide,tutorial,building metadata framework azure data factory pipeline,"How does Building a Metadata Framework for ADF Pipelines work, and how do I apply it in practice?",data engineers working on Azure,"Answer ""How does Building a Metadata Framework for ADF Pipelines work, and how do I apply it in practice?"" for data engineers working on Azure, and hand readers who want structured training to /courses/data-engineering.",building; metadata; framework; adf,,710,8,8,5,1,1,4,1,true,0,0,6,0,1,1,0.864,adf-control-flow-foreach-if-and-until-activities,1,adf-control-flow-foreach-if-and-until-activities,0.97,0,0,0,0,false,Sneha Reddy,false,,2025-11-07,2025-11-07,,official-docs,Azure Data Factory documentation (Microsoft Learn) <https://learn.microsoft.com/en-us/azure/data-factory/>,171,true,architecture diagram,"Diagram of the components in ""Building a Metadata Framework for ADF Pipelines"" and how data or requests flow between them."
204,P3,3,DEEP REWRITE,,Template body: 100% of its phrasing is shared with 10+ articles; 0% is its own.,None. Queue order in BLOG_REWRITE_QUEUE.csv.,unknown,694bf3b2-1c32-499d-8636-67aaca53a94d,/blog/building-a-real-time-dashboard-with-gcp,building-a-real-time-dashboard-with-gcp,Building a Real-Time Dashboard with GCP,gcp,guide,tutorial,building real-time dashboard gcp,"How does Building a Real-Time Dashboard with GCP work, and how do I apply it in practice?",data engineers working on Google Cloud,"Answer ""How does Building a Real-Time Dashboard with GCP work, and how do I apply it in practice?"" for data engineers working on Google Cloud, and hand readers who want structured training to /courses/data-engineering.",building; real; time; dashboard,,664,8,8,5,1,1,4,1,true,0,0,6,0,1,1,0.862,biglake-and-external-tables-in-bigquery,1,biglake-and-external-tables-in-bigquery,0.959,0,0,0,0,false,GloryTecks Team,true,,2025-10-20,2025-10-20,,official-docs,Google Cloud documentation <https://cloud.google.com/docs>,148,true,concept diagram,"One diagram that explains the central idea of ""Building a Real-Time Dashboard with GCP"" — the parts and how they relate."
205,P3,3,DEEP REWRITE,,Template body: 100% of its phrasing is shared with 10+ articles; 0% is its own.,None. Queue order in BLOG_REWRITE_QUEUE.csv.,unknown,1374c6dd-cd6b-4660-8d76-92f3e900d789,/blog/building-a-sales-dashboard-in-power-bi-from-scratch,building-a-sales-dashboard-in-power-bi-from-scratch,Building a Sales Dashboard in Power BI from Scratch,power-bi,guide,tutorial,building sales dashboard power bi scratch,"How does Building a Sales Dashboard in Power BI from Scratch work, and how do I apply it in practice?",analysts building Power BI reports,"Answer ""How does Building a Sales Dashboard in Power BI from Scratch work, and how do I apply it in practice?"" for analysts building Power BI reports, and hand readers who want structured training to /courses/power-bi.",building; sales; dashboard; power,,705,8,8,5,1,1,4,1,true,0,0,6,0,1,1,0.889,aggregations-in-power-bi-for-large-datasets,1,aggregations-in-power-bi-for-large-datasets,0.952,0,0,0,0,false,GloryTecks Team,true,,2026-03-15,2026-03-15,,official-docs,Power BI documentation (Microsoft Learn) <https://learn.microsoft.com/en-us/power-bi/>,165,true,annotated screenshot,"Annotated screenshot of the feature in ""Building a Sales Dashboard in Power BI from Scratch"" in the product UI, taken from a demo file (no client data)."
206,P3,3,DEEP REWRITE,,Template body: 100% of its phrasing is shared with 10+ articles; 0% is its own.,None. Queue order in BLOG_REWRITE_QUEUE.csv.,unknown,044f5228-5920-45d4-ba35-ef1a23f8163b,/blog/building-a-serverless-analytics-stack-on-aws,building-a-serverless-analytics-stack-on-aws,Building a Serverless Analytics Stack on AWS,aws,guide,tutorial,building serverless analytics stack aws,"How does Building a Serverless Analytics Stack on AWS work, and how do I apply it in practice?",data engineers working on AWS,"Answer ""How does Building a Serverless Analytics Stack on AWS work, and how do I apply it in practice?"" for data engineers working on AWS, and hand readers who want structured training to /courses/data-engineering.",building; serverless; analytics; stack,,687,8,8,5,1,1,4,1,true,0,0,6,0,1,1,0.873,amazon-dynamodb-explained-for-beginners,1,amazon-dynamodb-explained-for-beginners,0.97,0,0,0,0,false,GloryTecks Team,true,,2025-11-12,2025-12-21,,official-docs,AWS documentation <https://docs.aws.amazon.com/>,153,true,concept diagram,"One diagram that explains the central idea of ""Building a Serverless Analytics Stack on AWS"" — the parts and how they relate."
207,P3,3,MANUAL REVIEW,/blog/adf-pipelines-explained-building-your-first-pipeline,"Phase 3 MANUAL REVIEW: Both walk through building an ADF pipeline. Merge, or keep the second strictly about ETL design.","Editor decision: merge, or rewrite to a distinct angle.",unknown,b817f985-51ae-4e6a-9a98-9c1ba8e3eda1,/blog/building-an-etl-pipeline-with-adf-step-by-step,building-an-etl-pipeline-with-adf-step-by-step,Building an ETL Pipeline with ADF Step by Step,azure-data-factory,guide,tutorial,building etl pipeline azure data factory,"How does Building an ETL Pipeline with ADF Step by Step work, and how do I apply it in practice?",data engineers working on Azure,"Answer ""How does Building an ETL Pipeline with ADF Step by Step work, and how do I apply it in practice?"" for data engineers working on Azure, and hand readers who want structured training to /courses/data-engineering.",building; etl; pipeline; adf,/blog/adf-pipelines-explained-building-your-first-pipeline,716,8,8,5,1,1,4,1,true,0,0,6,0,1,1,0.864,adf-control-flow-foreach-if-and-until-activities,1,adf-control-flow-foreach-if-and-until-activities,0.949,0,0,0,0,false,Sneha Reddy,false,,2026-03-19,2026-03-19,,official-docs,Azure Data Factory documentation (Microsoft Learn) <https://learn.microsoft.com/en-us/azure/data-factory/>,170,true,architecture diagram,"Diagram of the components in ""Building an ETL Pipeline with ADF Step by Step"" and how data or requests flow between them."
208,P3,3,DEEP REWRITE,,Template body: 100% of its phrasing is shared with 10+ articles; 0% is its own.,None. Queue order in BLOG_REWRITE_QUEUE.csv.,unknown,02a50b99-e10e-491f-b765-b810d5036c57,/blog/building-rest-apis-with-python-a-practical-guide,building-rest-apis-with-python-a-practical-guide,Building REST APIs with Python: A Practical Guide,python,guide,tutorial,building rest apis python,"How does Building REST APIs with Python work, and how do I apply it in practice?",Python learners heading into data work,"Answer ""How does Building REST APIs with Python work, and how do I apply it in practice?"" for Python learners heading into data work, and hand readers who want structured training to /courses/python-programming.",building; rest; apis,,654,8,8,5,1,1,4,1,true,0,0,6,0,1,1,0.869,async-programming-in-python-asyncio-explained,1,async-programming-in-python-asyncio-explained,0.962,0,0,0,0,false,GloryTecks Team,true,,2026-05-03,2026-05-03,,official-docs,Python documentation <https://docs.python.org/3/>,161,true,code output screenshot or diagram,"Worked example for ""Building REST APIs with Python"": the input, the code's key step, and the resulting output side by side."
209,P3,3,DEEP REWRITE,,Template body: 100% of its phrasing is shared with 10+ articles; 0% is its own.,None. Queue order in BLOG_REWRITE_QUEUE.csv.,unknown,2d3d03c8-71fb-44d8-b1e9-0bd27c48793f,/blog/business-analytics-explained-a-beginner-s-guide,business-analytics-explained-a-beginner-s-guide,Business Analytics Explained: A Beginner's Guide,data-analytics,guide,tutorial,business analytics,"What is Business Analytics, and how does it work?",aspiring and junior data analysts,"Answer ""What is Business Analytics, and how does it work?"" for aspiring and junior data analysts, and hand readers who want structured training to /courses/data-analytics.",business; analytics; beginner,,667,8,8,5,1,1,4,1,true,0,0,6,0,1,1,0.88,building-kpi-scorecards-for-executives,1,building-kpi-scorecards-for-executives,0.957,0,0,0,0,false,GloryTecks Team,true,,2026-05-14,2026-06-15,,none-identified,,168,true,concept diagram,"One diagram that explains the central idea of ""Business Analytics Explained"" — the parts and how they relate."
210,P3,3,DEEP REWRITE,,Template body: 100% of its phrasing is shared with 10+ articles; 0% is its own.,None. Queue order in BLOG_REWRITE_QUEUE.csv.,unknown,23002c6f-88d5-4779-934c-64676037456e,/blog/calculation-groups-in-power-bi-explained,calculation-groups-in-power-bi-explained,Calculation Groups in Power BI Explained,power-bi,guide,tutorial,calculation groups power bi,"What is Calculation Groups in Power BI, and how does it work?",analysts building Power BI reports,"Answer ""What is Calculation Groups in Power BI, and how does it work?"" for analysts building Power BI reports, and hand readers who want structured training to /courses/power-bi.",calculation; groups; power,,696,8,8,5,1,1,4,1,true,0,0,6,0,1,1,0.889,aggregations-in-power-bi-for-large-datasets,1,aggregations-in-power-bi-for-large-datasets,0.963,0,0,0,0,false,GloryTecks Team,true,,2025-09-16,2025-09-16,,official-docs,Power BI documentation (Microsoft Learn) <https://learn.microsoft.com/en-us/power-bi/>,154,true,annotated screenshot,"Annotated screenshot of the feature in ""Calculation Groups in Power BI Explained"" in the product UI, taken from a demo file (no client data)."
211,P3,3,DEEP REWRITE,,Template body: 100% of its phrasing is shared with 10+ articles; 0% is its own.,None. Queue order in BLOG_REWRITE_QUEUE.csv.,unknown,8de12e18-a045-4d3e-ba5a-aa05ce8655d5,/blog/ci-cd-for-azure-data-factory-with-azure-devops,ci-cd-for-azure-data-factory-with-azure-devops,CI/CD for Azure Data Factory with Azure DevOps,azure-data-factory,guide,tutorial,ci cd azure data factory devops,"How does CI/CD for Azure Data Factory with Azure DevOps work, and how do I apply it in practice?",data engineers working on Azure,"Answer ""How does CI/CD for Azure Data Factory with Azure DevOps work, and how do I apply it in practice?"" for data engineers working on Azure, and hand readers who want structured training to /courses/data-engineering.",azure; data; factory; devops,,716,8,8,5,1,1,4,1,true,0,0,6,0,1,1,0.864,adf-control-flow-foreach-if-and-until-activities,1,adf-control-flow-foreach-if-and-until-activities,0.949,0,0,0,0,false,Sneha Reddy,false,,2026-03-07,2026-03-07,,official-docs,Azure Data Factory documentation (Microsoft Learn) <https://learn.microsoft.com/en-us/azure/data-factory/>,170,true,architecture diagram,"Diagram of the components in ""CI/CD for Azure Data Factory with Azure DevOps"" and how data or requests flow between them."
212,P3,3,DEEP REWRITE,,Template body: 100% of its phrasing is shared with 10+ articles; 0% is its own.,None. Queue order in BLOG_REWRITE_QUEUE.csv.,unknown,9afa4cf6-4a16-4cb4-8f88-da9a90a8f924,/blog/cloud-composer-airflow-on-gcp-explained,cloud-composer-airflow-on-gcp-explained,Cloud Composer (Airflow) on GCP Explained,gcp,guide,tutorial,cloud composer airflow gcp,"What is Cloud Composer (Airflow) on GCP, and how does it work?",data engineers working on Google Cloud,"Answer ""What is Cloud Composer (Airflow) on GCP, and how does it work?"" for data engineers working on Google Cloud, and hand readers who want structured training to /courses/data-engineering.",cloud; composer; airflow,,664,8,8,5,1,1,4,1,true,0,0,6,0,1,1,0.862,biglake-and-external-tables-in-bigquery,1,biglake-and-external-tables-in-bigquery,0.982,0,0,0,0,false,Sneha Reddy,false,,2026-04-24,2026-04-24,,official-docs,Cloud Composer documentation <https://cloud.google.com/composer/docs>,150,true,architecture diagram,"Diagram of the components in ""Cloud Composer (Airflow) on GCP Explained"" and how data or requests flow between them."
213,P3,3,DEEP REWRITE,,Template body: 99% of its phrasing is shared with 10+ articles; 1% is its own.,None. Queue order in BLOG_REWRITE_QUEUE.csv.,unknown,0f0a07e1-c8d0-4959-b2cc-113f4cfb2a6c,/blog/cloud-run-vs-cloud-functions-vs-app-engine,cloud-run-vs-cloud-functions-vs-app-engine,Cloud Run vs Cloud Functions vs App Engine,gcp,comparison,comparison,cloud run functions app engine,"Should I use app engine or cloud functions or cloud run, and in which situations does each one win?",data engineers working on Google Cloud,"Answer ""Should I use app engine or cloud functions or cloud run, and in which situations does each one win?"" for data engineers working on Google Cloud, and hand readers who want structured training to /courses/data-engineering.",cloud; run; functions; app,,478,5,4,3,1,0,4,0,true,0,0,3,0.013,0.987,0.982,0.533,dataproc-vs-dataflow-which-to-choose,0.982,dataproc-vs-dataflow-which-to-choose,0.925,0,0,0,0,false,Sneha Reddy,false,,2025-10-26,2025-10-26,,official-docs,Google Cloud documentation <https://cloud.google.com/docs>,144,true,comparison diagram,"Side-by-side diagram of where each option in ""Cloud Run vs Cloud Functions vs App Engine"" sits in a typical workflow, with the deciding differences labelled."
214,P3,3,DEEP REWRITE,,Template body: 99% of its phrasing is shared with 10+ articles; 1% is its own.,None. Queue order in BLOG_REWRITE_QUEUE.csv.,unknown,8ea0df09-f083-4c11-ac50-13937fb46e64,/blog/cloud-sql-vs-spanner-vs-bigtable-when-to-use-each,cloud-sql-vs-spanner-vs-bigtable-when-to-use-each,Cloud SQL vs Spanner vs Bigtable: When to Use Each,gcp,comparison,comparison,cloud sql spanner bigtable,"Should I use bigtable or cloud sql or spanner, and in which situations does each one win?",data engineers working on Google Cloud,"Answer ""Should I use bigtable or cloud sql or spanner, and in which situations does each one win?"" for data engineers working on Google Cloud, and hand readers who want structured training to /courses/data-engineering.",cloud; sql; spanner; bigtable,,478,5,4,3,1,0,4,0,true,0,0,3,0.008,0.992,0.987,0.535,dataproc-vs-dataflow-which-to-choose,0.987,dataproc-vs-dataflow-which-to-choose,0.92,0,0,0,0,false,GloryTecks Team,true,,2026-02-17,2026-02-17,,official-docs,PostgreSQL documentation (SQL reference) <https://www.postgresql.org/docs/current/>,152,true,comparison diagram,"Side-by-side diagram of where each option in ""Cloud SQL vs Spanner vs Bigtable"" sits in a typical workflow, with the deciding differences labelled."
215,P3,3,DEEP REWRITE,,Template body: 100% of its phrasing is shared with 10+ articles; 0% is its own.,None. Queue order in BLOG_REWRITE_QUEUE.csv.,unknown,4da08b23-2103-47c5-8f3e-668b4d51f0dc,/blog/common-resume-mistakes-that-get-you-rejected,common-resume-mistakes-that-get-you-rejected,Common Resume Mistakes That Get You Rejected,career-guidance,guide,tutorial,common resume mistakes get rejected,"How does Common Resume Mistakes That Get You Rejected work, and how do I apply it in practice?",freshers and career switchers into data roles,"Answer ""How does Common Resume Mistakes That Get You Rejected work, and how do I apply it in practice?"" for freshers and career switchers into data roles, and hand readers who want structured training to /courses/data-science.",common; resume; mistakes; get,,645,8,7,5,1,0,4,0,true,0,0,6,0,1,1,0.925,asking-for-a-raise-timing-script-and-evidence,1,asking-for-a-raise-timing-script-and-evidence,0.95,0,0,0,0,false,GloryTecks Team,true,,2026-02-16,2026-02-16,,none-identified,,165,true,concept diagram,"One diagram that explains the central idea of ""Common Resume Mistakes That Get You Rejected"" — the parts and how they relate."
216,P3,3,DEEP REWRITE,,Template body: 100% of its phrasing is shared with 10+ articles; 0% is its own.,None. Queue order in BLOG_REWRITE_QUEUE.csv.,unknown,7f60b454-7361-470e-9e66-127ac4bd3e48,/blog/composite-models-and-directquery-in-power-bi,composite-models-and-directquery-in-power-bi,Composite Models and DirectQuery in Power BI,power-bi,guide,tutorial,composite model directquery power bi,"How does Composite Models and DirectQuery in Power BI work, and how do I apply it in practice?",analysts building Power BI reports,"Answer ""How does Composite Models and DirectQuery in Power BI work, and how do I apply it in practice?"" for analysts building Power BI reports, and hand readers who want structured training to /courses/power-bi.",composite; models; directquery; power,,699,8,8,5,1,1,4,1,true,0,0,6,0,1,1,0.889,aggregations-in-power-bi-for-large-datasets,1,aggregations-in-power-bi-for-large-datasets,0.981,0,0,0,0,false,GloryTecks Team,true,,2025-10-10,2025-10-10,,official-docs,Power BI documentation (Microsoft Learn) <https://learn.microsoft.com/en-us/power-bi/>,158,true,annotated screenshot,"Annotated screenshot of the feature in ""Composite Models and DirectQuery in Power BI"" in the product UI, taken from a demo file (no client data)."
217,P3,3,DEEP REWRITE,,Template body: 100% of its phrasing is shared with 10+ articles; 0% is its own.,None. Queue order in BLOG_REWRITE_QUEUE.csv.,unknown,f4e59a0c-c96b-45f5-b81b-4ebae254a706,/blog/computer-vision-basics-from-pixels-to-predictions,computer-vision-basics-from-pixels-to-predictions,Computer Vision Basics: From Pixels to Predictions,data-science,guide,tutorial,computer vision pixels predictions,"What is Computer Vision, and how does it work?",learners and junior data scientists,"Answer ""What is Computer Vision, and how does it work?"" for learners and junior data scientists, and hand readers who want structured training to /courses/data-science.",computer; vision; basics; pixels,,674,8,8,5,1,1,4,1,true,0,0,6,0,1,1,0.879,a-b-testing-for-data-scientists-a-practical-guide,1,a-b-testing-for-data-scientists-a-practical-guide,0.955,0,0,0,0,false,GloryTecks Team,true,,2026-02-09,2026-03-03,,none-identified,,168,true,concept diagram,"One diagram that explains the central idea of ""Computer Vision Basics"" — the parts and how they relate."
218,P3,3,DEEP REWRITE,,Template body: 100% of its phrasing is shared with 10+ articles; 0% is its own.,None. Queue order in BLOG_REWRITE_QUEUE.csv.,unknown,f969569b-56de-47e2-8a5f-d3f4da8de529,/blog/computer-vision-interview-questions-and-answers,computer-vision-interview-questions-and-answers,Computer Vision Interview Questions and Answers,interview-questions,interview,interview,computer vision,"What does an interviewer ask about Computer Vision, and what does a strong answer contain?",candidates preparing for data interviews,"Answer ""What does an interviewer ask about Computer Vision, and what does a strong answer contain?"" for candidates preparing for data interviews, and hand readers who want structured training to /courses/data-science.",computer; vision; interview; questions,,517,4,3,2,0,0,9,0,true,0,0,3,0.002,0.998,0.998,0.983,azure-data-factory-adf-interview-questions,0.998,azure-data-factory-adf-interview-questions,0.989,0,0,0,0,false,Ravi Kumar,false,,2025-10-06,2025-10-06,,none-identified,,181,false,none,No image needed; the value is in the questions and answers. Optional: one diagram for the hardest concept explained.
219,P3,3,DEEP REWRITE,,Template body: 100% of its phrasing is shared with 10+ articles; 0% is its own.,None. Queue order in BLOG_REWRITE_QUEUE.csv.,unknown,d042f0d8-e450-4cee-81dd-4fd59e8ae8dd,/blog/conditional-formatting-in-power-bi-a-practical-guide,conditional-formatting-in-power-bi-a-practical-guide,Conditional Formatting in Power BI: A Practical Guide,power-bi,guide,tutorial,conditional formatting power bi,"How does Conditional Formatting in Power BI work, and how do I apply it in practice?",analysts building Power BI reports,"Answer ""How does Conditional Formatting in Power BI work, and how do I apply it in practice?"" for analysts building Power BI reports, and hand readers who want structured training to /courses/power-bi.",conditional; formatting; power; practical,,696,8,8,5,1,1,4,1,true,0,0,6,0,1,1,0.889,aggregations-in-power-bi-for-large-datasets,1,aggregations-in-power-bi-for-large-datasets,0.967,0,0,0,0,false,Arjun Nair,false,,2026-02-13,2026-02-13,,official-docs,Power BI documentation (Microsoft Learn) <https://learn.microsoft.com/en-us/power-bi/>,167,true,annotated screenshot,"Annotated screenshot of the feature in ""Conditional Formatting in Power BI"" in the product UI, taken from a demo file (no client data)."
220,P3,3,DEEP REWRITE,,Template body: 100% of its phrasing is shared with 10+ articles; 0% is its own.,None. Queue order in BLOG_REWRITE_QUEUE.csv.,unknown,266da73c-25b7-496e-9c82-3bbae4d31c62,/blog/confusion-matrix-explained-reading-it-correctly,confusion-matrix-explained-reading-it-correctly,Confusion Matrix Explained: Reading It Correctly,data-science,guide,tutorial,confusion matrix reading correctly,"What is Confusion Matrix, and how does it work?",learners and junior data scientists,"Answer ""What is Confusion Matrix, and how does it work?"" for learners and junior data scientists, and hand readers who want structured training to /courses/data-science.",confusion; matrix; reading; correctly,,673,8,8,5,1,1,4,1,true,0,0,6,0,1,1,0.879,a-b-testing-for-data-scientists-a-practical-guide,1,a-b-testing-for-data-scientists-a-practical-guide,0.963,0,0,0,0,false,Ravi Kumar,false,,2025-10-06,2025-11-09,,none-identified,,166,true,concept diagram,"One diagram that explains the central idea of ""Confusion Matrix Explained"" — the parts and how they relate."
221,P3,3,DEEP REWRITE,,Template body: 100% of its phrasing is shared with 10+ articles; 0% is its own.,None. Queue order in BLOG_REWRITE_QUEUE.csv.,unknown,2ca77087-c64c-48de-86d4-5506a822bf32,/blog/connecting-adf-to-rest-apis-and-web-sources,connecting-adf-to-rest-apis-and-web-sources,Connecting ADF to REST APIs and Web Sources,azure-data-factory,guide,tutorial,connecting azure data factory rest apis web sources,"How does Connecting ADF to REST APIs and Web Sources work, and how do I apply it in practice?",data engineers working on Azure,"Answer ""How does Connecting ADF to REST APIs and Web Sources work, and how do I apply it in practice?"" for data engineers working on Azure, and hand readers who want structured training to /courses/data-engineering.",connecting; adf; rest; apis,,713,8,8,5,1,1,4,1,true,0,0,6,0,1,1,0.864,adf-control-flow-foreach-if-and-until-activities,1,adf-control-flow-foreach-if-and-until-activities,0.95,0,0,0,0,false,GloryTecks Team,true,,2025-09-26,2025-09-26,,official-docs,Azure Data Factory documentation (Microsoft Learn) <https://learn.microsoft.com/en-us/azure/data-factory/>,167,true,architecture diagram,"Diagram of the components in ""Connecting ADF to REST APIs and Web Sources"" and how data or requests flow between them."
222,P3,3,DEEP REWRITE,,Template body: 100% of its phrasing is shared with 10+ articles; 0% is its own.,None. Queue order in BLOG_REWRITE_QUEUE.csv.,unknown,2aa3a681-1f74-4d7a-8234-c426e49b87ce,/blog/containerizing-a-machine-learning-model-step-by-step,containerizing-a-machine-learning-model-step-by-step,Containerizing a Machine Learning Model Step by Step,mlops,guide,tutorial,containerizing machine learning model,"How does Containerizing a Machine Learning Model Step by Step work, and how do I apply it in practice?",data scientists and engineers moving models to production,"Answer ""How does Containerizing a Machine Learning Model Step by Step work, and how do I apply it in practice?"" for data scientists and engineers moving models to production, and hand readers who want structured training to /courses/mlops.",containerizing; machine; learning; model,,676,8,8,5,1,1,4,1,true,0,0,6,0,1,1,0.9,a-b-testing-ml-models-in-production,1,a-b-testing-ml-models-in-production,0.953,0,0,0,0,false,Ravi Kumar,false,,2026-01-13,2026-01-13,,official-docs,Docker documentation <https://docs.docker.com/>,163,true,concept diagram,"One diagram that explains the central idea of ""Containerizing a Machine Learning Model Step by Step"" — the parts and how they relate."
223,P3,3,DEEP REWRITE,,Template body: 100% of its phrasing is shared with 10+ articles; 0% is its own.,None. Queue order in BLOG_REWRITE_QUEUE.csv.,unknown,d83817f0-1112-407f-b188-c332e433afd6,/blog/copying-data-from-on-prem-sql-to-azure-with-adf,copying-data-from-on-prem-sql-to-azure-with-adf,Copying Data from On-Prem SQL to Azure with ADF,azure-data-factory,guide,tutorial,copying data on-prem sql azure factory,"How does Copying Data from On-Prem SQL to Azure with ADF work, and how do I apply it in practice?",data engineers working on Azure,"Answer ""How does Copying Data from On-Prem SQL to Azure with ADF work, and how do I apply it in practice?"" for data engineers working on Azure, and hand readers who want structured training to /courses/data-engineering.",copying; data; prem; sql,,716,8,8,5,1,1,4,1,true,0,0,6,0,1,1,0.864,adf-control-flow-foreach-if-and-until-activities,1,adf-control-flow-foreach-if-and-until-activities,0.967,0,0,0,0,false,GloryTecks Team,true,,2026-01-24,2026-01-24,,official-docs,Azure Data Factory documentation (Microsoft Learn) <https://learn.microsoft.com/en-us/azure/data-factory/>,171,true,architecture diagram,"Diagram of the components in ""Copying Data from On-Prem SQL to Azure with ADF"" and how data or requests flow between them."
224,P3,3,DEEP REWRITE,,Template body: 100% of its phrasing is shared with 10+ articles; 0% is its own.,None. Queue order in BLOG_REWRITE_QUEUE.csv.,unknown,01b812e1-7779-48a5-a431-7e592f41a035,/blog/cost-controls-and-budgets-on-google-cloud,cost-controls-and-budgets-on-google-cloud,Cost Controls and Budgets on Google Cloud,gcp,guide,tutorial,cost controls budgets google cloud,"How does Cost Controls and Budgets on Google Cloud work, and how do I apply it in practice?",data engineers working on Google Cloud,"Answer ""How does Cost Controls and Budgets on Google Cloud work, and how do I apply it in practice?"" for data engineers working on Google Cloud, and hand readers who want structured training to /courses/data-engineering.",cost; controls; budgets; google,,667,8,8,5,1,1,4,1,true,0,0,6,0,1,1,0.862,biglake-and-external-tables-in-bigquery,1,biglake-and-external-tables-in-bigquery,0.959,0,0,0,0,false,GloryTecks Team,true,,2025-09-26,2025-09-26,,official-docs,Google Cloud documentation <https://cloud.google.com/docs>,150,true,concept diagram,"One diagram that explains the central idea of ""Cost Controls and Budgets on Google Cloud"" — the parts and how they relate."
225,P3,3,DEEP REWRITE,,Template body: 98% of its phrasing is shared with 10+ articles; 2% is its own.,None. Queue order in BLOG_REWRITE_QUEUE.csv.,unknown,87668382-eb60-4dc3-ad26-8e5e2f76604d,/blog/creating-calculated-columns-vs-measures-in-power-bi,creating-calculated-columns-vs-measures-in-power-bi,Creating Calculated Columns vs Measures in Power BI,power-bi,comparison,comparison,creating calculated columns measures power bi,"Should I use creating calculated columns or measures, and in which situations does each one win?",analysts building Power BI reports,"Answer ""Should I use creating calculated columns or measures, and in which situations does each one win?"" for analysts building Power BI reports, and hand readers who want structured training to /courses/power-bi.",creating; calculated; columns; measures,,492,5,4,3,1,0,4,0,true,0,0,3,0.018,0.982,0.975,0.522,power-bi-vs-excel-when-to-use-each-tool,0.975,power-bi-vs-excel-when-to-use-each-tool,0.95,0,0,0,0,false,GloryTecks Team,true,,2026-03-27,2026-03-27,,official-docs,Power BI documentation (Microsoft Learn) <https://learn.microsoft.com/en-us/power-bi/>,158,true,comparison diagram,"Side-by-side diagram of where each option in ""Creating Calculated Columns vs Measures in Power BI"" sits in a typical workflow, with the deciding differences labelled."
226,P3,3,DEEP REWRITE,,Template body: 100% of its phrasing is shared with 10+ articles; 0% is its own.,None. Queue order in BLOG_REWRITE_QUEUE.csv.,unknown,bb01aead-b563-44f6-98fc-f83e47a34d18,/blog/customer-segmentation-for-analysts-a-practical-guide,customer-segmentation-for-analysts-a-practical-guide,Customer Segmentation for Analysts: A Practical Guide,data-analytics,guide,tutorial,customer segmentation analytics,"How does Customer Segmentation for Analysts work, and how do I apply it in practice?",analysts,"Answer ""How does Customer Segmentation for Analysts work, and how do I apply it in practice?"" for analysts, and hand readers who want structured training to /courses/data-analytics.",customer; segmentation; analysts; practical,,670,8,8,5,1,1,4,1,true,0,0,6,0,1,1,0.88,building-kpi-scorecards-for-executives,1,building-kpi-scorecards-for-executives,0.958,0,0,0,0,false,GloryTecks Team,true,,2026-02-19,2026-04-01,,none-identified,,173,true,concept diagram,"One diagram that explains the central idea of ""Customer Segmentation for Analysts"" — the parts and how they relate."
227,P3,3,DEEP REWRITE,,Template body: 100% of its phrasing is shared with 10+ articles; 0% is its own.,None. Queue order in BLOG_REWRITE_QUEUE.csv.,unknown,28258a22-d9d9-4d6a-8268-84a950122a18,/blog/data-analyst-interview-questions-and-answers,data-analyst-interview-questions-and-answers,Data Analyst Interview Questions and Answers,interview-questions,interview,interview,data analytics,"What does an interviewer ask about Data Analyst, and what does a strong answer contain?",candidates preparing for data interviews,"Answer ""What does an interviewer ask about Data Analyst, and what does a strong answer contain?"" for candidates preparing for data interviews, and hand readers who want structured training to /courses/data-science.",data; analyst; interview; questions,/blog/data-analyst-interview-questions-and-answers-2,517,4,3,2,0,0,9,0,true,0,0,3,0.002,0.998,0.998,0.983,azure-data-factory-adf-interview-questions,0.998,azure-data-factory-adf-interview-questions,0.989,0,0,0,0,false,Ravi Kumar,false,,2026-03-11,2026-03-11,,none-identified,,178,false,none,No image needed; the value is in the questions and answers. Optional: one diagram for the hardest concept explained.
228,P3,3,DEEP REWRITE,,Template body: 100% of its phrasing is shared with 10+ articles; 0% is its own.,None. Queue order in BLOG_REWRITE_QUEUE.csv.,unknown,b122788d-3345-47bf-b70b-83911b9c6f27,/blog/data-catalog-and-governance-on-gcp,data-catalog-and-governance-on-gcp,Data Catalog and Governance on GCP,gcp,guide,tutorial,data catalog governance gcp,"How does Data Catalog and Governance on GCP work, and how do I apply it in practice?",data engineers working on Google Cloud,"Answer ""How does Data Catalog and Governance on GCP work, and how do I apply it in practice?"" for data engineers working on Google Cloud, and hand readers who want structured training to /courses/data-engineering.",data; catalog; governance,,664,8,8,5,1,1,4,1,true,0,0,6,0,1,1,0.862,biglake-and-external-tables-in-bigquery,1,biglake-and-external-tables-in-bigquery,0.972,0,0,0,0,false,Sneha Reddy,false,,2026-01-30,2026-01-30,,official-docs,Google Cloud documentation <https://cloud.google.com/docs>,143,true,concept diagram,"One diagram that explains the central idea of ""Data Catalog and Governance on GCP"" — the parts and how they relate."
229,P3,3,DEEP REWRITE,,Template body: 100% of its phrasing is shared with 10+ articles; 0% is its own.,None. Queue order in BLOG_REWRITE_QUEUE.csv.,unknown,d9574d23-3a19-4c25-a684-b5f7038bf304,/blog/data-flow-debug-and-performance-in-adf,data-flow-debug-and-performance-in-adf,Data Flow Debug and Performance in ADF,azure-data-factory,guide,tutorial,data flow debug performance azure factory,"How does Data Flow Debug and Performance in ADF work, and how do I apply it in practice?",data engineers working on Azure,"Answer ""How does Data Flow Debug and Performance in ADF work, and how do I apply it in practice?"" for data engineers working on Azure, and hand readers who want structured training to /courses/data-engineering.",data; flow; debug; performance,,710,8,8,5,1,1,4,1,true,0,0,6,0,1,1,0.864,adf-control-flow-foreach-if-and-until-activities,1,adf-control-flow-foreach-if-and-until-activities,0.972,0,0,0,0,false,GloryTecks Team,true,,2026-02-17,2026-02-17,,official-docs,Azure Data Factory documentation (Microsoft Learn) <https://learn.microsoft.com/en-us/azure/data-factory/>,162,true,architecture diagram,"Diagram of the components in ""Data Flow Debug and Performance in ADF"" and how data or requests flow between them."
230,P3,3,DEEP REWRITE,,Template body: 100% of its phrasing is shared with 10+ articles; 0% is its own.,None. Queue order in BLOG_REWRITE_QUEUE.csv.,unknown,f4b752a8-5ff2-4f18-a4c4-a5703e82cbc9,/blog/data-modeling-in-power-bi-star-schema-explained,data-modeling-in-power-bi-star-schema-explained,Data Modeling in Power BI: Star Schema Explained,power-bi,guide,tutorial,data modeling power bi star schema,"What is Data Modeling in Power BI, and how does it work?",analysts building Power BI reports,"Answer ""What is Data Modeling in Power BI, and how does it work?"" for analysts building Power BI reports, and hand readers who want structured training to /courses/power-bi.",data; modeling; power; star,,696,8,8,5,1,1,4,1,true,0,0,6,0,1,1,0.889,aggregations-in-power-bi-for-large-datasets,1,aggregations-in-power-bi-for-large-datasets,0.967,0,0,0,0,false,Arjun Nair,false,,2026-05-08,2026-05-08,,official-docs,Power BI documentation (Microsoft Learn) <https://learn.microsoft.com/en-us/power-bi/>,162,true,annotated screenshot,"Annotated screenshot of the feature in ""Data Modeling in Power BI"" in the product UI, taken from a demo file (no client data)."
231,P3,3,DEEP REWRITE,,Template body: 100% of its phrasing is shared with 10+ articles; 0% is its own.,None. Queue order in BLOG_REWRITE_QUEUE.csv.,unknown,5fa7b9c2-0077-45c5-a192-74d533b354a3,/blog/data-modeling-in-redshift-a-practical-guide,data-modeling-in-redshift-a-practical-guide,Data Modeling in Redshift: A Practical Guide,aws,guide,tutorial,data modeling redshift,"How does Data Modeling in Redshift work, and how do I apply it in practice?",data engineers working on AWS,"Answer ""How does Data Modeling in Redshift work, and how do I apply it in practice?"" for data engineers working on AWS, and hand readers who want structured training to /courses/data-engineering.",data; modeling; redshift; practical,,681,8,8,5,1,1,4,1,true,0,0,6,0,1,1,0.873,amazon-dynamodb-explained-for-beginners,1,amazon-dynamodb-explained-for-beginners,0.953,0,0,0,0,false,GloryTecks Team,true,,2025-09-13,2025-10-22,,official-docs,Amazon Redshift documentation <https://docs.aws.amazon.com/redshift/>,153,true,concept diagram,"One diagram that explains the central idea of ""Data Modeling in Redshift"" — the parts and how they relate."
232,P3,3,DEEP REWRITE,,Template body: 100% of its phrasing is shared with 10+ articles; 0% is its own.,None. Queue order in BLOG_REWRITE_QUEUE.csv.,unknown,3538b8fb-f0ce-4f9b-9dae-4eb95b41e7f5,/blog/data-modeling-interview-questions-explained,data-modeling-interview-questions-explained,Data Modeling Interview Questions Explained,interview-questions,interview,interview,data modeling,"What does an interviewer ask about Data Modeling, and what does a strong answer contain?",candidates preparing for data interviews,"Answer ""What does an interviewer ask about Data Modeling, and what does a strong answer contain?"" for candidates preparing for data interviews, and hand readers who want structured training to /courses/data-science.",data; modeling; interview; questions,,515,4,3,2,0,0,9,0,true,0,0,3,0.002,0.998,0.998,0.983,azure-data-factory-adf-interview-questions,0.998,azure-data-factory-adf-interview-questions,0.989,0,0,0,0,false,Ravi Kumar,false,,2025-11-23,2025-11-23,,none-identified,,177,false,none,No image needed; the value is in the questions and answers. Optional: one diagram for the hardest concept explained.
233,P3,3,DEEP REWRITE,,Template body: 100% of its phrasing is shared with 10+ articles; 0% is its own.,None. Queue order in BLOG_REWRITE_QUEUE.csv.,unknown,d3cc84b7-ca6c-4f99-a198-d99035480b18,/blog/data-modeling-star-schema-snowflake-and-data-vault,data-modeling-star-schema-snowflake-and-data-vault,"Data Modeling: Star Schema, Snowflake and Data Vault",data-engineering,guide,tutorial,data modeling star schema snowflake vault,"How does Data Modeling work, and how do I apply it in practice?",aspiring and junior data engineers,"Answer ""How does Data Modeling work, and how do I apply it in practice?"" for aspiring and junior data engineers, and hand readers who want structured training to /courses/data-engineering.",data; modeling; star; schema,,673,8,8,5,1,1,4,1,true,0,0,6,0,1,1,0.816,airflow-tutorial-orchestrating-data-pipelines,1,airflow-tutorial-orchestrating-data-pipelines,0.959,0,0,0,0,false,GloryTecks Team,true,,2026-04-07,2026-05-05,,official-docs,Snowflake documentation <https://docs.snowflake.com/>,174,true,concept diagram,"One diagram that explains the central idea of ""Data Modeling"" — the parts and how they relate."
234,P3,3,MANUAL REVIEW,,"Salary figures with no cited source. A rewrite needs a dated, citable salary dataset; without one the figures must go.","Source a salary dataset, or rewrite without figures.",unknown,400513d0-289e-4522-b6f1-950df8a2df00,/blog/data-scientist-salary-in-hyderabad-2026-freshers-to-senior,data-scientist-salary-in-hyderabad-2026-freshers-to-senior,Data Scientist Salary in Hyderabad 2026: Freshers to Senior,data-science,salary,salary,data science,"What does Data Scientist work pay, and what moves the number?",learners and junior data scientists,"Answer ""What does Data Scientist work pay, and what moves the number?"" for learners and junior data scientists, and hand readers who want structured training to /courses/data-science.",data; scientist; salary; hyderabad,,545,5,5,3,1,0,5,0,true,0,0,11,0.032,0.907,0.537,0.476,data-science-vs-data-analytics-which-career-is-right-for-you,0.672,data-engineer-salary-in-hyderabad-2026,0.584,0,0,0,0,false,GloryTecks Team,true,,2026-06-09,2026-06-15,,market-data,,195,false,none,No image. A chart is only appropriate once the figures are sourced; then chart the cited data with the source in the caption.
235,P3,3,DEEP REWRITE,,Template body: 100% of its phrasing is shared with 10+ articles; 0% is its own.,None. Queue order in BLOG_REWRITE_QUEUE.csv.,unknown,2c0c6d07-7c3a-46c5-8e77-db091973eeed,/blog/data-versioning-with-dvc-a-hands-on-guide,data-versioning-with-dvc-a-hands-on-guide,Data Versioning with DVC: A Hands-On Guide,mlops,guide,tutorial,data versioning dvc,"How does Data Versioning with DVC work, and how do I apply it in practice?",data scientists and engineers moving models to production,"Answer ""How does Data Versioning with DVC work, and how do I apply it in practice?"" for data scientists and engineers moving models to production, and hand readers who want structured training to /courses/mlops.",data; versioning; dvc; hands,,667,8,8,5,1,1,4,1,true,0,0,6,0,1,1,0.9,a-b-testing-ml-models-in-production,1,a-b-testing-ml-models-in-production,0.951,0,0,0,0,false,Sneha Reddy,false,,2026-02-12,2026-02-12,,none-identified,,153,true,concept diagram,"One diagram that explains the central idea of ""Data Versioning with DVC"" — the parts and how they relate."
236,P3,3,DEEP REWRITE,,Template body: 100% of its phrasing is shared with 10+ articles; 0% is its own.,None. Queue order in BLOG_REWRITE_QUEUE.csv.,unknown,1bbe015f-4e54-4de6-9a60-2877984b7675,/blog/data-visualization-best-practices-and-common-mistakes,data-visualization-best-practices-and-common-mistakes,Data Visualization Best Practices and Common Mistakes,data-analytics,guide,tutorial,data visualization practices common mistakes,"What are the best practices for Data Visualization, and why?",aspiring and junior data analysts,"Answer ""What are the best practices for Data Visualization, and why?"" for aspiring and junior data analysts, and hand readers who want structured training to /courses/data-analytics.",data; visualization; best; practices,,676,8,8,5,1,1,4,1,true,0,0,6,0,1,1,0.88,building-kpi-scorecards-for-executives,1,building-kpi-scorecards-for-executives,0.952,0,0,0,0,false,Arjun Nair,false,,2026-04-02,2026-05-09,,none-identified,,173,true,concept diagram,"One diagram that explains the central idea of ""Data Visualization Best Practices and Common Mistakes"" — the parts and how they relate."
237,P3,3,DEEP REWRITE,,Template body: 100% of its phrasing is shared with 10+ articles; 0% is its own.,None. Queue order in BLOG_REWRITE_QUEUE.csv.,unknown,f82e181d-ac01-49be-beae-19a1ea358f60,/blog/databricks-tutorial-a-beginner-s-guide,databricks-tutorial-a-beginner-s-guide,Databricks Tutorial: A Beginner's Guide,data-engineering,guide,tutorial,databricks,"How does Databricks Tutorial work, and how do I apply it in practice?",aspiring and junior data engineers,"Answer ""How does Databricks Tutorial work, and how do I apply it in practice?"" for aspiring and junior data engineers, and hand readers who want structured training to /courses/data-engineering.",databricks; tutorial; beginner,,670,8,8,5,1,1,4,1,true,0,0,6,0,1,1,0.816,airflow-tutorial-orchestrating-data-pipelines,1,airflow-tutorial-orchestrating-data-pipelines,0.97,0,0,0,0,false,GloryTecks Team,true,,2026-05-01,2026-05-21,,official-docs,Databricks documentation <https://docs.databricks.com/>,161,true,concept diagram,"One diagram that explains the central idea of ""Databricks Tutorial"" — the parts and how they relate."
238,P3,3,DEEP REWRITE,,Template body: 99% of its phrasing is shared with 10+ articles; 1% is its own.,None. Queue order in BLOG_REWRITE_QUEUE.csv.,unknown,4bb43a6d-35d4-4d8d-aae3-91af49594a9e,/blog/dataform-vs-dbt-on-gcp-a-comparison,dataform-vs-dbt-on-gcp-a-comparison,Dataform vs dbt on GCP: A Comparison,gcp,comparison,comparison,dataform dbt gcp,"Should I use dataform or dbt gcp, and in which situations does each one win?",data engineers working on Google Cloud,"Answer ""Should I use dataform or dbt gcp, and in which situations does each one win?"" for data engineers working on Google Cloud, and hand readers who want structured training to /courses/data-engineering.",dataform; dbt; comparison,,474,5,4,3,1,0,4,0,true,0,0,3,0.008,0.992,0.987,0.535,dataproc-vs-dataflow-which-to-choose,0.987,dataproc-vs-dataflow-which-to-choose,0.927,0,0,0,0,false,Sneha Reddy,false,,2026-01-06,2026-01-06,,official-docs,Google Cloud documentation <https://cloud.google.com/docs>,138,true,comparison diagram,"Side-by-side diagram of where each option in ""Dataform vs dbt on GCP"" sits in a typical workflow, with the deciding differences labelled."
239,P3,3,DEEP REWRITE,,Template body: 99% of its phrasing is shared with 10+ articles; 1% is its own.,None. Queue order in BLOG_REWRITE_QUEUE.csv.,unknown,f1ee09f0-dc8e-4a34-a2e3-c455493f7b6d,/blog/dataproc-vs-dataflow-which-to-choose,dataproc-vs-dataflow-which-to-choose,Dataproc vs Dataflow: Which to Choose,gcp,comparison,comparison,dataproc dataflow choose,"Should I use dataflow or dataproc, and in which situations does each one win?",data engineers working on Google Cloud,"Answer ""Should I use dataflow or dataproc, and in which situations does each one win?"" for data engineers working on Google Cloud, and hand readers who want structured training to /courses/data-engineering.",dataproc; dataflow; which; choose,,471,5,4,3,1,0,4,0,true,0,0,3,0.005,0.995,0.987,0.536,bigquery-vs-snowflake-vs-redshift-a-comparison,0.987,bigquery-vs-snowflake-vs-redshift-a-comparison,0.927,0,0,0,0,false,GloryTecks Team,true,,2026-04-18,2026-04-18,,official-docs,Dataflow documentation <https://cloud.google.com/dataflow/docs>,139,true,comparison diagram,"Side-by-side diagram of where each option in ""Dataproc vs Dataflow"" sits in a typical workflow, with the deciding differences labelled."
240,P3,3,DEEP REWRITE,,Template body: 98% of its phrasing is shared with 10+ articles; 2% is its own.,None. Queue order in BLOG_REWRITE_QUEUE.csv.,unknown,e5d3922b-905a-4a0d-8512-a2bccf8d59eb,/blog/datasets-vs-linked-services-vs-pipelines-in-adf,datasets-vs-linked-services-vs-pipelines-in-adf,Datasets vs Linked Services vs Pipelines in ADF,azure-data-factory,comparison,comparison,datasets linked services pipeline azure data factory,"Should I use datasets or linked services or pipeline, and in which situations does each one win?",data engineers working on Azure,"Answer ""Should I use datasets or linked services or pipeline, and in which situations does each one win?"" for data engineers working on Azure, and hand readers who want structured training to /courses/data-engineering.",datasets; linked; services; pipelines,,493,5,4,3,1,0,4,0,true,0,0,3,0.023,0.977,0.97,0.539,adf-vs-databricks-when-to-use-each,0.97,adf-vs-databricks-when-to-use-each,0.932,0,0,0,0,false,GloryTecks Team,true,,2026-04-18,2026-04-18,,official-docs,Azure Data Factory documentation (Microsoft Learn) <https://learn.microsoft.com/en-us/azure/data-factory/>,164,true,comparison diagram,"Side-by-side diagram of where each option in ""Datasets vs Linked Services vs Pipelines in ADF"" sits in a typical workflow, with the deciding differences labelled."
241,P3,3,DEEP REWRITE,,Template body: 100% of its phrasing is shared with 10+ articles; 0% is its own.,None. Queue order in BLOG_REWRITE_QUEUE.csv.,unknown,0ea1d927-f54c-4c5a-810d-8432c826232c,/blog/dax-calculate-function-explained-step-by-step,dax-calculate-function-explained-step-by-step,DAX CALCULATE Function Explained Step by Step,power-bi,guide,tutorial,dax calculate function,"What is DAX CALCULATE Function, and how does it work?",analysts building Power BI reports,"Answer ""What is DAX CALCULATE Function, and how does it work?"" for analysts building Power BI reports, and hand readers who want structured training to /courses/power-bi.",dax; calculate; function,,699,8,8,5,1,1,4,1,true,0,0,6,0,1,1,0.889,aggregations-in-power-bi-for-large-datasets,1,aggregations-in-power-bi-for-large-datasets,0.955,0,0,0,0,false,GloryTecks Team,true,,2026-05-02,2026-05-02,,official-docs,DAX reference (Microsoft Learn) <https://learn.microsoft.com/en-us/dax/>,159,true,annotated screenshot,"Annotated screenshot of the feature in ""DAX CALCULATE Function Explained Step by Step"" in the product UI, taken from a demo file (no client data)."
242,P3,3,DEEP REWRITE,,Template body: 100% of its phrasing is shared with 10+ articles; 0% is its own.,None. Queue order in BLOG_REWRITE_QUEUE.csv.,unknown,db641a82-4ef3-4c50-9e72-43cdf446170e,/blog/dax-variables-writing-cleaner-faster-measures,dax-variables-writing-cleaner-faster-measures,"DAX Variables: Writing Cleaner, Faster Measures",power-bi,guide,tutorial,dax variables writing cleaner faster measures,"How does DAX Variables work, and how do I apply it in practice?",analysts building Power BI reports,"Answer ""How does DAX Variables work, and how do I apply it in practice?"" for analysts building Power BI reports, and hand readers who want structured training to /courses/power-bi.",dax; variables; writing; cleaner,,688,8,8,5,1,1,4,1,true,0,0,6,0,1,1,0.889,aggregations-in-power-bi-for-large-datasets,1,aggregations-in-power-bi-for-large-datasets,0.961,0,0,0,0,false,GloryTecks Team,true,,2026-01-02,2026-01-02,,official-docs,DAX reference (Microsoft Learn) <https://learn.microsoft.com/en-us/dax/>,161,true,annotated screenshot,"Annotated screenshot of the feature in ""DAX Variables"" in the product UI, taken from a demo file (no client data)."
243,P3,3,DEEP REWRITE,,Template body: 100% of its phrasing is shared with 10+ articles; 0% is its own.,None. Queue order in BLOG_REWRITE_QUEUE.csv.,unknown,1d22fc41-7822-4da0-b930-3fb492f53d3a,/blog/dbt-tutorial-transformations-in-the-modern-data-stack,dbt-tutorial-transformations-in-the-modern-data-stack,dbt Tutorial: Transformations in the Modern Data Stack,data-engineering,guide,tutorial,dbt transformations modern data stack,"How does dbt Tutorial work, and how do I apply it in practice?",aspiring and junior data engineers,"Answer ""How does dbt Tutorial work, and how do I apply it in practice?"" for aspiring and junior data engineers, and hand readers who want structured training to /courses/data-engineering.",dbt; tutorial; transformations; modern,,673,8,8,5,1,1,4,1,true,0,0,6,0,1,1,0.816,airflow-tutorial-orchestrating-data-pipelines,1,airflow-tutorial-orchestrating-data-pipelines,0.967,0,0,0,0,false,GloryTecks Team,true,,2026-03-26,2026-04-07,,official-docs,dbt documentation <https://docs.getdbt.com/>,176,true,concept diagram,"One diagram that explains the central idea of ""dbt Tutorial"" — the parts and how they relate."
244,P3,3,DEEP REWRITE,,Template body: 100% of its phrasing is shared with 10+ articles; 0% is its own.,None. Queue order in BLOG_REWRITE_QUEUE.csv.,unknown,ef2fdaa6-042c-420f-a1f7-1b7d89740818,/blog/deep-learning-interview-questions-and-answers,deep-learning-interview-questions-and-answers,Deep Learning Interview Questions and Answers,interview-questions,interview,interview,deep learning,"What does an interviewer ask about Deep Learning, and what does a strong answer contain?",candidates preparing for data interviews,"Answer ""What does an interviewer ask about Deep Learning, and what does a strong answer contain?"" for candidates preparing for data interviews, and hand readers who want structured training to /courses/data-science.",deep; learning; interview; questions,,517,4,3,2,0,0,9,0,true,0,0,3,0.002,0.998,0.998,0.983,azure-data-factory-adf-interview-questions,0.998,azure-data-factory-adf-interview-questions,0.989,0,0,0,0,false,Ravi Kumar,false,,2026-03-23,2026-03-23,,none-identified,,179,false,none,No image needed; the value is in the questions and answers. Optional: one diagram for the hardest concept explained.
245,P3,3,DEEP REWRITE,,Template body: 100% of its phrasing is shared with 10+ articles; 0% is its own.,None. Queue order in BLOG_REWRITE_QUEUE.csv.,unknown,d14ca241-79af-44c8-b0ec-c36463b23f4e,/blog/delta-lake-explained-reliable-lakes-with-acid,delta-lake-explained-reliable-lakes-with-acid,Delta Lake Explained: Reliable Lakes with ACID,data-engineering,guide,tutorial,delta lake reliable lakes acid,"What is Delta Lake, and how does it work?",aspiring and junior data engineers,"Answer ""What is Delta Lake, and how does it work?"" for aspiring and junior data engineers, and hand readers who want structured training to /courses/data-engineering.",delta; lake; reliable; lakes,,674,8,8,5,1,1,4,1,true,0,0,6,0,1,1,0.816,airflow-tutorial-orchestrating-data-pipelines,1,airflow-tutorial-orchestrating-data-pipelines,0.963,0,0,0,0,false,Sneha Reddy,false,,2026-03-20,2026-04-13,,official-docs,Databricks documentation <https://docs.databricks.com/>,168,true,architecture diagram,"Diagram of the components in ""Delta Lake Explained"" and how data or requests flow between them."
246,P3,3,DEEP REWRITE,,Template body: 100% of its phrasing is shared with 10+ articles; 0% is its own.,None. Queue order in BLOG_REWRITE_QUEUE.csv.,unknown,3caabdbe-d1a6-4626-a93e-cfbf09e7aee7,/blog/deploying-ml-models-on-aws-azure-and-gcp,deploying-ml-models-on-aws-azure-and-gcp,"Deploying ML Models on AWS, Azure and GCP",mlops,guide,tutorial,deploying ml model aws azure gcp,"How does Deploying ML Models on AWS, Azure and GCP work, and how do I apply it in practice?",data scientists and engineers moving models to production,"Answer ""How does Deploying ML Models on AWS, Azure and GCP work, and how do I apply it in practice?"" for data scientists and engineers moving models to production, and hand readers who want structured training to /courses/mlops.",deploying; models; aws; azure,,676,8,8,5,1,1,4,1,true,0,0,6,0,1,1,0.9,a-b-testing-ml-models-in-production,1,a-b-testing-ml-models-in-production,0.953,0,0,0,0,false,Ravi Kumar,false,,2026-02-18,2026-02-18,,official-docs,Google Cloud documentation <https://cloud.google.com/docs>,152,true,architecture diagram,"Diagram of the components in ""Deploying ML Models on AWS, Azure and GCP"" and how data or requests flow between them."
247,P3,3,DEEP REWRITE,,Template body: 100% of its phrasing is shared with 10+ articles; 0% is its own.,None. Queue order in BLOG_REWRITE_QUEUE.csv.,unknown,c6d532f4-75cc-4af3-9e07-b2802f671fad,/blog/dimensionality-reduction-pca-and-t-sne-explained,dimensionality-reduction-pca-and-t-sne-explained,Dimensionality Reduction: PCA and t-SNE Explained,data-science,guide,tutorial,dimensionality reduction pca t-sne,"What is Dimensionality Reduction, and how does it work?",learners and junior data scientists,"Answer ""What is Dimensionality Reduction, and how does it work?"" for learners and junior data scientists, and hand readers who want structured training to /courses/data-science.",dimensionality; reduction; pca; sne,,671,8,8,5,1,1,4,1,true,0,0,6,0,1,1,0.879,a-b-testing-for-data-scientists-a-practical-guide,1,a-b-testing-for-data-scientists-a-practical-guide,0.961,0,0,0,0,false,Ravi Kumar,false,,2025-12-29,2026-01-24,,none-identified,,167,true,concept diagram,"One diagram that explains the central idea of ""Dimensionality Reduction"" — the parts and how they relate."
248,P3,3,DEEP REWRITE,,Template body: 100% of its phrasing is shared with 10+ articles; 0% is its own.,None. Queue order in BLOG_REWRITE_QUEUE.csv.,unknown,3284d642-e46e-44fe-bdd3-62a5b35dd4e3,/blog/disaster-recovery-and-backups-on-gcp,disaster-recovery-and-backups-on-gcp,Disaster Recovery and Backups on GCP,gcp,guide,tutorial,disaster recovery backups gcp,"How does Disaster Recovery and Backups on GCP work, and how do I apply it in practice?",data engineers working on Google Cloud,"Answer ""How does Disaster Recovery and Backups on GCP work, and how do I apply it in practice?"" for data engineers working on Google Cloud, and hand readers who want structured training to /courses/data-engineering.",disaster; recovery; backups,,664,8,8,5,1,1,4,1,true,0,0,6,0,1,1,0.862,biglake-and-external-tables-in-bigquery,1,biglake-and-external-tables-in-bigquery,0.972,0,0,0,0,false,GloryTecks Team,true,,2025-10-08,2025-10-08,,official-docs,Google Cloud documentation <https://cloud.google.com/docs>,145,true,concept diagram,"One diagram that explains the central idea of ""Disaster Recovery and Backups on GCP"" — the parts and how they relate."
249,P3,3,DEEP REWRITE,,Template body: 100% of its phrasing is shared with 10+ articles; 0% is its own.,None. Queue order in BLOG_REWRITE_QUEUE.csv.,unknown,522f166c-4611-42e9-8a7a-c071f08f2993,/blog/distributed-systems-basics-for-data-engineers,distributed-systems-basics-for-data-engineers,Distributed Systems Basics for Data Engineers,data-engineering,guide,tutorial,distributed systems,"What is Distributed Systems, and how does it work?",data engineers,"Answer ""What is Distributed Systems, and how does it work?"" for data engineers, and hand readers who want structured training to /courses/data-engineering.",distributed; systems; basics; data,,679,8,8,5,1,1,4,1,true,0,0,6,0,1,1,0.816,airflow-tutorial-orchestrating-data-pipelines,1,airflow-tutorial-orchestrating-data-pipelines,0.986,0,0,0,0,false,Sneha Reddy,false,,2025-10-27,2025-11-28,,none-identified,,167,true,concept diagram,"One diagram that explains the central idea of ""Distributed Systems Basics for Data Engineers"" — the parts and how they relate."
250,P3,3,DEEP REWRITE,,Template body: 100% of its phrasing is shared with 10+ articles; 0% is its own.,None. Queue order in BLOG_REWRITE_QUEUE.csv.,unknown,38199134-27c0-4ffd-bada-22c8374b4133,/blog/environment-variables-and-secrets-in-python-apps,environment-variables-and-secrets-in-python-apps,Environment Variables and Secrets in Python Apps,python,guide,tutorial,environment variables secrets python apps,"How does Environment Variables and Secrets in Python Apps work, and how do I apply it in practice?",Python learners heading into data work,"Answer ""How does Environment Variables and Secrets in Python Apps work, and how do I apply it in practice?"" for Python learners heading into data work, and hand readers who want structured training to /courses/python-programming.",environment; variables; secrets,,657,8,8,5,1,1,4,1,true,0,0,6,0,1,1,0.869,async-programming-in-python-asyncio-explained,1,async-programming-in-python-asyncio-explained,0.954,0,0,0,0,false,Ravi Kumar,false,,2025-09-11,2025-09-11,,official-docs,Python documentation <https://docs.python.org/3/>,160,true,code output screenshot or diagram,"Worked example for ""Environment Variables and Secrets in Python Apps"": the input, the code's key step, and the resulting output side by side."
251,P3,3,DEEP REWRITE,,Template body: 100% of its phrasing is shared with 10+ articles; 0% is its own.,None. Queue order in BLOG_REWRITE_QUEUE.csv.,unknown,55efc99e-b28b-4b7a-950c-a09d9261ef1d,/blog/error-handling-in-python-try-except-and-best-practices,error-handling-in-python-try-except-and-best-practices,"Error Handling in Python: try, except and Best Practices",python,guide,tutorial,error handling python try except practices,"What are the best practices for Error Handling in Python, and why?",Python learners heading into data work,"Answer ""What are the best practices for Error Handling in Python, and why?"" for Python learners heading into data work, and hand readers who want structured training to /courses/python-programming.",error; handling; try,,653,8,8,5,1,1,4,1,true,0,0,6,0,1,1,0.869,async-programming-in-python-asyncio-explained,1,async-programming-in-python-asyncio-explained,0.954,0,0,0,0,false,GloryTecks Team,true,,2026-03-28,2026-03-28,,official-docs,Python documentation <https://docs.python.org/3/>,168,true,code output screenshot or diagram,"Worked example for ""Error Handling in Python"": the input, the code's key step, and the resulting output side by side."
252,P3,3,DEEP REWRITE,,Template body: 100% of its phrasing is shared with 10+ articles; 0% is its own.,None. Queue order in BLOG_REWRITE_QUEUE.csv.,unknown,336dac4c-9938-4bce-b4ad-042010a2fbdd,/blog/etl-interview-questions-for-data-engineers,etl-interview-questions-for-data-engineers,ETL Interview Questions for Data Engineers,interview-questions,interview,interview,etl,"What does an interviewer ask about ETL for Data Engineers, and what does a strong answer contain?",data engineers,"Answer ""What does an interviewer ask about ETL for Data Engineers, and what does a strong answer contain?"" for data engineers, and hand readers who want structured training to /courses/data-science.",etl; interview; questions; data,,517,4,3,2,0,0,9,0,true,0,0,3,0.002,0.998,0.998,0.983,azure-data-factory-adf-interview-questions,0.998,azure-data-factory-adf-interview-questions,0.991,0,0,0,0,false,Priya Sharma,false,,2025-11-17,2025-11-17,,none-identified,,176,false,none,No image needed; the value is in the questions and answers. Optional: one diagram for the hardest concept explained.
253,P3,3,DEEP REWRITE,,Template body: 100% of its phrasing is shared with 10+ articles; 0% is its own.,None. Queue order in BLOG_REWRITE_QUEUE.csv.,unknown,aba4650e-4e8b-4cb7-9b9d-f912b22b271c,/blog/event-based-triggers-with-azure-event-grid-and-adf,event-based-triggers-with-azure-event-grid-and-adf,Event-Based Triggers with Azure Event Grid and ADF,azure-data-factory,guide,tutorial,event-based triggers azure event grid data factory,"How does Event-Based Triggers with Azure Event Grid and ADF work, and how do I apply it in practice?",data engineers working on Azure,"Answer ""How does Event-Based Triggers with Azure Event Grid and ADF work, and how do I apply it in practice?"" for data engineers working on Azure, and hand readers who want structured training to /courses/data-engineering.",event; based; triggers; azure,,713,8,8,5,1,1,4,1,true,0,0,6,0,1,1,0.864,adf-control-flow-foreach-if-and-until-activities,1,adf-control-flow-foreach-if-and-until-activities,0.958,0,0,0,0,false,Sneha Reddy,false,,2025-10-26,2025-10-26,,official-docs,Azure Data Factory documentation (Microsoft Learn) <https://learn.microsoft.com/en-us/azure/data-factory/>,174,true,architecture diagram,"Diagram of the components in ""Event-Based Triggers with Azure Event Grid and ADF"" and how data or requests flow between them."
254,P3,3,DEEP REWRITE,,Template body: 100% of its phrasing is shared with 10+ articles; 0% is its own.,None. Queue order in BLOG_REWRITE_QUEUE.csv.,unknown,1bb90268-f1da-4792-8f4f-2958d6184bf9,/blog/event-driven-pipelines-with-lambda-and-s3,event-driven-pipelines-with-lambda-and-s3,Event-Driven Pipelines with Lambda and S3,aws,guide,tutorial,event-driven pipeline lambda s3,"How does Event-Driven Pipelines with Lambda and S3 work, and how do I apply it in practice?",data engineers working on AWS,"Answer ""How does Event-Driven Pipelines with Lambda and S3 work, and how do I apply it in practice?"" for data engineers working on AWS, and hand readers who want structured training to /courses/data-engineering.",event; driven; pipelines; lambda,,684,8,8,5,1,1,4,1,true,0,0,6,0,1,1,0.873,amazon-dynamodb-explained-for-beginners,1,amazon-dynamodb-explained-for-beginners,0.954,0,0,0,0,false,GloryTecks Team,true,,2025-12-06,2026-01-06,,official-docs,Amazon S3 User Guide <https://docs.aws.amazon.com/AmazonS3/latest/userguide/>,150,true,architecture diagram,"Diagram of the components in ""Event-Driven Pipelines with Lambda and S3"" and how data or requests flow between them."
255,P3,3,DEEP REWRITE,,Template body: 100% of its phrasing is shared with 10+ articles; 0% is its own.,None. Queue order in BLOG_REWRITE_QUEUE.csv.,unknown,6bb829cb-8e0d-49ad-93a5-d05b9ad576ec,/blog/excel-for-data-analysis-formulas-that-matter,excel-for-data-analysis-formulas-that-matter,Excel for Data Analysis: Formulas That Matter,data-analytics,guide,tutorial,excel data analytics formulas matter,"How does Excel for Data Analysis work, and how do I apply it in practice?",data analysis,"Answer ""How does Excel for Data Analysis work, and how do I apply it in practice?"" for data analysis, and hand readers who want structured training to /courses/data-analytics.",excel; data; analysis; formulas,,670,8,8,5,1,1,4,1,true,0,0,6,0,1,1,0.88,building-kpi-scorecards-for-executives,1,building-kpi-scorecards-for-executives,0.963,0,0,0,0,false,Arjun Nair,false,,2026-04-26,2026-05-25,,official-docs,Microsoft Excel help <https://support.microsoft.com/en-us/excel>,165,true,annotated screenshot,"Annotated screenshot of the feature in ""Excel for Data Analysis"" in the product UI, taken from a demo file (no client data)."
256,P3,3,DEEP REWRITE,,Template body: 99% of its phrasing is shared with 10+ articles; 1% is its own.,None. Queue order in BLOG_REWRITE_QUEUE.csv.,unknown,dc80be95-e9d3-4d23-80fd-db1a8afa209c,/blog/experiment-tracking-mlflow-vs-weights-and-biases,experiment-tracking-mlflow-vs-weights-and-biases,Experiment Tracking: MLflow vs Weights & Biases,mlops,comparison,comparison,experiment tracking mlflow weights biases,"Should I use mlflow or weights biases, and in which situations does each one win?",data scientists and engineers moving models to production,"Answer ""Should I use mlflow or weights biases, and in which situations does each one win?"" for data scientists and engineers moving models to production, and hand readers who want structured training to /courses/mlops.",experiment; tracking; mlflow; weights,,474,5,4,3,1,0,4,0,true,0,0,3,0.005,0.995,0.987,0.527,mlops-vs-devops-vs-dataops-key-differences,0.987,mlops-vs-devops-vs-dataops-key-differences,0.927,0,0,0,0,false,Sneha Reddy,false,,2026-04-01,2026-04-01,,official-docs,MLflow documentation <https://mlflow.org/docs/latest/>,151,true,comparison diagram,"Side-by-side diagram of where each option in ""Experiment Tracking"" sits in a typical workflow, with the deciding differences labelled."
257,P3,3,DEEP REWRITE,,Template body: 100% of its phrasing is shared with 10+ articles; 0% is its own.,None. Queue order in BLOG_REWRITE_QUEUE.csv.,unknown,79a54bb1-a722-4563-886d-be683ce70183,/blog/feature-engineering-interview-questions,feature-engineering-interview-questions,Feature Engineering Interview Questions,interview-questions,interview,interview,feature engineering,"What does an interviewer ask about Feature Engineering, and what does a strong answer contain?",candidates preparing for data interviews,"Answer ""What does an interviewer ask about Feature Engineering, and what does a strong answer contain?"" for candidates preparing for data interviews, and hand readers who want structured training to /courses/data-science.",feature; engineering; interview; questions,,513,4,3,2,0,0,9,0,true,0,0,3,0,1,1,0.985,azure-data-factory-adf-interview-questions,1,azure-data-factory-adf-interview-questions,0.982,0,0,0,0,false,Priya Sharma,false,,2025-10-24,2025-10-24,,none-identified,,173,false,none,No image needed; the value is in the questions and answers. Optional: one diagram for the hardest concept explained.
258,P3,3,DEEP REWRITE,,Template body: 99% of its phrasing is shared with 10+ articles; 1% is its own.,None. Queue order in BLOG_REWRITE_QUEUE.csv.,unknown,ea25d844-b2ca-44f5-a7a0-e5228eb9373a,/blog/fine-tuning-vs-rag-which-should-you-choose,fine-tuning-vs-rag-which-should-you-choose,Fine-Tuning vs RAG: Which Should You Choose?,generative-ai,comparison,comparison,fine-tuning rag choose,"Should I use fine-tuning or rag, and in which situations does each one win?",developers building with LLMs,"Answer ""Should I use fine-tuning or rag, and in which situations does each one win?"" for developers building with LLMs, and hand readers who want structured training to /courses/gen-ai.",fine; tuning; rag; which,,484,5,4,3,1,0,4,0,true,0,0,3,0.005,0.995,0.99,0.528,llamaindex-vs-langchain-which-framework-to-pick,0.99,llamaindex-vs-langchain-which-framework-to-pick,0.926,0,0,0,0,false,GloryTecks Team,true,,2026-04-09,2026-04-09,,none-identified,,156,true,comparison diagram,"Side-by-side diagram of where each option in ""Fine-Tuning vs RAG"" sits in a typical workflow, with the deciding differences labelled."
259,P3,3,DEEP REWRITE,,Template body: 99% of its phrasing is shared with 10+ articles; 1% is its own.,None. Queue order in BLOG_REWRITE_QUEUE.csv.,unknown,aa5c6497-b5a2-486a-99a1-ca203b5a94bc,/blog/flask-vs-fastapi-vs-django-which-to-choose-in-2026,flask-vs-fastapi-vs-django-which-to-choose-in-2026,Flask vs FastAPI vs Django: Which to Choose in 2026,python,comparison,comparison,flask fastapi django choose,"Should I use django or fastapi or flask, and in which situations does each one win?",Python learners heading into data work,"Answer ""Should I use django or fastapi or flask, and in which situations does each one win?"" for Python learners heading into data work, and hand readers who want structured training to /courses/python-programming.",flask; fastapi; django; which,,475,5,4,3,1,0,4,0,true,0,0,3,0.008,0.992,0.987,0.525,python-decorators-vs-context-managers-when-to-use-each,0.987,python-decorators-vs-context-managers-when-to-use-each,0.922,0,0,0,0,false,GloryTecks Team,true,,2026-01-03,2026-01-03,,official-docs,Python documentation <https://docs.python.org/3/>,156,true,comparison diagram,"Side-by-side diagram of where each option in ""Flask vs FastAPI vs Django"" sits in a typical workflow, with the deciding differences labelled."
260,P3,3,DEEP REWRITE,,Template body: 100% of its phrasing is shared with 10+ articles; 0% is its own.,None. Queue order in BLOG_REWRITE_QUEUE.csv.,unknown,e82540e3-48e8-48ce-bf1e-8073bf7286dd,/blog/forecasting-in-excel-simple-methods-that-work,forecasting-in-excel-simple-methods-that-work,Forecasting in Excel: Simple Methods That Work,data-analytics,guide,tutorial,forecasting excel simple methods work,"How does Forecasting in Excel work, and how do I apply it in practice?",aspiring and junior data analysts,"Answer ""How does Forecasting in Excel work, and how do I apply it in practice?"" for aspiring and junior data analysts, and hand readers who want structured training to /courses/data-analytics.",forecasting; excel; simple; methods,,668,8,8,5,1,1,4,1,true,0,0,6,0,1,1,0.88,building-kpi-scorecards-for-executives,1,building-kpi-scorecards-for-executives,0.961,0,0,0,0,false,GloryTecks Team,true,,2025-10-22,2025-12-02,,official-docs,Microsoft Excel help <https://support.microsoft.com/en-us/excel>,166,true,annotated screenshot,"Annotated screenshot of the feature in ""Forecasting in Excel"" in the product UI, taken from a demo file (no client data)."
261,P3,3,DEEP REWRITE,,Template body: 100% of its phrasing is shared with 10+ articles; 0% is its own.,None. Queue order in BLOG_REWRITE_QUEUE.csv.,unknown,fc463cee-1723-4b25-b0c9-fd01b482d4d3,/blog/from-college-to-corporate-a-fresher-s-survival-guide,from-college-to-corporate-a-fresher-s-survival-guide,From College to Corporate: A Fresher's Survival Guide,career-guidance,guide,tutorial,college corporate survival,"How does From College to Corporate work, and how do I apply it in practice?",freshers and career switchers into data roles,"Answer ""How does From College to Corporate work, and how do I apply it in practice?"" for freshers and career switchers into data roles, and hand readers who want structured training to /courses/data-science.",college; corporate; fresher; survival,,640,8,7,5,1,0,4,0,true,0,0,6,0,1,1,0.925,asking-for-a-raise-timing-script-and-evidence,1,asking-for-a-raise-timing-script-and-evidence,0.944,0,0,0,0,false,Priya Sharma,false,,2025-10-13,2025-10-13,,none-identified,,174,true,concept diagram,"One diagram that explains the central idea of ""From College to Corporate"" — the parts and how they relate."
262,P3,3,DEEP REWRITE,,Template body: 100% of its phrasing is shared with 10+ articles; 0% is its own.,None. Queue order in BLOG_REWRITE_QUEUE.csv.,unknown,a763d95b-f2d9-44b9-a6a7-82f8d2a64721,/blog/from-excel-to-sql-a-smooth-transition-guide,from-excel-to-sql-a-smooth-transition-guide,From Excel to SQL: A Smooth Transition Guide,data-analytics,guide,tutorial,excel sql smooth transition,"How does From Excel to SQL work, and how do I apply it in practice?",aspiring and junior data analysts,"Answer ""How does From Excel to SQL work, and how do I apply it in practice?"" for aspiring and junior data analysts, and hand readers who want structured training to /courses/data-analytics.",excel; sql; smooth; transition,,671,8,8,5,1,1,4,1,true,0,0,6,0,1,1,0.88,building-kpi-scorecards-for-executives,1,building-kpi-scorecards-for-executives,0.95,0,0,0,0,false,GloryTecks Team,true,,2026-03-27,2026-05-15,,official-docs,Microsoft Excel help <https://support.microsoft.com/en-us/excel>,164,true,annotated screenshot,"Annotated screenshot of the feature in ""From Excel to SQL"" in the product UI, taken from a demo file (no client data)."
263,P3,3,DEEP REWRITE,,Template body: 100% of its phrasing is shared with 10+ articles; 0% is its own.,None. Queue order in BLOG_REWRITE_QUEUE.csv.,unknown,07bda889-f7fe-4b0c-8c3c-d2ea24c44d6c,/blog/from-python-beginner-to-job-ready-a-6-month-plan,from-python-beginner-to-job-ready-a-6-month-plan,From Python Beginner to Job-Ready: A 6-Month Plan,python,guide,tutorial,python 6-month plan,"How does From Python Beginner to Job-Ready work, and how do I apply it in practice?",Python learners heading into data work,"Answer ""How does From Python Beginner to Job-Ready work, and how do I apply it in practice?"" for Python learners heading into data work, and hand readers who want structured training to /courses/python-programming.",beginner; job; ready,,654,8,8,5,1,1,4,1,true,0,0,6,0,1,1,0.869,async-programming-in-python-asyncio-explained,1,async-programming-in-python-asyncio-explained,0.947,0,0,0,0,false,GloryTecks Team,true,,2025-08-24,2025-08-24,,official-docs,Python documentation <https://docs.python.org/3/>,161,true,code output screenshot or diagram,"Worked example for ""From Python Beginner to Job-Ready"": the input, the code's key step, and the resulting output side by side."
264,P3,3,DEEP REWRITE,,Template body: 100% of its phrasing is shared with 10+ articles; 0% is its own.,None. Queue order in BLOG_REWRITE_QUEUE.csv.,unknown,4fa3d6e5-8914-4ff9-822f-86f44c007e4e,/blog/gcp-iam-explained-roles-policies-and-security,gcp-iam-explained-roles-policies-and-security,"GCP IAM Explained: Roles, Policies and Security",gcp,guide,tutorial,gcp iam policies security,"What is GCP IAM, and how does it work?",data engineers working on Google Cloud,"Answer ""What is GCP IAM, and how does it work?"" for data engineers working on Google Cloud, and hand readers who want structured training to /courses/data-engineering.",iam; roles; policies,,659,8,8,5,1,1,4,1,true,0,0,6,0,1,1,0.862,biglake-and-external-tables-in-bigquery,1,biglake-and-external-tables-in-bigquery,0.961,0,0,0,0,false,GloryTecks Team,true,,2026-04-06,2026-04-06,,official-docs,Google Cloud documentation <https://cloud.google.com/docs>,156,true,concept diagram,"One diagram that explains the central idea of ""GCP IAM Explained"" — the parts and how they relate."
265,P3,3,DEEP REWRITE,,Template body: 100% of its phrasing is shared with 10+ articles; 0% is its own.,None. Queue order in BLOG_REWRITE_QUEUE.csv.,unknown,ce7e7cc6-95d8-4497-b5b6-a43e6d5ee608,/blog/gcp-logging-and-monitoring-with-cloud-operations,gcp-logging-and-monitoring-with-cloud-operations,GCP Logging and Monitoring with Cloud Operations,gcp,guide,tutorial,gcp logging monitoring cloud operations,"How does GCP Logging and Monitoring with Cloud Operations work, and how do I apply it in practice?",data engineers working on Google Cloud,"Answer ""How does GCP Logging and Monitoring with Cloud Operations work, and how do I apply it in practice?"" for data engineers working on Google Cloud, and hand readers who want structured training to /courses/data-engineering.",logging; monitoring; cloud,,667,8,8,5,1,1,4,1,true,0,0,6,0,1,1,0.862,biglake-and-external-tables-in-bigquery,1,biglake-and-external-tables-in-bigquery,0.953,0,0,0,0,false,Sneha Reddy,false,,2025-12-01,2025-12-01,,official-docs,Google Cloud documentation <https://cloud.google.com/docs>,157,true,concept diagram,"One diagram that explains the central idea of ""GCP Logging and Monitoring with Cloud Operations"" — the parts and how they relate."
266,P3,3,DEEP REWRITE,,Template body: 100% of its phrasing is shared with 10+ articles; 0% is its own.,None. Queue order in BLOG_REWRITE_QUEUE.csv.,unknown,ded66709-c53d-44d6-ad67-c02809fec6df,/blog/gcp-networking-basics-for-data-engineers,gcp-networking-basics-for-data-engineers,GCP Networking Basics for Data Engineers,gcp,guide,tutorial,gcp networking,"What is GCP Networking, and how does it work?",data engineers,"Answer ""What is GCP Networking, and how does it work?"" for data engineers, and hand readers who want structured training to /courses/data-engineering.",networking; basics; data,,664,8,8,5,1,1,4,1,true,0,0,6,0,1,1,0.862,biglake-and-external-tables-in-bigquery,1,biglake-and-external-tables-in-bigquery,0.955,0,0,0,0,false,GloryTecks Team,true,,2026-03-01,2026-03-01,,official-docs,Google Cloud documentation <https://cloud.google.com/docs>,149,true,concept diagram,"One diagram that explains the central idea of ""GCP Networking Basics for Data Engineers"" — the parts and how they relate."
267,P3,3,DEEP REWRITE,,Template body: 98% of its phrasing is shared with 10+ articles; 2% is its own.,None. Queue order in BLOG_REWRITE_QUEUE.csv.,unknown,c0518696-92c7-4659-af66-522bb15ca6ba,/blog/gcp-vs-aws-vs-azure-for-data-engineering,gcp-vs-aws-vs-azure-for-data-engineering,GCP vs AWS vs Azure for Data Engineering,gcp,comparison,comparison,gcp aws azure,"Should I use aws or azure or gcp, and in which situations does each one win?",data engineering,"Answer ""Should I use aws or azure or gcp, and in which situations does each one win?"" for data engineering, and hand readers who want structured training to /courses/data-engineering.",aws; azure; data,,478,5,4,3,1,0,4,0,true,0,0,3,0.015,0.982,0.974,0.531,dataproc-vs-dataflow-which-to-choose,0.974,dataproc-vs-dataflow-which-to-choose,0.927,0,0,0,0,false,GloryTecks Team,true,,2025-12-19,2025-12-19,,official-docs,Google Cloud documentation <https://cloud.google.com/docs>,142,true,comparison diagram,"Side-by-side diagram of where each option in ""GCP vs AWS vs Azure for Data Engineering"" sits in a typical workflow, with the deciding differences labelled."
268,P3,3,DEEP REWRITE,,Template body: 100% of its phrasing is shared with 10+ articles; 0% is its own.,None. Queue order in BLOG_REWRITE_QUEUE.csv.,unknown,cf8d6c2e-47b8-451f-97dd-3879366b47f0,/blog/generative-ai-and-llm-interview-questions,generative-ai-and-llm-interview-questions,Generative AI and LLM Interview Questions,interview-questions,interview,interview,generative ai llm,"What does an interviewer ask about Generative AI and LLM, and what does a strong answer contain?",candidates preparing for data interviews,"Answer ""What does an interviewer ask about Generative AI and LLM, and what does a strong answer contain?"" for candidates preparing for data interviews, and hand readers who want structured training to /courses/data-science.",generative; llm; interview; questions,,517,4,3,2,0,0,9,0,true,0,0,3,0,1,1,0.985,azure-data-factory-adf-interview-questions,1,azure-data-factory-adf-interview-questions,0.977,0,0,0,0,false,Ravi Kumar,false,,2026-02-03,2026-02-03,,none-identified,,175,false,none,No image needed; the value is in the questions and answers. Optional: one diagram for the hardest concept explained.
269,P3,3,DEEP REWRITE,,Template body: 95% of its phrasing is shared with 10+ articles; 3% is its own.,None. Queue order in BLOG_REWRITE_QUEUE.csv.,unknown,b305e6c3-4c73-4a89-9fb2-1ce2fd43515c,/blog/generative-ai-interview-questions-and-how-to-answer-them,generative-ai-interview-questions-and-how-to-answer-them,Generative AI Interview Questions and How to Answer Them,generative-ai,interview,interview,generative ai them,"What does an interviewer ask about Generative AI and How to Answer Them, and what does a strong answer contain?",developers building with LLMs,"Answer ""What does an interviewer ask about Generative AI and How to Answer Them, and what does a strong answer contain?"" for developers building with LLMs, and hand readers who want structured training to /courses/gen-ai.",generative; interview; questions; answer,,546,4,4,2,0,1,9,1,true,0,0,3,0.029,0.946,0.454,0.387,what-is-generative-ai-a-complete-beginner-s-guide,0.736,mlops-interview-questions-and-answers-2,0.649,0,0,0,0,false,GloryTecks Team,true,,2025-08-24,2025-08-24,,none-identified,,184,false,none,No image needed; the value is in the questions and answers. Optional: one diagram for the hardest concept explained.
270,P3,3,DEEP REWRITE,,Template body: 100% of its phrasing is shared with 10+ articles; 0% is its own.,None. Queue order in BLOG_REWRITE_QUEUE.csv.,unknown,9954646b-55b3-452d-8dce-d580e82c9e21,/blog/github-actions-for-ml-automating-workflows,github-actions-for-ml-automating-workflows,GitHub Actions for ML: Automating Workflows,mlops,guide,tutorial,github actions ml automating workflows,"How does GitHub Actions for ML work, and how do I apply it in practice?",data scientists and engineers moving models to production,"Answer ""How does GitHub Actions for ML work, and how do I apply it in practice?"" for data scientists and engineers moving models to production, and hand readers who want structured training to /courses/mlops.",github; actions; automating; workflows,,666,8,8,5,1,1,4,1,true,0,0,6,0,1,1,0.9,a-b-testing-ml-models-in-production,1,a-b-testing-ml-models-in-production,0.963,0,0,0,0,false,Ravi Kumar,false,,2026-01-25,2026-01-25,,official-docs,Git documentation <https://git-scm.com/doc>,154,true,concept diagram,"One diagram that explains the central idea of ""GitHub Actions for ML"" — the parts and how they relate."
271,P3,3,DEEP REWRITE,,Template body: 100% of its phrasing is shared with 10+ articles; 0% is its own.,None. Queue order in BLOG_REWRITE_QUEUE.csv.,unknown,10bd47cf-0379-45cf-a528-f3d759538b77,/blog/github-profile-tips-to-impress-hiring-managers,github-profile-tips-to-impress-hiring-managers,GitHub Profile Tips to Impress Hiring Managers,career-guidance,guide,tutorial,github profile impress hiring managers,"How does GitHub Profile Tips to Impress Hiring Managers work, and how do I apply it in practice?",freshers and career switchers into data roles,"Answer ""How does GitHub Profile Tips to Impress Hiring Managers work, and how do I apply it in practice?"" for freshers and career switchers into data roles, and hand readers who want structured training to /courses/data-science.",github; profile; tips; impress,,645,8,7,5,1,0,4,0,true,0,0,6,0,1,1,0.925,asking-for-a-raise-timing-script-and-evidence,1,asking-for-a-raise-timing-script-and-evidence,0.95,0,0,0,0,false,GloryTecks Team,true,,2026-03-12,2026-03-12,,official-docs,Git documentation <https://git-scm.com/doc>,167,true,concept diagram,"One diagram that explains the central idea of ""GitHub Profile Tips to Impress Hiring Managers"" — the parts and how they relate."
272,P3,3,DEEP REWRITE,,Template body: 98% of its phrasing is shared with 10+ articles; 2% is its own.,None. Queue order in BLOG_REWRITE_QUEUE.csv.,unknown,82fbbce1-9d3f-4ad8-84bf-09eccc2b4440,/blog/glue-workflows-vs-step-functions-for-orchestration,glue-workflows-vs-step-functions-for-orchestration,Glue Workflows vs Step Functions for Orchestration,aws,comparison,comparison,glue workflows functions orchestration,"Should I use functions or glue workflows, and in which situations does each one win?",data engineers working on AWS,"Answer ""Should I use functions or glue workflows, and in which situations does each one win?"" for data engineers working on AWS, and hand readers who want structured training to /courses/data-engineering.",glue; workflows; functions; orchestration,,484,5,4,3,1,0,4,0,true,0,0,3,0.015,0.985,0.977,0.525,athena-vs-redshift-when-to-use-each,0.977,athena-vs-redshift-when-to-use-each,0.93,0,0,0,0,false,Sneha Reddy,false,,2025-10-01,2025-11-13,,official-docs,AWS Glue Developer Guide <https://docs.aws.amazon.com/glue/latest/dg/>,152,true,comparison diagram,"Side-by-side diagram of where each option in ""Glue Workflows vs Step Functions for Orchestration"" sits in a typical workflow, with the deciding differences labelled."
273,P3,3,DEEP REWRITE,,Template body: 99% of its phrasing is shared with 10+ articles; 1% is its own.,None. Queue order in BLOG_REWRITE_QUEUE.csv.,unknown,a1bae9d9-b0db-4a43-b126-cc6d75252b82,/blog/gpu-vs-cpu-for-ml-when-you-actually-need-a-gpu,gpu-vs-cpu-for-ml-when-you-actually-need-a-gpu,GPU vs CPU for ML: When You Actually Need a GPU,mlops,comparison,comparison,gpu cpu ml actually,"Should I use cpu or gpu, and in which situations does each one win?",data scientists and engineers moving models to production,"Answer ""Should I use cpu or gpu, and in which situations does each one win?"" for data scientists and engineers moving models to production, and hand readers who want structured training to /courses/mlops.",gpu; cpu; when; actually,,482,5,4,3,1,0,4,0,true,0,0,3,0.01,0.99,0.982,0.526,experiment-tracking-mlflow-vs-weights-and-biases,0.982,experiment-tracking-mlflow-vs-weights-and-biases,0.92,0,0,0,0,false,Sneha Reddy,false,,2025-11-20,2025-11-20,,none-identified,,151,true,comparison diagram,"Side-by-side diagram of where each option in ""GPU vs CPU for ML"" sits in a typical workflow, with the deciding differences labelled."
274,P3,3,DEEP REWRITE,,Template body: 100% of its phrasing is shared with 10+ articles; 0% is its own.,None. Queue order in BLOG_REWRITE_QUEUE.csv.,unknown,b06e96a2-0c26-4a22-92f5-6961ba72d034,/blog/hadoop-interview-questions-and-answers,hadoop-interview-questions-and-answers,Hadoop Interview Questions and Answers,interview-questions,interview,interview,hadoop,"What does an interviewer ask about Hadoop, and what does a strong answer contain?",candidates preparing for data interviews,"Answer ""What does an interviewer ask about Hadoop, and what does a strong answer contain?"" for candidates preparing for data interviews, and hand readers who want structured training to /courses/data-science.",hadoop; interview; questions; answers,,515,4,3,2,0,0,9,0,true,0,0,3,0.002,0.998,0.998,0.983,azure-data-factory-adf-interview-questions,0.998,azure-data-factory-adf-interview-questions,0.991,0,0,0,0,false,Ravi Kumar,false,,2025-11-11,2025-11-11,,none-identified,,172,false,none,No image needed; the value is in the questions and answers. Optional: one diagram for the hardest concept explained.
275,P3,3,DEEP REWRITE,,Template body: 100% of its phrasing is shared with 10+ articles; 0% is its own.,None. Queue order in BLOG_REWRITE_QUEUE.csv.,unknown,61452b61-1932-4054-9de6-00213aa47dd0,/blog/handling-errors-and-retries-in-adf-pipelines,handling-errors-and-retries-in-adf-pipelines,Handling Errors and Retries in ADF Pipelines,azure-data-factory,guide,tutorial,handling errors retries azure data factory pipeline,"How does Handling Errors and Retries in ADF Pipelines work, and how do I apply it in practice?",data engineers working on Azure,"Answer ""How does Handling Errors and Retries in ADF Pipelines work, and how do I apply it in practice?"" for data engineers working on Azure, and hand readers who want structured training to /courses/data-engineering.",handling; errors; retries; adf,,710,8,8,5,1,1,4,1,true,0,0,6,0,1,1,0.864,adf-control-flow-foreach-if-and-until-activities,1,adf-control-flow-foreach-if-and-until-activities,0.97,0,0,0,0,false,GloryTecks Team,true,,2026-02-05,2026-02-05,,official-docs,Azure Data Factory documentation (Microsoft Learn) <https://learn.microsoft.com/en-us/azure/data-factory/>,168,true,architecture diagram,"Diagram of the components in ""Handling Errors and Retries in ADF Pipelines"" and how data or requests flow between them."
276,P3,3,DEEP REWRITE,,Template body: 100% of its phrasing is shared with 10+ articles; 0% is its own.,None. Queue order in BLOG_REWRITE_QUEUE.csv.,unknown,fe96ca4c-293e-4203-8159-47f6fcc7fb34,/blog/handling-many-to-many-relationships-in-power-bi,handling-many-to-many-relationships-in-power-bi,Handling Many-to-Many Relationships in Power BI,power-bi,guide,tutorial,handling many-to-many relationships power bi,"How does Handling Many-to-Many Relationships in Power BI work, and how do I apply it in practice?",analysts building Power BI reports,"Answer ""How does Handling Many-to-Many Relationships in Power BI work, and how do I apply it in practice?"" for analysts building Power BI reports, and hand readers who want structured training to /courses/power-bi.",handling; many; relationships; power,,696,8,8,5,1,1,4,1,true,0,0,6,0,1,1,0.889,aggregations-in-power-bi-for-large-datasets,1,aggregations-in-power-bi-for-large-datasets,0.979,0,0,0,0,false,GloryTecks Team,true,,2025-11-15,2025-11-15,,official-docs,Power BI documentation (Microsoft Learn) <https://learn.microsoft.com/en-us/power-bi/>,161,true,annotated screenshot,"Annotated screenshot of the feature in ""Handling Many-to-Many Relationships in Power BI"" in the product UI, taken from a demo file (no client data)."
277,P3,3,DEEP REWRITE,,Template body: 100% of its phrasing is shared with 10+ articles; 0% is its own.,None. Queue order in BLOG_REWRITE_QUEUE.csv.,unknown,f7d2d955-4ae6-465b-b5e4-74f97a2e0475,/blog/how-to-become-an-azure-data-engineer-in-2026,how-to-become-an-azure-data-engineer-in-2026,How to Become an Azure Data Engineer in 2026,azure-data-factory,guide,career,azure data engineering,How do I Become an Azure Data Engineer in?,data engineers working on Azure,"Answer ""How do I Become an Azure Data Engineer in?"" for data engineers working on Azure, and hand readers who want structured training to /courses/data-engineering.",become; azure; data; engineer,,716,8,8,5,1,1,4,1,true,0,0,6,0,1,1,0.864,adf-control-flow-foreach-if-and-until-activities,0.654,azure-data-factory-roadmap-2026-a-complete-guide,0.949,0,0,0,0,false,Sneha Reddy,false,,2025-08-27,2025-08-27,,official-docs,Azure Data Factory documentation (Microsoft Learn) <https://learn.microsoft.com/en-us/azure/data-factory/>,168,true,roadmap diagram,"Stage-by-stage diagram of the How to Become an Azure Data Engineer in 2026 learning path: each stage, the skills in it, and the proof (project) that closes it."
278,P3,3,DEEP REWRITE,,Template body: 100% of its phrasing is shared with 10+ articles; 0% is its own.,None. Queue order in BLOG_REWRITE_QUEUE.csv.,unknown,9bd7b9be-7935-4a63-8c48-c02ccdcb4f74,/blog/how-to-learn-power-bi-in-30-days-a-study-plan,how-to-learn-power-bi-in-30-days-a-study-plan,How to Learn Power BI in 30 Days: A Study Plan,power-bi,guide,tutorial,power bi days study plan,How do I Learn Power BI in 30 Days?,analysts building Power BI reports,"Answer ""How do I Learn Power BI in 30 Days?"" for analysts building Power BI reports, and hand readers who want structured training to /courses/power-bi.",learn; power; days; study,,705,8,8,5,1,1,4,1,true,0,0,6,0,1,1,0.889,aggregations-in-power-bi-for-large-datasets,1,aggregations-in-power-bi-for-large-datasets,0.947,0,0,0,0,false,GloryTecks Team,true,,2025-09-28,2025-09-28,,official-docs,Power BI documentation (Microsoft Learn) <https://learn.microsoft.com/en-us/power-bi/>,160,true,annotated screenshot,"Annotated screenshot of the feature in ""How to Learn Power BI in 30 Days"" in the product UI, taken from a demo file (no client data)."
279,P3,3,DEEP REWRITE,,Template body: 100% of its phrasing is shared with 10+ articles; 0% is its own.,None. Queue order in BLOG_REWRITE_QUEUE.csv.,unknown,5ce052bf-f4eb-4d92-81d9-8678b23fb228,/blog/how-to-start-a-career-in-google-cloud-in-2026,how-to-start-a-career-in-google-cloud-in-2026,How to Start a Career in Google Cloud in 2026,gcp,guide,career,start google cloud,"What should I learn, and in what order, to become job-ready in How to Start a Career in Google Cloud?",data engineers working on Google Cloud,"Answer ""What should I learn, and in what order, to become job-ready in How to Start a Career in Google Cloud?"" for data engineers working on Google Cloud, and hand readers who want structured training to /courses/data-engineering.",start; career; google; cloud,,676,8,8,5,1,1,4,1,true,0,0,6,0,1,1,0.862,biglake-and-external-tables-in-bigquery,0.659,gcp-roadmap-2026-for-data-engineers,0.948,0,0,0,0,false,Sneha Reddy,false,,2025-08-27,2025-08-27,,official-docs,Google Cloud documentation <https://cloud.google.com/docs>,154,true,roadmap diagram,"Stage-by-stage diagram of the How to Start a Career in Google Cloud in 2026 learning path: each stage, the skills in it, and the proof (project) that closes it."
280,P3,3,DEEP REWRITE,,Template body: 100% of its phrasing is shared with 10+ articles; 0% is its own.,None. Queue order in BLOG_REWRITE_QUEUE.csv.,unknown,5d2d9f9f-7c75-4499-9506-8dbf58f04f09,/blog/how-to-start-an-aws-cloud-career-in-2026,how-to-start-an-aws-cloud-career-in-2026,How to Start an AWS Cloud Career in 2026,aws,guide,career,start aws cloud,"What should I learn, and in what order, to become job-ready in How to Start an AWS Cloud Career?",data engineers working on AWS,"Answer ""What should I learn, and in what order, to become job-ready in How to Start an AWS Cloud Career?"" for data engineers working on AWS, and hand readers who want structured training to /courses/data-engineering.",start; cloud; career,,693,8,8,5,1,1,4,1,true,0,0,6,0,1,1,0.873,amazon-dynamodb-explained-for-beginners,0.661,aws-roadmap-2026-for-data-engineers,0.951,0,0,0,0,false,Sneha Reddy,false,,2025-08-26,2025-09-30,,official-docs,AWS documentation <https://docs.aws.amazon.com/>,149,true,roadmap diagram,"Stage-by-stage diagram of the How to Start an AWS Cloud Career in 2026 learning path: each stage, the skills in it, and the proof (project) that closes it."
281,P3,3,DEEP REWRITE,,Template body: 100% of its phrasing is shared with 10+ articles; 0% is its own.,None. Queue order in BLOG_REWRITE_QUEUE.csv.,unknown,d511d0c2-d5b3-468d-8e53-de794bb760d5,/blog/how-to-use-kaggle-to-boost-your-job-profile,how-to-use-kaggle-to-boost-your-job-profile,How to Use Kaggle to Boost Your Job Profile,career-guidance,guide,tutorial,kaggle boost profile,How do I Use Kaggle to Boost Your Job Profile?,freshers and career switchers into data roles,"Answer ""How do I Use Kaggle to Boost Your Job Profile?"" for freshers and career switchers into data roles, and hand readers who want structured training to /courses/data-science.",use; kaggle; boost; job,,651,8,7,5,1,0,4,0,true,0,0,6,0,1,1,0.925,asking-for-a-raise-timing-script-and-evidence,1,asking-for-a-raise-timing-script-and-evidence,0.95,0,0,0,0,false,GloryTecks Team,true,,2025-11-24,2025-11-24,,none-identified,,164,true,concept diagram,"One diagram that explains the central idea of ""How to Use Kaggle to Boost Your Job Profile"" — the parts and how they relate."
282,P3,3,DEEP REWRITE,,Template body: 100% of its phrasing is shared with 10+ articles; 0% is its own.,None. Queue order in BLOG_REWRITE_QUEUE.csv.,unknown,85814e09-f73e-45b6-8687-c31556b4716f,/blog/how-transformers-changed-ai-attention-explained,how-transformers-changed-ai-attention-explained,How Transformers Changed AI: Attention Explained,generative-ai,guide,tutorial,transformers changed ai attention,"What is How Transformers Changed AI, and how does it work?",developers building with LLMs,"Answer ""What is How Transformers Changed AI, and how does it work?"" for developers building with LLMs, and hand readers who want structured training to /courses/gen-ai.",transformers; changed; attention,,690,8,8,5,1,1,4,1,true,0,0,6,0,1,1,0.897,ai-agents-guide-how-autonomous-agents-actually-work,1,ai-agents-guide-how-autonomous-agents-actually-work,0.958,0,0,0,0,false,GloryTecks Team,true,,2025-09-05,2025-09-05,,official-docs,Hugging Face documentation <https://huggingface.co/docs>,167,true,concept diagram,"One diagram that explains the central idea of ""How Transformers Changed AI"" — the parts and how they relate."
283,P3,3,DEEP REWRITE,,Template body: 100% of its phrasing is shared with 10+ articles; 0% is its own.,None. Queue order in BLOG_REWRITE_QUEUE.csv.,unknown,c46cf92e-84d8-4a2a-a1e8-1f7390d268b1,/blog/hugging-face-transformers-a-practical-getting-started-guide,hugging-face-transformers-a-practical-getting-started-guide,Hugging Face Transformers: A Practical Getting-Started Guide,generative-ai,guide,tutorial,hugging face transformers getting-started,"How does Hugging Face Transformers work, and how do I apply it in practice?",developers building with LLMs,"Answer ""How does Hugging Face Transformers work, and how do I apply it in practice?"" for developers building with LLMs, and hand readers who want structured training to /courses/gen-ai.",hugging; face; transformers; practical,,689,8,8,5,1,1,4,1,true,0,0,6,0,1,1,0.897,ai-agents-guide-how-autonomous-agents-actually-work,1,ai-agents-guide-how-autonomous-agents-actually-work,0.956,0,0,0,0,false,GloryTecks Team,true,,2026-03-16,2026-03-16,,official-docs,Hugging Face documentation <https://huggingface.co/docs>,179,true,concept diagram,"One diagram that explains the central idea of ""Hugging Face Transformers"" — the parts and how they relate."
284,P3,3,DEEP REWRITE,,Template body: 100% of its phrasing is shared with 10+ articles; 0% is its own.,None. Queue order in BLOG_REWRITE_QUEUE.csv.,unknown,ee7bcd59-2acc-4cdd-ae67-84b7bfc38ddb,/blog/imposter-syndrome-in-tech-how-to-beat-it,imposter-syndrome-in-tech-how-to-beat-it,Imposter Syndrome in Tech: How to Beat It,career-guidance,guide,tutorial,imposter syndrome tech beat,"How does Imposter Syndrome in Tech work, and how do I apply it in practice?",freshers and career switchers into data roles,"Answer ""How does Imposter Syndrome in Tech work, and how do I apply it in practice?"" for freshers and career switchers into data roles, and hand readers who want structured training to /courses/data-science.",imposter; syndrome; tech; beat,,640,8,7,5,1,0,4,0,true,0,0,6,0,1,1,0.925,asking-for-a-raise-timing-script-and-evidence,1,asking-for-a-raise-timing-script-and-evidence,0.956,0,0,0,0,false,GloryTecks Team,true,,2025-09-01,2025-09-01,,none-identified,,162,true,concept diagram,"One diagram that explains the central idea of ""Imposter Syndrome in Tech"" — the parts and how they relate."
285,P3,3,DEEP REWRITE,,Template body: 100% of its phrasing is shared with 10+ articles; 0% is its own.,None. Queue order in BLOG_REWRITE_QUEUE.csv.,unknown,7adfd977-6aeb-43ae-8a2d-eded704af268,/blog/incremental-data-loading-in-azure-data-factory,incremental-data-loading-in-azure-data-factory,Incremental Data Loading in Azure Data Factory,azure-data-factory,guide,tutorial,incremental data loading azure factory,"How does Incremental Data Loading in Azure Data Factory work, and how do I apply it in practice?",data engineers working on Azure,"Answer ""How does Incremental Data Loading in Azure Data Factory work, and how do I apply it in practice?"" for data engineers working on Azure, and hand readers who want structured training to /courses/data-engineering.",incremental; data; loading; azure,,710,8,8,5,1,1,4,1,true,0,0,6,0,1,1,0.864,adf-control-flow-foreach-if-and-until-activities,1,adf-control-flow-foreach-if-and-until-activities,0.991,0,0,0,0,false,Sneha Reddy,false,,2026-03-31,2026-03-31,,official-docs,Azure Data Factory documentation (Microsoft Learn) <https://learn.microsoft.com/en-us/azure/data-factory/>,170,true,architecture diagram,"Diagram of the components in ""Incremental Data Loading in Azure Data Factory"" and how data or requests flow between them."
286,P3,3,DEEP REWRITE,,Template body: 100% of its phrasing is shared with 10+ articles; 0% is its own.,None. Queue order in BLOG_REWRITE_QUEUE.csv.,unknown,ed5125c2-68a9-4721-9b01-a5be174c8166,/blog/integration-runtimes-in-adf-azure-self-hosted-and-ssis,integration-runtimes-in-adf-azure-self-hosted-and-ssis,"Integration Runtimes in ADF: Azure, Self-Hosted and SSIS",azure-data-factory,guide,tutorial,integration runtimes azure data factory self-hosted ssis,"How does Integration Runtimes in ADF work, and how do I apply it in practice?",data engineers working on Azure,"Answer ""How does Integration Runtimes in ADF work, and how do I apply it in practice?"" for data engineers working on Azure, and hand readers who want structured training to /courses/data-engineering.",integration; runtimes; adf; azure,,705,8,8,5,1,1,4,1,true,0,0,6,0,1,1,0.864,adf-control-flow-foreach-if-and-until-activities,1,adf-control-flow-foreach-if-and-until-activities,0.96,0,0,0,0,false,Sneha Reddy,false,,2026-04-24,2026-04-24,,official-docs,Azure Data Factory documentation (Microsoft Learn) <https://learn.microsoft.com/en-us/azure/data-factory/>,180,true,architecture diagram,"Diagram of the components in ""Integration Runtimes in ADF"" and how data or requests flow between them."
287,P3,3,DEEP REWRITE,,Template body: 99% of its phrasing is shared with 10+ articles; 1% is its own.,None. Queue order in BLOG_REWRITE_QUEUE.csv.,unknown,ea96d1e8-01dc-4c4f-9a01-037a1b1f961b,/blog/kafka-vs-rabbitmq-vs-pulsar-a-comparison,kafka-vs-rabbitmq-vs-pulsar-a-comparison,Kafka vs RabbitMQ vs Pulsar: A Comparison,data-engineering,comparison,comparison,kafka rabbitmq pulsar,"Should I use kafka or pulsar or rabbitmq, and in which situations does each one win?",aspiring and junior data engineers,"Answer ""Should I use kafka or pulsar or rabbitmq, and in which situations does each one win?"" for aspiring and junior data engineers, and hand readers who want structured training to /courses/data-engineering.",kafka; rabbitmq; pulsar; comparison,,476,5,4,3,1,0,4,0,true,0,0,3,0.008,0.992,0.987,0.602,data-engineering-vs-data-science-roles-compared,0.987,data-engineering-vs-data-science-roles-compared,0.927,0,0,0,0,false,Sneha Reddy,false,,2026-01-31,2026-03-12,,official-docs,Apache Kafka documentation <https://kafka.apache.org/documentation/>,156,true,comparison diagram,"Side-by-side diagram of where each option in ""Kafka vs RabbitMQ vs Pulsar"" sits in a typical workflow, with the deciding differences labelled."
288,P3,3,DEEP REWRITE,,Template body: 100% of its phrasing is shared with 10+ articles; 0% is its own.,None. Queue order in BLOG_REWRITE_QUEUE.csv.,unknown,20b6b032-57ba-4d74-8e29-d935a28ce978,/blog/kpis-and-cards-in-power-bi-designing-scorecards,kpis-and-cards-in-power-bi-designing-scorecards,KPIs and Cards in Power BI: Designing Scorecards,power-bi,guide,tutorial,kpis cards power bi designing scorecards,"How does KPIs and Cards in Power BI work, and how do I apply it in practice?",analysts building Power BI reports,"Answer ""How does KPIs and Cards in Power BI work, and how do I apply it in practice?"" for analysts building Power BI reports, and hand readers who want structured training to /courses/power-bi.",kpis; cards; power; designing,,698,8,8,5,1,1,4,1,true,0,0,6,0,1,1,0.889,aggregations-in-power-bi-for-large-datasets,1,aggregations-in-power-bi-for-large-datasets,0.967,0,0,0,0,false,GloryTecks Team,true,,2025-09-04,2025-09-04,,official-docs,Power BI documentation (Microsoft Learn) <https://learn.microsoft.com/en-us/power-bi/>,162,true,annotated screenshot,"Annotated screenshot of the feature in ""KPIs and Cards in Power BI"" in the product UI, taken from a demo file (no client data)."
289,P3,3,DEEP REWRITE,,Template body: 100% of its phrasing is shared with 10+ articles; 0% is its own.,None. Queue order in BLOG_REWRITE_QUEUE.csv.,unknown,7c1a79b1-add2-41a7-a2c7-deb2d9b2f5b5,/blog/lambda-functions-map-filter-and-reduce-in-python,lambda-functions-map-filter-and-reduce-in-python,"Lambda Functions, map, filter and reduce in Python",python,guide,tutorial,lambda functions map filter reduce python,"How does Lambda Functions, map, filter and reduce in Python work, and how do I apply it in practice?",Python learners heading into data work,"Answer ""How does Lambda Functions, map, filter and reduce in Python work, and how do I apply it in practice?"" for Python learners heading into data work, and hand readers who want structured training to /courses/python-programming.",lambda; functions; map; filter,,660,8,8,5,1,1,4,1,true,0,0,6,0,1,1,0.869,async-programming-in-python-asyncio-explained,1,async-programming-in-python-asyncio-explained,0.966,0,0,0,0,false,Ravi Kumar,false,,2026-02-26,2026-02-26,,official-docs,AWS documentation <https://docs.aws.amazon.com/>,162,true,code output screenshot or diagram,"Worked example for ""Lambda Functions, map, filter and reduce in Python"": the input, the code's key step, and the resulting output side by side."
290,P3,3,DEEP REWRITE,,Template body: 99% of its phrasing is shared with 10+ articles; 1% is its own.,None. Queue order in BLOG_REWRITE_QUEUE.csv.,unknown,8ba7805d-9e58-483f-9b23-4f261c9b40c5,/blog/lambda-vs-kappa-architecture-explained,lambda-vs-kappa-architecture-explained,Lambda vs Kappa Architecture Explained,data-engineering,comparison,comparison,lambda kappa architecture,"Should I use kappa architecture or lambda, and in which situations does each one win?",aspiring and junior data engineers,"Answer ""Should I use kappa architecture or lambda, and in which situations does each one win?"" for aspiring and junior data engineers, and hand readers who want structured training to /courses/data-engineering.",lambda; kappa; architecture,,474,5,4,3,1,0,4,0,true,0,0,3,0.008,0.992,0.987,0.602,data-engineering-vs-data-science-roles-compared,0.987,data-engineering-vs-data-science-roles-compared,0.934,0,0,0,0,false,Sneha Reddy,false,,2025-10-15,2025-10-31,,official-docs,AWS documentation <https://docs.aws.amazon.com/>,153,true,comparison diagram,"Side-by-side diagram of where each option in ""Lambda vs Kappa Architecture Explained"" sits in a typical workflow, with the deciding differences labelled."
291,P3,3,DEEP REWRITE,,Template body: 100% of its phrasing is shared with 10+ articles; 0% is its own.,None. Queue order in BLOG_REWRITE_QUEUE.csv.,unknown,b4ac66bd-2b59-4cbe-aca0-0a15202e3b22,/blog/list-comprehensions-in-python-a-complete-guide,list-comprehensions-in-python-a-complete-guide,List Comprehensions in Python: A Complete Guide,python,guide,tutorial,list comprehensions python,"How does List Comprehensions in Python work, and how do I apply it in practice?",Python learners heading into data work,"Answer ""How does List Comprehensions in Python work, and how do I apply it in practice?"" for Python learners heading into data work, and hand readers who want structured training to /courses/python-programming.",list; comprehensions,,651,8,8,5,1,1,4,1,true,0,0,6,0,1,1,0.869,async-programming-in-python-asyncio-explained,1,async-programming-in-python-asyncio-explained,0.96,0,0,0,0,false,Ravi Kumar,false,,2026-04-15,2026-04-15,,official-docs,Python documentation <https://docs.python.org/3/>,159,true,code output screenshot or diagram,"Worked example for ""List Comprehensions in Python"": the input, the code's key step, and the resulting output side by side."
292,P3,3,DEEP REWRITE,,Template body: 99% of its phrasing is shared with 10+ articles; 1% is its own.,None. Queue order in BLOG_REWRITE_QUEUE.csv.,unknown,febfa389-7f80-45fd-bde4-25b5ae7d0d6e,/blog/llamaindex-vs-langchain-which-framework-to-pick,llamaindex-vs-langchain-which-framework-to-pick,LlamaIndex vs LangChain: Which Framework to Pick,generative-ai,comparison,comparison,llamaindex langchain framework pick,"Should I use langchain or llamaindex, and in which situations does each one win?",developers building with LLMs,"Answer ""Should I use langchain or llamaindex, and in which situations does each one win?"" for developers building with LLMs, and hand readers who want structured training to /courses/gen-ai.",llamaindex; langchain; which; framework,,484,5,4,3,1,0,4,0,true,0,0,3,0.005,0.995,0.99,0.528,fine-tuning-vs-rag-which-should-you-choose,0.99,fine-tuning-vs-rag-which-should-you-choose,0.926,0,0,0,0,false,Ravi Kumar,false,,2025-10-17,2025-10-17,,official-docs,LangChain documentation <https://python.langchain.com/docs/>,160,true,comparison diagram,"Side-by-side diagram of where each option in ""LlamaIndex vs LangChain"" sits in a typical workflow, with the deciding differences labelled."
293,P3,3,DEEP REWRITE,,Template body: 100% of its phrasing is shared with 10+ articles; 0% is its own.,None. Queue order in BLOG_REWRITE_QUEUE.csv.,unknown,de23e560-4458-43a9-bc0e-288abb32dd59,/blog/loading-data-into-bigquery-batch-and-streaming,loading-data-into-bigquery-batch-and-streaming,Loading Data into BigQuery: Batch and Streaming,gcp,guide,tutorial,loading data bigquery batch streaming,"How does Loading Data into BigQuery work, and how do I apply it in practice?",data engineers working on Google Cloud,"Answer ""How does Loading Data into BigQuery work, and how do I apply it in practice?"" for data engineers working on Google Cloud, and hand readers who want structured training to /courses/data-engineering.",loading; data; into; bigquery,,661,8,8,5,1,1,4,1,true,0,0,6,0,1,1,0.862,biglake-and-external-tables-in-bigquery,1,biglake-and-external-tables-in-bigquery,0.965,0,0,0,0,false,Sneha Reddy,false,,2026-01-18,2026-01-18,,official-docs,BigQuery documentation <https://cloud.google.com/bigquery/docs>,156,true,architecture diagram,"Diagram of the components in ""Loading Data into BigQuery"" and how data or requests flow between them."
294,P3,3,DEEP REWRITE,,Template body: 100% of its phrasing is shared with 10+ articles; 0% is its own.,None. Queue order in BLOG_REWRITE_QUEUE.csv.,unknown,77a5d528-ac38-4bfa-950b-081b5843945b,/blog/loading-data-into-redshift-copy-and-best-practices,loading-data-into-redshift-copy-and-best-practices,Loading Data into Redshift: COPY and Best Practices,aws,guide,tutorial,loading data redshift copy practices,"What are the best practices for Loading Data into Redshift, and why?",data engineers working on AWS,"Answer ""What are the best practices for Loading Data into Redshift, and why?"" for data engineers working on AWS, and hand readers who want structured training to /courses/data-engineering.",loading; data; into; redshift,,682,8,8,5,1,1,4,1,true,0,0,6,0,1,1,0.873,amazon-dynamodb-explained-for-beginners,1,amazon-dynamodb-explained-for-beginners,0.955,0,0,0,0,false,GloryTecks Team,true,,2026-02-16,2026-04-04,,official-docs,Amazon Redshift documentation <https://docs.aws.amazon.com/redshift/>,160,true,concept diagram,"One diagram that explains the central idea of ""Loading Data into Redshift"" — the parts and how they relate."
295,P3,3,DEEP REWRITE,,Template body: 100% of its phrasing is shared with 10+ articles; 0% is its own.,None. Queue order in BLOG_REWRITE_QUEUE.csv.,unknown,486039c8-bd1c-4c44-8949-472539431d83,/blog/loading-data-into-synapse-with-adf,loading-data-into-synapse-with-adf,Loading Data into Synapse with ADF,azure-data-factory,guide,tutorial,loading data synapse azure factory,"How does Loading Data into Synapse with ADF work, and how do I apply it in practice?",data engineers working on Azure,"Answer ""How does Loading Data into Synapse with ADF work, and how do I apply it in practice?"" for data engineers working on Azure, and hand readers who want structured training to /courses/data-engineering.",loading; data; into; synapse,,707,8,8,5,1,1,4,1,true,0,0,6,0,1,1,0.864,adf-control-flow-foreach-if-and-until-activities,1,adf-control-flow-foreach-if-and-until-activities,0.967,0,0,0,0,false,GloryTecks Team,true,,2025-11-25,2025-11-25,,official-docs,Azure Data Factory documentation (Microsoft Learn) <https://learn.microsoft.com/en-us/azure/data-factory/>,158,true,architecture diagram,"Diagram of the components in ""Loading Data into Synapse with ADF"" and how data or requests flow between them."
296,P3,3,DEEP REWRITE,,Template body: 100% of its phrasing is shared with 10+ articles; 0% is its own.,None. Queue order in BLOG_REWRITE_QUEUE.csv.,unknown,c9fcf5cd-00cd-45fa-adcb-24226dcf60e6,/blog/looker-and-looker-studio-on-gcp-explained,looker-and-looker-studio-on-gcp-explained,Looker and Looker Studio on GCP Explained,gcp,guide,tutorial,looker studio gcp,"What is Looker and Looker Studio on GCP, and how does it work?",data engineers working on Google Cloud,"Answer ""What is Looker and Looker Studio on GCP, and how does it work?"" for data engineers working on Google Cloud, and hand readers who want structured training to /courses/data-engineering.",looker; studio,,667,8,8,5,1,1,4,1,true,0,0,6,0,1,1,0.862,biglake-and-external-tables-in-bigquery,1,biglake-and-external-tables-in-bigquery,0.982,0,0,0,0,false,Sneha Reddy,false,,2026-02-23,2026-02-23,,official-docs,Google Cloud documentation <https://cloud.google.com/docs>,150,true,annotated screenshot,"Annotated screenshot of the feature in ""Looker and Looker Studio on GCP Explained"" in the product UI, taken from a demo file (no client data)."
297,P3,3,DEEP REWRITE,,Template body: 100% of its phrasing is shared with 10+ articles; 0% is its own.,None. Queue order in BLOG_REWRITE_QUEUE.csv.,unknown,c60523ec-8b64-4ffd-b61f-29cebb764ea5,/blog/looker-studio-tutorial-free-dashboards-for-beginners,looker-studio-tutorial-free-dashboards-for-beginners,Looker Studio Tutorial: Free Dashboards for Beginners,data-analytics,guide,tutorial,looker studio free dashboard,"How does Looker Studio Tutorial work, and how do I apply it in practice?",beginners,"Answer ""How does Looker Studio Tutorial work, and how do I apply it in practice?"" for beginners, and hand readers who want structured training to /courses/data-analytics.",looker; studio; tutorial; free,,668,8,8,5,1,1,4,1,true,0,0,6,0,1,1,0.88,building-kpi-scorecards-for-executives,1,building-kpi-scorecards-for-executives,0.954,0,0,0,0,false,GloryTecks Team,true,,2025-12-09,2026-01-03,,official-docs,Google Cloud documentation <https://cloud.google.com/docs>,173,true,annotated screenshot,"Annotated screenshot of the feature in ""Looker Studio Tutorial"" in the product UI, taken from a demo file (no client data)."
298,P3,3,DEEP REWRITE,,Template body: 100% of its phrasing is shared with 10+ articles; 0% is its own.,None. Queue order in BLOG_REWRITE_QUEUE.csv.,unknown,91d16817-f3bf-4b01-b6d3-01df7e635c83,/blog/machine-learning-interview-questions-concepts-and-answers,machine-learning-interview-questions-concepts-and-answers,Machine Learning Interview Questions: Concepts and Answers,interview-questions,interview,interview,machine learning concepts,"What does an interviewer ask about Machine Learning, and what does a strong answer contain?",candidates preparing for data interviews,"Answer ""What does an interviewer ask about Machine Learning, and what does a strong answer contain?"" for candidates preparing for data interviews, and hand readers who want structured training to /courses/data-science.",machine; learning; interview; questions,,516,4,3,2,0,0,9,0,true,0,0,3,0,1,1,0.985,azure-data-factory-adf-interview-questions,1,azure-data-factory-adf-interview-questions,0.964,0,0,0,0,false,Ravi Kumar,false,,2026-04-28,2026-04-28,,none-identified,,192,false,none,No image needed; the value is in the questions and answers. Optional: one diagram for the hardest concept explained.
299,P3,3,DEEP REWRITE,,Template body: 100% of its phrasing is shared with 10+ articles; 0% is its own.,None. Queue order in BLOG_REWRITE_QUEUE.csv.,unknown,dab784d3-ff30-4a11-8929-aa24e93e5f8e,/blog/mapping-data-flows-in-adf-transformations-without-code,mapping-data-flows-in-adf-transformations-without-code,Mapping Data Flows in ADF: Transformations Without Code,azure-data-factory,guide,tutorial,mapping data flows azure factory transformations without code,"How does Mapping Data Flows in ADF work, and how do I apply it in practice?",data engineers working on Azure,"Answer ""How does Mapping Data Flows in ADF work, and how do I apply it in practice?"" for data engineers working on Azure, and hand readers who want structured training to /courses/data-engineering.",mapping; data; flows; adf,,707,8,8,5,1,1,4,1,true,0,0,6,0,1,1,0.864,adf-control-flow-foreach-if-and-until-activities,1,adf-control-flow-foreach-if-and-until-activities,0.961,0,0,0,0,false,GloryTecks Team,true,,2026-05-12,2026-05-12,,official-docs,Azure Data Factory documentation (Microsoft Learn) <https://learn.microsoft.com/en-us/azure/data-factory/>,179,true,architecture diagram,"Diagram of the components in ""Mapping Data Flows in ADF"" and how data or requests flow between them."
300,P3,3,DEEP REWRITE,,Template body: 100% of its phrasing is shared with 10+ articles; 0% is its own.,None. Queue order in BLOG_REWRITE_QUEUE.csv.,unknown,62e80fbc-7155-45c9-801d-5f959fd6180a,/blog/marketing-analytics-metrics-and-dashboards-that-matter,marketing-analytics-metrics-and-dashboards-that-matter,Marketing Analytics: Metrics and Dashboards That Matter,data-analytics,guide,tutorial,marketing analytics metrics dashboard matter,"How does Marketing Analytics work, and how do I apply it in practice?",aspiring and junior data analysts,"Answer ""How does Marketing Analytics work, and how do I apply it in practice?"" for aspiring and junior data analysts, and hand readers who want structured training to /courses/data-analytics.",marketing; analytics; metrics; dashboards,,666,8,8,5,1,1,4,1,true,0,0,6,0,1,1,0.88,building-kpi-scorecards-for-executives,1,building-kpi-scorecards-for-executives,0.963,0,0,0,0,false,Arjun Nair,false,,2025-10-16,2025-10-29,,none-identified,,175,true,concept diagram,"One diagram that explains the central idea of ""Marketing Analytics"" — the parts and how they relate."
301,P3,3,DEEP REWRITE,,Template body: 100% of its phrasing is shared with 10+ articles; 0% is its own.,None. Queue order in BLOG_REWRITE_QUEUE.csv.,unknown,6ae57b23-9d32-4288-8cfe-c0e2acf40913,/blog/materialized-views-in-bigquery-explained,materialized-views-in-bigquery-explained,Materialized Views in BigQuery Explained,gcp,guide,tutorial,materialized views bigquery,"What is Materialized Views in BigQuery, and how does it work?",data engineers working on Google Cloud,"Answer ""What is Materialized Views in BigQuery, and how does it work?"" for data engineers working on Google Cloud, and hand readers who want structured training to /courses/data-engineering.",materialized; views; bigquery,,661,8,8,5,1,1,4,1,true,0,0,6,0,1,1,0.862,biglake-and-external-tables-in-bigquery,1,biglake-and-external-tables-in-bigquery,0.97,0,0,0,0,false,Sneha Reddy,false,,2026-02-11,2026-02-11,,official-docs,BigQuery documentation <https://cloud.google.com/bigquery/docs>,149,true,code output screenshot or diagram,"Worked example for ""Materialized Views in BigQuery Explained"": the input, the code's key step, and the resulting output side by side."
302,P3,3,DEEP REWRITE,,Template body: 100% of its phrasing is shared with 10+ articles; 0% is its own.,None. Queue order in BLOG_REWRITE_QUEUE.csv.,unknown,5c6a36c5-bd4a-4f60-880a-56fa1462eee6,/blog/metadata-driven-pipelines-in-azure-data-factory,metadata-driven-pipelines-in-azure-data-factory,Metadata-Driven Pipelines in Azure Data Factory,azure-data-factory,guide,tutorial,metadata-driven pipeline azure data factory,"How does Metadata-Driven Pipelines in Azure Data Factory work, and how do I apply it in practice?",data engineers working on Azure,"Answer ""How does Metadata-Driven Pipelines in Azure Data Factory work, and how do I apply it in practice?"" for data engineers working on Azure, and hand readers who want structured training to /courses/data-engineering.",metadata; driven; pipelines; azure,,707,8,8,5,1,1,4,1,true,0,0,6,0,1,1,0.864,adf-control-flow-foreach-if-and-until-activities,1,adf-control-flow-foreach-if-and-until-activities,0.994,0,0,0,0,false,Sneha Reddy,false,,2025-12-25,2025-12-25,,official-docs,Azure Data Factory documentation (Microsoft Learn) <https://learn.microsoft.com/en-us/azure/data-factory/>,171,true,architecture diagram,"Diagram of the components in ""Metadata-Driven Pipelines in Azure Data Factory"" and how data or requests flow between them."
303,P3,3,DEEP REWRITE,,Template body: 100% of its phrasing is shared with 10+ articles; 0% is its own.,None. Queue order in BLOG_REWRITE_QUEUE.csv.,unknown,a07756cb-8329-4dbd-92b7-e78bf428e535,/blog/migrating-data-to-aws-dms-and-best-practices,migrating-data-to-aws-dms-and-best-practices,Migrating Data to AWS: DMS and Best Practices,aws,guide,tutorial,migrating data aws dms practices,"What are the best practices for Migrating Data to AWS, and why?",data engineers working on AWS,"Answer ""What are the best practices for Migrating Data to AWS, and why?"" for data engineers working on AWS, and hand readers who want structured training to /courses/data-engineering.",migrating; data; dms,,682,8,8,5,1,1,4,1,true,0,0,6,0,1,1,0.873,amazon-dynamodb-explained-for-beginners,1,amazon-dynamodb-explained-for-beginners,0.955,0,0,0,0,false,GloryTecks Team,true,,2025-10-19,2025-12-05,,official-docs,AWS documentation <https://docs.aws.amazon.com/>,154,true,concept diagram,"One diagram that explains the central idea of ""Migrating Data to AWS"" — the parts and how they relate."
304,P3,3,DEEP REWRITE,,Template body: 100% of its phrasing is shared with 10+ articles; 0% is its own.,None. Queue order in BLOG_REWRITE_QUEUE.csv.,unknown,55417d3d-ac66-4e82-ae63-27a0ec60db49,/blog/migrating-to-bigquery-a-practical-playbook,migrating-to-bigquery-a-practical-playbook,Migrating to BigQuery: A Practical Playbook,gcp,guide,tutorial,migrating bigquery playbook,"How does Migrating to BigQuery work, and how do I apply it in practice?",data engineers working on Google Cloud,"Answer ""How does Migrating to BigQuery work, and how do I apply it in practice?"" for data engineers working on Google Cloud, and hand readers who want structured training to /courses/data-engineering.",migrating; bigquery; practical; playbook,,658,8,8,5,1,1,4,1,true,0,0,6,0,1,1,0.862,biglake-and-external-tables-in-bigquery,1,biglake-and-external-tables-in-bigquery,0.963,0,0,0,0,false,Sneha Reddy,false,,2025-09-20,2025-09-20,,official-docs,BigQuery documentation <https://cloud.google.com/bigquery/docs>,152,true,code output screenshot or diagram,"Worked example for ""Migrating to BigQuery"": the input, the code's key step, and the resulting output side by side."
305,P3,3,DEEP REWRITE,,Template body: 100% of its phrasing is shared with 10+ articles; 0% is its own.,None. Queue order in BLOG_REWRITE_QUEUE.csv.,unknown,5385983d-7dcc-4237-b804-77027282f3a4,/blog/mlflow-for-data-scientists-tracking-experiments,mlflow-for-data-scientists-tracking-experiments,MLflow for Data Scientists: Tracking Experiments,data-science,guide,tutorial,mlflow data science tracking experiments,"How does MLflow for Data Scientists work, and how do I apply it in practice?",data scientists,"Answer ""How does MLflow for Data Scientists work, and how do I apply it in practice?"" for data scientists, and hand readers who want structured training to /courses/data-science.",mlflow; data; scientists; tracking,,675,8,8,5,1,1,4,1,true,0,0,6,0,1,1,0.879,a-b-testing-for-data-scientists-a-practical-guide,1,a-b-testing-for-data-scientists-a-practical-guide,0.963,0,0,0,0,false,Ravi Kumar,false,,2025-10-30,2025-11-25,,official-docs,MLflow documentation <https://mlflow.org/docs/latest/>,166,true,concept diagram,"One diagram that explains the central idea of ""MLflow for Data Scientists"" — the parts and how they relate."
306,P3,3,DEEP REWRITE,,Template body: 100% of its phrasing is shared with 10+ articles; 0% is its own.,None. Queue order in BLOG_REWRITE_QUEUE.csv.,unknown,e46dd18b-36d8-40fb-9729-5023c0219658,/blog/mlops-interview-questions-and-answers,mlops-interview-questions-and-answers,MLOps Interview Questions and Answers,interview-questions,interview,interview,mlops,"What does an interviewer ask about MLOps, and what does a strong answer contain?",candidates preparing for data interviews,"Answer ""What does an interviewer ask about MLOps, and what does a strong answer contain?"" for candidates preparing for data interviews, and hand readers who want structured training to /courses/data-science.",mlops; interview; questions; answers,/blog/mlops-interview-questions-and-answers-2,515,4,3,2,0,0,9,0,true,0,0,3,0.002,0.998,0.998,0.983,azure-data-factory-adf-interview-questions,0.998,azure-data-factory-adf-interview-questions,0.991,0,0,0,0,false,Ravi Kumar,false,,2026-01-10,2026-01-10,,none-identified,,171,false,none,No image needed; the value is in the questions and answers. Optional: one diagram for the hardest concept explained.
307,P3,3,DEEP REWRITE,,Template body: 100% of its phrasing is shared with 10+ articles; 0% is its own.,None. Queue order in BLOG_REWRITE_QUEUE.csv.,unknown,aba5050d-3cd2-49e9-b467-473786c71ea1,/blog/mlops-tools-landscape-2026-what-to-learn,mlops-tools-landscape-2026-what-to-learn,MLOps Tools Landscape 2026: What to Learn,mlops,guide,tutorial,mlops landscape,"How does MLOps Tools Landscape work, and how do I apply it in practice?",data scientists and engineers moving models to production,"Answer ""How does MLOps Tools Landscape work, and how do I apply it in practice?"" for data scientists and engineers moving models to production, and hand readers who want structured training to /courses/mlops.",tools; landscape; learn,,667,8,8,5,1,1,4,1,true,0,0,6,0,1,1,0.9,a-b-testing-ml-models-in-production,1,a-b-testing-ml-models-in-production,0.953,0,0,0,0,false,Ravi Kumar,false,,2026-01-01,2026-01-01,,none-identified,,152,true,architecture diagram,"Diagram of the components in ""MLOps Tools Landscape 2026"" and how data or requests flow between them."
308,P3,3,DEEP REWRITE,,Template body: 100% of its phrasing is shared with 10+ articles; 0% is its own.,None. Queue order in BLOG_REWRITE_QUEUE.csv.,unknown,e0cb7df2-8ed0-48b6-84b3-e9164ff2a366,/blog/model-compression-quantization-and-pruning-explained,model-compression-quantization-and-pruning-explained,Model Compression: Quantization and Pruning Explained,mlops,guide,tutorial,model compression quantization pruning,"What is Model Compression, and how does it work?",data scientists and engineers moving models to production,"Answer ""What is Model Compression, and how does it work?"" for data scientists and engineers moving models to production, and hand readers who want structured training to /courses/mlops.",model; compression; quantization; pruning,,662,8,8,5,1,1,4,1,true,0,0,6,0,1,1,0.9,a-b-testing-ml-models-in-production,1,a-b-testing-ml-models-in-production,0.963,0,0,0,0,false,Sneha Reddy,false,,2025-08-28,2025-08-28,,none-identified,,164,true,concept diagram,"One diagram that explains the central idea of ""Model Compression"" — the parts and how they relate."
309,P3,3,DEEP REWRITE,,Template body: 100% of its phrasing is shared with 10+ articles; 0% is its own.,None. Queue order in BLOG_REWRITE_QUEUE.csv.,unknown,95703081-55df-4721-b839-ba2db6b81c19,/blog/model-deployment-from-notebook-to-production,model-deployment-from-notebook-to-production,Model Deployment: From Notebook to Production,data-science,guide,tutorial,model deployment notebook production,"How does Model Deployment work, and how do I apply it in practice?",learners and junior data scientists,"Answer ""How does Model Deployment work, and how do I apply it in practice?"" for learners and junior data scientists, and hand readers who want structured training to /courses/data-science.",model; deployment; notebook; production,,671,8,8,5,1,1,4,1,true,0,0,6,0,1,1,0.879,a-b-testing-for-data-scientists-a-practical-guide,1,a-b-testing-for-data-scientists-a-practical-guide,0.959,0,0,0,0,false,GloryTecks Team,true,,2026-05-04,2026-05-18,,none-identified,,163,true,architecture diagram,"Diagram of the components in ""Model Deployment"" and how data or requests flow between them."
310,P3,3,DEEP REWRITE,,Template body: 100% of its phrasing is shared with 10+ articles; 0% is its own.,None. Queue order in BLOG_REWRITE_QUEUE.csv.,unknown,b5b97477-c55e-48d6-8253-97b2f7bd2cdb,/blog/model-versioning-with-mlflow-and-dvc,model-versioning-with-mlflow-and-dvc,Model Versioning with MLflow and DVC,mlops,guide,tutorial,model versioning mlflow dvc,"How does Model Versioning with MLflow and DVC work, and how do I apply it in practice?",data scientists and engineers moving models to production,"Answer ""How does Model Versioning with MLflow and DVC work, and how do I apply it in practice?"" for data scientists and engineers moving models to production, and hand readers who want structured training to /courses/mlops.",model; versioning; mlflow; dvc,,670,8,8,5,1,1,4,1,true,0,0,6,0,1,1,0.9,a-b-testing-ml-models-in-production,1,a-b-testing-ml-models-in-production,0.957,0,0,0,0,false,Sneha Reddy,false,,2026-04-25,2026-04-25,,official-docs,MLflow documentation <https://mlflow.org/docs/latest/>,147,true,concept diagram,"One diagram that explains the central idea of ""Model Versioning with MLflow and DVC"" — the parts and how they relate."
311,P3,3,DEEP REWRITE,,Template body: 100% of its phrasing is shared with 10+ articles; 0% is its own.,None. Queue order in BLOG_REWRITE_QUEUE.csv.,unknown,5b9b0f2e-8e4c-4c68-a003-ece48bd0594c,/blog/monitoring-and-alerts-in-azure-data-factory,monitoring-and-alerts-in-azure-data-factory,Monitoring and Alerts in Azure Data Factory,azure-data-factory,guide,tutorial,monitoring alerts azure data factory,"How does Monitoring and Alerts in Azure Data Factory work, and how do I apply it in practice?",data engineers working on Azure,"Answer ""How does Monitoring and Alerts in Azure Data Factory work, and how do I apply it in practice?"" for data engineers working on Azure, and hand readers who want structured training to /courses/data-engineering.",monitoring; alerts; azure; data,,710,8,8,5,1,1,4,1,true,0,0,6,0,1,1,0.864,adf-control-flow-foreach-if-and-until-activities,1,adf-control-flow-foreach-if-and-until-activities,0.991,0,0,0,0,false,GloryTecks Team,true,,2026-03-01,2026-03-01,,official-docs,Azure Data Factory documentation (Microsoft Learn) <https://learn.microsoft.com/en-us/azure/data-factory/>,167,true,architecture diagram,"Diagram of the components in ""Monitoring and Alerts in Azure Data Factory"" and how data or requests flow between them."
312,P3,3,DEEP REWRITE,,Template body: 99% of its phrasing is shared with 10+ articles; 1% is its own.,None. Queue order in BLOG_REWRITE_QUEUE.csv.,unknown,e184c4e9-172d-4a6c-8282-e7f23ab80f58,/blog/multithreading-vs-multiprocessing-in-python,multithreading-vs-multiprocessing-in-python,Multithreading vs Multiprocessing in Python,python,comparison,comparison,multithreading multiprocessing python,"Should I use multiprocessing or multithreading, and in which situations does each one win?",Python learners heading into data work,"Answer ""Should I use multiprocessing or multithreading, and in which situations does each one win?"" for Python learners heading into data work, and hand readers who want structured training to /courses/python-programming.",multithreading; multiprocessing,,470,5,4,3,1,0,4,0,true,0,0,3,0.01,0.99,0.982,0.525,python-decorators-vs-context-managers-when-to-use-each,0.982,python-decorators-vs-context-managers-when-to-use-each,0.934,0,0,0,0,false,Ravi Kumar,false,,2025-12-04,2025-12-04,,official-docs,Python documentation <https://docs.python.org/3/>,148,true,comparison diagram,"Side-by-side diagram of where each option in ""Multithreading vs Multiprocessing in Python"" sits in a typical workflow, with the deciding differences labelled."
313,P3,3,DEEP REWRITE,,Template body: 100% of its phrasing is shared with 10+ articles; 0% is its own.,None. Queue order in BLOG_REWRITE_QUEUE.csv.,unknown,ea91d7e1-2fba-4cef-9417-d5fa4404775b,/blog/nested-and-repeated-fields-in-bigquery,nested-and-repeated-fields-in-bigquery,Nested and Repeated Fields in BigQuery,gcp,guide,tutorial,nested repeated fields bigquery,"How does Nested and Repeated Fields in BigQuery work, and how do I apply it in practice?",data engineers working on Google Cloud,"Answer ""How does Nested and Repeated Fields in BigQuery work, and how do I apply it in practice?"" for data engineers working on Google Cloud, and hand readers who want structured training to /courses/data-engineering.",nested; repeated; fields; bigquery,,664,8,8,5,1,1,4,1,true,0,0,6,0,1,1,0.862,biglake-and-external-tables-in-bigquery,1,biglake-and-external-tables-in-bigquery,0.976,0,0,0,0,false,GloryTecks Team,true,,2025-11-25,2025-11-25,,official-docs,BigQuery documentation <https://cloud.google.com/bigquery/docs>,147,true,code output screenshot or diagram,"Worked example for ""Nested and Repeated Fields in BigQuery"": the input, the code's key step, and the resulting output side by side."
314,P3,3,DEEP REWRITE,,Template body: 100% of its phrasing is shared with 10+ articles; 0% is its own.,None. Queue order in BLOG_REWRITE_QUEUE.csv.,unknown,df97d781-2b57-48aa-8851-e27f35b6d2ae,/blog/networking-for-introverts-landing-referrals,networking-for-introverts-landing-referrals,Networking for Introverts: Landing Referrals,career-guidance,guide,tutorial,networking introverts landing referrals,"How does Networking for Introverts work, and how do I apply it in practice?",freshers and career switchers into data roles,"Answer ""How does Networking for Introverts work, and how do I apply it in practice?"" for freshers and career switchers into data roles, and hand readers who want structured training to /courses/data-science.",networking; introverts; landing; referrals,,635,8,7,5,1,0,4,0,true,0,0,6,0,1,1,0.925,asking-for-a-raise-timing-script-and-evidence,1,asking-for-a-raise-timing-script-and-evidence,0.956,0,0,0,0,false,Priya Sharma,false,,2026-03-30,2026-03-30,,none-identified,,165,true,concept diagram,"One diagram that explains the central idea of ""Networking for Introverts"" — the parts and how they relate."
315,P3,3,DEEP REWRITE,,Template body: 100% of its phrasing is shared with 10+ articles; 0% is its own.,None. Queue order in BLOG_REWRITE_QUEUE.csv.,unknown,fd1b5c74-df47-411d-b587-8600970de604,/blog/nlp-interview-questions-for-data-scientists,nlp-interview-questions-for-data-scientists,NLP Interview Questions for Data Scientists,interview-questions,interview,interview,nlp,"What does an interviewer ask about NLP for Data Scientists, and what does a strong answer contain?",data scientists,"Answer ""What does an interviewer ask about NLP for Data Scientists, and what does a strong answer contain?"" for data scientists, and hand readers who want structured training to /courses/data-science.",nlp; interview; questions; data,,517,4,3,2,0,0,9,0,true,0,0,3,0.002,0.998,0.998,0.983,azure-data-factory-adf-interview-questions,0.998,azure-data-factory-adf-interview-questions,0.96,0,0,0,0,false,Priya Sharma,false,,2025-09-30,2025-09-30,,none-identified,,177,false,none,No image needed; the value is in the questions and answers. Optional: one diagram for the hardest concept explained.
316,P3,3,DEEP REWRITE,,Template body: 100% of its phrasing is shared with 10+ articles; 0% is its own.,None. Queue order in BLOG_REWRITE_QUEUE.csv.,unknown,29094d47-f4d0-4699-9113-51c30ce545d2,/blog/object-oriented-programming-oop-in-python-explained,object-oriented-programming-oop-in-python-explained,Object-Oriented Programming (OOP) in Python Explained,python,guide,tutorial,object-oriented programming oop python,"What is Object-Oriented Programming (OOP) in Python, and how does it work?",Python learners heading into data work,"Answer ""What is Object-Oriented Programming (OOP) in Python, and how does it work?"" for Python learners heading into data work, and hand readers who want structured training to /courses/python-programming.",object; oriented; programming; oop,,654,8,8,5,1,1,4,1,true,0,0,6,0,1,1,0.869,async-programming-in-python-asyncio-explained,1,async-programming-in-python-asyncio-explained,0.96,0,0,0,0,false,Ravi Kumar,false,,2026-05-09,2026-05-09,,official-docs,Python documentation <https://docs.python.org/3/>,165,true,code output screenshot or diagram,"Worked example for ""Object-Oriented Programming (OOP) in Python Explained"": the input, the code's key step, and the resulting output side by side."
317,P3,3,DEEP REWRITE,,Template body: 99% of its phrasing is shared with 10+ articles; 1% is its own.,None. Queue order in BLOG_REWRITE_QUEUE.csv.,unknown,9d55d0fa-b133-405e-ad2d-f3689df43731,/blog/open-source-llms-vs-closed-models-a-2026-comparison,open-source-llms-vs-closed-models-a-2026-comparison,Open-Source LLMs vs Closed Models: A 2026 Comparison,generative-ai,comparison,comparison,open-source llms closed model,"Should I use closed model or open-source llms, and in which situations does each one win?",developers building with LLMs,"Answer ""Should I use closed model or open-source llms, and in which situations does each one win?"" for developers building with LLMs, and hand readers who want structured training to /courses/gen-ai.",open; source; llms; closed,,487,5,4,3,1,0,4,0,true,0,0,3,0.008,0.992,0.987,0.527,fine-tuning-vs-rag-which-should-you-choose,0.987,fine-tuning-vs-rag-which-should-you-choose,0.922,0,0,0,0,false,Ravi Kumar,false,,2026-02-26,2026-02-26,,none-identified,,164,true,comparison diagram,"Side-by-side diagram of where each option in ""Open-Source LLMs vs Closed Models"" sits in a typical workflow, with the deciding differences labelled."
318,P3,3,DEEP REWRITE,,Template body: 99% of its phrasing is shared with 10+ articles; 1% is its own.,None. Queue order in BLOG_REWRITE_QUEUE.csv.,unknown,a6a0eaa1-b568-4541-b5d2-922a84dab321,/blog/orchestration-airflow-vs-dagster-vs-prefect,orchestration-airflow-vs-dagster-vs-prefect,Orchestration: Airflow vs Dagster vs Prefect,data-engineering,comparison,comparison,orchestration airflow dagster prefect,"Should I use airflow or dagster or prefect, and in which situations does each one win?",aspiring and junior data engineers,"Answer ""Should I use airflow or dagster or prefect, and in which situations does each one win?"" for aspiring and junior data engineers, and hand readers who want structured training to /courses/data-engineering.",orchestration; airflow; dagster; prefect,/blog/pipeline-orchestration-airflow-vs-prefect-vs-dagster,471,5,4,3,1,0,4,0,true,0,0,3,0.005,0.992,0.987,0.602,data-engineering-vs-data-science-roles-compared,0.987,data-engineering-vs-data-science-roles-compared,0.934,0,0,0,0,false,Sneha Reddy,false,,2026-01-07,2026-02-24,,official-docs,Apache Airflow documentation <https://airflow.apache.org/docs/>,159,true,comparison diagram,"Side-by-side diagram of where each option in ""Orchestration"" sits in a typical workflow, with the deciding differences labelled."
319,P3,3,DEEP REWRITE,,Template body: 100% of its phrasing is shared with 10+ articles; 0% is its own.,None. Queue order in BLOG_REWRITE_QUEUE.csv.,unknown,e53d7658-11f7-4daf-be8f-ee90bab43b33,/blog/pandas-guide-dataframes-cleaning-and-aggregation,pandas-guide-dataframes-cleaning-and-aggregation,"Pandas Guide: DataFrames, Cleaning and Aggregation",python,guide,tutorial,pandas dataframes cleaning aggregation,"How does Pandas Guide work, and how do I apply it in practice?",Python learners heading into data work,"Answer ""How does Pandas Guide work, and how do I apply it in practice?"" for Python learners heading into data work, and hand readers who want structured training to /courses/python-programming.",pandas; dataframes; cleaning; aggregation,,646,8,8,5,1,1,4,1,true,0,0,6,0,1,1,0.869,async-programming-in-python-asyncio-explained,1,async-programming-in-python-asyncio-explained,0.968,0,0,0,0,false,GloryTecks Team,true,,2026-05-15,2026-05-15,,official-docs,pandas documentation <https://pandas.pydata.org/docs/>,162,true,code output screenshot or diagram,"Worked example for ""Pandas Guide"": the input, the code's key step, and the resulting output side by side."
320,P3,3,DEEP REWRITE,,Template body: 100% of its phrasing is shared with 10+ articles; 0% is its own.,None. Queue order in BLOG_REWRITE_QUEUE.csv.,unknown,b71f2897-8aec-4070-ac95-4054bd35d274,/blog/pandas-performance-making-your-code-10x-faster,pandas-performance-making-your-code-10x-faster,Pandas Performance: Making Your Code 10x Faster,python,guide,tutorial,pandas performance making code 10x faster,"How does Pandas Performance work, and how do I apply it in practice?",Python learners heading into data work,"Answer ""How does Pandas Performance work, and how do I apply it in practice?"" for Python learners heading into data work, and hand readers who want structured training to /courses/python-programming.",pandas; performance; making; code,,647,8,8,5,1,1,4,1,true,0,0,6,0,1,1,0.869,async-programming-in-python-asyncio-explained,1,async-programming-in-python-asyncio-explained,0.96,0,0,0,0,false,GloryTecks Team,true,,2025-09-05,2025-09-05,,official-docs,pandas documentation <https://pandas.pydata.org/docs/>,159,true,code output screenshot or diagram,"Worked example for ""Pandas Performance"": the input, the code's key step, and the resulting output side by side."
321,P3,3,DEEP REWRITE,,Template body: 99% of its phrasing is shared with 10+ articles; 1% is its own.,None. Queue order in BLOG_REWRITE_QUEUE.csv.,unknown,6604ee3c-d43d-47cc-893c-cbb8a522acce,/blog/pandas-vs-sql-for-data-analysis-when-to-use-which,pandas-vs-sql-for-data-analysis-when-to-use-which,Pandas vs SQL for Data Analysis: When to Use Which,data-science,comparison,comparison,pandas sql data analytics,"Should I use pandas or sql, and in which situations does each one win?",data analysis,"Answer ""Should I use pandas or sql, and in which situations does each one win?"" for data analysis, and hand readers who want structured training to /courses/data-science.",pandas; sql; data; analysis,,485,5,4,3,1,0,4,0,true,0,0,3,0.008,0.99,0.982,0.529,data-science-vs-data-analytics-which-career-is-right-for-you,0.982,data-science-vs-data-analytics-which-career-is-right-for-you,0.923,0,0,0,0,false,GloryTecks Team,true,,2025-09-06,2025-09-20,,official-docs,pandas documentation <https://pandas.pydata.org/docs/>,161,true,comparison diagram,"Side-by-side diagram of where each option in ""Pandas vs SQL for Data Analysis"" sits in a typical workflow, with the deciding differences labelled."
322,P3,3,DEEP REWRITE,,Template body: 100% of its phrasing is shared with 10+ articles; 0% is its own.,None. Queue order in BLOG_REWRITE_QUEUE.csv.,unknown,ddb1110b-94f1-4b95-a6a4-9b7303eb4c75,/blog/parameterizing-pipelines-in-azure-data-factory,parameterizing-pipelines-in-azure-data-factory,Parameterizing Pipelines in Azure Data Factory,azure-data-factory,guide,tutorial,parameterizing pipeline azure data factory,"How does Parameterizing Pipelines in Azure Data Factory work, and how do I apply it in practice?",data engineers working on Azure,"Answer ""How does Parameterizing Pipelines in Azure Data Factory work, and how do I apply it in practice?"" for data engineers working on Azure, and hand readers who want structured training to /courses/data-engineering.",parameterizing; pipelines; azure; data,,707,8,8,5,1,1,4,1,true,0,0,6,0,1,1,0.864,adf-control-flow-foreach-if-and-until-activities,1,adf-control-flow-foreach-if-and-until-activities,0.994,0,0,0,0,false,Sneha Reddy,false,,2026-04-12,2026-04-12,,official-docs,Azure Data Factory documentation (Microsoft Learn) <https://learn.microsoft.com/en-us/azure/data-factory/>,170,true,architecture diagram,"Diagram of the components in ""Parameterizing Pipelines in Azure Data Factory"" and how data or requests flow between them."
323,P3,3,DEEP REWRITE,,Template body: 100% of its phrasing is shared with 10+ articles; 0% is its own.,None. Queue order in BLOG_REWRITE_QUEUE.csv.,unknown,f75882f4-8ca5-43b6-b606-b705eb5bff4b,/blog/parquet-and-partitioning-for-cheaper-athena-queries,parquet-and-partitioning-for-cheaper-athena-queries,Parquet and Partitioning for Cheaper Athena Queries,aws,guide,tutorial,parquet partitioning cheaper athena queries,"How does Parquet and Partitioning for Cheaper Athena Queries work, and how do I apply it in practice?",data engineers working on AWS,"Answer ""How does Parquet and Partitioning for Cheaper Athena Queries work, and how do I apply it in practice?"" for data engineers working on AWS, and hand readers who want structured training to /courses/data-engineering.",parquet; partitioning; cheaper; athena,,687,8,8,5,1,1,4,1,true,0,0,6,0,1,1,0.873,amazon-dynamodb-explained-for-beginners,1,amazon-dynamodb-explained-for-beginners,0.954,0,0,0,0,false,GloryTecks Team,true,,2025-09-01,2025-09-24,,official-docs,AWS documentation <https://docs.aws.amazon.com/>,160,true,concept diagram,"One diagram that explains the central idea of ""Parquet and Partitioning for Cheaper Athena Queries"" — the parts and how they relate."
324,P3,3,DEEP REWRITE,,Template body: 99% of its phrasing is shared with 10+ articles; 1% is its own.,None. Queue order in BLOG_REWRITE_QUEUE.csv.,unknown,e3bbfea1-1393-400c-b732-946dc65fdecf,/blog/parquet-vs-orc-vs-avro-file-formats-compared,parquet-vs-orc-vs-avro-file-formats-compared,Parquet vs ORC vs Avro: File Formats Compared,data-engineering,comparison,comparison,parquet orc avro file formats,"Should I use avro or orc or parquet, and in which situations does each one win?",aspiring and junior data engineers,"Answer ""Should I use avro or orc or parquet, and in which situations does each one win?"" for aspiring and junior data engineers, and hand readers who want structured training to /courses/data-engineering.",parquet; orc; avro; file,,477,5,4,3,1,0,4,0,true,0,0,3,0.008,0.992,0.987,0.602,data-engineering-vs-data-science-roles-compared,0.987,data-engineering-vs-data-science-roles-compared,0.925,0,0,0,0,false,GloryTecks Team,true,,2025-12-08,2026-01-05,,none-identified,,160,true,comparison diagram,"Side-by-side diagram of where each option in ""Parquet vs ORC vs Avro"" sits in a typical workflow, with the deciding differences labelled."
325,P3,3,DEEP REWRITE,,Template body: 100% of its phrasing is shared with 10+ articles; 0% is its own.,None. Queue order in BLOG_REWRITE_QUEUE.csv.,unknown,0b8f15c1-2e69-4233-a3db-8beca4501f1d,/blog/partitioning-and-clustering-in-bigquery,partitioning-and-clustering-in-bigquery,Partitioning and Clustering in BigQuery,gcp,guide,tutorial,partitioning clustering bigquery,"How does Partitioning and Clustering in BigQuery work, and how do I apply it in practice?",data engineers working on Google Cloud,"Answer ""How does Partitioning and Clustering in BigQuery work, and how do I apply it in practice?"" for data engineers working on Google Cloud, and hand readers who want structured training to /courses/data-engineering.",partitioning; clustering; bigquery,,661,8,8,5,1,1,4,1,true,0,0,6,0,1,1,0.862,biglake-and-external-tables-in-bigquery,1,biglake-and-external-tables-in-bigquery,0.978,0,0,0,0,false,Sneha Reddy,false,,2026-04-12,2026-04-12,,official-docs,BigQuery documentation <https://cloud.google.com/bigquery/docs>,148,true,code output screenshot or diagram,"Worked example for ""Partitioning and Clustering in BigQuery"": the input, the code's key step, and the resulting output side by side."
326,P3,3,DEEP REWRITE,,Template body: 100% of its phrasing is shared with 10+ articles; 0% is its own.,None. Queue order in BLOG_REWRITE_QUEUE.csv.,unknown,54ecb1d9-4617-48f7-a3c2-1832b2049add,/blog/partitioning-data-in-s3-for-athena-performance,partitioning-data-in-s3-for-athena-performance,Partitioning Data in S3 for Athena Performance,aws,guide,tutorial,partitioning data s3 athena performance,"How does Partitioning Data in S3 for Athena Performance work, and how do I apply it in practice?",data engineers working on AWS,"Answer ""How does Partitioning Data in S3 for Athena Performance work, and how do I apply it in practice?"" for data engineers working on AWS, and hand readers who want structured training to /courses/data-engineering.",partitioning; data; athena; performance,,687,8,8,5,1,1,4,1,true,0,0,6,0,1,1,0.873,amazon-dynamodb-explained-for-beginners,1,amazon-dynamodb-explained-for-beginners,0.954,0,0,0,0,false,GloryTecks Team,true,,2026-02-28,2026-03-23,,official-docs,Amazon S3 User Guide <https://docs.aws.amazon.com/AmazonS3/latest/userguide/>,155,true,concept diagram,"One diagram that explains the central idea of ""Partitioning Data in S3 for Athena Performance"" — the parts and how they relate."
327,P3,3,DEEP REWRITE,,Template body: 100% of its phrasing is shared with 10+ articles; 0% is its own.,None. Queue order in BLOG_REWRITE_QUEUE.csv.,unknown,b6fb7f13-a83f-4ec0-bab5-41af1d92bfb7,/blog/pipeline-dependencies-and-scheduling-in-adf,pipeline-dependencies-and-scheduling-in-adf,Pipeline Dependencies and Scheduling in ADF,azure-data-factory,guide,tutorial,pipeline dependencies scheduling azure data factory,"How does Pipeline Dependencies and Scheduling in ADF work, and how do I apply it in practice?",data engineers working on Azure,"Answer ""How does Pipeline Dependencies and Scheduling in ADF work, and how do I apply it in practice?"" for data engineers working on Azure, and hand readers who want structured training to /courses/data-engineering.",pipeline; dependencies; scheduling; adf,,707,8,8,5,1,1,4,1,true,0,0,6,0,1,1,0.864,adf-control-flow-foreach-if-and-until-activities,1,adf-control-flow-foreach-if-and-until-activities,0.972,0,0,0,0,false,GloryTecks Team,true,,2025-10-08,2025-10-08,,official-docs,Azure Data Factory documentation (Microsoft Learn) <https://learn.microsoft.com/en-us/azure/data-factory/>,167,true,architecture diagram,"Diagram of the components in ""Pipeline Dependencies and Scheduling in ADF"" and how data or requests flow between them."
328,P3,3,MANUAL REVIEW,/blog/orchestration-airflow-vs-dagster-vs-prefect,"Phase 3 MANUAL REVIEW: Same three tools, Data Engineering vs MLOps category. Merge, or rewrite the MLOps copy around ML-pipeline orchestration.","Editor decision: merge, or rewrite to a distinct angle.",unknown,98a63b65-4bf3-44a8-ae8b-e9bdb39d6f8c,/blog/pipeline-orchestration-airflow-vs-prefect-vs-dagster,pipeline-orchestration-airflow-vs-prefect-vs-dagster,Pipeline Orchestration: Airflow vs Prefect vs Dagster,mlops,comparison,comparison,pipeline orchestration airflow prefect dagster,"Should I use airflow or dagster or prefect, and in which situations does each one win?",data scientists and engineers moving models to production,"Answer ""Should I use airflow or dagster or prefect, and in which situations does each one win?"" for data scientists and engineers moving models to production, and hand readers who want structured training to /courses/mlops.",pipeline; orchestration; airflow; prefect,/blog/orchestration-airflow-vs-dagster-vs-prefect,475,5,4,3,1,0,4,0,true,0,0,3,0.005,0.992,0.987,0.526,experiment-tracking-mlflow-vs-weights-and-biases,0.987,experiment-tracking-mlflow-vs-weights-and-biases,0.927,0,0,0,0,false,Sneha Reddy,false,,2025-09-09,2025-09-09,,official-docs,Apache Airflow documentation <https://airflow.apache.org/docs/>,157,true,comparison diagram,"Side-by-side diagram of where each option in ""Pipeline Orchestration"" sits in a typical workflow, with the deciding differences labelled."
329,P3,3,DEEP REWRITE,,Template body: 100% of its phrasing is shared with 10+ articles; 0% is its own.,None. Queue order in BLOG_REWRITE_QUEUE.csv.,unknown,7acfdae6-955f-4cdb-b65a-c962bee798e9,/blog/pivot-tables-in-excel-a-complete-tutorial,pivot-tables-in-excel-a-complete-tutorial,Pivot Tables in Excel: A Complete Tutorial,data-analytics,guide,tutorial,pivot tables excel,"How does Pivot Tables in Excel work, and how do I apply it in practice?",aspiring and junior data analysts,"Answer ""How does Pivot Tables in Excel work, and how do I apply it in practice?"" for aspiring and junior data analysts, and hand readers who want structured training to /courses/data-analytics.",pivot; tables; excel; tutorial,,670,8,8,5,1,1,4,1,true,0,0,6,0,1,1,0.88,building-kpi-scorecards-for-executives,1,building-kpi-scorecards-for-executives,0.961,0,0,0,0,false,GloryTecks Team,true,,2026-04-08,2026-05-03,,official-docs,Microsoft Excel help <https://support.microsoft.com/en-us/excel>,162,true,annotated screenshot,"Annotated screenshot of the feature in ""Pivot Tables in Excel"" in the product UI, taken from a demo file (no client data)."
330,P3,3,DEEP REWRITE,,Template body: 100% of its phrasing is shared with 10+ articles; 0% is its own.,None. Queue order in BLOG_REWRITE_QUEUE.csv.,unknown,ac54a57b-a101-4b02-8314-b6b60720ed14,/blog/power-bi-bookmarks-and-buttons-for-interactivity,power-bi-bookmarks-and-buttons-for-interactivity,Power BI Bookmarks and Buttons for Interactivity,power-bi,guide,tutorial,power bi bookmarks buttons interactivity,"How does Power BI Bookmarks and Buttons for Interactivity work, and how do I apply it in practice?",analysts building Power BI reports,"Answer ""How does Power BI Bookmarks and Buttons for Interactivity work, and how do I apply it in practice?"" for analysts building Power BI reports, and hand readers who want structured training to /courses/power-bi.",power; bookmarks; buttons; interactivity,,699,8,8,5,1,1,4,1,true,0,0,6,0,1,1,0.889,aggregations-in-power-bi-for-large-datasets,1,aggregations-in-power-bi-for-large-datasets,0.955,0,0,0,0,false,Arjun Nair,false,,2026-02-25,2026-02-25,,official-docs,Power BI documentation (Microsoft Learn) <https://learn.microsoft.com/en-us/power-bi/>,162,true,annotated screenshot,"Annotated screenshot of the feature in ""Power BI Bookmarks and Buttons for Interactivity"" in the product UI, taken from a demo file (no client data)."
331,P3,3,DEEP REWRITE,,Template body: 100% of its phrasing is shared with 10+ articles; 0% is its own.,None. Queue order in BLOG_REWRITE_QUEUE.csv.,unknown,e0e64b5f-c271-48d6-afe9-c96d8bd65973,/blog/power-bi-custom-visuals-when-and-how-to-use-them,power-bi-custom-visuals-when-and-how-to-use-them,Power BI Custom Visuals: When and How to Use Them,power-bi,guide,tutorial,power bi custom visuals them,"How does Power BI Custom Visuals work, and how do I apply it in practice?",analysts building Power BI reports,"Answer ""How does Power BI Custom Visuals work, and how do I apply it in practice?"" for analysts building Power BI reports, and hand readers who want structured training to /courses/power-bi.",power; custom; visuals; when,,696,8,8,5,1,1,4,1,true,0,0,6,0,1,1,0.889,aggregations-in-power-bi-for-large-datasets,1,aggregations-in-power-bi-for-large-datasets,0.948,0,0,0,0,false,Arjun Nair,false,,2026-01-08,2026-01-08,,official-docs,Power BI documentation (Microsoft Learn) <https://learn.microsoft.com/en-us/power-bi/>,163,true,annotated screenshot,"Annotated screenshot of the feature in ""Power BI Custom Visuals"" in the product UI, taken from a demo file (no client data)."
332,P3,3,DEEP REWRITE,,Template body: 100% of its phrasing is shared with 10+ articles; 0% is its own.,None. Queue order in BLOG_REWRITE_QUEUE.csv.,unknown,74411ff7-3d1d-4954-a8db-edd0939d1897,/blog/power-bi-dashboard-design-a-practical-guide,power-bi-dashboard-design-a-practical-guide,Power BI Dashboard Design: A Practical Guide,power-bi,guide,tutorial,power bi dashboard design,"How does Power BI Dashboard Design work, and how do I apply it in practice?",analysts building Power BI reports,"Answer ""How does Power BI Dashboard Design work, and how do I apply it in practice?"" for analysts building Power BI reports, and hand readers who want structured training to /courses/power-bi.",power; dashboard; design; practical,,693,8,8,5,1,1,4,1,true,0,0,6,0,1,1,0.889,aggregations-in-power-bi-for-large-datasets,1,aggregations-in-power-bi-for-large-datasets,0.954,0,0,0,0,false,GloryTecks Team,true,,2026-05-14,2026-05-14,,official-docs,Power BI documentation (Microsoft Learn) <https://learn.microsoft.com/en-us/power-bi/>,158,true,annotated screenshot,"Annotated screenshot of the feature in ""Power BI Dashboard Design"" in the product UI, taken from a demo file (no client data)."
333,P3,3,DEEP REWRITE,,Template body: 100% of its phrasing is shared with 10+ articles; 0% is its own.,None. Queue order in BLOG_REWRITE_QUEUE.csv.,unknown,0dcbe8b7-c8b7-47aa-a914-f5af1eaad0f1,/blog/power-bi-dataflows-explained-for-beginners,power-bi-dataflows-explained-for-beginners,Power BI Dataflows Explained for Beginners,power-bi,guide,tutorial,power bi dataflows,"What is Power BI Dataflows, and how does it work?",beginners,"Answer ""What is Power BI Dataflows, and how does it work?"" for beginners, and hand readers who want structured training to /courses/power-bi.",power; dataflows; beginners,,696,8,8,5,1,1,4,1,true,0,0,6,0,1,1,0.889,aggregations-in-power-bi-for-large-datasets,1,aggregations-in-power-bi-for-large-datasets,0.972,0,0,0,0,false,Arjun Nair,false,,2025-11-21,2025-11-21,,official-docs,Power BI documentation (Microsoft Learn) <https://learn.microsoft.com/en-us/power-bi/>,156,true,annotated screenshot,"Annotated screenshot of the feature in ""Power BI Dataflows Explained for Beginners"" in the product UI, taken from a demo file (no client data)."
334,P3,3,DEEP REWRITE,,Template body: 100% of its phrasing is shared with 10+ articles; 0% is its own.,None. Queue order in BLOG_REWRITE_QUEUE.csv.,unknown,111b5beb-348f-4c0c-855e-babf6f9c3bdf,/blog/power-bi-deployment-pipelines-for-teams,power-bi-deployment-pipelines-for-teams,Power BI Deployment Pipelines for Teams,power-bi,guide,tutorial,power bi deployment pipeline teams,"How does Power BI Deployment Pipelines for Teams work, and how do I apply it in practice?",analysts building Power BI reports,"Answer ""How does Power BI Deployment Pipelines for Teams work, and how do I apply it in practice?"" for analysts building Power BI reports, and hand readers who want structured training to /courses/power-bi.",power; deployment; pipelines; teams,,696,8,8,5,1,1,4,1,true,0,0,6,0,1,1,0.889,aggregations-in-power-bi-for-large-datasets,1,aggregations-in-power-bi-for-large-datasets,0.957,0,0,0,0,false,Arjun Nair,false,,2025-10-04,2025-10-04,,official-docs,Power BI documentation (Microsoft Learn) <https://learn.microsoft.com/en-us/power-bi/>,153,true,annotated screenshot,"Annotated screenshot of the feature in ""Power BI Deployment Pipelines for Teams"" in the product UI, taken from a demo file (no client data)."
335,P3,3,DEEP REWRITE,,Template body: 100% of its phrasing is shared with 10+ articles; 0% is its own.,None. Queue order in BLOG_REWRITE_QUEUE.csv.,unknown,15d93744-8e75-4237-a606-1f53fd2c194c,/blog/power-bi-drillthrough-and-drilldown-explained,power-bi-drillthrough-and-drilldown-explained,Power BI Drillthrough and Drilldown Explained,power-bi,guide,tutorial,power bi drillthrough drilldown,"What is Power BI Drillthrough and Drilldown, and how does it work?",analysts building Power BI reports,"Answer ""What is Power BI Drillthrough and Drilldown, and how does it work?"" for analysts building Power BI reports, and hand readers who want structured training to /courses/power-bi.",power; drillthrough; drilldown,,696,8,8,5,1,1,4,1,true,0,0,6,0,1,1,0.889,aggregations-in-power-bi-for-large-datasets,1,aggregations-in-power-bi-for-large-datasets,0.963,0,0,0,0,false,GloryTecks Team,true,,2026-02-07,2026-02-07,,official-docs,Power BI documentation (Microsoft Learn) <https://learn.microsoft.com/en-us/power-bi/>,159,true,annotated screenshot,"Annotated screenshot of the feature in ""Power BI Drillthrough and Drilldown Explained"" in the product UI, taken from a demo file (no client data)."
336,P3,3,DEEP REWRITE,,Template body: 100% of its phrasing is shared with 10+ articles; 0% is its own.,None. Queue order in BLOG_REWRITE_QUEUE.csv.,unknown,efe1b233-e84a-4fd4-bbba-a98585087b2e,/blog/power-bi-field-parameters-dynamic-reports-made-easy,power-bi-field-parameters-dynamic-reports-made-easy,Power BI Field Parameters: Dynamic Reports Made Easy,power-bi,guide,tutorial,power bi field parameters dynamic reports,"How does Power BI Field Parameters work, and how do I apply it in practice?",analysts building Power BI reports,"Answer ""How does Power BI Field Parameters work, and how do I apply it in practice?"" for analysts building Power BI reports, and hand readers who want structured training to /courses/power-bi.",power; field; parameters; dynamic,,694,8,8,5,1,1,4,1,true,0,0,6,0,1,1,0.889,aggregations-in-power-bi-for-large-datasets,1,aggregations-in-power-bi-for-large-datasets,0.952,0,0,0,0,false,Arjun Nair,false,,2025-08-29,2025-08-29,,official-docs,Power BI documentation (Microsoft Learn) <https://learn.microsoft.com/en-us/power-bi/>,166,true,annotated screenshot,"Annotated screenshot of the feature in ""Power BI Field Parameters"" in the product UI, taken from a demo file (no client data)."
337,P3,3,DEEP REWRITE,,Template body: 100% of its phrasing is shared with 10+ articles; 0% is its own.,None. Queue order in BLOG_REWRITE_QUEUE.csv.,unknown,46d452e0-4b9f-4898-8b6a-ebfc87600bbf,/blog/power-bi-filters-visual-page-and-report-level,power-bi-filters-visual-page-and-report-level,"Power BI Filters: Visual, Page and Report Level",power-bi,guide,tutorial,power bi filters visual page report level,"How does Power BI Filters work, and how do I apply it in practice?",analysts building Power BI reports,"Answer ""How does Power BI Filters work, and how do I apply it in practice?"" for analysts building Power BI reports, and hand readers who want structured training to /courses/power-bi.",power; filters; visual; page,,692,8,8,5,1,1,4,1,true,0,0,6,0,1,1,0.889,aggregations-in-power-bi-for-large-datasets,1,aggregations-in-power-bi-for-large-datasets,0.955,0,0,0,0,false,Arjun Nair,false,,2026-03-21,2026-03-21,,official-docs,Power BI documentation (Microsoft Learn) <https://learn.microsoft.com/en-us/power-bi/>,161,true,annotated screenshot,"Annotated screenshot of the feature in ""Power BI Filters"" in the product UI, taken from a demo file (no client data)."
338,P3,3,DEEP REWRITE,,Template body: 100% of its phrasing is shared with 10+ articles; 0% is its own.,None. Queue order in BLOG_REWRITE_QUEUE.csv.,unknown,415eef9e-07f1-4e59-98d2-27e293d379d7,/blog/power-bi-for-beginners-your-first-report-in-1-hour,power-bi-for-beginners-your-first-report-in-1-hour,Power BI for Beginners: Your First Report in 1 Hour,power-bi,guide,tutorial,power bi report hour,"How does Power BI for Beginners work, and how do I apply it in practice?",beginners,"Answer ""How does Power BI for Beginners work, and how do I apply it in practice?"" for beginners, and hand readers who want structured training to /courses/power-bi.",power; beginners; first; report,,696,8,8,5,1,1,4,1,true,0,0,6,0,1,1,0.889,aggregations-in-power-bi-for-large-datasets,1,aggregations-in-power-bi-for-large-datasets,0.958,0,0,0,0,false,Arjun Nair,false,,2025-09-10,2025-09-10,,official-docs,Power BI documentation (Microsoft Learn) <https://learn.microsoft.com/en-us/power-bi/>,165,true,annotated screenshot,"Annotated screenshot of the feature in ""Power BI for Beginners"" in the product UI, taken from a demo file (no client data)."
339,P3,3,DEEP REWRITE,,Template body: 100% of its phrasing is shared with 10+ articles; 0% is its own.,None. Queue order in BLOG_REWRITE_QUEUE.csv.,unknown,dbb2d267-a1da-4c56-b8ed-5b4696787778,/blog/power-bi-gateway-explained-connecting-on-prem-data,power-bi-gateway-explained-connecting-on-prem-data,Power BI Gateway Explained: Connecting On-Prem Data,power-bi,guide,tutorial,power bi gateway connecting on-prem data,"What is Power BI Gateway, and how does it work?",analysts building Power BI reports,"Answer ""What is Power BI Gateway, and how does it work?"" for analysts building Power BI reports, and hand readers who want structured training to /courses/power-bi.",power; gateway; connecting; prem,,693,8,8,5,1,1,4,1,true,0,0,6,0,1,1,0.889,aggregations-in-power-bi-for-large-datasets,1,aggregations-in-power-bi-for-large-datasets,0.954,0,0,0,0,false,GloryTecks Team,true,,2026-02-19,2026-02-19,,official-docs,Power BI documentation (Microsoft Learn) <https://learn.microsoft.com/en-us/power-bi/>,165,true,annotated screenshot,"Annotated screenshot of the feature in ""Power BI Gateway Explained"" in the product UI, taken from a demo file (no client data)."
340,P3,3,DEEP REWRITE,,Template body: 100% of its phrasing is shared with 10+ articles; 0% is its own.,None. Queue order in BLOG_REWRITE_QUEUE.csv.,unknown,3ec9d7e8-7a28-4e59-a1e0-230b5f14d01a,/blog/power-bi-mobile-designing-reports-for-phones,power-bi-mobile-designing-reports-for-phones,Power BI Mobile: Designing Reports for Phones,power-bi,guide,tutorial,power bi mobile designing reports phones,"How does Power BI Mobile work, and how do I apply it in practice?",analysts building Power BI reports,"Answer ""How does Power BI Mobile work, and how do I apply it in practice?"" for analysts building Power BI reports, and hand readers who want structured training to /courses/power-bi.",power; mobile; designing; reports,,691,8,8,5,1,1,4,1,true,0,0,6,0,1,1,0.889,aggregations-in-power-bi-for-large-datasets,1,aggregations-in-power-bi-for-large-datasets,0.957,0,0,0,0,false,GloryTecks Team,true,,2025-11-27,2025-11-27,,official-docs,Power BI documentation (Microsoft Learn) <https://learn.microsoft.com/en-us/power-bi/>,159,true,annotated screenshot,"Annotated screenshot of the feature in ""Power BI Mobile"" in the product UI, taken from a demo file (no client data)."
341,P3,3,DEEP REWRITE,,Template body: 100% of its phrasing is shared with 10+ articles; 0% is its own.,None. Queue order in BLOG_REWRITE_QUEUE.csv.,unknown,352998fc-5836-45c1-8d93-4d991cbe236a,/blog/power-bi-relationships-one-to-many-and-cardinality,power-bi-relationships-one-to-many-and-cardinality,Power BI Relationships: One-to-Many and Cardinality,power-bi,guide,tutorial,power bi relationships one-to-many cardinality,"How does Power BI Relationships work, and how do I apply it in practice?",analysts building Power BI reports,"Answer ""How does Power BI Relationships work, and how do I apply it in practice?"" for analysts building Power BI reports, and hand readers who want structured training to /courses/power-bi.",power; relationships; one; many,,690,8,8,5,1,1,4,1,true,0,0,6,0,1,1,0.889,aggregations-in-power-bi-for-large-datasets,1,aggregations-in-power-bi-for-large-datasets,0.955,0,0,0,0,false,Arjun Nair,false,,2026-04-02,2026-04-02,,official-docs,Power BI documentation (Microsoft Learn) <https://learn.microsoft.com/en-us/power-bi/>,165,true,annotated screenshot,"Annotated screenshot of the feature in ""Power BI Relationships"" in the product UI, taken from a demo file (no client data)."
342,P3,3,DEEP REWRITE,,Template body: 99% of its phrasing is shared with 10+ articles; 1% is its own.,None. Queue order in BLOG_REWRITE_QUEUE.csv.,unknown,0c26d3c0-9b76-4a0e-a340-9ae33bcd5c90,/blog/power-bi-service-publishing-sharing-and-workspaces,power-bi-service-publishing-sharing-and-workspaces,"Power BI Service: Publishing, Sharing and Workspaces",power-bi,guide,tutorial,power bi service publishing sharing workspaces,"How does Power BI Service work, and how do I apply it in practice?",analysts building Power BI reports,"Answer ""How does Power BI Service work, and how do I apply it in practice?"" for analysts building Power BI reports, and hand readers who want structured training to /courses/power-bi.",power; service; publishing; sharing,,691,8,8,5,1,1,4,1,true,0,0,6,0.012,0.986,0.966,0.862,aggregations-in-power-bi-for-large-datasets,0.966,aggregations-in-power-bi-for-large-datasets,0.957,0,0,0,0,false,Arjun Nair,false,,2026-04-14,2026-04-14,,official-docs,Power BI documentation (Microsoft Learn) <https://learn.microsoft.com/en-us/power-bi/>,166,true,annotated screenshot,"Annotated screenshot of the feature in ""Power BI Service"" in the product UI, taken from a demo file (no client data)."
343,P3,3,DEEP REWRITE,,Template body: 100% of its phrasing is shared with 10+ articles; 0% is its own.,None. Queue order in BLOG_REWRITE_QUEUE.csv.,unknown,3a561532-b7ef-484f-b1b4-7e18da800aa3,/blog/power-bi-slicers-sync-hierarchies-and-best-practices,power-bi-slicers-sync-hierarchies-and-best-practices,"Power BI Slicers: Sync, Hierarchies and Best Practices",power-bi,guide,tutorial,power bi slicers sync hierarchies practices,"What are the best practices for Power BI Slicers, and why?",analysts building Power BI reports,"Answer ""What are the best practices for Power BI Slicers, and why?"" for analysts building Power BI reports, and hand readers who want structured training to /courses/power-bi.",power; slicers; sync; hierarchies,,692,8,8,5,1,1,4,1,true,0,0,6,0,1,1,0.889,aggregations-in-power-bi-for-large-datasets,1,aggregations-in-power-bi-for-large-datasets,0.955,0,0,0,0,false,Arjun Nair,false,,2025-10-28,2025-10-28,,official-docs,Power BI documentation (Microsoft Learn) <https://learn.microsoft.com/en-us/power-bi/>,168,true,annotated screenshot,"Annotated screenshot of the feature in ""Power BI Slicers"" in the product UI, taken from a demo file (no client data)."
344,P3,3,DEEP REWRITE,,Template body: 100% of its phrasing is shared with 10+ articles; 0% is its own.,None. Queue order in BLOG_REWRITE_QUEUE.csv.,unknown,1096e715-f3bf-433e-877f-a7bfeee37a05,/blog/power-bi-themes-and-branding-for-professional-reports,power-bi-themes-and-branding-for-professional-reports,Power BI Themes and Branding for Professional Reports,power-bi,guide,tutorial,power bi themes branding professional reports,"How does Power BI Themes and Branding for Professional Reports work, and how do I apply it in practice?",analysts building Power BI reports,"Answer ""How does Power BI Themes and Branding for Professional Reports work, and how do I apply it in practice?"" for analysts building Power BI reports, and hand readers who want structured training to /courses/power-bi.",power; themes; branding; professional,,702,8,8,5,1,1,4,1,true,0,0,6,0,1,1,0.889,aggregations-in-power-bi-for-large-datasets,1,aggregations-in-power-bi-for-large-datasets,0.954,0,0,0,0,false,GloryTecks Team,true,,2025-12-09,2025-12-09,,official-docs,Power BI documentation (Microsoft Learn) <https://learn.microsoft.com/en-us/power-bi/>,167,true,annotated screenshot,"Annotated screenshot of the feature in ""Power BI Themes and Branding for Professional Reports"" in the product UI, taken from a demo file (no client data)."
345,P3,3,DEEP REWRITE,,Template body: 100% of its phrasing is shared with 10+ articles; 0% is its own.,None. Queue order in BLOG_REWRITE_QUEUE.csv.,unknown,b9e42ce4-452d-4307-9811-0f458d861066,/blog/power-bi-tooltips-adding-context-to-visuals,power-bi-tooltips-adding-context-to-visuals,Power BI Tooltips: Adding Context to Visuals,power-bi,guide,tutorial,power bi tooltips adding context visuals,"How does Power BI Tooltips work, and how do I apply it in practice?",analysts building Power BI reports,"Answer ""How does Power BI Tooltips work, and how do I apply it in practice?"" for analysts building Power BI reports, and hand readers who want structured training to /courses/power-bi.",power; tooltips; adding; context,,691,8,8,5,1,1,4,1,true,0,0,6,0,1,1,0.889,aggregations-in-power-bi-for-large-datasets,1,aggregations-in-power-bi-for-large-datasets,0.957,0,0,0,0,false,Arjun Nair,false,,2025-12-27,2025-12-27,,official-docs,Power BI documentation (Microsoft Learn) <https://learn.microsoft.com/en-us/power-bi/>,158,true,annotated screenshot,"Annotated screenshot of the feature in ""Power BI Tooltips"" in the product UI, taken from a demo file (no client data)."
346,P3,3,DEEP REWRITE,,Template body: 99% of its phrasing is shared with 10+ articles; 0% is its own.,None. Queue order in BLOG_REWRITE_QUEUE.csv.,unknown,f18face6-f8ee-43e3-8ce0-b14d1d824e92,/blog/power-bi-vs-tableau-a-detailed-2026-comparison,power-bi-vs-tableau-a-detailed-2026-comparison,Power BI vs Tableau: A Detailed 2026 Comparison,power-bi,comparison,comparison,power bi tableau,"Should I use power bi or tableau, and in which situations does each one win?",analysts building Power BI reports,"Answer ""Should I use power bi or tableau, and in which situations does each one win?"" for analysts building Power BI reports, and hand readers who want structured training to /courses/power-bi.",power; tableau; detailed; comparison,/compare/power-bi-vs-tableau,488,5,4,3,1,0,4,0,true,0,0,3,0.003,0.995,0.995,0.526,power-bi-vs-excel-when-to-use-each-tool,0.995,power-bi-vs-excel-when-to-use-each-tool,0.925,0,0,0,0,false,Arjun Nair,false,,2025-11-09,2025-11-09,,official-docs,Power BI documentation (Microsoft Learn) <https://learn.microsoft.com/en-us/power-bi/>,154,true,comparison diagram,"Side-by-side diagram of where each option in ""Power BI vs Tableau"" sits in a typical workflow, with the deciding differences labelled."
347,P3,3,DEEP REWRITE,,Template body: 99% of its phrasing is shared with 10+ articles; 1% is its own.,None. Queue order in BLOG_REWRITE_QUEUE.csv.,unknown,a1896117-62a9-4924-b95d-4e498c7fe074,/blog/power-bi-vs-tableau-vs-looker-a-2026-comparison,power-bi-vs-tableau-vs-looker-a-2026-comparison,Power BI vs Tableau vs Looker: A 2026 Comparison,data-analytics,comparison,comparison,power bi tableau looker,"Should I use looker or power bi or tableau, and in which situations does each one win?",aspiring and junior data analysts,"Answer ""Should I use looker or power bi or tableau, and in which situations does each one win?"" for aspiring and junior data analysts, and hand readers who want structured training to /courses/data-analytics.",power; tableau; looker; comparison,,482,5,4,3,1,0,4,0,true,0,0,3,0.005,0.992,0.992,0.53,excel-vs-power-bi-which-should-you-learn-first,0.992,excel-vs-power-bi-which-should-you-learn-first,0.919,0,0,0,0,false,GloryTecks Team,true,,2026-03-15,2026-04-17,,official-docs,Power BI documentation (Microsoft Learn) <https://learn.microsoft.com/en-us/power-bi/>,161,true,comparison diagram,"Side-by-side diagram of where each option in ""Power BI vs Tableau vs Looker"" sits in a typical workflow, with the deciding differences labelled."
348,P3,3,DEEP REWRITE,,Template body: 100% of its phrasing is shared with 10+ articles; 0% is its own.,None. Queue order in BLOG_REWRITE_QUEUE.csv.,unknown,7d9fd8dc-46d8-4489-9e43-95e2b11d277f,/blog/power-query-m-language-basics-for-beginners,power-query-m-language-basics-for-beginners,Power Query M Language Basics for Beginners,power-bi,guide,tutorial,power query language,"What is Power Query M Language, and how does it work?",beginners,"Answer ""What is Power Query M Language, and how does it work?"" for beginners, and hand readers who want structured training to /courses/power-bi.",power; query; language; basics,,699,8,8,5,1,1,4,1,true,0,0,6,0,1,1,0.889,aggregations-in-power-bi-for-large-datasets,1,aggregations-in-power-bi-for-large-datasets,0.972,0,0,0,0,false,Arjun Nair,false,,2026-02-01,2026-02-01,,official-docs,Power Query documentation (Microsoft Learn) <https://learn.microsoft.com/en-us/power-query/>,157,true,annotated screenshot,"Annotated screenshot of the feature in ""Power Query M Language Basics for Beginners"" in the product UI, taken from a demo file (no client data)."
349,P3,3,DEEP REWRITE,,Template body: 100% of its phrasing is shared with 10+ articles; 0% is its own.,None. Queue order in BLOG_REWRITE_QUEUE.csv.,unknown,dfd6e4b1-074e-4822-b61f-52f3aa65d16a,/blog/probability-interview-questions-for-data-science,probability-interview-questions-for-data-science,Probability Interview Questions for Data Science,interview-questions,interview,interview,probability,"What does an interviewer ask about Probability for Data Science, and what does a strong answer contain?",data science,"Answer ""What does an interviewer ask about Probability for Data Science, and what does a strong answer contain?"" for data science, and hand readers who want structured training to /courses/data-science.",probability; interview; questions; data,,517,4,3,2,0,0,9,0,true,0,0,3,0.002,0.998,0.998,0.983,azure-data-factory-adf-interview-questions,0.998,azure-data-factory-adf-interview-questions,0.991,0,0,0,0,false,Priya Sharma,false,,2026-01-04,2026-01-04,,none-identified,,182,false,none,No image needed; the value is in the questions and answers. Optional: one diagram for the hardest concept explained.
350,P3,3,DEEP REWRITE,,Template body: 100% of its phrasing is shared with 10+ articles; 0% is its own.,None. Queue order in BLOG_REWRITE_QUEUE.csv.,unknown,11a54a99-36b2-4a0c-b83d-78e85c431a35,/blog/production-ml-systems-architecture-and-best-practices,production-ml-systems-architecture-and-best-practices,Production ML Systems: Architecture and Best Practices,mlops,guide,tutorial,production ml systems architecture practices,"What are the best practices for Production ML Systems, and why?",data scientists and engineers moving models to production,"Answer ""What are the best practices for Production ML Systems, and why?"" for data scientists and engineers moving models to production, and hand readers who want structured training to /courses/mlops.",production; systems; architecture; best,,665,8,8,5,1,1,4,1,true,0,0,6,0,1,1,0.9,a-b-testing-ml-models-in-production,1,a-b-testing-ml-models-in-production,0.965,0,0,0,0,false,Sneha Reddy,false,,2026-05-07,2026-05-07,,none-identified,,165,true,architecture diagram,"Diagram of the components in ""Production ML Systems"" and how data or requests flow between them."
351,P3,3,DEEP REWRITE,,Template body: 100% of its phrasing is shared with 10+ articles; 0% is its own.,None. Queue order in BLOG_REWRITE_QUEUE.csv.,unknown,a618619e-4f93-47d3-89ab-d084e486fbbd,/blog/prometheus-and-grafana-for-ml-monitoring,prometheus-and-grafana-for-ml-monitoring,Prometheus and Grafana for ML Monitoring,mlops,guide,tutorial,prometheus grafana ml monitoring,"How does Prometheus and Grafana for ML Monitoring work, and how do I apply it in practice?",data scientists and engineers moving models to production,"Answer ""How does Prometheus and Grafana for ML Monitoring work, and how do I apply it in practice?"" for data scientists and engineers moving models to production, and hand readers who want structured training to /courses/mlops.",prometheus; grafana; monitoring,,670,8,8,5,1,1,4,1,true,0,0,6,0,1,1,0.9,a-b-testing-ml-models-in-production,1,a-b-testing-ml-models-in-production,0.957,0,0,0,0,false,Ravi Kumar,false,,2025-10-09,2025-10-09,,none-identified,,151,true,concept diagram,"One diagram that explains the central idea of ""Prometheus and Grafana for ML Monitoring"" — the parts and how they relate."
352,P3,3,DEEP REWRITE,,Template body: 100% of its phrasing is shared with 10+ articles; 0% is its own.,None. Queue order in BLOG_REWRITE_QUEUE.csv.,unknown,760a1f1f-962f-4426-a4db-1582af0025f4,/blog/prompt-injection-and-llm-security-what-you-need-to-know,prompt-injection-and-llm-security-what-you-need-to-know,Prompt Injection and LLM Security: What You Need to Know,generative-ai,guide,tutorial,prompt injection llm security,"How does Prompt Injection and LLM Security work, and how do I apply it in practice?",developers building with LLMs,"Answer ""How does Prompt Injection and LLM Security work, and how do I apply it in practice?"" for developers building with LLMs, and hand readers who want structured training to /courses/gen-ai.",prompt; injection; llm; security,,696,8,8,5,1,1,4,1,true,0,0,6,0,1,1,0.897,ai-agents-guide-how-autonomous-agents-actually-work,1,ai-agents-guide-how-autonomous-agents-actually-work,0.949,0,0,0,0,false,GloryTecks Team,true,,2026-01-15,2026-01-15,,none-identified,,175,true,concept diagram,"One diagram that explains the central idea of ""Prompt Injection and LLM Security"" — the parts and how they relate."
353,P3,3,DEEP REWRITE,,Template body: 100% of its phrasing is shared with 10+ articles; 0% is its own.,None. Queue order in BLOG_REWRITE_QUEUE.csv.,unknown,5130f2dc-04fe-4df6-9d5c-db309461c983,/blog/prompt-templates-and-versioning-managing-prompts-at-scale,prompt-templates-and-versioning-managing-prompts-at-scale,Prompt Templates and Versioning: Managing Prompts at Scale,generative-ai,guide,tutorial,prompt templates versioning managing prompts scale,"How does Prompt Templates and Versioning work, and how do I apply it in practice?",developers building with LLMs,"Answer ""How does Prompt Templates and Versioning work, and how do I apply it in practice?"" for developers building with LLMs, and hand readers who want structured training to /courses/gen-ai.",prompt; templates; versioning; managing,,692,8,8,5,1,1,4,1,true,0,0,6,0,1,1,0.897,ai-agents-guide-how-autonomous-agents-actually-work,1,ai-agents-guide-how-autonomous-agents-actually-work,0.953,0,0,0,0,false,Ravi Kumar,false,,2025-09-11,2025-09-11,,none-identified,,177,true,concept diagram,"One diagram that explains the central idea of ""Prompt Templates and Versioning"" — the parts and how they relate."
354,P3,3,DEEP REWRITE,,Template body: 100% of its phrasing is shared with 10+ articles; 0% is its own.,None. Queue order in BLOG_REWRITE_QUEUE.csv.,unknown,d93f55a5-2d8c-4ad5-8b34-35ce4ab996b5,/blog/pub-sub-to-dataflow-to-bigquery-a-streaming-pattern,pub-sub-to-dataflow-to-bigquery-a-streaming-pattern,Pub/Sub to Dataflow to BigQuery: A Streaming Pattern,gcp,guide,tutorial,pub sub dataflow bigquery streaming pattern,"How does Pub/Sub to Dataflow to BigQuery work, and how do I apply it in practice?",data engineers working on Google Cloud,"Answer ""How does Pub/Sub to Dataflow to BigQuery work, and how do I apply it in practice?"" for data engineers working on Google Cloud, and hand readers who want structured training to /courses/data-engineering.",pub; sub; dataflow; bigquery,,667,8,8,5,1,1,4,1,true,0,0,6,0,1,1,0.862,biglake-and-external-tables-in-bigquery,1,biglake-and-external-tables-in-bigquery,0.959,0,0,0,0,false,GloryTecks Team,true,,2025-12-07,2025-12-07,,official-docs,BigQuery documentation <https://cloud.google.com/bigquery/docs>,161,true,architecture diagram,"Diagram of the components in ""Pub/Sub to Dataflow to BigQuery"" and how data or requests flow between them."
355,P3,3,DEEP REWRITE,,Template body: 100% of its phrasing is shared with 10+ articles; 0% is its own.,None. Queue order in BLOG_REWRITE_QUEUE.csv.,unknown,bf18109d-3e26-412f-9165-b47b17673d33,/blog/pydantic-explained-data-validation-in-python,pydantic-explained-data-validation-in-python,Pydantic Explained: Data Validation in Python,python,guide,tutorial,pydantic data validation python,"What is Pydantic, and how does it work?",Python learners heading into data work,"Answer ""What is Pydantic, and how does it work?"" for Python learners heading into data work, and hand readers who want structured training to /courses/python-programming.",pydantic; data; validation,,646,8,8,5,1,1,4,1,true,0,0,6,0,1,1,0.869,async-programming-in-python-asyncio-explained,1,async-programming-in-python-asyncio-explained,0.97,0,0,0,0,false,GloryTecks Team,true,,2025-09-17,2025-09-17,,official-docs,Python documentation <https://docs.python.org/3/>,157,true,code output screenshot or diagram,"Worked example for ""Pydantic Explained"": the input, the code's key step, and the resulting output side by side."
356,P3,3,DEEP REWRITE,,Template body: 100% of its phrasing is shared with 10+ articles; 0% is its own.,None. Queue order in BLOG_REWRITE_QUEUE.csv.,unknown,b63e7d74-670c-45b9-9235-f8a40ba07cab,/blog/pyspark-tutorial-dataframes-transformations-and-actions,pyspark-tutorial-dataframes-transformations-and-actions,"PySpark Tutorial: DataFrames, Transformations and Actions",data-engineering,guide,tutorial,pyspark dataframes transformations actions,"How does PySpark Tutorial work, and how do I apply it in practice?",aspiring and junior data engineers,"Answer ""How does PySpark Tutorial work, and how do I apply it in practice?"" for aspiring and junior data engineers, and hand readers who want structured training to /courses/data-engineering.",pyspark; tutorial; dataframes; transformations,,671,8,8,5,1,1,4,1,true,0,0,6,0,1,1,0.816,airflow-tutorial-orchestrating-data-pipelines,1,airflow-tutorial-orchestrating-data-pipelines,0.97,0,0,0,0,false,Sneha Reddy,false,,2026-05-07,2026-06-15,,official-docs,Apache Spark documentation <https://spark.apache.org/docs/latest/>,179,true,code output screenshot or diagram,"Worked example for ""PySpark Tutorial"": the input, the code's key step, and the resulting output side by side."
357,P3,3,DEEP REWRITE,,Template body: 99% of its phrasing is shared with 10+ articles; 0% is its own.,None. Queue order in BLOG_REWRITE_QUEUE.csv.,unknown,0db55933-b6b8-47b3-9a74-cd0d530a678c,/blog/pyspark-vs-pandas-when-to-use-which,pyspark-vs-pandas-when-to-use-which,PySpark vs Pandas: When to Use Which,data-engineering,comparison,comparison,pyspark pandas,"Should I use pandas or pyspark, and in which situations does each one win?",aspiring and junior data engineers,"Answer ""Should I use pandas or pyspark, and in which situations does each one win?"" for aspiring and junior data engineers, and hand readers who want structured training to /courses/data-engineering.",pyspark; pandas; when; use,,474,5,4,3,1,0,4,0,true,0,0,3,0.003,0.995,0.99,0.604,data-engineering-vs-data-science-roles-compared,0.99,data-engineering-vs-data-science-roles-compared,0.934,0,0,0,0,false,Sneha Reddy,false,,2025-10-03,2025-11-12,,official-docs,Apache Spark documentation <https://spark.apache.org/docs/latest/>,151,true,comparison diagram,"Side-by-side diagram of where each option in ""PySpark vs Pandas"" sits in a typical workflow, with the deciding differences labelled."
358,P3,3,DEEP REWRITE,,Template body: 99% of its phrasing is shared with 10+ articles; 1% is its own.,None. Queue order in BLOG_REWRITE_QUEUE.csv.,unknown,6bda2353-932a-41de-a822-ca6f85f633e0,/blog/python-args-and-kwargs-explained-clearly,python-args-and-kwargs-explained-clearly,Python *args and **kwargs Explained Clearly,python,guide,tutorial,python args kwargs clearly,"What is Python *args and **kwargs, and how does it work?",Python learners heading into data work,"Answer ""What is Python *args and **kwargs, and how does it work?"" for Python learners heading into data work, and hand readers who want structured training to /courses/python-programming.",args; kwargs; clearly,,654,8,8,5,1,1,4,1,true,0,0,6,0.012,0.988,0.986,0.857,async-programming-in-python-asyncio-explained,0.986,async-programming-in-python-asyncio-explained,0.956,0,0,0,0,false,GloryTecks Team,true,,2026-03-04,2026-03-04,,official-docs,Python documentation <https://docs.python.org/3/>,155,true,code output screenshot or diagram,"Worked example for ""Python *args and **kwargs Explained Clearly"": the input, the code's key step, and the resulting output side by side."
359,P3,3,DEEP REWRITE,,Template body: 100% of its phrasing is shared with 10+ articles; 0% is its own.,None. Queue order in BLOG_REWRITE_QUEUE.csv.,unknown,c8618c10-99b8-48fd-b3e7-5d1ab1bc0d10,/blog/python-best-practices-writing-pythonic-code,python-best-practices-writing-pythonic-code,Python Best Practices: Writing Pythonic Code,python,guide,tutorial,python practices writing pythonic code,"What are the best practices for Python, and why?",Python learners heading into data work,"Answer ""What are the best practices for Python, and why?"" for Python learners heading into data work, and hand readers who want structured training to /courses/python-programming.",best; practices; writing,,648,8,8,5,1,1,4,1,true,0,0,6,0,1,1,0.869,async-programming-in-python-asyncio-explained,1,async-programming-in-python-asyncio-explained,0.958,0,0,0,0,false,GloryTecks Team,true,,2025-11-28,2025-11-28,,official-docs,Python documentation <https://docs.python.org/3/>,156,true,code output screenshot or diagram,"Worked example for ""Python Best Practices"": the input, the code's key step, and the resulting output side by side."
360,P3,3,DEEP REWRITE,,Template body: 100% of its phrasing is shared with 10+ articles; 0% is its own.,None. Queue order in BLOG_REWRITE_QUEUE.csv.,unknown,7a9cfc36-a90a-46e5-bcef-b2064e99da7b,/blog/python-coding-challenges-to-practice-for-interviews,python-coding-challenges-to-practice-for-interviews,Python Coding Challenges to Practice for Interviews,python,guide,tutorial,python coding challenges practice interviews,"How does Python Coding Challenges to Practice for Interviews work, and how do I apply it in practice?",Python learners heading into data work,"Answer ""How does Python Coding Challenges to Practice for Interviews work, and how do I apply it in practice?"" for Python learners heading into data work, and hand readers who want structured training to /courses/python-programming.",coding; challenges; practice,,657,8,8,5,1,1,4,1,true,0,0,6,0,1,1,0.869,async-programming-in-python-asyncio-explained,1,async-programming-in-python-asyncio-explained,0.954,0,0,0,0,false,Ravi Kumar,false,,2025-09-23,2025-09-23,,official-docs,Python documentation <https://docs.python.org/3/>,163,true,code output screenshot or diagram,"Worked example for ""Python Coding Challenges to Practice for Interviews"": the input, the code's key step, and the resulting output side by side."
361,P3,3,DEEP REWRITE,,Template body: 100% of its phrasing is shared with 10+ articles; 0% is its own.,None. Queue order in BLOG_REWRITE_QUEUE.csv.,unknown,d28ad22e-481a-4b44-a126-c04c9a018660,/blog/python-decorators-explained-with-real-examples,python-decorators-explained-with-real-examples,Python Decorators Explained with Real Examples,python,guide,tutorial,python decorators real examples,"What is Python Decorators, and how does it work?",Python learners heading into data work,"Answer ""What is Python Decorators, and how does it work?"" for Python learners heading into data work, and hand readers who want structured training to /courses/python-programming.",decorators; real; examples,,654,8,8,5,1,1,4,1,true,0,0,6,0,1,1,0.869,async-programming-in-python-asyncio-explained,1,async-programming-in-python-asyncio-explained,0.956,0,0,0,0,false,GloryTecks Team,true,,2026-04-09,2026-04-09,,official-docs,Python documentation <https://docs.python.org/3/>,158,true,code output screenshot or diagram,"Worked example for ""Python Decorators Explained with Real Examples"": the input, the code's key step, and the resulting output side by side."
362,P3,3,DEEP REWRITE,,Template body: 99% of its phrasing is shared with 10+ articles; 1% is its own.,None. Queue order in BLOG_REWRITE_QUEUE.csv.,unknown,12438fac-dec5-41fc-8c30-2c0347844f5d,/blog/python-decorators-vs-context-managers-when-to-use-each,python-decorators-vs-context-managers-when-to-use-each,Python Decorators vs Context Managers: When to Use Each,python,comparison,comparison,python decorators context managers,"Should I use context managers or python decorators, and in which situations does each one win?",Python learners heading into data work,"Answer ""Should I use context managers or python decorators, and in which situations does each one win?"" for Python learners heading into data work, and hand readers who want structured training to /courses/python-programming.",decorators; context; managers,,474,5,4,3,1,0,4,0,true,0,0,3,0.005,0.995,0.987,0.526,flask-vs-fastapi-vs-django-which-to-choose-in-2026,0.987,flask-vs-fastapi-vs-django-which-to-choose-in-2026,0.927,0,0,0,0,false,Ravi Kumar,false,,2025-12-28,2025-12-28,,official-docs,Python documentation <https://docs.python.org/3/>,160,true,comparison diagram,"Side-by-side diagram of where each option in ""Python Decorators vs Context Managers"" sits in a typical workflow, with the deciding differences labelled."
363,P3,3,DEEP REWRITE,,Template body: 100% of its phrasing is shared with 10+ articles; 0% is its own.,None. Queue order in BLOG_REWRITE_QUEUE.csv.,unknown,71e0b966-419f-4e2b-b91c-a19b6b16c74a,/blog/python-f-strings-formatting-done-right,python-f-strings-formatting-done-right,Python f-Strings: Formatting Done Right,python,guide,tutorial,python f-strings formatting done,"How does Python f-Strings work, and how do I apply it in practice?",Python learners heading into data work,"Answer ""How does Python f-Strings work, and how do I apply it in practice?"" for Python learners heading into data work, and hand readers who want structured training to /courses/python-programming.",strings; formatting; done,,645,8,8,5,1,1,4,1,true,0,0,6,0,1,1,0.869,async-programming-in-python-asyncio-explained,1,async-programming-in-python-asyncio-explained,0.958,0,0,0,0,false,Ravi Kumar,false,,2026-01-21,2026-01-21,,official-docs,Python documentation <https://docs.python.org/3/>,151,true,code output screenshot or diagram,"Worked example for ""Python f-Strings"": the input, the code's key step, and the resulting output side by side."
364,P3,3,DEEP REWRITE,,Template body: 100% of its phrasing is shared with 10+ articles; 0% is its own.,None. Queue order in BLOG_REWRITE_QUEUE.csv.,unknown,7d380389-f5d7-4fb2-b34d-be2828ad0063,/blog/python-generators-and-iterators-made-simple,python-generators-and-iterators-made-simple,Python Generators and Iterators Made Simple,python,guide,tutorial,python generators iterators simple,"How does Python Generators and Iterators Made Simple work, and how do I apply it in practice?",Python learners heading into data work,"Answer ""How does Python Generators and Iterators Made Simple work, and how do I apply it in practice?"" for Python learners heading into data work, and hand readers who want structured training to /courses/python-programming.",generators; iterators; made,,654,8,8,5,1,1,4,1,true,0,0,6,0,1,1,0.869,async-programming-in-python-asyncio-explained,1,async-programming-in-python-asyncio-explained,0.956,0,0,0,0,false,Ravi Kumar,false,,2026-04-03,2026-04-03,,official-docs,Python documentation <https://docs.python.org/3/>,155,true,code output screenshot or diagram,"Worked example for ""Python Generators and Iterators Made Simple"": the input, the code's key step, and the resulting output side by side."
365,P3,3,DEEP REWRITE,,Template body: 99% of its phrasing is shared with 10+ articles; 1% is its own.,None. Queue order in BLOG_REWRITE_QUEUE.csv.,unknown,6720186f-8f88-4738-b509-b57b93c85555,/blog/python-iterators-vs-generators-vs-comprehensions,python-iterators-vs-generators-vs-comprehensions,Python Iterators vs Generators vs Comprehensions,python,comparison,comparison,python iterators generators comprehensions,"Should I use comprehensions or generators or python iterators, and in which situations does each one win?",Python learners heading into data work,"Answer ""Should I use comprehensions or generators or python iterators, and in which situations does each one win?"" for Python learners heading into data work, and hand readers who want structured training to /courses/python-programming.",iterators; generators; comprehensions,,472,5,4,3,1,0,4,0,true,0,0,3,0.008,0.992,0.987,0.525,python-decorators-vs-context-managers-when-to-use-each,0.987,python-decorators-vs-context-managers-when-to-use-each,0.934,0,0,0,0,false,Ravi Kumar,false,,2025-10-05,2025-10-05,,official-docs,Python documentation <https://docs.python.org/3/>,153,true,comparison diagram,"Side-by-side diagram of where each option in ""Python Iterators vs Generators vs Comprehensions"" sits in a typical workflow, with the deciding differences labelled."
366,P3,3,DEEP REWRITE,,Template body: 99% of its phrasing is shared with 10+ articles; 1% is its own.,None. Queue order in BLOG_REWRITE_QUEUE.csv.,unknown,58ffec7c-fc6d-44cb-ae65-5eb3fad8cb92,/blog/python-lists-vs-tuples-vs-sets-vs-dictionaries,python-lists-vs-tuples-vs-sets-vs-dictionaries,Python Lists vs Tuples vs Sets vs Dictionaries,python,comparison,comparison,python lists tuples sets dictionaries,"Should I use dictionaries or python lists or sets or tuples, and in which situations does each one win?",Python learners heading into data work,"Answer ""Should I use dictionaries or python lists or sets or tuples, and in which situations does each one win?"" for Python learners heading into data work, and hand readers who want structured training to /courses/python-programming.",lists; tuples; sets,,476,5,4,3,1,0,4,0,true,0,0,3,0.013,0.987,0.982,0.523,python-decorators-vs-context-managers-when-to-use-each,0.982,python-decorators-vs-context-managers-when-to-use-each,0.927,0,0,0,0,false,GloryTecks Team,true,,2026-04-21,2026-04-21,,official-docs,Python documentation <https://docs.python.org/3/>,151,true,comparison diagram,"Side-by-side diagram of where each option in ""Python Lists vs Tuples vs Sets vs Dictionaries"" sits in a typical workflow, with the deciding differences labelled."
367,P3,3,DEEP REWRITE,,Template body: 100% of its phrasing is shared with 10+ articles; 0% is its own.,None. Queue order in BLOG_REWRITE_QUEUE.csv.,unknown,de0d21d1-77c5-459a-8f8d-4b1bcfa9eb32,/blog/python-memory-management-and-garbage-collection,python-memory-management-and-garbage-collection,Python Memory Management and Garbage Collection,python,guide,tutorial,python memory management garbage collection,"How does Python Memory Management and Garbage Collection work, and how do I apply it in practice?",Python learners heading into data work,"Answer ""How does Python Memory Management and Garbage Collection work, and how do I apply it in practice?"" for Python learners heading into data work, and hand readers who want structured training to /courses/python-programming.",memory; management; garbage,,654,8,8,5,1,1,4,1,true,0,0,6,0,1,1,0.869,async-programming-in-python-asyncio-explained,1,async-programming-in-python-asyncio-explained,0.956,0,0,0,0,false,Ravi Kumar,false,,2025-12-16,2025-12-16,,official-docs,Python documentation <https://docs.python.org/3/>,159,true,code output screenshot or diagram,"Worked example for ""Python Memory Management and Garbage Collection"": the input, the code's key step, and the resulting output side by side."
368,P3,3,DEEP REWRITE,,Template body: 100% of its phrasing is shared with 10+ articles; 0% is its own.,None. Queue order in BLOG_REWRITE_QUEUE.csv.,unknown,0d1a0303-775d-48dc-8cf6-dde91b8b809d,/blog/python-string-methods-every-developer-should-know,python-string-methods-every-developer-should-know,Python String Methods Every Developer Should Know,python,guide,tutorial,python string methods every development,"How does Python String Methods Every Developer Should Know work, and how do I apply it in practice?",Python learners heading into data work,"Answer ""How does Python String Methods Every Developer Should Know work, and how do I apply it in practice?"" for Python learners heading into data work, and hand readers who want structured training to /courses/python-programming.",string; methods; developer,,657,8,8,5,1,1,4,1,true,0,0,6,0,1,1,0.869,async-programming-in-python-asyncio-explained,1,async-programming-in-python-asyncio-explained,0.988,0,0,0,0,false,GloryTecks Team,true,,2026-02-20,2026-02-20,,official-docs,Python documentation <https://docs.python.org/3/>,161,true,code output screenshot or diagram,"Worked example for ""Python String Methods Every Developer Should Know"": the input, the code's key step, and the resulting output side by side."
369,P3,3,DEEP REWRITE,,Template body: 100% of its phrasing is shared with 10+ articles; 0% is its own.,None. Queue order in BLOG_REWRITE_QUEUE.csv.,unknown,d6c2cddc-a509-4d91-9cab-433ef3a80018,/blog/python-type-hints-writing-cleaner-safer-code,python-type-hints-writing-cleaner-safer-code,"Python Type Hints: Writing Cleaner, Safer Code",python,guide,tutorial,python type hints writing cleaner safer code,"How does Python Type Hints work, and how do I apply it in practice?",Python learners heading into data work,"Answer ""How does Python Type Hints work, and how do I apply it in practice?"" for Python learners heading into data work, and hand readers who want structured training to /courses/python-programming.",type; hints; writing,,649,8,8,5,1,1,4,1,true,0,0,6,0,1,1,0.869,async-programming-in-python-asyncio-explained,1,async-programming-in-python-asyncio-explained,0.956,0,0,0,0,false,Ravi Kumar,false,,2026-01-09,2026-01-09,,official-docs,Python documentation <https://docs.python.org/3/>,158,true,code output screenshot or diagram,"Worked example for ""Python Type Hints"": the input, the code's key step, and the resulting output side by side."
370,P3,3,DEEP REWRITE,,Template body: 100% of its phrasing is shared with 10+ articles; 0% is its own.,None. Queue order in BLOG_REWRITE_QUEUE.csv.,unknown,df881e22-a523-4bc3-904c-7f80d4590def,/blog/redshift-performance-tuning-distribution-and-sort-keys,redshift-performance-tuning-distribution-and-sort-keys,Redshift Performance Tuning: Distribution and Sort Keys,aws,guide,tutorial,redshift performance tuning distribution sort keys,"How does Redshift Performance Tuning work, and how do I apply it in practice?",data engineers working on AWS,"Answer ""How does Redshift Performance Tuning work, and how do I apply it in practice?"" for data engineers working on AWS, and hand readers who want structured training to /courses/data-engineering.",redshift; performance; tuning; distribution,,679,8,8,5,1,1,4,1,true,0,0,6,0,1,1,0.873,amazon-dynamodb-explained-for-beginners,1,amazon-dynamodb-explained-for-beginners,0.956,0,0,0,0,false,GloryTecks Team,true,,2025-10-31,2025-11-23,,official-docs,Amazon Redshift documentation <https://docs.aws.amazon.com/redshift/>,164,true,concept diagram,"One diagram that explains the central idea of ""Redshift Performance Tuning"" — the parts and how they relate."
371,P3,3,DEEP REWRITE,,Template body: 100% of its phrasing is shared with 10+ articles; 0% is its own.,None. Queue order in BLOG_REWRITE_QUEUE.csv.,unknown,7f141f7e-cb1f-4772-80ca-f0c96de72f14,/blog/redshift-spectrum-querying-s3-from-redshift,redshift-spectrum-querying-s3-from-redshift,Redshift Spectrum: Querying S3 from Redshift,aws,guide,tutorial,redshift spectrum querying s3,"How does Redshift Spectrum work, and how do I apply it in practice?",data engineers working on AWS,"Answer ""How does Redshift Spectrum work, and how do I apply it in practice?"" for data engineers working on AWS, and hand readers who want structured training to /courses/data-engineering.",redshift; spectrum; querying,,676,8,8,5,1,1,4,1,true,0,0,6,0,1,1,0.873,amazon-dynamodb-explained-for-beginners,1,amazon-dynamodb-explained-for-beginners,0.962,0,0,0,0,false,Sneha Reddy,false,,2026-01-17,2026-02-13,,official-docs,Amazon S3 User Guide <https://docs.aws.amazon.com/AmazonS3/latest/userguide/>,153,true,code output screenshot or diagram,"Worked example for ""Redshift Spectrum"": the input, the code's key step, and the resulting output side by side."
372,P3,3,DEEP REWRITE,,Template body: 100% of its phrasing is shared with 10+ articles; 0% is its own.,None. Queue order in BLOG_REWRITE_QUEUE.csv.,unknown,6c508b0a-d7e6-40af-92e3-8622b9d693e2,/blog/regular-expressions-in-python-a-practical-guide,regular-expressions-in-python-a-practical-guide,Regular Expressions in Python: A Practical Guide,python,guide,tutorial,regular expressions python,"How does Regular Expressions in Python work, and how do I apply it in practice?",Python learners heading into data work,"Answer ""How does Regular Expressions in Python work, and how do I apply it in practice?"" for Python learners heading into data work, and hand readers who want structured training to /courses/python-programming.",regular; expressions; practical,,651,8,8,5,1,1,4,1,true,0,0,6,0,1,1,0.869,async-programming-in-python-asyncio-explained,1,async-programming-in-python-asyncio-explained,0.974,0,0,0,0,false,GloryTecks Team,true,,2025-12-10,2025-12-10,,official-docs,Python documentation <https://docs.python.org/3/>,160,true,code output screenshot or diagram,"Worked example for ""Regular Expressions in Python"": the input, the code's key step, and the resulting output side by side."
373,P3,3,DEEP REWRITE,,Template body: 100% of its phrasing is shared with 10+ articles; 0% is its own.,None. Queue order in BLOG_REWRITE_QUEUE.csv.,unknown,74a2fb9b-d043-44be-a9c3-9b12ea1ab0bb,/blog/rest-api-interview-questions-and-answers,rest-api-interview-questions-and-answers,REST API Interview Questions and Answers,interview-questions,interview,interview,rest api,"What does an interviewer ask about REST API, and what does a strong answer contain?",candidates preparing for data interviews,"Answer ""What does an interviewer ask about REST API, and what does a strong answer contain?"" for candidates preparing for data interviews, and hand readers who want structured training to /courses/data-science.",rest; api; interview; questions,,517,4,3,2,0,0,9,0,true,0,0,3,0.002,0.998,0.998,0.983,azure-data-factory-adf-interview-questions,0.998,azure-data-factory-adf-interview-questions,0.989,0,0,0,0,false,Priya Sharma,false,,2025-11-29,2025-11-29,,none-identified,,174,false,none,No image needed; the value is in the questions and answers. Optional: one diagram for the hardest concept explained.
374,P3,3,DEEP REWRITE,,Template body: 100% of its phrasing is shared with 10+ articles; 0% is its own.,None. Queue order in BLOG_REWRITE_QUEUE.csv.,unknown,6cc86ea3-a38c-4938-b30a-43704261d261,/blog/row-level-security-rls-in-power-bi-a-complete-guide,row-level-security-rls-in-power-bi-a-complete-guide,Row-Level Security (RLS) in Power BI: A Complete Guide,power-bi,guide,tutorial,row-level security rls power bi,"How does Row-Level Security (RLS) in Power BI work, and how do I apply it in practice?",analysts building Power BI reports,"Answer ""How does Row-Level Security (RLS) in Power BI work, and how do I apply it in practice?"" for analysts building Power BI reports, and hand readers who want structured training to /courses/power-bi.",row; level; security; rls,,699,8,8,5,1,1,4,1,true,0,0,6,0,1,1,0.889,aggregations-in-power-bi-for-large-datasets,1,aggregations-in-power-bi-for-large-datasets,0.963,0,0,0,0,false,Arjun Nair,false,,2026-04-26,2026-04-26,,official-docs,Power BI documentation (Microsoft Learn) <https://learn.microsoft.com/en-us/power-bi/>,168,true,annotated screenshot,"Annotated screenshot of the feature in ""Row-Level Security (RLS) in Power BI"" in the product UI, taken from a demo file (no client data)."
375,P3,3,DEEP REWRITE,,Template body: 100% of its phrasing is shared with 10+ articles; 0% is its own.,None. Queue order in BLOG_REWRITE_QUEUE.csv.,unknown,5c9bb7f0-070f-4396-ac42-7e55fd68e633,/blog/s3-lifecycle-policies-and-storage-cost-savings,s3-lifecycle-policies-and-storage-cost-savings,S3 Lifecycle Policies and Storage Cost Savings,aws,guide,tutorial,s3 lifecycle policies storage cost savings,"How does S3 Lifecycle Policies and Storage Cost Savings work, and how do I apply it in practice?",data engineers working on AWS,"Answer ""How does S3 Lifecycle Policies and Storage Cost Savings work, and how do I apply it in practice?"" for data engineers working on AWS, and hand readers who want structured training to /courses/data-engineering.",lifecycle; policies; storage; cost,,687,8,8,5,1,1,4,1,true,0,0,6,0,1,1,0.873,amazon-dynamodb-explained-for-beginners,1,amazon-dynamodb-explained-for-beginners,0.954,0,0,0,0,false,GloryTecks Team,true,,2025-10-07,2025-11-07,,official-docs,Amazon S3 User Guide <https://docs.aws.amazon.com/AmazonS3/latest/userguide/>,155,true,architecture diagram,"Diagram of the components in ""S3 Lifecycle Policies and Storage Cost Savings"" and how data or requests flow between them."
376,P3,3,DEEP REWRITE,,Template body: 99% of its phrasing is shared with 10+ articles; 1% is its own.,None. Queue order in BLOG_REWRITE_QUEUE.csv.,unknown,069e71b9-fc55-4f69-9e3e-c37a3e5dfb40,/blog/s3-vs-ebs-vs-efs-aws-storage-compared,s3-vs-ebs-vs-efs-aws-storage-compared,S3 vs EBS vs EFS: AWS Storage Compared,aws,comparison,comparison,s3 ebs efs aws storage,"Should I use ebs or efs or s3, and in which situations does each one win?",data engineers working on AWS,"Answer ""Should I use ebs or efs or s3, and in which situations does each one win?"" for data engineers working on AWS, and hand readers who want structured training to /courses/data-engineering.",ebs; efs; storage,,483,5,4,3,1,0,4,0,true,0,0,3,0.008,0.992,0.987,0.527,athena-vs-redshift-when-to-use-each,0.987,athena-vs-redshift-when-to-use-each,0.924,0,0,0,0,false,Sneha Reddy,false,,2026-04-11,2026-04-30,,official-docs,Amazon S3 User Guide <https://docs.aws.amazon.com/AmazonS3/latest/userguide/>,140,true,comparison diagram,"Side-by-side diagram of where each option in ""S3 vs EBS vs EFS"" sits in a typical workflow, with the deciding differences labelled."
377,P3,3,MANUAL REVIEW,,"Salary figures with no cited source. A rewrite needs a dated, citable salary dataset; without one the figures must go.","Source a salary dataset, or rewrite without figures.",unknown,6fc575b7-af6c-4336-81d0-295c93ed6238,/blog/salary-negotiation-how-to-get-paid-what-you-re-worth,salary-negotiation-how-to-get-paid-what-you-re-worth,Salary Negotiation: How to Get Paid What You're Worth,career-guidance,salary,salary,negotiation get paid re worth,"What does Negotiation work pay, and what moves the number?",freshers and career switchers into data roles,"Answer ""What does Negotiation work pay, and what moves the number?"" for freshers and career switchers into data roles, and hand readers who want structured training to /courses/data-science.",salary; negotiation; get; paid,,535,5,5,3,1,0,5,0,true,0,0,11,0.074,0.905,0.536,0.486,internships-vs-certifications-what-recruiters-value,0.635,data-analyst-salary-in-hyderabad-2026,0.548,0,0,0,0,false,Priya Sharma,false,,2026-05-17,2026-05-17,,market-data,,192,false,none,No image. A chart is only appropriate once the figures are sourced; then chart the cited data with the source in the caption.
378,P3,3,DEEP REWRITE,,Template body: 100% of its phrasing is shared with 10+ articles; 0% is its own.,None. Queue order in BLOG_REWRITE_QUEUE.csv.,unknown,028b04ac-ee63-4d81-a2bd-5d2bf41f191e,/blog/scheduling-queries-in-bigquery,scheduling-queries-in-bigquery,Scheduling Queries in BigQuery,gcp,guide,tutorial,scheduling queries bigquery,"How does Scheduling Queries in BigQuery work, and how do I apply it in practice?",data engineers working on Google Cloud,"Answer ""How does Scheduling Queries in BigQuery work, and how do I apply it in practice?"" for data engineers working on Google Cloud, and hand readers who want structured training to /courses/data-engineering.",scheduling; queries; bigquery,,658,8,8,5,1,1,4,1,true,0,0,6,0,1,1,0.862,biglake-and-external-tables-in-bigquery,1,biglake-and-external-tables-in-bigquery,0.978,0,0,0,0,false,Sneha Reddy,false,,2025-11-19,2025-11-19,,official-docs,BigQuery documentation <https://cloud.google.com/bigquery/docs>,139,true,code output screenshot or diagram,"Worked example for ""Scheduling Queries in BigQuery"": the input, the code's key step, and the resulting output side by side."
379,P3,3,DEEP REWRITE,,Template body: 100% of its phrasing is shared with 10+ articles; 0% is its own.,None. Queue order in BLOG_REWRITE_QUEUE.csv.,unknown,4678f12a-51c7-4309-85b9-e00fcb1eea94,/blog/securing-data-on-aws-encryption-and-kms,securing-data-on-aws-encryption-and-kms,Securing Data on AWS: Encryption and KMS,aws,guide,tutorial,securing data aws encryption kms,"How does Securing Data on AWS work, and how do I apply it in practice?",data engineers working on AWS,"Answer ""How does Securing Data on AWS work, and how do I apply it in practice?"" for data engineers working on AWS, and hand readers who want structured training to /courses/data-engineering.",securing; data; encryption,,681,8,8,5,1,1,4,1,true,0,0,6,0,1,1,0.873,amazon-dynamodb-explained-for-beginners,1,amazon-dynamodb-explained-for-beginners,0.96,0,0,0,0,false,GloryTecks Team,true,,2025-11-24,2025-12-09,,official-docs,AWS documentation <https://docs.aws.amazon.com/>,149,true,concept diagram,"One diagram that explains the central idea of ""Securing Data on AWS"" — the parts and how they relate."
380,P3,3,DEEP REWRITE,,Template body: 100% of its phrasing is shared with 10+ articles; 0% is its own.,None. Queue order in BLOG_REWRITE_QUEUE.csv.,unknown,348f8714-c6f2-457b-8924-098d9764f126,/blog/securing-data-on-gcp-encryption-and-dlp,securing-data-on-gcp-encryption-and-dlp,Securing Data on GCP: Encryption and DLP,gcp,guide,tutorial,securing data gcp encryption dlp,"How does Securing Data on GCP work, and how do I apply it in practice?",data engineers working on Google Cloud,"Answer ""How does Securing Data on GCP work, and how do I apply it in practice?"" for data engineers working on Google Cloud, and hand readers who want structured training to /courses/data-engineering.",securing; data; encryption,,661,8,8,5,1,1,4,1,true,0,0,6,0,1,1,0.862,biglake-and-external-tables-in-bigquery,1,biglake-and-external-tables-in-bigquery,0.961,0,0,0,0,false,GloryTecks Team,true,,2025-12-31,2025-12-31,,official-docs,Google Cloud documentation <https://cloud.google.com/docs>,149,true,concept diagram,"One diagram that explains the central idea of ""Securing Data on GCP"" — the parts and how they relate."
381,P3,3,DEEP REWRITE,,Template body: 100% of its phrasing is shared with 10+ articles; 0% is its own.,None. Queue order in BLOG_REWRITE_QUEUE.csv.,unknown,65f035b7-4947-42ec-94a0-c5d21a9e2aaa,/blog/service-accounts-and-workload-identity-on-gcp,service-accounts-and-workload-identity-on-gcp,Service Accounts and Workload Identity on GCP,gcp,guide,tutorial,service accounts workload identity gcp,"How does Service Accounts and Workload Identity on GCP work, and how do I apply it in practice?",data engineers working on Google Cloud,"Answer ""How does Service Accounts and Workload Identity on GCP work, and how do I apply it in practice?"" for data engineers working on Google Cloud, and hand readers who want structured training to /courses/data-engineering.",service; accounts; workload; identity,,667,8,8,5,1,1,4,1,true,0,0,6,0,1,1,0.862,biglake-and-external-tables-in-bigquery,1,biglake-and-external-tables-in-bigquery,0.971,0,0,0,0,false,Sneha Reddy,false,,2025-09-08,2025-09-08,,official-docs,Google Cloud documentation <https://cloud.google.com/docs>,154,true,concept diagram,"One diagram that explains the central idea of ""Service Accounts and Workload Identity on GCP"" — the parts and how they relate."
382,P3,3,DEEP REWRITE,,Template body: 100% of its phrasing is shared with 10+ articles; 0% is its own.,None. Queue order in BLOG_REWRITE_QUEUE.csv.,unknown,ec46fc26-f6d8-4ac2-a751-05b4d12b4700,/blog/serving-ml-models-with-fastapi-and-docker,serving-ml-models-with-fastapi-and-docker,Serving ML Models with FastAPI and Docker,mlops,guide,tutorial,serving ml model fastapi docker,"How does Serving ML Models with FastAPI and Docker work, and how do I apply it in practice?",data scientists and engineers moving models to production,"Answer ""How does Serving ML Models with FastAPI and Docker work, and how do I apply it in practice?"" for data scientists and engineers moving models to production, and hand readers who want structured training to /courses/mlops.",serving; models; fastapi; docker,,673,8,8,5,1,1,4,1,true,0,0,6,0,1,1,0.9,a-b-testing-ml-models-in-production,1,a-b-testing-ml-models-in-production,0.955,0,0,0,0,false,Ravi Kumar,false,,2026-04-07,2026-04-07,,official-docs,Docker documentation <https://docs.docker.com/>,152,true,architecture diagram,"Diagram of the components in ""Serving ML Models with FastAPI and Docker"" and how data or requests flow between them."
383,P3,3,DEEP REWRITE,,Template body: 100% of its phrasing is shared with 10+ articles; 0% is its own.,None. Queue order in BLOG_REWRITE_QUEUE.csv.,unknown,f723a52c-d4b9-4c74-8f96-4ba74c0070d6,/blog/slowly-changing-dimensions-in-adf-data-flows,slowly-changing-dimensions-in-adf-data-flows,Slowly Changing Dimensions in ADF Data Flows,azure-data-factory,guide,tutorial,slowly changing dimensions azure data factory flows,"How does Slowly Changing Dimensions in ADF Data Flows work, and how do I apply it in practice?",data engineers working on Azure,"Answer ""How does Slowly Changing Dimensions in ADF Data Flows work, and how do I apply it in practice?"" for data engineers working on Azure, and hand readers who want structured training to /courses/data-engineering.",slowly; changing; dimensions; adf,,710,8,8,5,1,1,4,1,true,0,0,6,0,1,1,0.864,adf-control-flow-foreach-if-and-until-activities,1,adf-control-flow-foreach-if-and-until-activities,0.952,0,0,0,0,false,Sneha Reddy,false,,2026-01-06,2026-01-06,,official-docs,Azure Data Factory documentation (Microsoft Learn) <https://learn.microsoft.com/en-us/azure/data-factory/>,168,true,architecture diagram,"Diagram of the components in ""Slowly Changing Dimensions in ADF Data Flows"" and how data or requests flow between them."
384,P3,3,DEEP REWRITE,,Template body: 100% of its phrasing is shared with 10+ articles; 0% is its own.,None. Queue order in BLOG_REWRITE_QUEUE.csv.,unknown,d7690432-053e-4d13-a095-57b20926aed1,/blog/soft-skills-that-make-data-professionals-stand-out,soft-skills-that-make-data-professionals-stand-out,Soft Skills That Make Data Professionals Stand Out,career-guidance,guide,tutorial,soft make data professionals stand out,"How does Soft Skills That Make Data Professionals Stand Out work, and how do I apply it in practice?",freshers and career switchers into data roles,"Answer ""How does Soft Skills That Make Data Professionals Stand Out work, and how do I apply it in practice?"" for freshers and career switchers into data roles, and hand readers who want structured training to /courses/data-science.",soft; skills; make; data,,648,8,7,5,1,0,4,0,true,0,0,6,0,1,1,0.925,asking-for-a-raise-timing-script-and-evidence,1,asking-for-a-raise-timing-script-and-evidence,0.948,0,0,0,0,false,Priya Sharma,false,,2026-01-05,2026-01-05,,none-identified,,171,true,concept diagram,"One diagram that explains the central idea of ""Soft Skills That Make Data Professionals Stand Out"" — the parts and how they relate."
385,P3,3,DEEP REWRITE,,Template body: 100% of its phrasing is shared with 10+ articles; 0% is its own.,None. Queue order in BLOG_REWRITE_QUEUE.csv.,unknown,ae52065a-5346-47db-83bf-08c044606f55,/blog/spark-performance-tuning-shuffles-joins-and-caching,spark-performance-tuning-shuffles-joins-and-caching,"Spark Performance Tuning: Shuffles, Joins and Caching",data-engineering,guide,tutorial,spark performance tuning shuffles joins caching,"How does Spark Performance Tuning work, and how do I apply it in practice?",aspiring and junior data engineers,"Answer ""How does Spark Performance Tuning work, and how do I apply it in practice?"" for aspiring and junior data engineers, and hand readers who want structured training to /courses/data-engineering.",spark; performance; tuning; shuffles,,674,8,8,5,1,1,4,1,true,0,0,6,0,1,1,0.816,airflow-tutorial-orchestrating-data-pipelines,1,airflow-tutorial-orchestrating-data-pipelines,0.957,0,0,0,0,false,Sneha Reddy,false,,2025-12-26,2026-01-27,,official-docs,Apache Spark documentation <https://spark.apache.org/docs/latest/>,175,true,code output screenshot or diagram,"Worked example for ""Spark Performance Tuning"": the input, the code's key step, and the resulting output side by side."
386,P3,3,DEEP REWRITE,,Template body: 99% of its phrasing is shared with 10+ articles; 1% is its own.,None. Queue order in BLOG_REWRITE_QUEUE.csv.,unknown,22dc0ab8-b604-40ad-9e5e-ff4fb7bfdb84,/blog/spark-vs-hadoop-what-changed-and-why,spark-vs-hadoop-what-changed-and-why,Spark vs Hadoop: What Changed and Why,data-engineering,comparison,comparison,spark hadoop changed,"Should I use hadoop or spark, and in which situations does each one win?",aspiring and junior data engineers,"Answer ""Should I use hadoop or spark, and in which situations does each one win?"" for aspiring and junior data engineers, and hand readers who want structured training to /courses/data-engineering.",spark; hadoop; changed; why,,474,5,4,3,1,0,4,0,true,0,0,3,0.005,0.995,0.99,0.604,data-engineering-vs-data-science-roles-compared,0.99,data-engineering-vs-data-science-roles-compared,0.934,0,0,0,0,false,Sneha Reddy,false,,2026-03-08,2026-04-25,,official-docs,Apache Spark documentation <https://spark.apache.org/docs/latest/>,152,true,comparison diagram,"Side-by-side diagram of where each option in ""Spark vs Hadoop"" sits in a typical workflow, with the deciding differences labelled."
387,P3,3,DEEP REWRITE,,Template body: 100% of its phrasing is shared with 10+ articles; 0% is its own.,None. Queue order in BLOG_REWRITE_QUEUE.csv.,unknown,8b5c40d8-c7d1-40e0-ae62-9f7702e89aee,/blog/spreadsheet-to-insight-a-repeatable-analysis-workflow,spreadsheet-to-insight-a-repeatable-analysis-workflow,Spreadsheet to Insight: A Repeatable Analysis Workflow,data-analytics,guide,tutorial,spreadsheet insight repeatable analytics workflow,"How does Spreadsheet to Insight work, and how do I apply it in practice?",aspiring and junior data analysts,"Answer ""How does Spreadsheet to Insight work, and how do I apply it in practice?"" for aspiring and junior data analysts, and hand readers who want structured training to /courses/data-analytics.",spreadsheet; insight; repeatable; analysis,,668,8,8,5,1,1,4,1,true,0,0,6,0,1,1,0.88,building-kpi-scorecards-for-executives,1,building-kpi-scorecards-for-executives,0.954,0,0,0,0,false,GloryTecks Team,true,,2025-09-04,2025-09-21,,none-identified,,174,true,concept diagram,"One diagram that explains the central idea of ""Spreadsheet to Insight"" — the parts and how they relate."
388,P3,3,DEEP REWRITE,,Template body: 100% of its phrasing is shared with 10+ articles; 0% is its own.,None. Queue order in BLOG_REWRITE_QUEUE.csv.,unknown,0581ad5a-b57a-463d-8c46-0ab6cbe1f516,/blog/sql-for-data-analysts-the-queries-you-need-daily,sql-for-data-analysts-the-queries-you-need-daily,SQL for Data Analysts: The Queries You Need Daily,data-analytics,guide,tutorial,sql data analytics queries daily,"How does SQL for Data Analysts work, and how do I apply it in practice?",data analysts,"Answer ""How does SQL for Data Analysts work, and how do I apply it in practice?"" for data analysts, and hand readers who want structured training to /courses/data-analytics.",sql; data; analysts; queries,,672,8,8,5,1,1,4,1,true,0,0,6,0,1,1,0.88,building-kpi-scorecards-for-executives,1,building-kpi-scorecards-for-executives,0.965,0,0,0,0,false,GloryTecks Team,true,,2026-05-02,2026-05-19,,official-docs,PostgreSQL documentation (SQL reference) <https://www.postgresql.org/docs/current/>,169,true,code output screenshot or diagram,"Worked example for ""SQL for Data Analysts"": the input, the code's key step, and the resulting output side by side."
389,P3,3,DEEP REWRITE,,Template body: 100% of its phrasing is shared with 10+ articles; 0% is its own.,None. Queue order in BLOG_REWRITE_QUEUE.csv.,unknown,332063e1-f1d8-4a26-9b57-d7528115da52,/blog/sql-for-data-science-queries-every-data-scientist-must-know,sql-for-data-science-queries-every-data-scientist-must-know,SQL for Data Science: Queries Every Data Scientist Must Know,data-science,guide,tutorial,sql data science queries every must,"How does SQL for Data Science work, and how do I apply it in practice?",data science,"Answer ""How does SQL for Data Science work, and how do I apply it in practice?"" for data science, and hand readers who want structured training to /courses/data-science.",sql; data; science; queries,,679,8,8,5,1,1,4,1,true,0,0,6,0,1,1,0.879,a-b-testing-for-data-scientists-a-practical-guide,1,a-b-testing-for-data-scientists-a-practical-guide,0.965,0,0,0,0,false,GloryTecks Team,true,,2026-04-22,2026-05-30,,official-docs,PostgreSQL documentation (SQL reference) <https://www.postgresql.org/docs/current/>,178,true,code output screenshot or diagram,"Worked example for ""SQL for Data Science"": the input, the code's key step, and the resulting output side by side."
390,P3,3,DEEP REWRITE,,Template body: 100% of its phrasing is shared with 10+ articles; 0% is its own.,None. Queue order in BLOG_REWRITE_QUEUE.csv.,unknown,bdec5416-d332-4027-8859-0a0af5b167e1,/blog/sql-optimization-for-data-engineers,sql-optimization-for-data-engineers,SQL Optimization for Data Engineers,data-engineering,guide,tutorial,sql optimization,"How does SQL Optimization for Data Engineers work, and how do I apply it in practice?",data engineers,"Answer ""How does SQL Optimization for Data Engineers work, and how do I apply it in practice?"" for data engineers, and hand readers who want structured training to /courses/data-engineering.",sql; optimization; data; engineers,,676,8,8,5,1,1,4,1,true,0,0,6,0,1,1,0.816,airflow-tutorial-orchestrating-data-pipelines,1,airflow-tutorial-orchestrating-data-pipelines,0.986,0,0,0,0,false,GloryTecks Team,true,,2025-11-14,2025-12-20,,official-docs,PostgreSQL documentation (SQL reference) <https://www.postgresql.org/docs/current/>,157,true,code output screenshot or diagram,"Worked example for ""SQL Optimization for Data Engineers"": the input, the code's key step, and the resulting output side by side."
391,P3,3,DEEP REWRITE,,Template body: 100% of its phrasing is shared with 10+ articles; 0% is its own.,None. Queue order in BLOG_REWRITE_QUEUE.csv.,unknown,6921bdfe-e4f5-4b60-a1fb-a9ec2a75cb51,/blog/sqlalchemy-tutorial-databases-in-python,sqlalchemy-tutorial-databases-in-python,SQLAlchemy Tutorial: Databases in Python,python,guide,tutorial,sqlalchemy databases python,"How does SQLAlchemy Tutorial work, and how do I apply it in practice?",Python learners heading into data work,"Answer ""How does SQLAlchemy Tutorial work, and how do I apply it in practice?"" for Python learners heading into data work, and hand readers who want structured training to /courses/python-programming.",sqlalchemy; tutorial; databases,,645,8,8,5,1,1,4,1,true,0,0,6,0,1,1,0.869,async-programming-in-python-asyncio-explained,1,async-programming-in-python-asyncio-explained,0.97,0,0,0,0,false,Ravi Kumar,false,,2025-10-29,2025-10-29,,official-docs,Python documentation <https://docs.python.org/3/>,152,true,code output screenshot or diagram,"Worked example for ""SQLAlchemy Tutorial"": the input, the code's key step, and the resulting output side by side."
392,P3,3,DEEP REWRITE,,Template body: 98% of its phrasing is shared with 10+ articles; 2% is its own.,None. Queue order in BLOG_REWRITE_QUEUE.csv.,unknown,dcf588d8-092a-431d-b93b-eefde93234ed,/blog/star-schema-vs-snowflake-schema-in-power-bi,star-schema-vs-snowflake-schema-in-power-bi,Star Schema vs Snowflake Schema in Power BI,power-bi,comparison,comparison,star schema snowflake power bi,"Should I use snowflake schema or star schema, and in which situations does each one win?",analysts building Power BI reports,"Answer ""Should I use snowflake schema or star schema, and in which situations does each one win?"" for analysts building Power BI reports, and hand readers who want structured training to /courses/power-bi.",star; schema; snowflake; power,,492,5,4,3,1,0,4,0,true,0,0,3,0.015,0.985,0.977,0.523,power-bi-vs-excel-when-to-use-each-tool,0.977,power-bi-vs-excel-when-to-use-each-tool,0.95,0,0,0,0,false,GloryTecks Team,true,,2026-01-14,2026-01-14,,official-docs,Power BI documentation (Microsoft Learn) <https://learn.microsoft.com/en-us/power-bi/>,150,true,comparison diagram,"Side-by-side diagram of where each option in ""Star Schema vs Snowflake Schema in Power BI"" sits in a typical workflow, with the deciding differences labelled."
393,P3,3,DEEP REWRITE,,Template body: 100% of its phrasing is shared with 10+ articles; 0% is its own.,None. Queue order in BLOG_REWRITE_QUEUE.csv.,unknown,a84dfe9a-49ee-4ec0-9307-68bfcf6c4495,/blog/statistics-interview-questions-for-data-science,statistics-interview-questions-for-data-science,Statistics Interview Questions for Data Science,interview-questions,interview,interview,statistics,"What does an interviewer ask about Statistics for Data Science, and what does a strong answer contain?",data science,"Answer ""What does an interviewer ask about Statistics for Data Science, and what does a strong answer contain?"" for data science, and hand readers who want structured training to /courses/data-science.",statistics; interview; questions; data,,517,4,3,2,0,0,9,0,true,0,0,3,0.002,0.998,0.998,0.983,azure-data-factory-adf-interview-questions,0.998,azure-data-factory-adf-interview-questions,0.991,0,0,0,0,false,Priya Sharma,false,,2026-03-29,2026-03-29,,none-identified,,181,false,none,No image needed; the value is in the questions and answers. Optional: one diagram for the hardest concept explained.
394,P3,3,DEEP REWRITE,,Template body: 100% of its phrasing is shared with 10+ articles; 0% is its own.,None. Queue order in BLOG_REWRITE_QUEUE.csv.,unknown,54d19c99-686d-4dc9-80cb-417a13516335,/blog/streaming-data-into-bigquery-a-practical-guide,streaming-data-into-bigquery-a-practical-guide,Streaming Data into BigQuery: A Practical Guide,gcp,guide,tutorial,streaming data bigquery,"How does Streaming Data into BigQuery work, and how do I apply it in practice?",data engineers working on Google Cloud,"Answer ""How does Streaming Data into BigQuery work, and how do I apply it in practice?"" for data engineers working on Google Cloud, and hand readers who want structured training to /courses/data-engineering.",streaming; data; into; bigquery,,661,8,8,5,1,1,4,1,true,0,0,6,0,1,1,0.862,biglake-and-external-tables-in-bigquery,1,biglake-and-external-tables-in-bigquery,0.965,0,0,0,0,false,Sneha Reddy,false,,2026-03-07,2026-03-07,,official-docs,BigQuery documentation <https://cloud.google.com/bigquery/docs>,156,true,architecture diagram,"Diagram of the components in ""Streaming Data into BigQuery"" and how data or requests flow between them."
395,P3,3,DEEP REWRITE,,Template body: 100% of its phrasing is shared with 10+ articles; 0% is its own.,None. Queue order in BLOG_REWRITE_QUEUE.csv.,unknown,4a2a6d6c-8d4e-4762-9a82-badcb4a5fbc6,/blog/streaming-data-with-kinesis-to-s3-and-redshift,streaming-data-with-kinesis-to-s3-and-redshift,Streaming Data with Kinesis to S3 and Redshift,aws,guide,tutorial,streaming data kinesis s3 redshift,"How does Streaming Data with Kinesis to S3 and Redshift work, and how do I apply it in practice?",data engineers working on AWS,"Answer ""How does Streaming Data with Kinesis to S3 and Redshift work, and how do I apply it in practice?"" for data engineers working on AWS, and hand readers who want structured training to /courses/data-engineering.",streaming; data; kinesis; redshift,,690,8,8,5,1,1,4,1,true,0,0,6,0,1,1,0.873,amazon-dynamodb-explained-for-beginners,1,amazon-dynamodb-explained-for-beginners,0.956,0,0,0,0,false,Sneha Reddy,false,,2026-01-05,2026-01-16,,official-docs,Amazon S3 User Guide <https://docs.aws.amazon.com/AmazonS3/latest/userguide/>,155,true,architecture diagram,"Diagram of the components in ""Streaming Data with Kinesis to S3 and Redshift"" and how data or requests flow between them."
396,P3,3,DEEP REWRITE,,Template body: 100% of its phrasing is shared with 10+ articles; 0% is its own.,None. Queue order in BLOG_REWRITE_QUEUE.csv.,unknown,a29327d8-4825-422a-aefa-bd84284bc548,/blog/system-design-interview-questions-for-data-engineers,system-design-interview-questions-for-data-engineers,System Design Interview Questions for Data Engineers,interview-questions,interview,interview,system design,"What does an interviewer ask about System Design for Data Engineers, and what does a strong answer contain?",data engineers,"Answer ""What does an interviewer ask about System Design for Data Engineers, and what does a strong answer contain?"" for data engineers, and hand readers who want structured training to /courses/data-science.",system; design; interview; questions,,519,4,3,2,0,0,9,0,true,0,0,3,0.002,0.998,0.998,0.983,azure-data-factory-adf-interview-questions,0.998,azure-data-factory-adf-interview-questions,0.989,0,0,0,0,false,Ravi Kumar,false,,2025-09-12,2025-09-12,,none-identified,,186,false,none,No image needed; the value is in the questions and answers. Optional: one diagram for the hardest concept explained.
397,P3,3,DEEP REWRITE,,Template body: 100% of its phrasing is shared with 10+ articles; 0% is its own.,None. Queue order in BLOG_REWRITE_QUEUE.csv.,unknown,f8c255e9-0c20-4acd-89a3-83d292960c03,/blog/the-modern-data-analytics-stack-explained,the-modern-data-analytics-stack-explained,The Modern Data Analytics Stack Explained,data-analytics,guide,tutorial,modern data analytics stack,"What is The Modern Data Analytics Stack, and how does it work?",aspiring and junior data analysts,"Answer ""What is The Modern Data Analytics Stack, and how does it work?"" for aspiring and junior data analysts, and hand readers who want structured training to /courses/data-analytics.",modern; data; analytics; stack,,673,8,8,5,1,1,4,1,true,0,0,6,0,1,1,0.88,building-kpi-scorecards-for-executives,1,building-kpi-scorecards-for-executives,0.957,0,0,0,0,false,GloryTecks Team,true,,2025-11-27,2026-01-15,,none-identified,,161,true,concept diagram,"One diagram that explains the central idea of ""The Modern Data Analytics Stack Explained"" — the parts and how they relate."
398,P3,3,DEEP REWRITE,,Template body: 100% of its phrasing is shared with 10+ articles; 0% is its own.,None. Queue order in BLOG_REWRITE_QUEUE.csv.,unknown,ff266896-33c3-43d0-97d8-8fc1c048f946,/blog/time-intelligence-in-dax-ytd-mtd-and-comparisons,time-intelligence-in-dax-ytd-mtd-and-comparisons,"Time Intelligence in DAX: YTD, MTD and Comparisons",power-bi,guide,tutorial,time intelligence dax ytd mtd comparisons,"How does Time Intelligence in DAX work, and how do I apply it in practice?",analysts building Power BI reports,"Answer ""How does Time Intelligence in DAX work, and how do I apply it in practice?"" for analysts building Power BI reports, and hand readers who want structured training to /courses/power-bi.",time; intelligence; dax; ytd,,694,8,8,5,1,1,4,1,true,0,0,6,0,1,1,0.889,aggregations-in-power-bi-for-large-datasets,1,aggregations-in-power-bi-for-large-datasets,0.952,0,0,0,0,false,GloryTecks Team,true,,2026-04-08,2026-04-08,,official-docs,DAX reference (Microsoft Learn) <https://learn.microsoft.com/en-us/dax/>,164,true,annotated screenshot,"Annotated screenshot of the feature in ""Time Intelligence in DAX"" in the product UI, taken from a demo file (no client data)."
399,P3,3,DEEP REWRITE,,Template body: 100% of its phrasing is shared with 10+ articles; 0% is its own.,None. Queue order in BLOG_REWRITE_QUEUE.csv.,unknown,350a81ab-9383-4028-a0d0-33f585eeedc3,/blog/time-series-interview-questions-for-data-science,time-series-interview-questions-for-data-science,Time Series Interview Questions for Data Science,interview-questions,interview,interview,time series,"What does an interviewer ask about Time Series for Data Science, and what does a strong answer contain?",data science,"Answer ""What does an interviewer ask about Time Series for Data Science, and what does a strong answer contain?"" for data science, and hand readers who want structured training to /courses/data-science.",time; series; interview; questions,,519,4,3,2,0,0,9,0,true,0,0,3,0.002,0.998,0.998,0.983,azure-data-factory-adf-interview-questions,0.998,azure-data-factory-adf-interview-questions,0.989,0,0,0,0,false,Ravi Kumar,false,,2025-10-18,2025-10-18,,none-identified,,182,false,none,No image needed; the value is in the questions and answers. Optional: one diagram for the hardest concept explained.
400,P3,3,DEEP REWRITE,,Template body: 100% of its phrasing is shared with 10+ articles; 0% is its own.,None. Queue order in BLOG_REWRITE_QUEUE.csv.,unknown,4c14f85c-c39e-42e1-9134-75ad45182e79,/blog/top-10-machine-learning-algorithms-explained-for-beginners,top-10-machine-learning-algorithms-explained-for-beginners,Top 10 Machine Learning Algorithms Explained for Beginners,data-science,guide,tutorial,machine learning algorithms,"What is Top 10 Machine Learning Algorithms, and how does it work?",beginners,"Answer ""What is Top 10 Machine Learning Algorithms, and how does it work?"" for beginners, and hand readers who want structured training to /courses/data-science.",machine; learning; algorithms; beginners,,685,8,8,5,1,1,4,1,true,0,0,6,0,1,1,0.879,a-b-testing-for-data-scientists-a-practical-guide,1,a-b-testing-for-data-scientists-a-practical-guide,0.958,0,0,0,0,false,Ravi Kumar,false,,2026-03-23,2026-04-10,,none-identified,,176,true,concept diagram,"One diagram that explains the central idea of ""Top 10 Machine Learning Algorithms Explained for Beginners"" — the parts and how they relate."
401,P3,3,DEEP REWRITE,,Template body: 100% of its phrasing is shared with 10+ articles; 0% is its own.,None. Queue order in BLOG_REWRITE_QUEUE.csv.,unknown,8918d340-828d-4091-b261-ad1cf334074e,/blog/top-20-dax-functions-every-analyst-should-know,top-20-dax-functions-every-analyst-should-know,Top 20 DAX Functions Every Analyst Should Know,power-bi,guide,tutorial,dax functions every analytics,"How does Top 20 DAX Functions Every Analyst Should Know work, and how do I apply it in practice?",analysts building Power BI reports,"Answer ""How does Top 20 DAX Functions Every Analyst Should Know work, and how do I apply it in practice?"" for analysts building Power BI reports, and hand readers who want structured training to /courses/power-bi.",dax; functions; analyst,,702,8,8,5,1,1,4,1,true,0,0,6,0,1,1,0.889,aggregations-in-power-bi-for-large-datasets,1,aggregations-in-power-bi-for-large-datasets,0.954,0,0,0,0,false,GloryTecks Team,true,,2026-03-03,2026-03-03,,official-docs,DAX reference (Microsoft Learn) <https://learn.microsoft.com/en-us/dax/>,160,true,annotated screenshot,"Annotated screenshot of the feature in ""Top 20 DAX Functions Every Analyst Should Know"" in the product UI, taken from a demo file (no client data)."
402,P3,3,DEEP REWRITE,,Template body: 100% of its phrasing is shared with 10+ articles; 0% is its own.,None. Queue order in BLOG_REWRITE_QUEUE.csv.,unknown,16beecb3-547b-484f-9960-dd5e6f1f1b99,/blog/top-data-science-companies-hiring-in-hyderabad,top-data-science-companies-hiring-in-hyderabad,Top Data Science Companies Hiring in Hyderabad,data-science,guide,tutorial,data science companies hiring,"How does Top Data Science Companies Hiring in Hyderabad work, and how do I apply it in practice?",learners and junior data scientists,"Answer ""How does Top Data Science Companies Hiring in Hyderabad work, and how do I apply it in practice?"" for learners and junior data scientists, and hand readers who want structured training to /courses/data-science.",data; science; companies; hiring,,682,8,8,5,1,1,4,1,true,0,0,6,0,1,1,0.879,a-b-testing-for-data-scientists-a-practical-guide,1,a-b-testing-for-data-scientists-a-practical-guide,0.956,0,0,0,0,false,GloryTecks Team,true,,2025-08-25,2025-10-02,,none-identified,,164,true,concept diagram,"One diagram that explains the central idea of ""Top Data Science Companies Hiring in Hyderabad"" — the parts and how they relate."
403,P3,3,DEEP REWRITE,,Template body: 100% of its phrasing is shared with 10+ articles; 0% is its own.,None. Queue order in BLOG_REWRITE_QUEUE.csv.,unknown,fb00bb14-1255-44dd-a993-191ad68481d1,/blog/top-python-libraries-every-developer-should-know,top-python-libraries-every-developer-should-know,Top Python Libraries Every Developer Should Know,python,guide,tutorial,python libraries every development,"How does Top Python Libraries Every Developer Should Know work, and how do I apply it in practice?",Python learners heading into data work,"Answer ""How does Top Python Libraries Every Developer Should Know work, and how do I apply it in practice?"" for Python learners heading into data work, and hand readers who want structured training to /courses/python-programming.",libraries; developer,,657,8,8,5,1,1,4,1,true,0,0,6,0,1,1,0.869,async-programming-in-python-asyncio-explained,1,async-programming-in-python-asyncio-explained,0.988,0,0,0,0,false,Ravi Kumar,false,,2025-10-17,2025-10-17,,official-docs,Python documentation <https://docs.python.org/3/>,160,true,code output screenshot or diagram,"Worked example for ""Top Python Libraries Every Developer Should Know"": the input, the code's key step, and the resulting output side by side."
404,P3,3,DEEP REWRITE,,Template body: 100% of its phrasing is shared with 10+ articles; 0% is its own.,None. Queue order in BLOG_REWRITE_QUEUE.csv.,unknown,f22c8acc-57eb-4b3d-b8a0-7b5391f0674e,/blog/tumbling-window-triggers-backfills-and-dependencies,tumbling-window-triggers-backfills-and-dependencies,Tumbling Window Triggers: Backfills and Dependencies,azure-data-factory,guide,tutorial,tumbling window triggers backfills dependencies,"How does Tumbling Window Triggers work, and how do I apply it in practice?",data engineers working on Azure,"Answer ""How does Tumbling Window Triggers work, and how do I apply it in practice?"" for data engineers working on Azure, and hand readers who want structured training to /courses/data-engineering.",tumbling; window; triggers; backfills,,701,8,8,5,1,1,4,1,true,0,0,6,0,1,1,0.864,adf-control-flow-foreach-if-and-until-activities,1,adf-control-flow-foreach-if-and-until-activities,0.956,0,0,0,0,false,Sneha Reddy,false,,2026-01-18,2026-01-18,,official-docs,Azure Data Factory documentation (Microsoft Learn) <https://learn.microsoft.com/en-us/azure/data-factory/>,176,true,concept diagram,"One diagram that explains the central idea of ""Tumbling Window Triggers"" — the parts and how they relate."
405,P3,3,DEEP REWRITE,,Template body: 100% of its phrasing is shared with 10+ articles; 0% is its own.,None. Queue order in BLOG_REWRITE_QUEUE.csv.,unknown,5ac372af-8be7-4f6b-8db4-d4c51c8887f0,/blog/unit-testing-in-python-with-pytest-a-beginner-s-guide,unit-testing-in-python-with-pytest-a-beginner-s-guide,Unit Testing in Python with pytest: A Beginner's Guide,python,guide,tutorial,unit testing python pytest,"How does Unit Testing in Python with pytest work, and how do I apply it in practice?",Python learners heading into data work,"Answer ""How does Unit Testing in Python with pytest work, and how do I apply it in practice?"" for Python learners heading into data work, and hand readers who want structured training to /courses/python-programming.",unit; testing; pytest,,657,8,8,5,1,1,4,1,true,0,0,6,0,1,1,0.869,async-programming-in-python-asyncio-explained,1,async-programming-in-python-asyncio-explained,0.947,0,0,0,0,false,GloryTecks Team,true,,2026-01-27,2026-01-27,,official-docs,Python documentation <https://docs.python.org/3/>,166,true,code output screenshot or diagram,"Worked example for ""Unit Testing in Python with pytest"": the input, the code's key step, and the resulting output side by side."
406,P3,3,DEEP REWRITE,,Template body: 100% of its phrasing is shared with 10+ articles; 0% is its own.,None. Queue order in BLOG_REWRITE_QUEUE.csv.,unknown,2743054e-83b9-4e9e-bc3c-f34a8f53a3f2,/blog/vertex-ai-and-sagemaker-for-mlops-a-comparison,vertex-ai-and-sagemaker-for-mlops-a-comparison,Vertex AI and SageMaker for MLOps: A Comparison,mlops,guide,tutorial,vertex ai sagemaker mlops,"How does Vertex AI and SageMaker for MLOps work, and how do I apply it in practice?",data scientists and engineers moving models to production,"Answer ""How does Vertex AI and SageMaker for MLOps work, and how do I apply it in practice?"" for data scientists and engineers moving models to production, and hand readers who want structured training to /courses/mlops.",vertex; sagemaker; comparison,,672,8,8,5,1,1,4,1,true,0,0,6,0,1,1,0.9,a-b-testing-ml-models-in-production,1,a-b-testing-ml-models-in-production,0.951,0,0,0,0,false,Ravi Kumar,false,,2025-09-03,2025-09-03,,official-docs,Vertex AI documentation <https://cloud.google.com/vertex-ai/docs>,158,true,architecture diagram,"Diagram of the components in ""Vertex AI and SageMaker for MLOps"" and how data or requests flow between them."
407,P3,3,DEEP REWRITE,,Template body: 100% of its phrasing is shared with 10+ articles; 0% is its own.,None. Queue order in BLOG_REWRITE_QUEUE.csv.,unknown,8e1bf19a-b347-49aa-9022-da41b44a5f02,/blog/vertex-ai-pipelines-for-mlops-on-gcp,vertex-ai-pipelines-for-mlops-on-gcp,Vertex AI Pipelines for MLOps on GCP,gcp,guide,tutorial,vertex ai pipeline mlops gcp,"How does Vertex AI Pipelines for MLOps on GCP work, and how do I apply it in practice?",data engineers working on Google Cloud,"Answer ""How does Vertex AI Pipelines for MLOps on GCP work, and how do I apply it in practice?"" for data engineers working on Google Cloud, and hand readers who want structured training to /courses/data-engineering.",vertex; pipelines; mlops,,667,8,8,5,1,1,4,1,true,0,0,6,0,1,1,0.862,biglake-and-external-tables-in-bigquery,1,biglake-and-external-tables-in-bigquery,0.971,0,0,0,0,false,Sneha Reddy,false,,2025-11-07,2025-11-07,,official-docs,Vertex AI documentation <https://cloud.google.com/vertex-ai/docs>,145,true,architecture diagram,"Diagram of the components in ""Vertex AI Pipelines for MLOps on GCP"" and how data or requests flow between them."
408,P3,3,DEEP REWRITE,,Template body: 100% of its phrasing is shared with 10+ articles; 0% is its own.,None. Queue order in BLOG_REWRITE_QUEUE.csv.,unknown,eb5e4f5c-62cf-4cb1-9822-83941800294f,/blog/vertex-ai-tutorial-ml-on-google-cloud,vertex-ai-tutorial-ml-on-google-cloud,Vertex AI Tutorial: ML on Google Cloud,gcp,guide,tutorial,vertex ai ml google cloud,"How does Vertex AI Tutorial work, and how do I apply it in practice?",data engineers working on Google Cloud,"Answer ""How does Vertex AI Tutorial work, and how do I apply it in practice?"" for data engineers working on Google Cloud, and hand readers who want structured training to /courses/data-engineering.",vertex; tutorial; google; cloud,,659,8,8,5,1,1,4,1,true,0,0,6,0,1,1,0.862,biglake-and-external-tables-in-bigquery,1,biglake-and-external-tables-in-bigquery,0.959,0,0,0,0,false,GloryTecks Team,true,,2026-05-12,2026-05-12,,official-docs,Vertex AI documentation <https://cloud.google.com/vertex-ai/docs>,147,true,concept diagram,"One diagram that explains the central idea of ""Vertex AI Tutorial"" — the parts and how they relate."
409,P3,3,DEEP REWRITE,,Template body: 100% of its phrasing is shared with 10+ articles; 0% is its own.,None. Queue order in BLOG_REWRITE_QUEUE.csv.,unknown,acc91fcd-de70-4654-9f7a-0206129254f2,/blog/virtual-environments-in-python-venv-pip-and-poetry,virtual-environments-in-python-venv-pip-and-poetry,"Virtual Environments in Python: venv, pip and Poetry",python,guide,tutorial,virtual environments python venv pip poetry,"How does Virtual Environments in Python work, and how do I apply it in practice?",Python learners heading into data work,"Answer ""How does Virtual Environments in Python work, and how do I apply it in practice?"" for Python learners heading into data work, and hand readers who want structured training to /courses/python-programming.",virtual; environments; venv,,652,8,8,5,1,1,4,1,true,0,0,6,0,1,1,0.869,async-programming-in-python-asyncio-explained,1,async-programming-in-python-asyncio-explained,0.956,0,0,0,0,false,Ravi Kumar,false,,2026-03-22,2026-03-22,,official-docs,Python documentation <https://docs.python.org/3/>,164,true,code output screenshot or diagram,"Worked example for ""Virtual Environments in Python"": the input, the code's key step, and the resulting output side by side."
410,P3,3,DEEP REWRITE,,Template body: 100% of its phrasing is shared with 10+ articles; 0% is its own.,None. Queue order in BLOG_REWRITE_QUEUE.csv.,unknown,94cd98f5-f32b-456a-bf7b-934283d95244,/blog/vllm-and-model-serving-scaling-llm-inference,vllm-and-model-serving-scaling-llm-inference,vLLM and Model Serving: Scaling LLM Inference,generative-ai,guide,tutorial,vllm model serving scaling llm inference,"How does vLLM and Model Serving work, and how do I apply it in practice?",developers building with LLMs,"Answer ""How does vLLM and Model Serving work, and how do I apply it in practice?"" for developers building with LLMs, and hand readers who want structured training to /courses/gen-ai.",vllm; model; serving; scaling,,691,8,8,5,1,1,4,1,true,0,0,6,0,1,1,0.897,ai-agents-guide-how-autonomous-agents-actually-work,1,ai-agents-guide-how-autonomous-agents-actually-work,0.954,0,0,0,0,false,Ravi Kumar,false,,2025-12-04,2025-12-04,,none-identified,,164,true,architecture diagram,"Diagram of the components in ""vLLM and Model Serving"" and how data or requests flow between them."
411,P3,3,DEEP REWRITE,,Template body: 100% of its phrasing is shared with 10+ articles; 0% is its own.,None. Queue order in BLOG_REWRITE_QUEUE.csv.,unknown,6cdb6c3f-081b-4803-b713-d09ee570fa30,/blog/vpc-basics-for-data-engineers-on-aws,vpc-basics-for-data-engineers-on-aws,VPC Basics for Data Engineers on AWS,aws,guide,tutorial,vpc data engineering aws,"What is VPC, and how does it work?",data engineers,"Answer ""What is VPC, and how does it work?"" for data engineers, and hand readers who want structured training to /courses/data-engineering.",vpc; basics; data; engineers,,687,8,8,5,1,1,4,1,true,0,0,6,0,1,1,0.873,amazon-dynamodb-explained-for-beginners,1,amazon-dynamodb-explained-for-beginners,0.97,0,0,0,0,false,Sneha Reddy,false,,2025-12-24,2026-01-28,,official-docs,AWS documentation <https://docs.aws.amazon.com/>,145,true,concept diagram,"One diagram that explains the central idea of ""VPC Basics for Data Engineers on AWS"" — the parts and how they relate."
412,P3,3,DEEP REWRITE,,Template body: 100% of its phrasing is shared with 10+ articles; 0% is its own.,None. Queue order in BLOG_REWRITE_QUEUE.csv.,unknown,2ae4210c-f785-4f72-933a-8ff70d3c523d,/blog/web-scraping-with-python-beautifulsoup-and-requests,web-scraping-with-python-beautifulsoup-and-requests,Web Scraping with Python: BeautifulSoup and Requests,python,guide,tutorial,web scraping python beautifulsoup requests,"How does Web Scraping with Python work, and how do I apply it in practice?",Python learners heading into data work,"Answer ""How does Web Scraping with Python work, and how do I apply it in practice?"" for Python learners heading into data work, and hand readers who want structured training to /courses/python-programming.",web; scraping; beautifulsoup,,651,8,8,5,1,1,4,1,true,0,0,6,0,1,1,0.869,async-programming-in-python-asyncio-explained,1,async-programming-in-python-asyncio-explained,0.956,0,0,0,0,false,Ravi Kumar,false,,2026-02-14,2026-02-14,,official-docs,Python documentation <https://docs.python.org/3/>,164,true,code output screenshot or diagram,"Worked example for ""Web Scraping with Python"": the input, the code's key step, and the resulting output side by side."
413,P3,3,DEEP REWRITE,,Template body: 100% of its phrasing is shared with 10+ articles; 0% is its own.,None. Queue order in BLOG_REWRITE_QUEUE.csv.,unknown,adda97ca-0c6a-4b1a-93f3-73ab2c4b9e56,/blog/window-functions-in-sql-for-data-engineers,window-functions-in-sql-for-data-engineers,Window Functions in SQL for Data Engineers,data-engineering,guide,tutorial,window functions sql,"How does Window Functions in SQL for Data Engineers work, and how do I apply it in practice?",data engineers,"Answer ""How does Window Functions in SQL for Data Engineers work, and how do I apply it in practice?"" for data engineers, and hand readers who want structured training to /courses/data-engineering.",window; functions; sql; data,,682,8,8,5,1,1,4,1,true,0,0,6,0,1,1,0.816,airflow-tutorial-orchestrating-data-pipelines,1,airflow-tutorial-orchestrating-data-pipelines,0.984,0,0,0,0,false,GloryTecks Team,true,,2026-01-25,2026-02-06,,official-docs,PostgreSQL documentation (SQL reference) <https://www.postgresql.org/docs/current/>,164,true,code output screenshot or diagram,"Worked example for ""Window Functions in SQL for Data Engineers"": the input, the code's key step, and the resulting output side by side."
414,P3,3,DEEP REWRITE,,Template body: 100% of its phrasing is shared with 10+ articles; 0% is its own.,None. Queue order in BLOG_REWRITE_QUEUE.csv.,unknown,b23df0ec-f12d-4e01-b766-925c41a39f6a,/blog/workflow-orchestration-with-apache-airflow-dags,workflow-orchestration-with-apache-airflow-dags,Workflow Orchestration with Apache Airflow DAGs,data-engineering,guide,tutorial,workflow orchestration apache airflow dags,"How does Workflow Orchestration with Apache Airflow DAGs work, and how do I apply it in practice?",aspiring and junior data engineers,"Answer ""How does Workflow Orchestration with Apache Airflow DAGs work, and how do I apply it in practice?"" for aspiring and junior data engineers, and hand readers who want structured training to /courses/data-engineering.",workflow; orchestration; apache; airflow,,679,8,8,5,1,1,4,1,true,0,0,6,0,1,1,0.816,airflow-tutorial-orchestrating-data-pipelines,1,airflow-tutorial-orchestrating-data-pipelines,0.957,0,0,0,0,false,Sneha Reddy,false,,2025-09-21,2025-10-15,,official-docs,Apache Airflow documentation <https://airflow.apache.org/docs/>,169,true,architecture diagram,"Diagram of the components in ""Workflow Orchestration with Apache Airflow DAGs"" and how data or requests flow between them."
415,P3,3,DEEP REWRITE,,Template body: 100% of its phrasing is shared with 10+ articles; 0% is its own.,None. Queue order in BLOG_REWRITE_QUEUE.csv.,unknown,e0f3816d-fcd6-4d82-bb5b-1575f1e26792,/blog/working-with-json-in-python-a-practical-guide,working-with-json-in-python-a-practical-guide,Working with JSON in Python: A Practical Guide,python,guide,tutorial,working json python,"How does Working with JSON in Python work, and how do I apply it in practice?",Python learners heading into data work,"Answer ""How does Working with JSON in Python work, and how do I apply it in practice?"" for Python learners heading into data work, and hand readers who want structured training to /courses/python-programming.",working; json; practical,,654,8,8,5,1,1,4,1,true,0,0,6,0,1,1,0.869,async-programming-in-python-asyncio-explained,1,async-programming-in-python-asyncio-explained,0.974,0,0,0,0,false,Ravi Kumar,false,,2026-03-10,2026-03-10,,official-docs,Python documentation <https://docs.python.org/3/>,158,true,code output screenshot or diagram,"Worked example for ""Working with JSON in Python"": the input, the code's key step, and the resulting output side by side."
416,P3,3,DEEP REWRITE,,Template body: 97% of its phrasing is shared with 10+ articles; 3% is its own.,None. Queue order in BLOG_REWRITE_QUEUE.csv.,unknown,206d0217-79f7-4606-95c3-6999e819ae63,/blog/wrangling-data-flows-vs-mapping-data-flows-in-adf,wrangling-data-flows-vs-mapping-data-flows-in-adf,Wrangling Data Flows vs Mapping Data Flows in ADF,azure-data-factory,comparison,comparison,wrangling data flows mapping azure factory,"Should I use mapping data flows or wrangling data flows, and in which situations does each one win?",data engineers working on Azure,"Answer ""Should I use mapping data flows or wrangling data flows, and in which situations does each one win?"" for data engineers working on Azure, and hand readers who want structured training to /courses/data-engineering.",wrangling; data; flows; mapping,,495,5,4,3,1,0,4,0,true,0,0,3,0.025,0.975,0.967,0.538,adf-vs-databricks-when-to-use-each,0.967,adf-vs-databricks-when-to-use-each,0.932,0,0,0,0,false,GloryTecks Team,true,,2025-12-07,2025-12-07,,official-docs,Azure Data Factory documentation (Microsoft Learn) <https://learn.microsoft.com/en-us/azure/data-factory/>,166,true,comparison diagram,"Side-by-side diagram of where each option in ""Wrangling Data Flows vs Mapping Data Flows in ADF"" sits in a typical workflow, with the deciding differences labelled."
417,P3,2,DEEP REWRITE,,Template body: 100% of its phrasing is shared with 10+ articles; 0% is its own.,None. Queue order in BLOG_REWRITE_QUEUE.csv.,unknown,98c04fbf-a4db-4a88-8658-70e7ffa2e5c1,/blog/a-b-testing-for-data-scientists-a-practical-guide,a-b-testing-for-data-scientists-a-practical-guide,A/B Testing for Data Scientists: A Practical Guide,data-science,guide,tutorial,testing data science,"How does A/B Testing for Data Scientists work, and how do I apply it in practice?",data scientists,"Answer ""How does A/B Testing for Data Scientists work, and how do I apply it in practice?"" for data scientists, and hand readers who want structured training to /courses/data-science.",testing; data; scientists; practical,,682,8,8,5,1,1,4,1,true,0,0,6,0,1,1,0.879,anomaly-detection-techniques-and-real-world-use-cases,1,anomaly-detection-techniques-and-real-world-use-cases,0.963,0,0,0,0,false,GloryTecks Team,true,,2025-11-29,2026-01-14,,none-identified,,168,true,concept diagram,"One diagram that explains the central idea of ""A/B Testing for Data Scientists"" — the parts and how they relate."
418,P3,2,DEEP REWRITE,,Template body: 100% of its phrasing is shared with 10+ articles; 0% is its own.,None. Queue order in BLOG_REWRITE_QUEUE.csv.,unknown,8a4a5402-06a6-4fae-abe6-9eca4e551269,/blog/a-b-testing-ml-models-in-production,a-b-testing-ml-models-in-production,A/B Testing ML Models in Production,mlops,guide,tutorial,testing ml model production,"How does A/B Testing ML Models in Production work, and how do I apply it in practice?",data scientists and engineers moving models to production,"Answer ""How does A/B Testing ML Models in Production work, and how do I apply it in practice?"" for data scientists and engineers moving models to production, and hand readers who want structured training to /courses/mlops.",testing; models; production,,673,8,8,5,1,1,4,1,true,0,0,6,0,1,1,0.9,airflow-for-ml-pipelines-a-practical-guide,1,airflow-for-ml-pipelines-a-practical-guide,0.973,0,0,0,0,false,Sneha Reddy,false,,2026-03-08,2026-03-08,,none-identified,,146,true,concept diagram,"One diagram that explains the central idea of ""A/B Testing ML Models in Production"" — the parts and how they relate."
419,P3,2,DEEP REWRITE,,Template body: 100% of its phrasing is shared with 10+ articles; 0% is its own.,None. Queue order in BLOG_REWRITE_QUEUE.csv.,unknown,65b55718-fdbd-4334-bc3c-73882bdd0d78,/blog/ai-coding-assistants-how-to-use-them-effectively,ai-coding-assistants-how-to-use-them-effectively,AI Coding Assistants: How to Use Them Effectively,generative-ai,guide,tutorial,ai coding assistants them effectively,"How does AI Coding Assistants work, and how do I apply it in practice?",developers building with LLMs,"Answer ""How does AI Coding Assistants work, and how do I apply it in practice?"" for developers building with LLMs, and hand readers who want structured training to /courses/gen-ai.",coding; assistants; use; them,,690,8,8,5,1,1,4,1,true,0,0,6,0,1,1,0.897,ai-agents-guide-how-autonomous-agents-actually-work,1,ai-agents-guide-how-autonomous-agents-actually-work,0.956,0,0,0,0,false,Ravi Kumar,false,,2025-10-29,2025-10-29,,none-identified,,168,true,concept diagram,"One diagram that explains the central idea of ""AI Coding Assistants"" — the parts and how they relate."
420,P3,2,DEEP REWRITE,,Template body: 100% of its phrasing is shared with 10+ articles; 0% is its own.,None. Queue order in BLOG_REWRITE_QUEUE.csv.,unknown,48f55520-ae7a-490d-ad01-f803b86e6207,/blog/asking-for-a-raise-timing-script-and-evidence,asking-for-a-raise-timing-script-and-evidence,"Asking for a Raise: Timing, Script and Evidence",career-guidance,guide,tutorial,asking raise timing script evidence,"How does Asking for a Raise work, and how do I apply it in practice?",freshers and career switchers into data roles,"Answer ""How does Asking for a Raise work, and how do I apply it in practice?"" for freshers and career switchers into data roles, and hand readers who want structured training to /courses/data-science.",asking; raise; timing; script,,640,8,7,5,1,0,4,0,true,0,0,6,0,1,1,0.925,building-a-30-60-90-day-plan-for-a-new-data-job,1,building-a-30-60-90-day-plan-for-a-new-data-job,0.946,0,0,0,0,false,Priya Sharma,false,,2025-11-06,2025-11-06,,none-identified,,168,true,concept diagram,"One diagram that explains the central idea of ""Asking for a Raise"" — the parts and how they relate."
421,P3,2,DEEP REWRITE,,Template body: 98% of its phrasing is shared with 10+ articles; 2% is its own.,None. Queue order in BLOG_REWRITE_QUEUE.csv.,unknown,74716dbb-b81a-4ac0-9988-41d618491427,/blog/batch-vs-real-time-model-inference-tradeoffs,batch-vs-real-time-model-inference-tradeoffs,Batch vs Real-Time Model Inference: Tradeoffs,mlops,comparison,comparison,batch real-time model inference tradeoffs,"Should I use batch or real-time model inference, and in which situations does each one win?",data scientists and engineers moving models to production,"Answer ""Should I use batch or real-time model inference, and in which situations does each one win?"" for data scientists and engineers moving models to production, and hand readers who want structured training to /courses/mlops.",batch; real; time; model,,477,5,4,3,1,0,4,0,true,0,0,3,0.015,0.982,0.975,0.523,experiment-tracking-mlflow-vs-weights-and-biases,0.975,experiment-tracking-mlflow-vs-weights-and-biases,0.925,0,0,0,0,false,Ravi Kumar,false,,2026-02-06,2026-02-06,,none-identified,,149,true,comparison diagram,"Side-by-side diagram of where each option in ""Batch vs Real-Time Model Inference"" sits in a typical workflow, with the deciding differences labelled."
422,P3,2,DEEP REWRITE,,Template body: 99% of its phrasing is shared with 10+ articles; 1% is its own.,None. Queue order in BLOG_REWRITE_QUEUE.csv.,unknown,fb9c9772-df13-4071-ae31-00e932fba319,/blog/batch-vs-streaming-data-processing-a-clear-comparison,batch-vs-streaming-data-processing-a-clear-comparison,Batch vs Streaming Data Processing: A Clear Comparison,data-engineering,comparison,comparison,batch streaming data processing clear,"Should I use batch or streaming data processing, and in which situations does each one win?",aspiring and junior data engineers,"Answer ""Should I use batch or streaming data processing, and in which situations does each one win?"" for aspiring and junior data engineers, and hand readers who want structured training to /courses/data-engineering.",batch; streaming; data; processing,,477,5,4,3,1,0,4,0,true,0,0,3,0.005,0.992,0.987,0.602,data-engineering-vs-data-science-roles-compared,0.987,data-engineering-vs-data-science-roles-compared,0.925,0,0,0,0,false,Sneha Reddy,false,,2026-04-01,2026-05-11,,none-identified,,169,true,comparison diagram,"Side-by-side diagram of where each option in ""Batch vs Streaming Data Processing"" sits in a typical workflow, with the deciding differences labelled."
423,P3,2,DEEP REWRITE,,Template body: 100% of its phrasing is shared with 10+ articles; 0% is its own.,None. Queue order in BLOG_REWRITE_QUEUE.csv.,unknown,10d1a8b9-b501-4130-9112-501faa2224aa,/blog/best-free-datasets-for-data-science-practice-in-2026,best-free-datasets-for-data-science-practice-in-2026,Best Free Datasets for Data Science Practice in 2026,data-science,guide,tutorial,free datasets data science practice,"How does Best Free Datasets for Data Science Practice in work, and how do I apply it in practice?",data science,"Answer ""How does Best Free Datasets for Data Science Practice in work, and how do I apply it in practice?"" for data science, and hand readers who want structured training to /courses/data-science.",best; free; datasets; data,,688,8,8,5,1,1,4,1,true,0,0,6,0,1,1,0.879,a-b-testing-for-data-scientists-a-practical-guide,1,a-b-testing-for-data-scientists-a-practical-guide,0.963,0,0,0,0,false,GloryTecks Team,true,,2025-09-18,2025-10-18,,none-identified,,170,true,concept diagram,"One diagram that explains the central idea of ""Best Free Datasets for Data Science Practice in 2026"" — the parts and how they relate."
424,P3,2,DEEP REWRITE,,Template body: 100% of its phrasing is shared with 10+ articles; 0% is its own.,None. Queue order in BLOG_REWRITE_QUEUE.csv.,unknown,bdc682e8-b409-456d-9f59-c18dbfb1a0ce,/blog/best-programming-languages-for-data-science-in-2026,best-programming-languages-for-data-science-in-2026,Best Programming Languages for Data Science in 2026,data-science,guide,tutorial,programming languages data science,"How does Best Programming Languages for Data Science in work, and how do I apply it in practice?",data science,"Answer ""How does Best Programming Languages for Data Science in work, and how do I apply it in practice?"" for data science, and hand readers who want structured training to /courses/data-science.",best; programming; languages; data,,685,8,8,5,1,1,4,1,true,0,0,6,0,1,1,0.879,a-b-testing-for-data-scientists-a-practical-guide,1,a-b-testing-for-data-scientists-a-practical-guide,0.963,0,0,0,0,false,Ravi Kumar,false,,2025-12-05,2026-01-08,,none-identified,,169,true,concept diagram,"One diagram that explains the central idea of ""Best Programming Languages for Data Science in 2026"" — the parts and how they relate."
425,P3,2,DEEP REWRITE,,Template body: 100% of its phrasing is shared with 10+ articles; 0% is its own.,None. Queue order in BLOG_REWRITE_QUEUE.csv.,unknown,61ba3737-0357-4ff1-a4b1-85e605217fea,/blog/bias-variance-tradeoff-explained-with-real-examples,bias-variance-tradeoff-explained-with-real-examples,Bias-Variance Tradeoff Explained with Real Examples,data-science,guide,tutorial,bias-variance tradeoff real examples,"What is Bias-Variance Tradeoff, and how does it work?",learners and junior data scientists,"Answer ""What is Bias-Variance Tradeoff, and how does it work?"" for learners and junior data scientists, and hand readers who want structured training to /courses/data-science.",bias; variance; tradeoff; real,,679,8,8,5,1,1,4,1,true,0,0,6,0,1,1,0.879,a-b-testing-for-data-scientists-a-practical-guide,1,a-b-testing-for-data-scientists-a-practical-guide,0.955,0,0,0,0,false,GloryTecks Team,true,,2026-03-17,2026-04-16,,none-identified,,169,true,concept diagram,"One diagram that explains the central idea of ""Bias-Variance Tradeoff Explained with Real Examples"" — the parts and how they relate."
426,P3,2,DEEP REWRITE,,Template body: 100% of its phrasing is shared with 10+ articles; 0% is its own.,None. Queue order in BLOG_REWRITE_QUEUE.csv.,unknown,835846f3-a25a-4d94-b632-144c055aafbe,/blog/blue-green-deployments-for-ml-services,blue-green-deployments-for-ml-services,Blue-Green Deployments for ML Services,mlops,guide,tutorial,blue-green deployments ml services,"How does Blue-Green Deployments for ML Services work, and how do I apply it in practice?",data scientists and engineers moving models to production,"Answer ""How does Blue-Green Deployments for ML Services work, and how do I apply it in practice?"" for data scientists and engineers moving models to production, and hand readers who want structured training to /courses/mlops.",blue; green; deployments; services,,667,8,8,5,1,1,4,1,true,0,0,6,0,1,1,0.9,a-b-testing-ml-models-in-production,1,a-b-testing-ml-models-in-production,0.957,0,0,0,0,false,Sneha Reddy,false,,2025-10-03,2025-10-03,,none-identified,,149,true,architecture diagram,"Diagram of the components in ""Blue-Green Deployments for ML Services"" and how data or requests flow between them."
427,P3,2,DEEP REWRITE,,Template body: 100% of its phrasing is shared with 10+ articles; 0% is its own.,None. Queue order in BLOG_REWRITE_QUEUE.csv.,unknown,0abaa0c1-b9c8-4cb8-9eba-e5cc7c31344c,/blog/building-a-30-60-90-day-plan-for-a-new-data-job,building-a-30-60-90-day-plan-for-a-new-data-job,Building a 30-60-90 Day Plan for a New Data Job,career-guidance,guide,tutorial,building 30-60-90 day plan new data,"How does Building a 30-60-90 Day Plan for a New Data Job work, and how do I apply it in practice?",freshers and career switchers into data roles,"Answer ""How does Building a 30-60-90 Day Plan for a New Data Job work, and how do I apply it in practice?"" for freshers and career switchers into data roles, and hand readers who want structured training to /courses/data-science.",building; day; plan; new,,654,8,7,5,1,0,4,0,true,0,0,6,0,1,1,0.925,asking-for-a-raise-timing-script-and-evidence,1,asking-for-a-raise-timing-script-and-evidence,0.941,0,0,0,0,false,Priya Sharma,false,,2025-10-25,2025-10-25,,none-identified,,168,true,concept diagram,"One diagram that explains the central idea of ""Building a 30-60-90 Day Plan for a New Data Job"" — the parts and how they relate."
428,P3,2,DEEP REWRITE,,Template body: 100% of its phrasing is shared with 10+ articles; 0% is its own.,None. Queue order in BLOG_REWRITE_QUEUE.csv.,unknown,03331497-e78e-442a-9ce9-f99d866cd1e9,/blog/building-a-customer-support-bot-with-llms,building-a-customer-support-bot-with-llms,Building a Customer Support Bot with LLMs,generative-ai,guide,tutorial,building customer support bot llms,"How does Building a Customer Support Bot with LLMs work, and how do I apply it in practice?",developers building with LLMs,"Answer ""How does Building a Customer Support Bot with LLMs work, and how do I apply it in practice?"" for developers building with LLMs, and hand readers who want structured training to /courses/gen-ai.",building; customer; support; bot,,697,8,8,5,1,1,4,1,true,0,0,6,0,1,1,0.897,ai-agents-guide-how-autonomous-agents-actually-work,1,ai-agents-guide-how-autonomous-agents-actually-work,0.958,0,0,0,0,false,GloryTecks Team,true,,2026-01-03,2026-01-03,,none-identified,,160,true,concept diagram,"One diagram that explains the central idea of ""Building a Customer Support Bot with LLMs"" — the parts and how they relate."
429,P3,2,DEEP REWRITE,,Template body: 100% of its phrasing is shared with 10+ articles; 0% is its own.,None. Queue order in BLOG_REWRITE_QUEUE.csv.,unknown,69913a9c-53e8-4caa-abe4-3cf11ca9b30b,/blog/building-a-data-warehouse-a-step-by-step-guide,building-a-data-warehouse-a-step-by-step-guide,Building a Data Warehouse: A Step-by-Step Guide,data-engineering,guide,tutorial,building data warehouse step-by-step,"How does Building a Data Warehouse work, and how do I apply it in practice?",aspiring and junior data engineers,"Answer ""How does Building a Data Warehouse work, and how do I apply it in practice?"" for aspiring and junior data engineers, and hand readers who want structured training to /courses/data-engineering.",building; data; warehouse,,676,8,8,5,1,1,4,1,true,0,0,6,0,1,1,0.816,airflow-tutorial-orchestrating-data-pipelines,1,airflow-tutorial-orchestrating-data-pipelines,0.952,0,0,0,0,false,Sneha Reddy,false,,2025-12-02,2026-01-11,,none-identified,,169,true,architecture diagram,"Diagram of the components in ""Building a Data Warehouse"" and how data or requests flow between them."
430,P3,2,DEEP REWRITE,,Template body: 100% of its phrasing is shared with 10+ articles; 0% is its own.,None. Queue order in BLOG_REWRITE_QUEUE.csv.,unknown,72a20872-37c4-49a1-813d-e0675a5c0a96,/blog/building-a-document-q-and-a-chatbot-with-rag,building-a-document-q-and-a-chatbot-with-rag,Building a Document Q&A Chatbot with RAG,generative-ai,guide,tutorial,building document chatbot rag,"How does Building a Document Q&A Chatbot with RAG work, and how do I apply it in practice?",developers building with LLMs,"Answer ""How does Building a Document Q&A Chatbot with RAG work, and how do I apply it in practice?"" for developers building with LLMs, and hand readers who want structured training to /courses/gen-ai.",building; document; chatbot; rag,,700,8,8,5,1,1,4,1,true,0,0,6,0,1,1,0.897,ai-agents-guide-how-autonomous-agents-actually-work,1,ai-agents-guide-how-autonomous-agents-actually-work,0.954,0,0,0,0,false,GloryTecks Team,true,,2026-03-28,2026-03-28,,none-identified,,159,true,architecture diagram,"Diagram of the components in ""Building a Document Q&A Chatbot with RAG"" and how data or requests flow between them."
431,P3,2,DEEP REWRITE,,Template body: 100% of its phrasing is shared with 10+ articles; 0% is its own.,None. Queue order in BLOG_REWRITE_QUEUE.csv.,unknown,02ad0bda-2bf8-4071-92a6-785f58d763fb,/blog/building-a-personal-brand-on-linkedin,building-a-personal-brand-on-linkedin,Building a Personal Brand on LinkedIn,career-guidance,guide,tutorial,building personal brand linkedin,"How does Building a Personal Brand on LinkedIn work, and how do I apply it in practice?",freshers and career switchers into data roles,"Answer ""How does Building a Personal Brand on LinkedIn work, and how do I apply it in practice?"" for freshers and career switchers into data roles, and hand readers who want structured training to /courses/data-science.",building; personal; brand; linkedin,,642,8,7,5,1,0,4,0,true,0,0,6,0,1,1,0.925,asking-for-a-raise-timing-script-and-evidence,1,asking-for-a-raise-timing-script-and-evidence,0.952,0,0,0,0,false,Priya Sharma,false,,2026-04-11,2026-04-11,,none-identified,,158,true,concept diagram,"One diagram that explains the central idea of ""Building a Personal Brand on LinkedIn"" — the parts and how they relate."
432,P3,2,DEEP REWRITE,,Template body: 100% of its phrasing is shared with 10+ articles; 0% is its own.,None. Queue order in BLOG_REWRITE_QUEUE.csv.,unknown,8d4d115e-f469-48da-9798-909835b23d1a,/blog/building-a-prediction-api-a-complete-walkthrough,building-a-prediction-api-a-complete-walkthrough,Building a Prediction API: A Complete Walkthrough,mlops,guide,tutorial,building prediction api walkthrough,"How does Building a Prediction API work, and how do I apply it in practice?",data scientists and engineers moving models to production,"Answer ""How does Building a Prediction API work, and how do I apply it in practice?"" for data scientists and engineers moving models to production, and hand readers who want structured training to /courses/mlops.",building; prediction; api; walkthrough,,667,8,8,5,1,1,4,1,true,0,0,6,0,1,1,0.9,a-b-testing-ml-models-in-production,1,a-b-testing-ml-models-in-production,0.953,0,0,0,0,false,Ravi Kumar,false,,2025-11-14,2025-11-14,,none-identified,,160,true,concept diagram,"One diagram that explains the central idea of ""Building a Prediction API"" — the parts and how they relate."
433,P3,2,DEEP REWRITE,,Template body: 100% of its phrasing is shared with 10+ articles; 0% is its own.,None. Queue order in BLOG_REWRITE_QUEUE.csv.,unknown,b47642b1-e580-491d-83c8-037227775308,/blog/building-an-end-to-end-mlops-pipeline,building-an-end-to-end-mlops-pipeline,Building an End-to-End MLOps Pipeline,mlops,guide,tutorial,building end-to-end mlops pipeline,"How does Building an End-to-End MLOps Pipeline work, and how do I apply it in practice?",data scientists and engineers moving models to production,"Answer ""How does Building an End-to-End MLOps Pipeline work, and how do I apply it in practice?"" for data scientists and engineers moving models to production, and hand readers who want structured training to /courses/mlops.",building; end; pipeline,,667,8,8,5,1,1,4,1,true,0,0,6,0,1,1,0.9,a-b-testing-ml-models-in-production,1,a-b-testing-ml-models-in-production,0.955,0,0,0,0,false,Sneha Reddy,false,,2026-03-20,2026-03-20,,none-identified,,148,true,architecture diagram,"Diagram of the components in ""Building an End-to-End MLOps Pipeline"" and how data or requests flow between them."
434,P3,2,DEEP REWRITE,,Template body: 100% of its phrasing is shared with 10+ articles; 0% is its own.,None. Queue order in BLOG_REWRITE_QUEUE.csv.,unknown,7fcc0cee-7f97-45ae-a9cd-eef649fca17e,/blog/building-confidence-for-technical-interviews,building-confidence-for-technical-interviews,Building Confidence for Technical Interviews,career-guidance,guide,tutorial,building confidence technical interviews,"How does Building Confidence for Technical Interviews work, and how do I apply it in practice?",freshers and career switchers into data roles,"Answer ""How does Building Confidence for Technical Interviews work, and how do I apply it in practice?"" for freshers and career switchers into data roles, and hand readers who want structured training to /courses/data-science.",building; confidence; technical; interviews,,639,8,7,5,1,0,4,0,true,0,0,6,0,1,1,0.925,asking-for-a-raise-timing-script-and-evidence,1,asking-for-a-raise-timing-script-and-evidence,0.96,0,0,0,0,false,GloryTecks Team,true,,2025-08-20,2025-08-20,,none-identified,,165,true,concept diagram,"One diagram that explains the central idea of ""Building Confidence for Technical Interviews"" — the parts and how they relate."
435,P3,2,DEEP REWRITE,,Template body: 100% of its phrasing is shared with 10+ articles; 0% is its own.,None. Queue order in BLOG_REWRITE_QUEUE.csv.,unknown,85015ab0-23af-42e9-8520-ec6830d79306,/blog/building-credibility-as-a-self-taught-professional,building-credibility-as-a-self-taught-professional,Building Credibility as a Self-Taught Professional,career-guidance,guide,tutorial,building credibility self-taught professional,"How does Building Credibility as a Self-Taught Professional work, and how do I apply it in practice?",freshers and career switchers into data roles,"Answer ""How does Building Credibility as a Self-Taught Professional work, and how do I apply it in practice?"" for freshers and career switchers into data roles, and hand readers who want structured training to /courses/data-science.",building; credibility; self; taught,,642,8,7,5,1,0,4,0,true,0,0,6,0,1,1,0.925,asking-for-a-raise-timing-script-and-evidence,1,asking-for-a-raise-timing-script-and-evidence,0.95,0,0,0,0,false,Priya Sharma,false,,2025-11-30,2025-11-30,,none-identified,,171,true,concept diagram,"One diagram that explains the central idea of ""Building Credibility as a Self-Taught Professional"" — the parts and how they relate."
436,P3,2,DEEP REWRITE,,Template body: 100% of its phrasing is shared with 10+ articles; 0% is its own.,None. Queue order in BLOG_REWRITE_QUEUE.csv.,unknown,bead229f-3b4b-42ea-8fd3-07d44b415a1d,/blog/building-incremental-data-loads-that-scale,building-incremental-data-loads-that-scale,Building Incremental Data Loads That Scale,data-engineering,guide,tutorial,building incremental data loads scale,"How does Building Incremental Data Loads That Scale work, and how do I apply it in practice?",aspiring and junior data engineers,"Answer ""How does Building Incremental Data Loads That Scale work, and how do I apply it in practice?"" for aspiring and junior data engineers, and hand readers who want structured training to /courses/data-engineering.",building; incremental; data; loads,,679,8,8,5,1,1,4,1,true,0,0,6,0,1,1,0.816,airflow-tutorial-orchestrating-data-pipelines,1,airflow-tutorial-orchestrating-data-pipelines,0.957,0,0,0,0,false,GloryTecks Team,true,,2025-10-09,2025-11-06,,none-identified,,164,true,concept diagram,"One diagram that explains the central idea of ""Building Incremental Data Loads That Scale"" — the parts and how they relate."
437,P3,2,DEEP REWRITE,,Template body: 100% of its phrasing is shared with 10+ articles; 0% is its own.,None. Queue order in BLOG_REWRITE_QUEUE.csv.,unknown,5ee45119-caef-4e2f-8807-bc7fe7c2b45e,/blog/building-kpi-scorecards-for-executives,building-kpi-scorecards-for-executives,Building KPI Scorecards for Executives,data-analytics,guide,tutorial,building kpi scorecards executives,"How does Building KPI Scorecards for Executives work, and how do I apply it in practice?",aspiring and junior data analysts,"Answer ""How does Building KPI Scorecards for Executives work, and how do I apply it in practice?"" for aspiring and junior data analysts, and hand readers who want structured training to /courses/data-analytics.",building; kpi; scorecards; executives,,670,8,8,5,1,1,4,1,true,0,0,6,0,1,1,0.88,building-your-first-interactive-dashboard,1,building-your-first-interactive-dashboard,0.955,0,0,0,0,false,Arjun Nair,false,,2025-09-10,2025-10-25,,none-identified,,158,true,concept diagram,"One diagram that explains the central idea of ""Building KPI Scorecards for Executives"" — the parts and how they relate."
438,P3,2,DEEP REWRITE,,Template body: 100% of its phrasing is shared with 10+ articles; 0% is its own.,None. Queue order in BLOG_REWRITE_QUEUE.csv.,unknown,df25f830-9e0f-469c-b913-552ae161ace8,/blog/building-your-first-data-pipeline-a-walkthrough,building-your-first-data-pipeline-a-walkthrough,Building Your First Data Pipeline: A Walkthrough,data-engineering,guide,tutorial,building data pipeline walkthrough,"How does Building Your First Data Pipeline work, and how do I apply it in practice?",aspiring and junior data engineers,"Answer ""How does Building Your First Data Pipeline work, and how do I apply it in practice?"" for aspiring and junior data engineers, and hand readers who want structured training to /courses/data-engineering.",building; first; data; pipeline,,678,8,8,5,1,1,4,1,true,0,0,6,0,1,1,0.816,airflow-tutorial-orchestrating-data-pipelines,1,airflow-tutorial-orchestrating-data-pipelines,0.953,0,0,0,0,false,GloryTecks Team,true,,2026-03-14,2026-04-19,,none-identified,,170,true,architecture diagram,"Diagram of the components in ""Building Your First Data Pipeline"" and how data or requests flow between them."
439,P3,2,DEEP REWRITE,,Template body: 100% of its phrasing is shared with 10+ articles; 0% is its own.,None. Queue order in BLOG_REWRITE_QUEUE.csv.,unknown,9af19898-222a-4545-986c-3352eb626336,/blog/building-your-first-interactive-dashboard,building-your-first-interactive-dashboard,Building Your First Interactive Dashboard,data-analytics,guide,tutorial,building interactive dashboard,"How does Building Your First Interactive Dashboard work, and how do I apply it in practice?",aspiring and junior data analysts,"Answer ""How does Building Your First Interactive Dashboard work, and how do I apply it in practice?"" for aspiring and junior data analysts, and hand readers who want structured training to /courses/data-analytics.",building; first; interactive; dashboard,,670,8,8,5,1,1,4,1,true,0,0,6,0,1,1,0.88,building-kpi-scorecards-for-executives,1,building-kpi-scorecards-for-executives,0.955,0,0,0,0,false,GloryTecks Team,true,,2026-01-02,2026-01-19,,none-identified,,161,true,concept diagram,"One diagram that explains the central idea of ""Building Your First Interactive Dashboard"" — the parts and how they relate."
440,P3,2,DEEP REWRITE,,Template body: 99% of its phrasing is shared with 10+ articles; 1% is its own.,None. Queue order in BLOG_REWRITE_QUEUE.csv.,unknown,349ea1de-4798-4906-bb07-274ac701eaef,/blog/career-growth-when-to-stay-vs-when-to-switch,career-growth-when-to-stay-vs-when-to-switch,Career Growth: When to Stay vs When to Switch,career-guidance,comparison,comparison,growth stay switch,"How do the options in ""Career Growth"" compare?",freshers and career switchers into data roles,"Answer ""How do the options in ""Career Growth"" compare?"" for freshers and career switchers into data roles, and hand readers who want structured training to /courses/data-science.",career; growth; when; stay,,476,5,4,3,1,0,4,0,true,0,0,3,0.013,0.987,0.982,0.513,internships-vs-certifications-what-recruiters-value,0.982,upskilling-vs-reskilling-which-path-fits-you,0.923,0,0,0,0,false,Priya Sharma,false,,2025-09-19,2025-09-19,,none-identified,,159,true,comparison diagram,"Side-by-side diagram of where each option in ""Career Growth"" sits in a typical workflow, with the deciding differences labelled."
441,P3,2,DEEP REWRITE,,Template body: 100% of its phrasing is shared with 10+ articles; 0% is its own.,None. Queue order in BLOG_REWRITE_QUEUE.csv.,unknown,07e8b86d-4546-4062-82e7-a772e4c8174f,/blog/cdc-change-data-capture-explained-with-examples,cdc-change-data-capture-explained-with-examples,CDC (Change Data Capture) Explained with Examples,data-engineering,guide,tutorial,cdc change data capture examples,"What is CDC (Change Data Capture), and how does it work?",aspiring and junior data engineers,"Answer ""What is CDC (Change Data Capture), and how does it work?"" for aspiring and junior data engineers, and hand readers who want structured training to /courses/data-engineering.",cdc; change; data; capture,,682,8,8,5,1,1,4,1,true,0,0,6,0,1,1,0.816,airflow-tutorial-orchestrating-data-pipelines,1,airflow-tutorial-orchestrating-data-pipelines,0.955,0,0,0,0,false,Sneha Reddy,false,,2025-12-14,2025-12-30,,none-identified,,171,true,concept diagram,"One diagram that explains the central idea of ""CDC (Change Data Capture) Explained with Examples"" — the parts and how they relate."
442,P3,2,DEEP REWRITE,,Template body: 100% of its phrasing is shared with 10+ articles; 0% is its own.,None. Queue order in BLOG_REWRITE_QUEUE.csv.,unknown,a13c4178-f865-46db-a7a8-188185cc40bd,/blog/chain-of-thought-prompting-making-llms-reason,chain-of-thought-prompting-making-llms-reason,Chain-of-Thought Prompting: Making LLMs Reason,generative-ai,guide,tutorial,chain-of-thought prompting making llms reason,"How does Chain-of-Thought Prompting work, and how do I apply it in practice?",developers building with LLMs,"Answer ""How does Chain-of-Thought Prompting work, and how do I apply it in practice?"" for developers building with LLMs, and hand readers who want structured training to /courses/gen-ai.",chain; thought; prompting; making,,685,8,8,5,1,1,4,1,true,0,0,6,0,1,1,0.897,ai-agents-guide-how-autonomous-agents-actually-work,1,ai-agents-guide-how-autonomous-agents-actually-work,0.954,0,0,0,0,false,Ravi Kumar,false,,2025-11-22,2025-11-22,,none-identified,,165,true,concept diagram,"One diagram that explains the central idea of ""Chain-of-Thought Prompting"" — the parts and how they relate."
443,P3,2,DEEP REWRITE,,Template body: 100% of its phrasing is shared with 10+ articles; 0% is its own.,None. Queue order in BLOG_REWRITE_QUEUE.csv.,unknown,dd5b32f3-2b2c-4289-9637-3df389d1332f,/blog/chunking-strategies-for-rag-getting-retrieval-right,chunking-strategies-for-rag-getting-retrieval-right,Chunking Strategies for RAG: Getting Retrieval Right,generative-ai,guide,tutorial,chunking strategies rag getting retrieval,"How does Chunking Strategies for RAG work, and how do I apply it in practice?",developers building with LLMs,"Answer ""How does Chunking Strategies for RAG work, and how do I apply it in practice?"" for developers building with LLMs, and hand readers who want structured training to /courses/gen-ai.",chunking; strategies; rag; getting,,691,8,8,5,1,1,4,1,true,0,0,6,0,1,1,0.897,ai-agents-guide-how-autonomous-agents-actually-work,1,ai-agents-guide-how-autonomous-agents-actually-work,0.954,0,0,0,0,false,GloryTecks Team,true,,2026-01-27,2026-01-27,,none-identified,,171,true,architecture diagram,"Diagram of the components in ""Chunking Strategies for RAG"" and how data or requests flow between them."
444,P3,2,DEEP REWRITE,,Template body: 100% of its phrasing is shared with 10+ articles; 0% is its own.,None. Queue order in BLOG_REWRITE_QUEUE.csv.,unknown,97fdb896-9e3c-4c99-a0fa-30875ca2fd06,/blog/clustering-algorithms-k-means-dbscan-and-hierarchical,clustering-algorithms-k-means-dbscan-and-hierarchical,"Clustering Algorithms: K-Means, DBSCAN and Hierarchical",data-science,guide,tutorial,clustering algorithms k-means dbscan hierarchical,"How does Clustering Algorithms work, and how do I apply it in practice?",learners and junior data scientists,"Answer ""How does Clustering Algorithms work, and how do I apply it in practice?"" for learners and junior data scientists, and hand readers who want structured training to /courses/data-science.",clustering; algorithms; means; dbscan,,671,8,8,5,1,1,4,1,true,0,0,6,0,1,1,0.879,a-b-testing-for-data-scientists-a-practical-guide,1,a-b-testing-for-data-scientists-a-practical-guide,0.959,0,0,0,0,false,GloryTecks Team,true,,2025-12-23,2026-01-30,,none-identified,,173,true,concept diagram,"One diagram that explains the central idea of ""Clustering Algorithms"" — the parts and how they relate."
445,P3,2,DEEP REWRITE,,Template body: 100% of its phrasing is shared with 10+ articles; 0% is its own.,None. Queue order in BLOG_REWRITE_QUEUE.csv.,unknown,45e1cecb-57d7-4a9b-b432-1a0d595691ff,/blog/cohort-analysis-explained-with-examples,cohort-analysis-explained-with-examples,Cohort Analysis Explained with Examples,data-analytics,guide,tutorial,cohort analytics examples,"What is Cohort Analysis, and how does it work?",aspiring and junior data analysts,"Answer ""What is Cohort Analysis, and how does it work?"" for aspiring and junior data analysts, and hand readers who want structured training to /courses/data-analytics.",cohort; analysis; examples,,670,8,8,5,1,1,4,1,true,0,0,6,0,1,1,0.88,building-kpi-scorecards-for-executives,1,building-kpi-scorecards-for-executives,0.955,0,0,0,0,false,GloryTecks Team,true,,2026-03-03,2026-03-20,,none-identified,,159,true,concept diagram,"One diagram that explains the central idea of ""Cohort Analysis Explained with Examples"" — the parts and how they relate."
446,P3,2,DEEP REWRITE,,Template body: 100% of its phrasing is shared with 10+ articles; 0% is its own.,None. Queue order in BLOG_REWRITE_QUEUE.csv.,unknown,cc103472-38bf-4e41-ac62-3eb020762646,/blog/context-windows-explained-tokens-limits-and-costs,context-windows-explained-tokens-limits-and-costs,"Context Windows Explained: Tokens, Limits and Costs",generative-ai,guide,tutorial,context windows tokens limits costs,"What is Context Windows, and how does it work?",developers building with LLMs,"Answer ""What is Context Windows, and how does it work?"" for developers building with LLMs, and hand readers who want structured training to /courses/gen-ai.",context; windows; tokens; limits,,689,8,8,5,1,1,4,1,true,0,0,6,0,1,1,0.897,ai-agents-guide-how-autonomous-agents-actually-work,1,ai-agents-guide-how-autonomous-agents-actually-work,0.962,0,0,0,0,false,GloryTecks Team,true,,2025-11-28,2025-11-28,,none-identified,,170,true,concept diagram,"One diagram that explains the central idea of ""Context Windows Explained"" — the parts and how they relate."
447,P3,2,DEEP REWRITE,,Template body: 100% of its phrasing is shared with 10+ articles; 0% is its own.,None. Queue order in BLOG_REWRITE_QUEUE.csv.,unknown,2ae8bcc2-7fe9-4211-946e-d3577a86351f,/blog/continuous-training-automating-model-retraining,continuous-training-automating-model-retraining,Continuous Training: Automating Model Retraining,mlops,guide,tutorial,continuous training automating model retraining,"How does Continuous Training work, and how do I apply it in practice?",data scientists and engineers moving models to production,"Answer ""How does Continuous Training work, and how do I apply it in practice?"" for data scientists and engineers moving models to production, and hand readers who want structured training to /courses/mlops.",continuous; training; automating; model,,661,8,8,5,1,1,4,1,true,0,0,6,0,1,1,0.9,a-b-testing-ml-models-in-production,1,a-b-testing-ml-models-in-production,0.963,0,0,0,0,false,Ravi Kumar,false,,2026-03-02,2026-03-02,,none-identified,,159,true,concept diagram,"One diagram that explains the central idea of ""Continuous Training"" — the parts and how they relate."
448,P3,2,DEEP REWRITE,,Template body: 99% of its phrasing is shared with 10+ articles; 1% is its own.,None. Queue order in BLOG_REWRITE_QUEUE.csv.,unknown,a1a1edd7-f647-405b-933e-549399d33f3c,/blog/correlation-vs-causation-a-must-know-for-analysts,correlation-vs-causation-a-must-know-for-analysts,Correlation vs Causation: A Must-Know for Analysts,data-analytics,comparison,comparison,correlation causation must-know,"Should I use causation or correlation, and in which situations does each one win?",analysts,"Answer ""Should I use causation or correlation, and in which situations does each one win?"" for analysts, and hand readers who want structured training to /courses/data-analytics.",correlation; causation; must; analysts,,477,5,4,3,1,0,4,0,true,0,0,3,0.005,0.995,0.99,0.531,data-analyst-vs-business-analyst-key-differences,0.99,data-analyst-vs-business-analyst-key-differences,0.925,0,0,0,0,false,Arjun Nair,false,,2025-12-03,2026-01-09,,none-identified,,163,true,comparison diagram,"Side-by-side diagram of where each option in ""Correlation vs Causation"" sits in a typical workflow, with the deciding differences labelled."
449,P3,2,DEEP REWRITE,,Template body: 100% of its phrasing is shared with 10+ articles; 0% is its own.,None. Queue order in BLOG_REWRITE_QUEUE.csv.,unknown,825b3a5a-7234-49ae-b739-cb31b8e97ef4,/blog/cost-optimization-for-llm-applications-in-production,cost-optimization-for-llm-applications-in-production,Cost Optimization for LLM Applications in Production,generative-ai,guide,tutorial,cost optimization llm applications production,"How does Cost Optimization for LLM Applications in Production work, and how do I apply it in practice?",developers building with LLMs,"Answer ""How does Cost Optimization for LLM Applications in Production work, and how do I apply it in practice?"" for developers building with LLMs, and hand readers who want structured training to /courses/gen-ai.",cost; optimization; llm; applications,,697,8,8,5,1,1,4,1,true,0,0,6,0,1,1,0.897,ai-agents-guide-how-autonomous-agents-actually-work,1,ai-agents-guide-how-autonomous-agents-actually-work,0.969,0,0,0,0,false,GloryTecks Team,true,,2025-10-11,2025-10-11,,none-identified,,171,true,concept diagram,"One diagram that explains the central idea of ""Cost Optimization for LLM Applications in Production"" — the parts and how they relate."
450,P3,2,DEEP REWRITE,,Template body: 100% of its phrasing is shared with 10+ articles; 0% is its own.,None. Queue order in BLOG_REWRITE_QUEUE.csv.,unknown,73da060d-5146-4aa6-8920-eefdfc2114c6,/blog/cost-optimization-for-ml-workloads-in-the-cloud,cost-optimization-for-ml-workloads-in-the-cloud,Cost Optimization for ML Workloads in the Cloud,mlops,guide,tutorial,cost optimization ml workloads cloud,"How does Cost Optimization for ML Workloads in the Cloud work, and how do I apply it in practice?",data scientists and engineers moving models to production,"Answer ""How does Cost Optimization for ML Workloads in the Cloud work, and how do I apply it in practice?"" for data scientists and engineers moving models to production, and hand readers who want structured training to /courses/mlops.",cost; optimization; workloads; cloud,,676,8,8,5,1,1,4,1,true,0,0,6,0,1,1,0.9,a-b-testing-ml-models-in-production,1,a-b-testing-ml-models-in-production,0.953,0,0,0,0,false,Sneha Reddy,false,,2025-12-14,2025-12-14,,none-identified,,158,true,concept diagram,"One diagram that explains the central idea of ""Cost Optimization for ML Workloads in the Cloud"" — the parts and how they relate."
451,P3,2,DEEP REWRITE,,Template body: 100% of its phrasing is shared with 10+ articles; 0% is its own.,None. Queue order in BLOG_REWRITE_QUEUE.csv.,unknown,6bafd24c-d84b-449c-901c-df4e8163efbf,/blog/cracking-hr-round-questions-confidently,cracking-hr-round-questions-confidently,Cracking HR Round Questions Confidently,career-guidance,guide,tutorial,cracking hr round confidently,"How does Cracking HR Round Questions Confidently work, and how do I apply it in practice?",freshers and career switchers into data roles,"Answer ""How does Cracking HR Round Questions Confidently work, and how do I apply it in practice?"" for freshers and career switchers into data roles, and hand readers who want structured training to /courses/data-science.",cracking; round; questions; confidently,,639,8,7,5,1,0,4,0,true,0,0,6,0,1,1,0.925,asking-for-a-raise-timing-script-and-evidence,1,asking-for-a-raise-timing-script-and-evidence,0.954,0,0,0,0,false,Priya Sharma,false,,2025-12-12,2025-12-12,,none-identified,,160,true,concept diagram,"One diagram that explains the central idea of ""Cracking HR Round Questions Confidently"" — the parts and how they relate."
452,P3,2,DEEP REWRITE,,Template body: 100% of its phrasing is shared with 10+ articles; 0% is its own.,None. Queue order in BLOG_REWRITE_QUEUE.csv.,unknown,ff61386a-778b-4895-9173-fc3c20f1fe33,/blog/cracking-the-behavioral-interview-star-method,cracking-the-behavioral-interview-star-method,Cracking the Behavioral Interview: STAR Method,career-guidance,guide,interview,cracking behavioral star method,"What does an interviewer ask about Cracking the Behavioral Interview, and what does a strong answer contain?",freshers and career switchers into data roles,"Answer ""What does an interviewer ask about Cracking the Behavioral Interview, and what does a strong answer contain?"" for freshers and career switchers into data roles, and hand readers who want structured training to /courses/data-science.",cracking; behavioral; interview; star,,638,8,7,5,1,0,4,0,true,0,0,6,0,1,1,0.925,asking-for-a-raise-timing-script-and-evidence,1,how-to-prepare-for-an-interview-in-one-week,0.95,0,0,0,0,false,Priya Sharma,false,,2026-04-23,2026-04-23,,none-identified,,167,false,none,No image needed; the value is in the questions and answers. Optional: one diagram for the hardest concept explained.
453,P3,2,DEEP REWRITE,,Template body: 100% of its phrasing is shared with 10+ articles; 0% is its own.,None. Queue order in BLOG_REWRITE_QUEUE.csv.,unknown,5fc6afc5-f83d-4462-89a0-25e35eba9439,/blog/crafting-an-elevator-pitch-for-tech-roles,crafting-an-elevator-pitch-for-tech-roles,Crafting an Elevator Pitch for Tech Roles,career-guidance,guide,tutorial,crafting elevator pitch tech,"How does Crafting an Elevator Pitch for Tech Roles work, and how do I apply it in practice?",freshers and career switchers into data roles,"Answer ""How does Crafting an Elevator Pitch for Tech Roles work, and how do I apply it in practice?"" for freshers and career switchers into data roles, and hand readers who want structured training to /courses/data-science.",crafting; elevator; pitch; tech,,645,8,7,5,1,0,4,0,true,0,0,6,0,1,1,0.925,asking-for-a-raise-timing-script-and-evidence,1,asking-for-a-raise-timing-script-and-evidence,0.95,0,0,0,0,false,GloryTecks Team,true,,2025-09-25,2025-09-25,,none-identified,,162,true,concept diagram,"One diagram that explains the central idea of ""Crafting an Elevator Pitch for Tech Roles"" — the parts and how they relate."
454,P3,2,DEEP REWRITE,,Template body: 100% of its phrasing is shared with 10+ articles; 0% is its own.,None. Queue order in BLOG_REWRITE_QUEUE.csv.,unknown,fd3c250d-914c-4989-a2cc-f99e964fb93a,/blog/cross-validation-in-machine-learning-a-practical-guide,cross-validation-in-machine-learning-a-practical-guide,Cross-Validation in Machine Learning: A Practical Guide,data-science,guide,tutorial,cross-validation machine learning,"How does Cross-Validation in Machine Learning work, and how do I apply it in practice?",learners and junior data scientists,"Answer ""How does Cross-Validation in Machine Learning work, and how do I apply it in practice?"" for learners and junior data scientists, and hand readers who want structured training to /courses/data-science.",cross; validation; machine; learning,,676,8,8,5,1,1,4,1,true,0,0,6,0,1,1,0.879,a-b-testing-for-data-scientists-a-practical-guide,1,a-b-testing-for-data-scientists-a-practical-guide,0.956,0,0,0,0,false,GloryTecks Team,true,,2026-03-05,2026-03-19,,none-identified,,173,true,concept diagram,"One diagram that explains the central idea of ""Cross-Validation in Machine Learning"" — the parts and how they relate."
455,P3,2,DEEP REWRITE,,Template body: 100% of its phrasing is shared with 10+ articles; 0% is its own.,None. Queue order in BLOG_REWRITE_QUEUE.csv.,unknown,cb17f4df-fef4-4f32-bb1a-9cd80315418c,/blog/data-analyst-career-path-from-junior-to-lead,data-analyst-career-path-from-junior-to-lead,Data Analyst Career Path: From Junior to Lead,data-analytics,guide,career,data analytics junior lead,"What should I learn, and in what order, to become job-ready in Data Analyst Career Path?",aspiring and junior data analysts,"Answer ""What should I learn, and in what order, to become job-ready in Data Analyst Career Path?"" for aspiring and junior data analysts, and hand readers who want structured training to /courses/data-analytics.",data; analyst; career; path,,671,8,8,5,1,1,4,1,true,0,0,6,0,1,1,0.88,building-kpi-scorecards-for-executives,1,how-to-become-a-data-analyst-with-no-experience,0.948,0,0,0,0,false,Arjun Nair,false,,2025-10-04,2025-11-10,,none-identified,,165,true,roadmap diagram,"Stage-by-stage diagram of the Data Analyst Career Path learning path: each stage, the skills in it, and the proof (project) that closes it."
456,P3,2,DEEP REWRITE,,Template body: 99% of its phrasing is shared with 10+ articles; 1% is its own.,None. Queue order in BLOG_REWRITE_QUEUE.csv.,unknown,1c16821a-373d-4355-b5c7-431df23822fc,/blog/data-analyst-vs-business-analyst-key-differences,data-analyst-vs-business-analyst-key-differences,Data Analyst vs Business Analyst: Key Differences,data-analytics,comparison,comparison,data analytics business key differences,"Should I use business analytics or data analytics, and in which situations does each one win?",aspiring and junior data analysts,"Answer ""Should I use business analytics or data analytics, and in which situations does each one win?"" for aspiring and junior data analysts, and hand readers who want structured training to /courses/data-analytics.",data; analyst; business; key,,479,5,4,3,1,0,4,0,true,0,0,3,0.005,0.995,0.99,0.531,correlation-vs-causation-a-must-know-for-analysts,0.99,correlation-vs-causation-a-must-know-for-analysts,0.925,0,0,0,0,false,GloryTecks Team,true,,2026-01-14,2026-02-16,,none-identified,,162,true,comparison diagram,"Side-by-side diagram of where each option in ""Data Analyst vs Business Analyst"" sits in a typical workflow, with the deciding differences labelled."
457,P3,2,DEEP REWRITE,,Template body: 100% of its phrasing is shared with 10+ articles; 0% is its own.,None. Queue order in BLOG_REWRITE_QUEUE.csv.,unknown,50cd4f22-ea78-4a29-b3b1-7aea85eb9d82,/blog/data-contracts-reliable-pipelines-between-teams,data-contracts-reliable-pipelines-between-teams,Data Contracts: Reliable Pipelines Between Teams,data-engineering,guide,tutorial,data contracts reliable pipeline between teams,"How does Data Contracts work, and how do I apply it in practice?",aspiring and junior data engineers,"Answer ""How does Data Contracts work, and how do I apply it in practice?"" for aspiring and junior data engineers, and hand readers who want structured training to /courses/data-engineering.",data; contracts; reliable; pipelines,,671,8,8,5,1,1,4,1,true,0,0,6,0,1,1,0.816,airflow-tutorial-orchestrating-data-pipelines,1,airflow-tutorial-orchestrating-data-pipelines,0.963,0,0,0,0,false,GloryTecks Team,true,,2025-09-27,2025-10-09,,none-identified,,170,true,architecture diagram,"Diagram of the components in ""Data Contracts"" and how data or requests flow between them."
458,P3,2,DEEP REWRITE,,Template body: 100% of its phrasing is shared with 10+ articles; 0% is its own.,None. Queue order in BLOG_REWRITE_QUEUE.csv.,unknown,ad6c6db4-7122-40af-8016-86960a506c49,/blog/data-engineering-tools-you-must-learn-in-2026,data-engineering-tools-you-must-learn-in-2026,Data Engineering Tools You Must Learn in 2026,data-engineering,guide,tutorial,data engineering must,"How does Data Engineering Tools You Must Learn in work, and how do I apply it in practice?",aspiring and junior data engineers,"Answer ""How does Data Engineering Tools You Must Learn in work, and how do I apply it in practice?"" for aspiring and junior data engineers, and hand readers who want structured training to /courses/data-engineering.",data; engineering; tools; must,,685,8,8,5,1,1,4,1,true,0,0,6,0,1,1,0.816,airflow-tutorial-orchestrating-data-pipelines,1,airflow-tutorial-orchestrating-data-pipelines,0.965,0,0,0,0,false,GloryTecks Team,true,,2025-09-03,2025-09-23,,none-identified,,167,true,concept diagram,"One diagram that explains the central idea of ""Data Engineering Tools You Must Learn in 2026"" — the parts and how they relate."
459,P3,2,DEEP REWRITE,,Template body: 99% of its phrasing is shared with 10+ articles; 0% is its own.,None. Queue order in BLOG_REWRITE_QUEUE.csv.,unknown,528ab0f5-ce67-4c9f-8e7c-32028224fb63,/blog/data-engineering-vs-data-science-roles-compared,data-engineering-vs-data-science-roles-compared,Data Engineering vs Data Science: Roles Compared,data-engineering,comparison,comparison,data engineering science,"Should I use data engineering or data science, and in which situations does each one win?",aspiring and junior data engineers,"Answer ""Should I use data engineering or data science, and in which situations does each one win?"" for aspiring and junior data engineers, and hand readers who want structured training to /courses/data-engineering.",data; engineering; science; roles,/compare/data-engineering-vs-data-science,476,5,4,3,1,0,4,0,true,0,0,3,0.003,0.995,0.99,0.604,etl-vs-elt-differences-and-when-to-use-each,0.99,etl-vs-elt-differences-and-when-to-use-each,0.93,0,0,0,0,false,GloryTecks Team,true,,2026-02-18,2026-04-03,,none-identified,,163,true,comparison diagram,"Side-by-side diagram of where each option in ""Data Engineering vs Data Science"" sits in a typical workflow, with the deciding differences labelled."
460,P3,2,DEEP REWRITE,,Template body: 100% of its phrasing is shared with 10+ articles; 0% is its own.,None. Queue order in BLOG_REWRITE_QUEUE.csv.,unknown,e9bf5b6b-f249-4848-83cd-45dbc3115f77,/blog/data-governance-basics-every-analyst-should-know,data-governance-basics-every-analyst-should-know,Data Governance Basics Every Analyst Should Know,data-analytics,guide,tutorial,data governance every analytics,"What is Data Governance, and how does it work?",aspiring and junior data analysts,"Answer ""What is Data Governance, and how does it work?"" for aspiring and junior data analysts, and hand readers who want structured training to /courses/data-analytics.",data; governance; basics; analyst,,676,8,8,5,1,1,4,1,true,0,0,6,0,1,1,0.88,building-kpi-scorecards-for-executives,1,building-kpi-scorecards-for-executives,0.958,0,0,0,0,false,Arjun Nair,false,,2025-11-09,2025-12-24,,none-identified,,168,true,concept diagram,"One diagram that explains the central idea of ""Data Governance Basics Every Analyst Should Know"" — the parts and how they relate."
461,P3,2,DEEP REWRITE,,Template body: 100% of its phrasing is shared with 10+ articles; 0% is its own.,None. Queue order in BLOG_REWRITE_QUEUE.csv.,unknown,983192f9-4044-467b-b0b2-c199d506ce15,/blog/data-preprocessing-cleaning-data-the-right-way,data-preprocessing-cleaning-data-the-right-way,Data Preprocessing: Cleaning Data the Right Way,data-science,guide,tutorial,data preprocessing cleaning way,"How does Data Preprocessing work, and how do I apply it in practice?",learners and junior data scientists,"Answer ""How does Data Preprocessing work, and how do I apply it in practice?"" for learners and junior data scientists, and hand readers who want structured training to /courses/data-science.",data; preprocessing; cleaning; right,,672,8,8,5,1,1,4,1,true,0,0,6,0,1,1,0.879,a-b-testing-for-data-scientists-a-practical-guide,1,a-b-testing-for-data-scientists-a-practical-guide,0.959,0,0,0,0,false,GloryTecks Team,true,,2026-01-28,2026-03-15,,none-identified,,165,true,concept diagram,"One diagram that explains the central idea of ""Data Preprocessing"" — the parts and how they relate."
462,P3,2,DEEP REWRITE,,Template body: 100% of its phrasing is shared with 10+ articles; 0% is its own.,None. Queue order in BLOG_REWRITE_QUEUE.csv.,unknown,40ef6920-5fa8-4eb3-a79f-93a58b864e04,/blog/data-quality-testing-and-validation-in-pipelines,data-quality-testing-and-validation-in-pipelines,Data Quality: Testing and Validation in Pipelines,data-engineering,guide,tutorial,data quality testing validation pipeline,"How does Data Quality work, and how do I apply it in practice?",aspiring and junior data engineers,"Answer ""How does Data Quality work, and how do I apply it in practice?"" for aspiring and junior data engineers, and hand readers who want structured training to /courses/data-engineering.",data; quality; testing; validation,,672,8,8,5,1,1,4,1,true,0,0,6,0,1,1,0.816,airflow-tutorial-orchestrating-data-pipelines,1,airflow-tutorial-orchestrating-data-pipelines,0.965,0,0,0,0,false,GloryTecks Team,true,,2026-01-13,2026-02-18,,none-identified,,171,true,architecture diagram,"Diagram of the components in ""Data Quality"" and how data or requests flow between them."
463,P3,2,DEEP REWRITE,,Template body: 100% of its phrasing is shared with 10+ articles; 0% is its own.,None. Queue order in BLOG_REWRITE_QUEUE.csv.,unknown,0cb9e77c-f716-4288-96ad-f8c822122679,/blog/data-science-career-guide-roles-skills-and-growth-path,data-science-career-guide-roles-skills-and-growth-path,"Data Science Career Guide: Roles, Skills and Growth Path",data-science,guide,tutorial,data science growth,"How does Data Science Career Guide work, and how do I apply it in practice?",learners and junior data scientists,"Answer ""How does Data Science Career Guide work, and how do I apply it in practice?"" for learners and junior data scientists, and hand readers who want structured training to /courses/data-science.",data; science; career; roles,,678,8,8,5,1,1,4,1,true,0,0,6,0,1,1,0.879,a-b-testing-for-data-scientists-a-practical-guide,1,a-b-testing-for-data-scientists-a-practical-guide,0.95,0,0,0,0,false,Ravi Kumar,false,,2025-09-12,2025-10-24,,none-identified,,174,true,concept diagram,"One diagram that explains the central idea of ""Data Science Career Guide"" — the parts and how they relate."
464,P3,2,DEEP REWRITE,,Template body: 100% of its phrasing is shared with 10+ articles; 0% is its own.,None. Queue order in BLOG_REWRITE_QUEUE.csv.,unknown,8b7baa4a-9a6c-40e7-89f5-8aa5fd3ebf58,/blog/data-science-internships-in-hyderabad-how-to-land-one,data-science-internships-in-hyderabad-how-to-land-one,Data Science Internships in Hyderabad: How to Land One,data-science,guide,tutorial,data science internships land one,"How does Data Science Internships in Hyderabad work, and how do I apply it in practice?",learners and junior data scientists,"Answer ""How does Data Science Internships in Hyderabad work, and how do I apply it in practice?"" for learners and junior data scientists, and hand readers who want structured training to /courses/data-science.",data; science; internships; hyderabad,,680,8,8,5,1,1,4,1,true,0,0,6,0,1,1,0.879,a-b-testing-for-data-scientists-a-practical-guide,1,a-b-testing-for-data-scientists-a-practical-guide,0.956,0,0,0,0,false,Ravi Kumar,false,,2025-10-18,2025-10-28,,none-identified,,172,true,concept diagram,"One diagram that explains the central idea of ""Data Science Internships in Hyderabad"" — the parts and how they relate."
465,P3,2,DEEP REWRITE,,Template body: 99% of its phrasing is shared with 10+ articles; 1% is its own.,None. Queue order in BLOG_REWRITE_QUEUE.csv.,unknown,7d33dee8-9547-4349-a379-c57a33577e5d,/blog/data-science-vs-machine-learning-vs-ai-what-s-the-difference,data-science-vs-machine-learning-vs-ai-what-s-the-difference,Data Science vs Machine Learning vs AI: What's the Difference?,data-science,comparison,comparison,data science machine learning ai difference,"Should I use ai or data science or machine learning, and in which situations does each one win?",learners and junior data scientists,"Answer ""Should I use ai or data science or machine learning, and in which situations does each one win?"" for learners and junior data scientists, and hand readers who want structured training to /courses/data-science.",data; science; machine; learning,,486,5,4,3,1,0,4,0,true,0,0,3,0.008,0.99,0.99,0.529,data-science-vs-data-analytics-which-career-is-right-for-you,0.99,data-science-vs-data-analytics-which-career-is-right-for-you,0.915,0,0,0,0,false,Ravi Kumar,false,,2026-04-04,2026-05-08,,none-identified,,173,true,comparison diagram,"Side-by-side diagram of where each option in ""Data Science vs Machine Learning vs AI"" sits in a typical workflow, with the deciding differences labelled."
466,P3,2,DEEP REWRITE,,Template body: 100% of its phrasing is shared with 10+ articles; 0% is its own.,None. Queue order in BLOG_REWRITE_QUEUE.csv.,unknown,3fff247f-29a3-4de8-a469-2af7400da633,/blog/data-science-without-a-degree-is-it-possible-in-2026,data-science-without-a-degree-is-it-possible-in-2026,Data Science Without a Degree: Is It Possible in 2026?,data-science,guide,tutorial,data science without degree possible,"How does Data Science Without a Degree work, and how do I apply it in practice?",learners and junior data scientists,"Answer ""How does Data Science Without a Degree work, and how do I apply it in practice?"" for learners and junior data scientists, and hand readers who want structured training to /courses/data-science.",data; science; degree; possible,,681,8,8,5,1,1,4,1,true,0,0,6,0,1,1,0.879,a-b-testing-for-data-scientists-a-practical-guide,1,a-b-testing-for-data-scientists-a-practical-guide,0.948,0,0,0,0,false,GloryTecks Team,true,,2025-12-11,2026-01-02,,none-identified,,172,true,concept diagram,"One diagram that explains the central idea of ""Data Science Without a Degree"" — the parts and how they relate."
467,P3,2,DEEP REWRITE,,Template body: 100% of its phrasing is shared with 10+ articles; 0% is its own.,None. Queue order in BLOG_REWRITE_QUEUE.csv.,unknown,1ef92364-5766-44b6-b812-375cfe61afc2,/blog/deep-learning-guide-neural-networks-explained-simply,deep-learning-guide-neural-networks-explained-simply,Deep Learning Guide: Neural Networks Explained Simply,data-science,guide,tutorial,deep learning neural networks simply,"What is Deep Learning Guide, and how does it work?",learners and junior data scientists,"Answer ""What is Deep Learning Guide, and how does it work?"" for learners and junior data scientists, and hand readers who want structured training to /courses/data-science.",deep; learning; neural; networks,,674,8,8,5,1,1,4,1,true,0,0,6,0,1,1,0.879,a-b-testing-for-data-scientists-a-practical-guide,1,a-b-testing-for-data-scientists-a-practical-guide,0.955,0,0,0,0,false,GloryTecks Team,true,,2026-05-16,2026-06-15,,none-identified,,171,true,concept diagram,"One diagram that explains the central idea of ""Deep Learning Guide"" — the parts and how they relate."
468,P3,2,DEEP REWRITE,,Template body: 100% of its phrasing is shared with 10+ articles; 0% is its own.,None. Queue order in BLOG_REWRITE_QUEUE.csv.,unknown,188a603c-cf59-4977-a558-e677a573312e,/blog/deploying-a-gen-ai-app-on-the-cloud-a-walkthrough,deploying-a-gen-ai-app-on-the-cloud-a-walkthrough,Deploying a Gen AI App on the Cloud: A Walkthrough,generative-ai,guide,tutorial,deploying generative ai app cloud walkthrough,"How does Deploying a Gen AI App on the Cloud work, and how do I apply it in practice?",developers building with LLMs,"Answer ""How does Deploying a Gen AI App on the Cloud work, and how do I apply it in practice?"" for developers building with LLMs, and hand readers who want structured training to /courses/gen-ai.",deploying; gen; app; cloud,,702,8,8,5,1,1,4,1,true,0,0,6,0,1,1,0.897,ai-agents-guide-how-autonomous-agents-actually-work,1,ai-agents-guide-how-autonomous-agents-actually-work,0.949,0,0,0,0,false,Ravi Kumar,false,,2025-08-30,2025-08-30,,none-identified,,169,true,architecture diagram,"Diagram of the components in ""Deploying a Gen AI App on the Cloud"" and how data or requests flow between them."
469,P3,2,DEEP REWRITE,,Template body: 99% of its phrasing is shared with 10+ articles; 1% is its own.,None. Queue order in BLOG_REWRITE_QUEUE.csv.,unknown,8fb0cd10-53bc-47da-8d3e-b7bf0c5d5823,/blog/descriptive-vs-diagnostic-vs-predictive-analytics,descriptive-vs-diagnostic-vs-predictive-analytics,Descriptive vs Diagnostic vs Predictive Analytics,data-analytics,comparison,comparison,descriptive diagnostic predictive analytics,"Should I use descriptive or diagnostic or predictive analytics, and in which situations does each one win?",aspiring and junior data analysts,"Answer ""Should I use descriptive or diagnostic or predictive analytics, and in which situations does each one win?"" for aspiring and junior data analysts, and hand readers who want structured training to /courses/data-analytics.",descriptive; diagnostic; predictive; analytics,,479,5,4,3,1,0,4,0,true,0,0,3,0.01,0.99,0.984,0.529,correlation-vs-causation-a-must-know-for-analysts,0.984,correlation-vs-causation-a-must-know-for-analysts,0.925,0,0,0,0,false,GloryTecks Team,true,,2026-04-20,2026-05-31,,none-identified,,162,true,comparison diagram,"Side-by-side diagram of where each option in ""Descriptive vs Diagnostic vs Predictive Analytics"" sits in a typical workflow, with the deciding differences labelled."
470,P3,2,DEEP REWRITE,,Template body: 100% of its phrasing is shared with 10+ articles; 0% is its own.,None. Queue order in BLOG_REWRITE_QUEUE.csv.,unknown,6d99b234-3768-4d44-a80b-09f0071c027b,/blog/designing-fact-and-dimension-tables,designing-fact-and-dimension-tables,Designing Fact and Dimension Tables,data-engineering,guide,tutorial,designing fact dimension tables,"How does Designing Fact and Dimension Tables work, and how do I apply it in practice?",aspiring and junior data engineers,"Answer ""How does Designing Fact and Dimension Tables work, and how do I apply it in practice?"" for aspiring and junior data engineers, and hand readers who want structured training to /courses/data-engineering.",designing; fact; dimension; tables,,676,8,8,5,1,1,4,1,true,0,0,6,0,1,1,0.816,airflow-tutorial-orchestrating-data-pipelines,1,airflow-tutorial-orchestrating-data-pipelines,0.959,0,0,0,0,false,Sneha Reddy,false,,2025-11-08,2025-12-26,,none-identified,,157,true,concept diagram,"One diagram that explains the central idea of ""Designing Fact and Dimension Tables"" — the parts and how they relate."
471,P3,2,DEEP REWRITE,,Template body: 100% of its phrasing is shared with 10+ articles; 0% is its own.,None. Queue order in BLOG_REWRITE_QUEUE.csv.,unknown,84643a02-651d-47d0-b0aa-81b9a1be3de6,/blog/edge-ml-deployment-running-models-on-devices,edge-ml-deployment-running-models-on-devices,Edge ML Deployment: Running Models on Devices,mlops,guide,tutorial,edge ml deployment running model devices,"How does Edge ML Deployment work, and how do I apply it in practice?",data scientists and engineers moving models to production,"Answer ""How does Edge ML Deployment work, and how do I apply it in practice?"" for data scientists and engineers moving models to production, and hand readers who want structured training to /courses/mlops.",edge; deployment; running; models,,665,8,8,5,1,1,4,1,true,0,0,6,0,1,1,0.9,a-b-testing-ml-models-in-production,1,a-b-testing-ml-models-in-production,0.957,0,0,0,0,false,Ravi Kumar,false,,2025-09-27,2025-09-27,,none-identified,,156,true,architecture diagram,"Diagram of the components in ""Edge ML Deployment"" and how data or requests flow between them."
472,P3,2,DEEP REWRITE,,Template body: 100% of its phrasing is shared with 10+ articles; 0% is its own.,None. Queue order in BLOG_REWRITE_QUEUE.csv.,unknown,33324384-3d3f-4b16-93cf-4b926bed29ce,/blog/embeddings-explained-the-foundation-of-modern-ai,embeddings-explained-the-foundation-of-modern-ai,Embeddings Explained: The Foundation of Modern AI,generative-ai,guide,tutorial,embeddings foundation modern ai,"What is Embeddings, and how does it work?",developers building with LLMs,"Answer ""What is Embeddings, and how does it work?"" for developers building with LLMs, and hand readers who want structured training to /courses/gen-ai.",embeddings; foundation; modern,,687,8,8,5,1,1,4,1,true,0,0,6,0,1,1,0.897,ai-agents-guide-how-autonomous-agents-actually-work,1,ai-agents-guide-how-autonomous-agents-actually-work,0.964,0,0,0,0,false,Ravi Kumar,false,,2026-04-03,2026-04-03,,none-identified,,168,true,concept diagram,"One diagram that explains the central idea of ""Embeddings Explained"" — the parts and how they relate."
473,P3,2,DEEP REWRITE,,Template body: 100% of its phrasing is shared with 10+ articles; 0% is its own.,None. Queue order in BLOG_REWRITE_QUEUE.csv.,unknown,7af3452b-010b-49e4-b978-1426046850f3,/blog/ensemble-learning-bagging-boosting-and-stacking-explained,ensemble-learning-bagging-boosting-and-stacking-explained,"Ensemble Learning: Bagging, Boosting and Stacking Explained",data-science,guide,tutorial,ensemble learning bagging boosting stacking,"What is Ensemble Learning, and how does it work?",learners and junior data scientists,"Answer ""What is Ensemble Learning, and how does it work?"" for learners and junior data scientists, and hand readers who want structured training to /courses/data-science.",ensemble; learning; bagging; boosting,,672,8,8,5,1,1,4,1,true,0,0,6,0,1,1,0.879,a-b-testing-for-data-scientists-a-practical-guide,1,a-b-testing-for-data-scientists-a-practical-guide,0.961,0,0,0,0,false,GloryTecks Team,true,,2026-01-16,2026-02-15,,none-identified,,177,true,concept diagram,"One diagram that explains the central idea of ""Ensemble Learning"" — the parts and how they relate."
474,P3,2,DEEP REWRITE,,Template body: 100% of its phrasing is shared with 10+ articles; 0% is its own.,None. Queue order in BLOG_REWRITE_QUEUE.csv.,unknown,6abc197f-b75a-44b8-8082-f08719c60124,/blog/evaluating-llm-outputs-metrics-tools-and-best-practices,evaluating-llm-outputs-metrics-tools-and-best-practices,"Evaluating LLM Outputs: Metrics, Tools and Best Practices",generative-ai,guide,tutorial,evaluating llm outputs metrics practices,"What are the best practices for Evaluating LLM Outputs, and why?",developers building with LLMs,"Answer ""What are the best practices for Evaluating LLM Outputs, and why?"" for developers building with LLMs, and hand readers who want structured training to /courses/gen-ai.",evaluating; llm; outputs; metrics,,690,8,8,5,1,1,4,1,true,0,0,6,0,1,1,0.897,ai-agents-guide-how-autonomous-agents-actually-work,1,ai-agents-guide-how-autonomous-agents-actually-work,0.956,0,0,0,0,false,Ravi Kumar,false,,2026-01-21,2026-01-21,,none-identified,,176,true,concept diagram,"One diagram that explains the central idea of ""Evaluating LLM Outputs"" — the parts and how they relate."
475,P3,2,DEEP REWRITE,,Template body: 100% of its phrasing is shared with 10+ articles; 0% is its own.,None. Queue order in BLOG_REWRITE_QUEUE.csv.,unknown,9572efd1-fa21-4652-a526-22a7a8289a6f,/blog/evaluation-metrics-accuracy-precision-recall-and-f1-demystified,evaluation-metrics-accuracy-precision-recall-and-f1-demystified,"Evaluation Metrics: Accuracy, Precision, Recall and F1 Demystified",data-science,guide,tutorial,evaluation metrics accuracy precision recall f1 demystified,"How does Evaluation Metrics work, and how do I apply it in practice?",learners and junior data scientists,"Answer ""How does Evaluation Metrics work, and how do I apply it in practice?"" for learners and junior data scientists, and hand readers who want structured training to /courses/data-science.",evaluation; metrics; accuracy; precision,,673,8,8,5,1,1,4,1,true,0,0,6,0,1,1,0.879,a-b-testing-for-data-scientists-a-practical-guide,1,a-b-testing-for-data-scientists-a-practical-guide,0.957,0,0,0,0,false,GloryTecks Team,true,,2026-01-04,2026-01-18,,none-identified,,184,true,concept diagram,"One diagram that explains the central idea of ""Evaluation Metrics"" — the parts and how they relate."
476,P3,2,DEEP REWRITE,,Template body: 100% of its phrasing is shared with 10+ articles; 0% is its own.,None. Queue order in BLOG_REWRITE_QUEUE.csv.,unknown,5866df9b-552b-4225-b19f-c581a8c7a186,/blog/exploratory-data-analysis-eda-a-step-by-step-walkthrough,exploratory-data-analysis-eda-a-step-by-step-walkthrough,Exploratory Data Analysis (EDA): A Step-by-Step Walkthrough,data-science,guide,tutorial,exploratory data analytics eda step-by-step walkthrough,"How does Exploratory Data Analysis (EDA) work, and how do I apply it in practice?",learners and junior data scientists,"Answer ""How does Exploratory Data Analysis (EDA) work, and how do I apply it in practice?"" for learners and junior data scientists, and hand readers who want structured training to /courses/data-science.",exploratory; data; analysis; eda,,676,8,8,5,1,1,4,1,true,0,0,6,0,1,1,0.879,a-b-testing-for-data-scientists-a-practical-guide,1,a-b-testing-for-data-scientists-a-practical-guide,0.948,0,0,0,0,false,GloryTecks Team,true,,2026-03-29,2026-05-14,,none-identified,,177,true,concept diagram,"One diagram that explains the central idea of ""Exploratory Data Analysis (EDA)"" — the parts and how they relate."
477,P3,2,DEEP REWRITE,,Template body: 100% of its phrasing is shared with 10+ articles; 0% is its own.,None. Queue order in BLOG_REWRITE_QUEUE.csv.,unknown,d7af685c-f97b-4cf9-b4f6-5a74f8549f75,/blog/feature-engineering-a-practical-guide-with-examples,feature-engineering-a-practical-guide-with-examples,Feature Engineering: A Practical Guide with Examples,data-science,guide,tutorial,feature engineering examples,"How does Feature Engineering work, and how do I apply it in practice?",learners and junior data scientists,"Answer ""How does Feature Engineering work, and how do I apply it in practice?"" for learners and junior data scientists, and hand readers who want structured training to /courses/data-science.",feature; engineering; practical; examples,,672,8,8,5,1,1,4,1,true,0,0,6,0,1,1,0.879,a-b-testing-for-data-scientists-a-practical-guide,1,a-b-testing-for-data-scientists-a-practical-guide,0.959,0,0,0,0,false,Ravi Kumar,false,,2026-05-10,2026-06-15,,none-identified,,170,true,concept diagram,"One diagram that explains the central idea of ""Feature Engineering"" — the parts and how they relate."
478,P3,2,DEEP REWRITE,,Template body: 100% of its phrasing is shared with 10+ articles; 0% is its own.,None. Queue order in BLOG_REWRITE_QUEUE.csv.,unknown,5f37b0ba-cf36-409d-9b64-67e621db739c,/blog/feature-stores-explained-why-teams-need-them,feature-stores-explained-why-teams-need-them,Feature Stores Explained: Why Teams Need Them,mlops,guide,tutorial,feature stores teams them,"What is Feature Stores, and how does it work?",data scientists and engineers moving models to production,"Answer ""What is Feature Stores, and how does it work?"" for data scientists and engineers moving models to production, and hand readers who want structured training to /courses/mlops.",feature; stores; why; teams,,665,8,8,5,1,1,4,1,true,0,0,6,0,1,1,0.9,a-b-testing-ml-models-in-production,1,a-b-testing-ml-models-in-production,0.957,0,0,0,0,false,Ravi Kumar,false,,2026-04-19,2026-04-19,,none-identified,,156,true,concept diagram,"One diagram that explains the central idea of ""Feature Stores Explained"" — the parts and how they relate."
479,P3,2,DEEP REWRITE,,Template body: 99% of its phrasing is shared with 10+ articles; 1% is its own.,None. Queue order in BLOG_REWRITE_QUEUE.csv.,unknown,ad1b9f26-5eba-4ea4-adf5-2fcf332d235f,/blog/few-shot-vs-zero-shot-prompting-a-practical-guide,few-shot-vs-zero-shot-prompting-a-practical-guide,Few-Shot vs Zero-Shot Prompting: A Practical Guide,generative-ai,comparison,comparison,few-shot zero-shot prompting,"Should I use few-shot or zero-shot prompting, and in which situations does each one win?",developers building with LLMs,"Answer ""Should I use few-shot or zero-shot prompting, and in which situations does each one win?"" for developers building with LLMs, and hand readers who want structured training to /courses/gen-ai.",few; shot; zero; prompting,,485,5,4,3,1,0,4,0,true,0,0,3,0.008,0.992,0.987,0.527,fine-tuning-vs-rag-which-should-you-choose,0.987,fine-tuning-vs-rag-which-should-you-choose,0.922,0,0,0,0,false,GloryTecks Team,true,,2025-11-16,2025-11-16,,none-identified,,162,true,comparison diagram,"Side-by-side diagram of where each option in ""Few-Shot vs Zero-Shot Prompting"" sits in a typical workflow, with the deciding differences labelled."
480,P3,2,DEEP REWRITE,,Template body: 100% of its phrasing is shared with 10+ articles; 0% is its own.,None. Queue order in BLOG_REWRITE_QUEUE.csv.,unknown,2469e61e-f691-45c2-b013-931802ca37e2,/blog/freelancing-guide-for-data-professionals,freelancing-guide-for-data-professionals,Freelancing Guide for Data Professionals,career-guidance,guide,tutorial,freelancing,"How does Freelancing Guide for Data Professionals work, and how do I apply it in practice?",data professionals,"Answer ""How does Freelancing Guide for Data Professionals work, and how do I apply it in practice?"" for data professionals, and hand readers who want structured training to /courses/data-science.",freelancing; data; professionals,,639,8,7,5,1,0,4,0,true,0,0,6,0,1,1,0.925,asking-for-a-raise-timing-script-and-evidence,1,asking-for-a-raise-timing-script-and-evidence,0.954,0,0,0,0,false,Priya Sharma,false,,2026-05-05,2026-05-05,,none-identified,,161,true,concept diagram,"One diagram that explains the central idea of ""Freelancing Guide for Data Professionals"" — the parts and how they relate."
481,P3,2,DEEP REWRITE,,Template body: 100% of its phrasing is shared with 10+ articles; 0% is its own.,None. Queue order in BLOG_REWRITE_QUEUE.csv.,unknown,5af445b3-82b0-43b2-baa9-e37d3c607de0,/blog/from-service-to-product-company-a-transition-guide,from-service-to-product-company-a-transition-guide,From Service to Product Company: A Transition Guide,career-guidance,guide,tutorial,service product company transition,"How does From Service to Product Company work, and how do I apply it in practice?",freshers and career switchers into data roles,"Answer ""How does From Service to Product Company work, and how do I apply it in practice?"" for freshers and career switchers into data roles, and hand readers who want structured training to /courses/data-science.",service; product; company; transition,,642,8,7,5,1,0,4,0,true,0,0,6,0,1,1,0.925,asking-for-a-raise-timing-script-and-evidence,1,asking-for-a-raise-timing-script-and-evidence,0.946,0,0,0,0,false,GloryTecks Team,true,,2026-02-04,2026-02-04,,none-identified,,172,true,concept diagram,"One diagram that explains the central idea of ""From Service to Product Company"" — the parts and how they relate."
482,P3,2,DEEP REWRITE,,Template body: 100% of its phrasing is shared with 10+ articles; 0% is its own.,None. Queue order in BLOG_REWRITE_QUEUE.csv.,unknown,febcf860-313b-4ee1-9e1a-a4bd6af1cc50,/blog/function-calling-and-tool-use-in-llms-explained,function-calling-and-tool-use-in-llms-explained,Function Calling and Tool Use in LLMs Explained,generative-ai,guide,tutorial,function calling llms,"What is Function Calling and Tool Use in LLMs, and how does it work?",developers building with LLMs,"Answer ""What is Function Calling and Tool Use in LLMs, and how does it work?"" for developers building with LLMs, and hand readers who want structured training to /courses/gen-ai.",function; calling; tool; use,,700,8,8,5,1,1,4,1,true,0,0,6,0,1,1,0.897,ai-agents-guide-how-autonomous-agents-actually-work,1,ai-agents-guide-how-autonomous-agents-actually-work,0.958,0,0,0,0,false,Ravi Kumar,false,,2026-01-09,2026-01-09,,none-identified,,166,true,code output screenshot or diagram,"Worked example for ""Function Calling and Tool Use in LLMs Explained"": the input, the code's key step, and the resulting output side by side."
483,P3,2,DEEP REWRITE,,Template body: 100% of its phrasing is shared with 10+ articles; 0% is its own.,None. Queue order in BLOG_REWRITE_QUEUE.csv.,unknown,cb67551d-e33a-438f-9a5e-ed925419f863,/blog/funnel-analysis-measuring-conversion-step-by-step,funnel-analysis-measuring-conversion-step-by-step,Funnel Analysis: Measuring Conversion Step by Step,data-analytics,guide,tutorial,funnel analytics measuring conversion,"How does Funnel Analysis work, and how do I apply it in practice?",aspiring and junior data analysts,"Answer ""How does Funnel Analysis work, and how do I apply it in practice?"" for aspiring and junior data analysts, and hand readers who want structured training to /courses/data-analytics.",funnel; analysis; measuring; conversion,,666,8,8,5,1,1,4,1,true,0,0,6,0,1,1,0.88,building-kpi-scorecards-for-executives,1,building-kpi-scorecards-for-executives,0.957,0,0,0,0,false,Arjun Nair,false,,2026-02-25,2026-03-26,,none-identified,,170,true,concept diagram,"One diagram that explains the central idea of ""Funnel Analysis"" — the parts and how they relate."
484,P3,2,MANUAL REVIEW,,"Salary figures with no cited source. A rewrite needs a dated, citable salary dataset; without one the figures must go.","Source a salary dataset, or rewrite without figures.",unknown,66f37063-d9bd-4621-a57d-8e0f451b6dd1,/blog/gcp-data-engineer-salary-in-india-2026,gcp-data-engineer-salary-in-india-2026,GCP Data Engineer Salary in India 2026,gcp,salary,salary,gcp data engineering india,"What does GCP Data Engineer work pay, and what moves the number?",data engineers working on Google Cloud,"Answer ""What does GCP Data Engineer work pay, and what moves the number?"" for data engineers working on Google Cloud, and hand readers who want structured training to /courses/data-engineering.",data; engineer; salary,,535,5,5,3,1,0,5,0,true,0,0,11,0.012,0.91,0.539,0.48,dataproc-vs-dataflow-which-to-choose,0.704,aws-data-engineer-salary-in-india-2026,0.601,0,0,0,0,false,GloryTecks Team,true,,2025-11-13,2025-11-13,,market-data,,165,false,none,No image. A chart is only appropriate once the figures are sourced; then chart the cited data with the source in the caption.
485,P3,2,DEEP REWRITE,,Template body: 100% of its phrasing is shared with 10+ articles; 0% is its own.,None. Queue order in BLOG_REWRITE_QUEUE.csv.,unknown,ce541867-8f3d-497c-a960-d47813398c85,/blog/generative-ai-for-images-diffusion-models-explained,generative-ai-for-images-diffusion-models-explained,Generative AI for Images: Diffusion Models Explained,generative-ai,guide,tutorial,generative ai images diffusion model,"What is Generative AI for Images, and how does it work?",developers building with LLMs,"Answer ""What is Generative AI for Images, and how does it work?"" for developers building with LLMs, and hand readers who want structured training to /courses/gen-ai.",generative; images; diffusion; models,,691,8,8,5,1,1,4,1,true,0,0,6,0,1,1,0.897,ai-agents-guide-how-autonomous-agents-actually-work,1,ai-agents-guide-how-autonomous-agents-actually-work,0.954,0,0,0,0,false,Ravi Kumar,false,,2025-12-28,2025-12-28,,none-identified,,171,true,concept diagram,"One diagram that explains the central idea of ""Generative AI for Images"" — the parts and how they relate."
486,P3,2,DEEP REWRITE,,Template body: 100% of its phrasing is shared with 10+ articles; 0% is its own.,None. Queue order in BLOG_REWRITE_QUEUE.csv.,unknown,4f4ab792-b571-451a-94f8-3a56b5771523,/blog/google-sheets-for-data-analysis-underrated-power-tools,google-sheets-for-data-analysis-underrated-power-tools,Google Sheets for Data Analysis: Underrated Power Tools,data-analytics,guide,tutorial,google sheets data analytics underrated power,"How does Google Sheets for Data Analysis work, and how do I apply it in practice?",data analysis,"Answer ""How does Google Sheets for Data Analysis work, and how do I apply it in practice?"" for data analysis, and hand readers who want structured training to /courses/data-analytics.",google; sheets; data; analysis,,673,8,8,5,1,1,4,1,true,0,0,6,0,1,1,0.88,building-kpi-scorecards-for-executives,1,building-kpi-scorecards-for-executives,0.963,0,0,0,0,false,Arjun Nair,false,,2026-02-01,2026-03-10,,none-identified,,175,true,concept diagram,"One diagram that explains the central idea of ""Google Sheets for Data Analysis"" — the parts and how they relate."
487,P3,2,DEEP REWRITE,,Template body: 100% of its phrasing is shared with 10+ articles; 0% is its own.,None. Queue order in BLOG_REWRITE_QUEUE.csv.,unknown,488edca3-7e7e-4151-bf01-06d9743f516f,/blog/gradient-descent-explained-the-engine-behind-ml,gradient-descent-explained-the-engine-behind-ml,Gradient Descent Explained: The Engine Behind ML,data-science,guide,tutorial,gradient descent engine behind ml,"What is Gradient Descent, and how does it work?",learners and junior data scientists,"Answer ""What is Gradient Descent, and how does it work?"" for learners and junior data scientists, and hand readers who want structured training to /courses/data-science.",gradient; descent; engine; behind,,674,8,8,5,1,1,4,1,true,0,0,6,0,1,1,0.879,a-b-testing-for-data-scientists-a-practical-guide,1,a-b-testing-for-data-scientists-a-practical-guide,0.961,0,0,0,0,false,GloryTecks Team,true,,2025-09-30,2025-11-15,,none-identified,,166,true,concept diagram,"One diagram that explains the central idea of ""Gradient Descent Explained"" — the parts and how they relate."
488,P3,2,DEEP REWRITE,,Template body: 100% of its phrasing is shared with 10+ articles; 0% is its own.,None. Queue order in BLOG_REWRITE_QUEUE.csv.,unknown,fe788dc5-61a7-4462-93f8-b73de5f3dffa,/blog/guardrails-for-llms-keeping-ai-apps-safe-and-on-topic,guardrails-for-llms-keeping-ai-apps-safe-and-on-topic,Guardrails for LLMs: Keeping AI Apps Safe and On-Topic,generative-ai,guide,tutorial,guardrails llms keeping ai apps safe on-topic,"How does Guardrails for LLMs work, and how do I apply it in practice?",developers building with LLMs,"Answer ""How does Guardrails for LLMs work, and how do I apply it in practice?"" for developers building with LLMs, and hand readers who want structured training to /courses/gen-ai.",guardrails; llms; keeping; apps,,691,8,8,5,1,1,4,1,true,0,0,6,0,1,1,0.897,ai-agents-guide-how-autonomous-agents-actually-work,1,ai-agents-guide-how-autonomous-agents-actually-work,0.953,0,0,0,0,false,GloryTecks Team,true,,2025-11-04,2025-11-04,,none-identified,,173,true,concept diagram,"One diagram that explains the central idea of ""Guardrails for LLMs"" — the parts and how they relate."
489,P3,2,DEEP REWRITE,,Template body: 100% of its phrasing is shared with 10+ articles; 0% is its own.,None. Queue order in BLOG_REWRITE_QUEUE.csv.,unknown,82467957-07cd-47ab-bc6c-20333b3376df,/blog/handling-concept-drift-in-live-ml-systems,handling-concept-drift-in-live-ml-systems,Handling Concept Drift in Live ML Systems,mlops,guide,tutorial,handling concept drift live ml systems,"How does Handling Concept Drift in Live ML Systems work, and how do I apply it in practice?",data scientists and engineers moving models to production,"Answer ""How does Handling Concept Drift in Live ML Systems work, and how do I apply it in practice?"" for data scientists and engineers moving models to production, and hand readers who want structured training to /courses/mlops.",handling; concept; drift; live,,673,8,8,5,1,1,4,1,true,0,0,6,0,1,1,0.9,a-b-testing-ml-models-in-production,1,a-b-testing-ml-models-in-production,0.971,0,0,0,0,false,Ravi Kumar,false,,2025-11-26,2025-11-26,,none-identified,,152,true,concept diagram,"One diagram that explains the central idea of ""Handling Concept Drift in Live ML Systems"" — the parts and how they relate."
490,P3,2,DEEP REWRITE,,Template body: 100% of its phrasing is shared with 10+ articles; 0% is its own.,None. Queue order in BLOG_REWRITE_QUEUE.csv.,unknown,7a88788d-029f-45dc-919e-6330716e6b5d,/blog/handling-imbalanced-datasets-techniques-that-work,handling-imbalanced-datasets-techniques-that-work,Handling Imbalanced Datasets: Techniques That Work,data-science,guide,tutorial,handling imbalanced datasets techniques work,"How does Handling Imbalanced Datasets work, and how do I apply it in practice?",learners and junior data scientists,"Answer ""How does Handling Imbalanced Datasets work, and how do I apply it in practice?"" for learners and junior data scientists, and hand readers who want structured training to /courses/data-science.",handling; imbalanced; datasets; techniques,,673,8,8,5,1,1,4,1,true,0,0,6,0,1,1,0.879,a-b-testing-for-data-scientists-a-practical-guide,1,a-b-testing-for-data-scientists-a-practical-guide,0.957,0,0,0,0,false,Ravi Kumar,false,,2026-02-27,2026-03-25,,none-identified,,168,true,concept diagram,"One diagram that explains the central idea of ""Handling Imbalanced Datasets"" — the parts and how they relate."
491,P3,2,DEEP REWRITE,,Template body: 100% of its phrasing is shared with 10+ articles; 0% is its own.,None. Queue order in BLOG_REWRITE_QUEUE.csv.,unknown,f28fe1ef-f52c-4721-bb31-4aba0dd2e82c,/blog/handling-job-rejection-and-bouncing-back,handling-job-rejection-and-bouncing-back,Handling Job Rejection and Bouncing Back,career-guidance,guide,tutorial,handling rejection bouncing back,"How does Handling Job Rejection and Bouncing Back work, and how do I apply it in practice?",freshers and career switchers into data roles,"Answer ""How does Handling Job Rejection and Bouncing Back work, and how do I apply it in practice?"" for freshers and career switchers into data roles, and hand readers who want structured training to /courses/data-science.",handling; job; rejection; bouncing,,642,8,7,5,1,0,4,0,true,0,0,6,0,1,1,0.925,asking-for-a-raise-timing-script-and-evidence,1,asking-for-a-raise-timing-script-and-evidence,0.952,0,0,0,0,false,Priya Sharma,false,,2026-01-29,2026-01-29,,none-identified,,161,true,concept diagram,"One diagram that explains the central idea of ""Handling Job Rejection and Bouncing Back"" — the parts and how they relate."
492,P3,2,DEEP REWRITE,,Template body: 100% of its phrasing is shared with 10+ articles; 0% is its own.,None. Queue order in BLOG_REWRITE_QUEUE.csv.,unknown,8e24f914-032a-466a-b6ba-1157d670978d,/blog/handling-late-arriving-data-in-pipelines,handling-late-arriving-data-in-pipelines,Handling Late-Arriving Data in Pipelines,data-engineering,guide,tutorial,handling late-arriving data pipeline,"How does Handling Late-Arriving Data in Pipelines work, and how do I apply it in practice?",aspiring and junior data engineers,"Answer ""How does Handling Late-Arriving Data in Pipelines work, and how do I apply it in practice?"" for aspiring and junior data engineers, and hand readers who want structured training to /courses/data-engineering.",handling; late; arriving; data,,676,8,8,5,1,1,4,1,true,0,0,6,0,1,1,0.816,airflow-tutorial-orchestrating-data-pipelines,1,airflow-tutorial-orchestrating-data-pipelines,0.961,0,0,0,0,false,Sneha Reddy,false,,2025-08-28,2025-09-29,,none-identified,,162,true,architecture diagram,"Diagram of the components in ""Handling Late-Arriving Data in Pipelines"" and how data or requests flow between them."
493,P3,2,DEEP REWRITE,,Template body: 100% of its phrasing is shared with 10+ articles; 0% is its own.,None. Queue order in BLOG_REWRITE_QUEUE.csv.,unknown,5eeb562c-7607-4f19-9081-614df57b3b57,/blog/how-data-analysts-add-real-business-value,how-data-analysts-add-real-business-value,How Data Analysts Add Real Business Value,data-analytics,guide,tutorial,data analytics add real business value,"How does How Data Analysts Add Real Business Value work, and how do I apply it in practice?",aspiring and junior data analysts,"Answer ""How does How Data Analysts Add Real Business Value work, and how do I apply it in practice?"" for aspiring and junior data analysts, and hand readers who want structured training to /courses/data-analytics.",data; analysts; add; real,,676,8,8,5,1,1,4,1,true,0,0,6,0,1,1,0.88,building-kpi-scorecards-for-executives,1,building-kpi-scorecards-for-executives,0.952,0,0,0,0,false,GloryTecks Team,true,,2025-08-23,2025-10-03,,none-identified,,161,true,concept diagram,"One diagram that explains the central idea of ""How Data Analysts Add Real Business Value"" — the parts and how they relate."
494,P3,2,DEEP REWRITE,,Template body: 100% of its phrasing is shared with 10+ articles; 0% is its own.,None. Queue order in BLOG_REWRITE_QUEUE.csv.,unknown,fedc7a3a-de64-4891-a319-c286b7a1556d,/blog/how-large-language-models-llms-work-under-the-hood,how-large-language-models-llms-work-under-the-hood,How Large Language Models (LLMs) Work Under the Hood,generative-ai,guide,tutorial,large language model llms work under hood,"How does How Large Language Models (LLMs) Work Under the Hood work, and how do I apply it in practice?",developers building with LLMs,"Answer ""How does How Large Language Models (LLMs) Work Under the Hood work, and how do I apply it in practice?"" for developers building with LLMs, and hand readers who want structured training to /courses/gen-ai.",large; language; models; llms,,703,8,8,5,1,1,4,1,true,0,0,6,0,1,1,0.897,ai-agents-guide-how-autonomous-agents-actually-work,1,ai-agents-guide-how-autonomous-agents-actually-work,0.953,0,0,0,0,false,Ravi Kumar,false,,2026-04-15,2026-04-15,,none-identified,,171,true,concept diagram,"One diagram that explains the central idea of ""How Large Language Models (LLMs) Work Under the Hood"" — the parts and how they relate."
495,P3,2,DEEP REWRITE,,Template body: 100% of its phrasing is shared with 10+ articles; 0% is its own.,None. Queue order in BLOG_REWRITE_QUEUE.csv.,unknown,b9981a86-e8a7-4851-b00f-3a348bf7e8a1,/blog/how-much-math-do-you-really-need-for-data-science,how-much-math-do-you-really-need-for-data-science,How Much Math Do You Really Need for Data Science?,data-science,guide,tutorial,much math really data science,"How does How Much Math Do You Really Need for Data Science? work, and how do I apply it in practice?",data science,"Answer ""How does How Much Math Do You Really Need for Data Science? work, and how do I apply it in practice?"" for data science, and hand readers who want structured training to /courses/data-science.",much; math; really; need,,691,8,8,5,1,1,4,1,true,0,0,6,0,1,1,0.879,a-b-testing-for-data-scientists-a-practical-guide,1,a-b-testing-for-data-scientists-a-practical-guide,0.96,0,0,0,0,false,Ravi Kumar,false,,2025-12-17,2025-12-27,,none-identified,,168,true,concept diagram,"One diagram that explains the central idea of ""How Much Math Do You Really Need for Data Science?"" — the parts and how they relate."
496,P3,2,DEEP REWRITE,,Template body: 100% of its phrasing is shared with 10+ articles; 0% is its own.,None. Queue order in BLOG_REWRITE_QUEUE.csv.,unknown,0bdfb4e6-ca7d-4f77-a247-515fbc7a3716,/blog/how-to-answer-tell-me-about-yourself-in-interviews,how-to-answer-tell-me-about-yourself-in-interviews,How to Answer 'Tell Me About Yourself' in Interviews,career-guidance,guide,tutorial,tell me about yourself interviews,How do I Answer 'Tell Me About Yourself' in Interviews?,freshers and career switchers into data roles,"Answer ""How do I Answer 'Tell Me About Yourself' in Interviews?"" for freshers and career switchers into data roles, and hand readers who want structured training to /courses/data-science.",answer; tell; about; yourself,,651,8,7,5,1,0,4,0,true,0,0,6,0,1,1,0.925,asking-for-a-raise-timing-script-and-evidence,1,asking-for-a-raise-timing-script-and-evidence,0.956,0,0,0,0,false,GloryTecks Team,true,,2026-03-24,2026-03-24,,none-identified,,173,true,concept diagram,"One diagram that explains the central idea of ""How to Answer 'Tell Me About Yourself' in Interviews"" — the parts and how they relate."
497,P3,2,DEEP REWRITE,,Template body: 100% of its phrasing is shared with 10+ articles; 0% is its own.,None. Queue order in BLOG_REWRITE_QUEUE.csv.,unknown,4deb6465-7417-46e9-b653-fc5d243a5f90,/blog/how-to-audit-a-messy-dataset-before-analysis,how-to-audit-a-messy-dataset-before-analysis,How to Audit a Messy Dataset Before Analysis,data-analytics,guide,tutorial,audit messy dataset before analytics,How do I Audit a Messy Dataset Before Analysis?,aspiring and junior data analysts,"Answer ""How do I Audit a Messy Dataset Before Analysis?"" for aspiring and junior data analysts, and hand readers who want structured training to /courses/data-analytics.",audit; messy; dataset; before,,679,8,8,5,1,1,4,1,true,0,0,6,0,1,1,0.88,building-kpi-scorecards-for-executives,1,building-kpi-scorecards-for-executives,0.957,0,0,0,0,false,Arjun Nair,false,,2025-10-28,2025-11-26,,none-identified,,164,true,concept diagram,"One diagram that explains the central idea of ""How to Audit a Messy Dataset Before Analysis"" — the parts and how they relate."
498,P3,2,DEEP REWRITE,,Template body: 100% of its phrasing is shared with 10+ articles; 0% is its own.,None. Queue order in BLOG_REWRITE_QUEUE.csv.,unknown,42fa332c-199e-4033-bf0a-484dfbca4f6c,/blog/how-to-become-a-data-analyst-with-no-experience,how-to-become-a-data-analyst-with-no-experience,How to Become a Data Analyst with No Experience,data-analytics,guide,career,data analytics,How do I Become a Data Analyst with No Experience?,aspiring and junior data analysts,"Answer ""How do I Become a Data Analyst with No Experience?"" for aspiring and junior data analysts, and hand readers who want structured training to /courses/data-analytics.",become; data; analyst; experience,/blog/data-analyst-roadmap-2026-skills-tools-and-timeline,682,8,8,5,1,1,4,1,true,0,0,6,0,1,1,0.88,building-kpi-scorecards-for-executives,1,data-analyst-career-path-from-junior-to-lead,0.948,0,0,0,0,false,Arjun Nair,false,,2026-01-20,2026-02-10,,none-identified,,167,true,roadmap diagram,"Stage-by-stage diagram of the How to Become a Data Analyst with No Experience learning path: each stage, the skills in it, and the proof (project) that closes it."
499,P3,2,DEEP REWRITE,,Template body: 100% of its phrasing is shared with 10+ articles; 0% is its own.,None. Queue order in BLOG_REWRITE_QUEUE.csv.,unknown,b9fbae04-d29a-4a8e-a16f-3f23b53cd221,/blog/how-to-become-a-data-engineer-in-2026,how-to-become-a-data-engineer-in-2026,How to Become a Data Engineer in 2026,data-engineering,guide,career,data engineering,How do I Become a Data Engineer in?,aspiring and junior data engineers,"Answer ""How do I Become a Data Engineer in?"" for aspiring and junior data engineers, and hand readers who want structured training to /courses/data-engineering.",become; data; engineer,/blog/data-engineering-roadmap-2026-a-complete-guide,685,8,8,5,1,1,4,1,true,0,0,6,0,1,1,0.816,airflow-tutorial-orchestrating-data-pipelines,0.653,data-engineering-roadmap-2026-a-complete-guide,0.965,0,0,0,0,false,GloryTecks Team,true,,2025-08-22,2025-10-05,,none-identified,,159,true,roadmap diagram,"Stage-by-stage diagram of the How to Become a Data Engineer in 2026 learning path: each stage, the skills in it, and the proof (project) that closes it."
500,P3,2,DEEP REWRITE,,Template body: 100% of its phrasing is shared with 10+ articles; 0% is its own.,None. Queue order in BLOG_REWRITE_QUEUE.csv.,unknown,2657b2bb-b314-43da-ad9a-c6cfd801f492,/blog/how-to-become-a-data-scientist-in-2026-with-no-experience,how-to-become-a-data-scientist-in-2026-with-no-experience,How to Become a Data Scientist in 2026 with No Experience,data-science,guide,career,data science,How do I Become a Data Scientist in with No Experience?,learners and junior data scientists,"Answer ""How do I Become a Data Scientist in with No Experience?"" for learners and junior data scientists, and hand readers who want structured training to /courses/data-science.",become; data; scientist; experience,,694,8,8,5,1,1,4,1,true,0,0,6,0,1,1,0.879,a-b-testing-for-data-scientists-a-practical-guide,0.654,data-science-roadmap-2026-a-complete-step-by-step-guide,0.946,0,0,0,0,false,Ravi Kumar,false,,2026-04-16,2026-04-26,,none-identified,,175,true,roadmap diagram,"Stage-by-stage diagram of the How to Become a Data Scientist in 2026 with No Experience learning path: each stage, the skills in it, and the proof (project) that closes it."
501,P3,2,DEEP REWRITE,,Template body: 100% of its phrasing is shared with 10+ articles; 0% is its own.,None. Queue order in BLOG_REWRITE_QUEUE.csv.,unknown,6d8c9a6a-d793-4c3f-9b66-28af0be82561,/blog/how-to-become-a-generative-ai-engineer-in-2026,how-to-become-a-generative-ai-engineer-in-2026,How to Become a Generative AI Engineer in 2026,generative-ai,guide,career,generative ai engineering,How do I Become a Generative AI Engineer in?,developers building with LLMs,"Answer ""How do I Become a Generative AI Engineer in?"" for developers building with LLMs, and hand readers who want structured training to /courses/gen-ai.",become; generative; engineer,,703,8,8,5,1,1,4,1,true,0,0,6,0,1,1,0.897,ai-agents-guide-how-autonomous-agents-actually-work,0.66,agentic-ai-roadmap-2026-from-prompts-to-autonomous-systems,0.96,0,0,0,0,false,GloryTecks Team,true,,2025-12-22,2025-12-22,,none-identified,,165,true,roadmap diagram,"Stage-by-stage diagram of the How to Become a Generative AI Engineer in 2026 learning path: each stage, the skills in it, and the proof (project) that closes it."
502,P3,2,DEEP REWRITE,,Template body: 100% of its phrasing is shared with 10+ articles; 0% is its own.,None. Queue order in BLOG_REWRITE_QUEUE.csv.,unknown,cc3aecdc-0897-4887-858d-ad034676c797,/blog/how-to-build-a-data-analyst-portfolio-in-2026,how-to-build-a-data-analyst-portfolio-in-2026,How to Build a Data Analyst Portfolio in 2026,data-analytics,guide,tutorial,build data analytics,How do I Build a Data Analyst Portfolio in?,aspiring and junior data analysts,"Answer ""How do I Build a Data Analyst Portfolio in?"" for aspiring and junior data analysts, and hand readers who want structured training to /courses/data-analytics.",build; data; analyst; portfolio,,682,8,8,5,1,1,4,1,true,0,0,6,0,1,1,0.88,building-kpi-scorecards-for-executives,1,building-kpi-scorecards-for-executives,0.963,0,0,0,0,false,Arjun Nair,false,,2026-03-21,2026-04-11,,none-identified,,165,true,concept diagram,"One diagram that explains the central idea of ""How to Build a Data Analyst Portfolio in 2026"" — the parts and how they relate."
503,P3,2,DEEP REWRITE,,Template body: 100% of its phrasing is shared with 10+ articles; 0% is its own.,None. Queue order in BLOG_REWRITE_QUEUE.csv.,unknown,27c1a6dc-026a-436b-b539-d7a9d24c9c2a,/blog/how-to-build-a-data-portfolio-website,how-to-build-a-data-portfolio-website,How to Build a Data Portfolio Website,career-guidance,guide,tutorial,build data website,How do I Build a Data Portfolio Website?,freshers and career switchers into data roles,"Answer ""How do I Build a Data Portfolio Website?"" for freshers and career switchers into data roles, and hand readers who want structured training to /courses/data-science.",build; data; portfolio; website,,645,8,7,5,1,0,4,0,true,0,0,6,0,1,1,0.925,asking-for-a-raise-timing-script-and-evidence,1,asking-for-a-raise-timing-script-and-evidence,0.95,0,0,0,0,false,Priya Sharma,false,,2026-02-10,2026-02-10,,none-identified,,158,true,concept diagram,"One diagram that explains the central idea of ""How to Build a Data Portfolio Website"" — the parts and how they relate."
504,P3,2,DEEP REWRITE,,Template body: 100% of its phrasing is shared with 10+ articles; 0% is its own.,None. Queue order in BLOG_REWRITE_QUEUE.csv.,unknown,bb7fc367-7d77-4644-b147-bcedb786cb89,/blog/how-to-build-a-data-science-portfolio-that-gets-interviews,how-to-build-a-data-science-portfolio-that-gets-interviews,How to Build a Data Science Portfolio That Gets Interviews,data-science,guide,tutorial,build data science gets interviews,How do I Build a Data Science Portfolio That Gets Interviews?,learners and junior data scientists,"Answer ""How do I Build a Data Science Portfolio That Gets Interviews?"" for learners and junior data scientists, and hand readers who want structured training to /courses/data-science.",build; data; science; portfolio,,691,8,8,5,1,1,4,1,true,0,0,6,0,1,1,0.879,a-b-testing-for-data-scientists-a-practical-guide,1,a-b-testing-for-data-scientists-a-practical-guide,0.948,0,0,0,0,false,Ravi Kumar,false,,2026-03-11,2026-04-22,,none-identified,,176,true,concept diagram,"One diagram that explains the central idea of ""How to Build a Data Science Portfolio That Gets Interviews"" — the parts and how they relate."
505,P3,2,DEEP REWRITE,,Template body: 100% of its phrasing is shared with 10+ articles; 0% is its own.,None. Queue order in BLOG_REWRITE_QUEUE.csv.,unknown,5481aade-d3b7-4e68-ba68-dd89f9cee04f,/blog/how-to-build-an-mlops-portfolio-that-stands-out,how-to-build-an-mlops-portfolio-that-stands-out,How to Build an MLOps Portfolio That Stands Out,mlops,guide,tutorial,build mlops stands out,How do I Build an MLOps Portfolio That Stands Out?,data scientists and engineers moving models to production,"Answer ""How do I Build an MLOps Portfolio That Stands Out?"" for data scientists and engineers moving models to production, and hand readers who want structured training to /courses/mlops.",build; portfolio; stands,,679,8,8,5,1,1,4,1,true,0,0,6,0,1,1,0.9,a-b-testing-ml-models-in-production,1,a-b-testing-ml-models-in-production,0.951,0,0,0,0,false,Ravi Kumar,false,,2025-08-22,2025-08-22,,none-identified,,158,true,architecture diagram,"Diagram of the components in ""How to Build an MLOps Portfolio That Stands Out"" and how data or requests flow between them."
506,P3,2,DEEP REWRITE,,Template body: 100% of its phrasing is shared with 10+ articles; 0% is its own.,None. Queue order in BLOG_REWRITE_QUEUE.csv.,unknown,a7099cd5-af10-4d85-89aa-ff942fed1cbe,/blog/how-to-crack-product-based-company-interviews,how-to-crack-product-based-company-interviews,How to Crack Product-Based Company Interviews,career-guidance,guide,tutorial,crack product-based company interviews,How do I Crack Product-Based Company Interviews?,freshers and career switchers into data roles,"Answer ""How do I Crack Product-Based Company Interviews?"" for freshers and career switchers into data roles, and hand readers who want structured training to /courses/data-science.",crack; product; based; company,,642,8,7,5,1,0,4,0,true,0,0,6,0,1,1,0.925,asking-for-a-raise-timing-script-and-evidence,1,asking-for-a-raise-timing-script-and-evidence,0.96,0,0,0,0,false,Priya Sharma,false,,2026-03-06,2026-03-06,,none-identified,,166,true,concept diagram,"One diagram that explains the central idea of ""How to Crack Product-Based Company Interviews"" — the parts and how they relate."
507,P3,2,DEEP REWRITE,,Template body: 100% of its phrasing is shared with 10+ articles; 0% is its own.,None. Queue order in BLOG_REWRITE_QUEUE.csv.,unknown,967d2df0-0348-4572-99ed-86c4eba17f41,/blog/how-to-find-a-mentor-in-tech,how-to-find-a-mentor-in-tech,How to Find a Mentor in Tech,career-guidance,guide,tutorial,find mentor tech,How do I Find a Mentor in Tech?,freshers and career switchers into data roles,"Answer ""How do I Find a Mentor in Tech?"" for freshers and career switchers into data roles, and hand readers who want structured training to /courses/data-science.",find; mentor; tech,,645,8,7,5,1,0,4,0,true,0,0,6,0,1,1,0.925,asking-for-a-raise-timing-script-and-evidence,1,asking-for-a-raise-timing-script-and-evidence,0.956,0,0,0,0,false,GloryTecks Team,true,,2025-12-30,2025-12-30,,none-identified,,149,true,concept diagram,"One diagram that explains the central idea of ""How to Find a Mentor in Tech"" — the parts and how they relate."
508,P3,2,DEEP REWRITE,,Template body: 100% of its phrasing is shared with 10+ articles; 0% is its own.,None. Queue order in BLOG_REWRITE_QUEUE.csv.,unknown,29786512-1893-41b9-ae9a-e806a4a6b0bb,/blog/how-to-get-promoted-in-a-data-team,how-to-get-promoted-in-a-data-team,How to Get Promoted in a Data Team,career-guidance,guide,tutorial,get promoted data team,How do I Get Promoted in a Data Team?,freshers and career switchers into data roles,"Answer ""How do I Get Promoted in a Data Team?"" for freshers and career switchers into data roles, and hand readers who want structured training to /courses/data-science.",get; promoted; data; team,,648,8,7,5,1,0,4,0,true,0,0,6,0,1,1,0.925,asking-for-a-raise-timing-script-and-evidence,1,asking-for-a-raise-timing-script-and-evidence,0.948,0,0,0,0,false,GloryTecks Team,true,,2026-01-11,2026-01-11,,none-identified,,155,true,concept diagram,"One diagram that explains the central idea of ""How to Get Promoted in a Data Team"" — the parts and how they relate."
509,P3,2,DEEP REWRITE,,Template body: 100% of its phrasing is shared with 10+ articles; 0% is its own.,None. Queue order in BLOG_REWRITE_QUEUE.csv.,unknown,32cf794d-cafa-4a23-9f3e-59970c4bdfcb,/blog/how-to-get-recruiters-to-notice-your-profile,how-to-get-recruiters-to-notice-your-profile,How to Get Recruiters to Notice Your Profile,career-guidance,guide,tutorial,get recruiters notice profile,How do I Get Recruiters to Notice Your Profile?,freshers and career switchers into data roles,"Answer ""How do I Get Recruiters to Notice Your Profile?"" for freshers and career switchers into data roles, and hand readers who want structured training to /courses/data-science.",get; recruiters; notice; profile,,648,8,7,5,1,0,4,0,true,0,0,6,0,1,1,0.925,asking-for-a-raise-timing-script-and-evidence,1,asking-for-a-raise-timing-script-and-evidence,0.95,0,0,0,0,false,GloryTecks Team,true,,2025-10-19,2025-10-19,,none-identified,,165,true,concept diagram,"One diagram that explains the central idea of ""How to Get Recruiters to Notice Your Profile"" — the parts and how they relate."
510,P3,2,DEEP REWRITE,,Template body: 100% of its phrasing is shared with 10+ articles; 0% is its own.,None. Queue order in BLOG_REWRITE_QUEUE.csv.,unknown,aab7ba0a-93a0-41f4-9e23-3cba7707ffbf,/blog/how-to-get-your-first-data-job-with-no-experience,how-to-get-your-first-data-job-with-no-experience,How to Get Your First Data Job with No Experience,career-guidance,guide,tutorial,get data,How do I Get Your First Data Job with No Experience?,freshers and career switchers into data roles,"Answer ""How do I Get Your First Data Job with No Experience?"" for freshers and career switchers into data roles, and hand readers who want structured training to /courses/data-science.",get; first; data; job,,654,8,7,5,1,0,4,0,true,0,0,6,0,1,1,0.925,asking-for-a-raise-timing-script-and-evidence,1,asking-for-a-raise-timing-script-and-evidence,0.944,0,0,0,0,false,GloryTecks Team,true,,2026-04-17,2026-04-17,,none-identified,,170,true,concept diagram,"One diagram that explains the central idea of ""How to Get Your First Data Job with No Experience"" — the parts and how they relate."
511,P3,2,DEEP REWRITE,,Template body: 100% of its phrasing is shared with 10+ articles; 0% is its own.,None. Queue order in BLOG_REWRITE_QUEUE.csv.,unknown,d0c7160b-d8cf-45a6-ac00-a1d349e279a4,/blog/how-to-handle-missing-data-in-analytics,how-to-handle-missing-data-in-analytics,How to Handle Missing Data in Analytics,data-analytics,guide,tutorial,handle missing data analytics,How do I Handle Missing Data in Analytics?,aspiring and junior data analysts,"Answer ""How do I Handle Missing Data in Analytics?"" for aspiring and junior data analysts, and hand readers who want structured training to /courses/data-analytics.",handle; missing; data; analytics,,676,8,8,5,1,1,4,1,true,0,0,6,0,1,1,0.88,building-kpi-scorecards-for-executives,1,building-kpi-scorecards-for-executives,0.959,0,0,0,0,false,Arjun Nair,false,,2026-02-13,2026-02-26,,none-identified,,159,true,concept diagram,"One diagram that explains the central idea of ""How to Handle Missing Data in Analytics"" — the parts and how they relate."
512,P3,2,DEEP REWRITE,,Template body: 100% of its phrasing is shared with 10+ articles; 0% is its own.,None. Queue order in BLOG_REWRITE_QUEUE.csv.,unknown,a0318615-bc1b-4d98-be65-146d5ec21e43,/blog/how-to-handle-multiple-job-offers-gracefully,how-to-handle-multiple-job-offers-gracefully,How to Handle Multiple Job Offers Gracefully,career-guidance,guide,tutorial,handle multiple offers gracefully,How do I Handle Multiple Job Offers Gracefully?,freshers and career switchers into data roles,"Answer ""How do I Handle Multiple Job Offers Gracefully?"" for freshers and career switchers into data roles, and hand readers who want structured training to /courses/data-science.",handle; multiple; job; offers,,645,8,7,5,1,0,4,0,true,0,0,6,0,1,1,0.925,asking-for-a-raise-timing-script-and-evidence,1,asking-for-a-raise-timing-script-and-evidence,0.95,0,0,0,0,false,Priya Sharma,false,,2025-10-01,2025-10-01,,none-identified,,165,true,concept diagram,"One diagram that explains the central idea of ""How to Handle Multiple Job Offers Gracefully"" — the parts and how they relate."
513,P3,2,DEEP REWRITE,,Template body: 100% of its phrasing is shared with 10+ articles; 0% is its own.,None. Queue order in BLOG_REWRITE_QUEUE.csv.,unknown,13f7db9c-eb08-496e-ba69-a4d0014165ca,/blog/how-to-make-a-career-pivot-without-a-pay-cut,how-to-make-a-career-pivot-without-a-pay-cut,How to Make a Career Pivot Without a Pay Cut,career-guidance,guide,tutorial,make pivot without pay cut,How do I Make a Career Pivot Without a Pay Cut?,freshers and career switchers into data roles,"Answer ""How do I Make a Career Pivot Without a Pay Cut?"" for freshers and career switchers into data roles, and hand readers who want structured training to /courses/data-science.",make; career; pivot; pay,,654,8,7,5,1,0,4,0,true,0,0,6,0,1,1,0.925,asking-for-a-raise-timing-script-and-evidence,1,asking-for-a-raise-timing-script-and-evidence,0.944,0,0,0,0,false,GloryTecks Team,true,,2025-10-31,2025-10-31,,none-identified,,165,true,concept diagram,"One diagram that explains the central idea of ""How to Make a Career Pivot Without a Pay Cut"" — the parts and how they relate."
514,P3,2,DEEP REWRITE,,Template body: 100% of its phrasing is shared with 10+ articles; 0% is its own.,None. Queue order in BLOG_REWRITE_QUEUE.csv.,unknown,e4d3dfbf-9891-48ca-9780-5154a5b3b399,/blog/how-to-negotiate-a-job-offer-email-step-by-step,how-to-negotiate-a-job-offer-email-step-by-step,How to Negotiate a Job Offer Email Step by Step,career-guidance,guide,tutorial,negotiate offer email,How do I Negotiate a Job Offer Email Step by Step?,freshers and career switchers into data roles,"Answer ""How do I Negotiate a Job Offer Email Step by Step?"" for freshers and career switchers into data roles, and hand readers who want structured training to /courses/data-science.",negotiate; job; offer; email,,654,8,7,5,1,0,4,0,true,0,0,6,0,1,1,0.925,asking-for-a-raise-timing-script-and-evidence,1,asking-for-a-raise-timing-script-and-evidence,0.944,0,0,0,0,false,Priya Sharma,false,,2026-02-22,2026-02-22,,none-identified,,168,true,concept diagram,"One diagram that explains the central idea of ""How to Negotiate a Job Offer Email Step by Step"" — the parts and how they relate."
515,P3,2,DEEP REWRITE,,Template body: 100% of its phrasing is shared with 10+ articles; 0% is its own.,None. Queue order in BLOG_REWRITE_QUEUE.csv.,unknown,9f20c19d-0345-4d71-a818-7fbeca99a099,/blog/how-to-plan-a-5-year-career-in-data,how-to-plan-a-5-year-career-in-data,How to Plan a 5-Year Career in Data,career-guidance,guide,career,plan 5-year data,"What should I learn, and in what order, to become job-ready in How to Plan a 5-Year Career in Data?",freshers and career switchers into data roles,"Answer ""What should I learn, and in what order, to become job-ready in How to Plan a 5-Year Career in Data?"" for freshers and career switchers into data roles, and hand readers who want structured training to /courses/data-science.",plan; year; career; data,,648,8,7,5,1,0,4,0,true,0,0,6,0,1,1,0.925,asking-for-a-raise-timing-script-and-evidence,0.647,career-roadmap-analyst-to-scientist-to-lead,0.946,0,0,0,0,false,Priya Sharma,false,,2025-08-26,2025-08-26,,none-identified,,156,true,roadmap diagram,"Stage-by-stage diagram of the How to Plan a 5-Year Career in Data learning path: each stage, the skills in it, and the proof (project) that closes it."
516,P3,2,DEEP REWRITE,,Template body: 100% of its phrasing is shared with 10+ articles; 0% is its own.,None. Queue order in BLOG_REWRITE_QUEUE.csv.,unknown,10d428e9-db13-45b5-b561-20494be01b7c,/blog/how-to-prepare-for-an-interview-in-one-week,how-to-prepare-for-an-interview-in-one-week,How to Prepare for an Interview in One Week,career-guidance,guide,interview,prepare one week,"What does an interviewer ask about How to Prepare for an Interview in One Week, and what does a strong answer contain?",freshers and career switchers into data roles,"Answer ""What does an interviewer ask about How to Prepare for an Interview in One Week, and what does a strong answer contain?"" for freshers and career switchers into data roles, and hand readers who want structured training to /courses/data-science.",prepare; interview; one; week,,651,8,7,5,1,0,4,0,true,0,0,6,0,1,1,0.925,asking-for-a-raise-timing-script-and-evidence,1,cracking-the-behavioral-interview-star-method,0.946,0,0,0,0,false,GloryTecks Team,true,,2026-01-23,2026-01-23,,none-identified,,164,false,none,No image needed; the value is in the questions and answers. Optional: one diagram for the hardest concept explained.
517,P3,2,DEEP REWRITE,,Template body: 100% of its phrasing is shared with 10+ articles; 0% is its own.,None. Queue order in BLOG_REWRITE_QUEUE.csv.,unknown,130aeb07-a012-4a7a-b534-88da59592824,/blog/how-to-present-data-to-non-technical-stakeholders,how-to-present-data-to-non-technical-stakeholders,How to Present Data to Non-Technical Stakeholders,data-analytics,guide,tutorial,present data non-technical stakeholders,How do I Present Data to Non-Technical Stakeholders?,aspiring and junior data analysts,"Answer ""How do I Present Data to Non-Technical Stakeholders?"" for aspiring and junior data analysts, and hand readers who want structured training to /courses/data-analytics.",present; data; non; technical,,676,8,8,5,1,1,4,1,true,0,0,6,0,1,1,0.88,building-kpi-scorecards-for-executives,1,building-kpi-scorecards-for-executives,0.95,0,0,0,0,false,GloryTecks Team,true,,2025-12-21,2026-01-31,,none-identified,,169,true,concept diagram,"One diagram that explains the central idea of ""How to Present Data to Non-Technical Stakeholders"" — the parts and how they relate."
518,P3,2,DEEP REWRITE,,Template body: 100% of its phrasing is shared with 10+ articles; 0% is its own.,None. Queue order in BLOG_REWRITE_QUEUE.csv.,unknown,6d1ca64b-0d66-4008-bd41-b562c2d41a01,/blog/how-to-quantify-achievements-on-your-resume,how-to-quantify-achievements-on-your-resume,How to Quantify Achievements on Your Resume,career-guidance,guide,tutorial,quantify achievements resume,How do I Quantify Achievements on Your Resume?,freshers and career switchers into data roles,"Answer ""How do I Quantify Achievements on Your Resume?"" for freshers and career switchers into data roles, and hand readers who want structured training to /courses/data-science.",quantify; achievements; resume,,645,8,7,5,1,0,4,0,true,0,0,6,0,1,1,0.925,asking-for-a-raise-timing-script-and-evidence,1,asking-for-a-raise-timing-script-and-evidence,0.95,0,0,0,0,false,GloryTecks Team,true,,2025-12-18,2025-12-18,,none-identified,,164,true,concept diagram,"One diagram that explains the central idea of ""How to Quantify Achievements on Your Resume"" — the parts and how they relate."
519,P3,2,DEEP REWRITE,,Template body: 100% of its phrasing is shared with 10+ articles; 0% is its own.,None. Queue order in BLOG_REWRITE_QUEUE.csv.,unknown,43d5850f-b445-472f-93a5-a3d6c108e9b5,/blog/how-to-read-a-machine-learning-research-paper,how-to-read-a-machine-learning-research-paper,How to Read a Machine Learning Research Paper,data-science,guide,tutorial,read machine learning research paper,How do I Read a Machine Learning Research Paper?,learners and junior data scientists,"Answer ""How do I Read a Machine Learning Research Paper?"" for learners and junior data scientists, and hand readers who want structured training to /courses/data-science.",read; machine; learning; research,,685,8,8,5,1,1,4,1,true,0,0,6,0,1,1,0.879,a-b-testing-for-data-scientists-a-practical-guide,1,a-b-testing-for-data-scientists-a-practical-guide,0.952,0,0,0,0,false,Ravi Kumar,false,,2025-08-31,2025-09-26,,none-identified,,163,true,concept diagram,"One diagram that explains the central idea of ""How to Read a Machine Learning Research Paper"" — the parts and how they relate."
520,P3,2,DEEP REWRITE,,Template body: 100% of its phrasing is shared with 10+ articles; 0% is its own.,None. Queue order in BLOG_REWRITE_QUEUE.csv.,unknown,6f6ce1a2-6cc7-4d7e-b869-3d20b14f7159,/blog/how-to-reduce-llm-hallucinations-in-production,how-to-reduce-llm-hallucinations-in-production,How to Reduce LLM Hallucinations in Production,generative-ai,guide,tutorial,reduce llm hallucinations production,How do I Reduce LLM Hallucinations in Production?,developers building with LLMs,"Answer ""How do I Reduce LLM Hallucinations in Production?"" for developers building with LLMs, and hand readers who want structured training to /courses/gen-ai.",reduce; llm; hallucinations; production,,697,8,8,5,1,1,4,1,true,0,0,6,0,1,1,0.897,ai-agents-guide-how-autonomous-agents-actually-work,1,ai-agents-guide-how-autonomous-agents-actually-work,0.969,0,0,0,0,false,GloryTecks Team,true,,2026-02-20,2026-02-20,,none-identified,,165,true,concept diagram,"One diagram that explains the central idea of ""How to Reduce LLM Hallucinations in Production"" — the parts and how they relate."
521,P3,2,DEEP REWRITE,,Template body: 100% of its phrasing is shared with 10+ articles; 0% is its own.,None. Queue order in BLOG_REWRITE_QUEUE.csv.,unknown,2566c21c-4ed1-4e8d-9667-b1a8ca6cf96f,/blog/how-to-stand-out-in-a-crowded-junior-job-market,how-to-stand-out-in-a-crowded-junior-job-market,How to Stand Out in a Crowded Junior Job Market,career-guidance,guide,tutorial,stand out crowded junior market,How do I Stand Out in a Crowded Junior Job Market?,freshers and career switchers into data roles,"Answer ""How do I Stand Out in a Crowded Junior Job Market?"" for freshers and career switchers into data roles, and hand readers who want structured training to /courses/data-science.",stand; out; crowded; junior,,654,8,7,5,1,0,4,0,true,0,0,6,0,1,1,0.925,asking-for-a-raise-timing-script-and-evidence,1,asking-for-a-raise-timing-script-and-evidence,0.944,0,0,0,0,false,GloryTecks Team,true,,2025-11-12,2025-11-12,,none-identified,,168,true,concept diagram,"One diagram that explains the central idea of ""How to Stand Out in a Crowded Junior Job Market"" — the parts and how they relate."
522,P3,2,DEEP REWRITE,,Template body: 100% of its phrasing is shared with 10+ articles; 0% is its own.,None. Queue order in BLOG_REWRITE_QUEUE.csv.,unknown,4e48b7b9-3d77-4565-af17-6656bb2060ed,/blog/how-to-switch-careers-after-30-a-practical-guide,how-to-switch-careers-after-30-a-practical-guide,How to Switch Careers After 30: A Practical Guide,career-guidance,guide,tutorial,switch careers after,How do I Switch Careers After 30?,freshers and career switchers into data roles,"Answer ""How do I Switch Careers After 30?"" for freshers and career switchers into data roles, and hand readers who want structured training to /courses/data-science.",switch; careers; after; practical,,645,8,7,5,1,0,4,0,true,0,0,6,0,1,1,0.925,asking-for-a-raise-timing-script-and-evidence,1,asking-for-a-raise-timing-script-and-evidence,0.944,0,0,0,0,false,GloryTecks Team,true,,2026-04-05,2026-04-05,,none-identified,,170,true,concept diagram,"One diagram that explains the central idea of ""How to Switch Careers After 30"" — the parts and how they relate."
523,P3,2,DEEP REWRITE,,Template body: 100% of its phrasing is shared with 10+ articles; 0% is its own.,None. Queue order in BLOG_REWRITE_QUEUE.csv.,unknown,0f91d9e0-9355-4520-9ad7-6533c737f1af,/blog/how-to-tell-a-story-with-data-a-practical-framework,how-to-tell-a-story-with-data-a-practical-framework,How to Tell a Story with Data: A Practical Framework,data-analytics,guide,tutorial,tell story data framework,How do I Tell a Story with Data?,aspiring and junior data analysts,"Answer ""How do I Tell a Story with Data?"" for aspiring and junior data analysts, and hand readers who want structured training to /courses/data-analytics.",tell; story; data; practical,,679,8,8,5,1,1,4,1,true,0,0,6,0,1,1,0.88,building-kpi-scorecards-for-executives,1,building-kpi-scorecards-for-executives,0.944,0,0,0,0,false,Arjun Nair,false,,2026-04-14,2026-04-27,,none-identified,,172,true,concept diagram,"One diagram that explains the central idea of ""How to Tell a Story with Data"" — the parts and how they relate."
524,P3,2,DEEP REWRITE,,Template body: 100% of its phrasing is shared with 10+ articles; 0% is its own.,None. Queue order in BLOG_REWRITE_QUEUE.csv.,unknown,d10e174e-a146-4391-89c9-2ba88fa170a2,/blog/how-to-transition-from-testing-to-data-engineering,how-to-transition-from-testing-to-data-engineering,How to Transition from Testing to Data Engineering,career-guidance,guide,tutorial,transition testing data engineering,How do I Transition from Testing to Data Engineering?,freshers and career switchers into data roles,"Answer ""How do I Transition from Testing to Data Engineering?"" for freshers and career switchers into data roles, and hand readers who want structured training to /courses/data-science.",transition; testing; data; engineering,,648,8,7,5,1,0,4,0,true,0,0,6,0,1,1,0.925,asking-for-a-raise-timing-script-and-evidence,1,asking-for-a-raise-timing-script-and-evidence,0.948,0,0,0,0,false,GloryTecks Team,true,,2025-12-06,2025-12-06,,none-identified,,171,true,concept diagram,"One diagram that explains the central idea of ""How to Transition from Testing to Data Engineering"" — the parts and how they relate."
525,P3,2,DEEP REWRITE,,Template body: 100% of its phrasing is shared with 10+ articles; 0% is its own.,None. Queue order in BLOG_REWRITE_QUEUE.csv.,unknown,4c19b315-d7a3-4d71-803f-c178ab0810e5,/blog/how-to-write-a-cover-letter-that-gets-read,how-to-write-a-cover-letter-that-gets-read,How to Write a Cover Letter That Gets Read,career-guidance,guide,tutorial,write cover letter gets read,How do I Write a Cover Letter That Gets Read?,freshers and career switchers into data roles,"Answer ""How do I Write a Cover Letter That Gets Read?"" for freshers and career switchers into data roles, and hand readers who want structured training to /courses/data-science.",write; cover; letter; read,,651,8,7,5,1,0,4,0,true,0,0,6,0,1,1,0.925,asking-for-a-raise-timing-script-and-evidence,1,asking-for-a-raise-timing-script-and-evidence,0.946,0,0,0,0,false,GloryTecks Team,true,,2026-04-29,2026-04-29,,none-identified,,163,true,concept diagram,"One diagram that explains the central idea of ""How to Write a Cover Letter That Gets Read"" — the parts and how they relate."
526,P3,2,DEEP REWRITE,,Template body: 100% of its phrasing is shared with 10+ articles; 0% is its own.,None. Queue order in BLOG_REWRITE_QUEUE.csv.,unknown,3aef54d1-39f7-419e-aa5d-a71209829732,/blog/how-to-write-a-data-analysis-report-that-gets-read,how-to-write-a-data-analysis-report-that-gets-read,How to Write a Data Analysis Report That Gets Read,data-analytics,guide,tutorial,write data analytics report gets read,How do I Write a Data Analysis Report That Gets Read?,aspiring and junior data analysts,"Answer ""How do I Write a Data Analysis Report That Gets Read?"" for aspiring and junior data analysts, and hand readers who want structured training to /courses/data-analytics.",write; data; analysis; report,,685,8,8,5,1,1,4,1,true,0,0,6,0,1,1,0.88,building-kpi-scorecards-for-executives,1,building-kpi-scorecards-for-executives,0.946,0,0,0,0,false,GloryTecks Team,true,,2025-09-28,2025-11-16,,none-identified,,170,true,concept diagram,"One diagram that explains the central idea of ""How to Write a Data Analysis Report That Gets Read"" — the parts and how they relate."
527,P3,2,DEEP REWRITE,,Template body: 100% of its phrasing is shared with 10+ articles; 0% is its own.,None. Queue order in BLOG_REWRITE_QUEUE.csv.,unknown,1b0581ad-8b47-4731-b786-9b8b3be0ada0,/blog/how-to-write-linkedin-posts-that-get-you-noticed,how-to-write-linkedin-posts-that-get-you-noticed,How to Write LinkedIn Posts That Get You Noticed,career-guidance,guide,tutorial,write linkedin posts get noticed,How do I Write LinkedIn Posts That Get You Noticed?,freshers and career switchers into data roles,"Answer ""How do I Write LinkedIn Posts That Get You Noticed?"" for freshers and career switchers into data roles, and hand readers who want structured training to /courses/data-science.",write; linkedin; posts; get,,651,8,7,5,1,0,4,0,true,0,0,6,0,1,1,0.925,asking-for-a-raise-timing-script-and-evidence,1,asking-for-a-raise-timing-script-and-evidence,0.946,0,0,0,0,false,GloryTecks Team,true,,2025-09-13,2025-09-13,,none-identified,,169,true,concept diagram,"One diagram that explains the central idea of ""How to Write LinkedIn Posts That Get You Noticed"" — the parts and how they relate."
528,P3,2,DEEP REWRITE,,Template body: 99% of its phrasing is shared with 10+ articles; 1% is its own.,None. Queue order in BLOG_REWRITE_QUEUE.csv.,unknown,481de930-9098-4ba9-b9c0-9d18bbe08b85,/blog/hyperparameter-tuning-grid-search-vs-random-search-vs-bayesian,hyperparameter-tuning-grid-search-vs-random-search-vs-bayesian,Hyperparameter Tuning: Grid Search vs Random Search vs Bayesian,data-science,comparison,comparison,hyperparameter tuning grid search random bayesian,"Should I use bayesian or grid search or random search, and in which situations does each one win?",learners and junior data scientists,"Answer ""Should I use bayesian or grid search or random search, and in which situations does each one win?"" for learners and junior data scientists, and hand readers who want structured training to /courses/data-science.",hyperparameter; tuning; grid; search,,480,5,4,3,1,0,4,0,true,0,0,3,0.013,0.987,0.982,0.528,data-science-vs-data-analytics-which-career-is-right-for-you,0.982,data-science-vs-data-analytics-which-career-is-right-for-you,0.919,0,0,0,0,false,Ravi Kumar,false,,2026-02-03,2026-03-09,,none-identified,,174,true,comparison diagram,"Side-by-side diagram of where each option in ""Hyperparameter Tuning"" sits in a typical workflow, with the deciding differences labelled."
529,P3,2,DEEP REWRITE,,Template body: 100% of its phrasing is shared with 10+ articles; 0% is its own.,None. Queue order in BLOG_REWRITE_QUEUE.csv.,unknown,8797d685-cfa2-4c42-b713-b989639d4417,/blog/idempotency-in-data-pipelines-why-it-matters,idempotency-in-data-pipelines-why-it-matters,Idempotency in Data Pipelines: Why It Matters,data-engineering,guide,tutorial,idempotency data pipeline matters,"How does Idempotency in Data Pipelines work, and how do I apply it in practice?",aspiring and junior data engineers,"Answer ""How does Idempotency in Data Pipelines work, and how do I apply it in practice?"" for aspiring and junior data engineers, and hand readers who want structured training to /courses/data-engineering.",idempotency; data; pipelines; why,,676,8,8,5,1,1,4,1,true,0,0,6,0,1,1,0.816,airflow-tutorial-orchestrating-data-pipelines,1,airflow-tutorial-orchestrating-data-pipelines,0.954,0,0,0,0,false,Sneha Reddy,false,,2026-02-12,2026-02-28,,none-identified,,167,true,architecture diagram,"Diagram of the components in ""Idempotency in Data Pipelines"" and how data or requests flow between them."
530,P3,2,DEEP REWRITE,,Template body: 99% of its phrasing is shared with 10+ articles; 1% is its own.,None. Queue order in BLOG_REWRITE_QUEUE.csv.,unknown,1b0dde28-b020-4114-a180-4e693a672b9a,/blog/internships-vs-certifications-what-recruiters-value,internships-vs-certifications-what-recruiters-value,Internships vs Certifications: What Recruiters Value,career-guidance,comparison,certification,internships recruiters value,"Is Internships vs Certifications worth it, and how do I prepare for it?",freshers and career switchers into data roles,"Answer ""Is Internships vs Certifications worth it, and how do I prepare for it?"" for freshers and career switchers into data roles, and hand readers who want structured training to /courses/data-science.",internships; certifications; recruiters; value,,474,5,4,3,1,0,4,0,true,0,0,3,0.005,0.995,0.99,0.515,upskilling-vs-reskilling-which-path-fits-you,0.37,gcp-associate-cloud-engineer-certification-guide,0.934,0,0,0,0,false,Priya Sharma,false,,2025-12-24,2025-12-24,,none-identified,,166,true,concept diagram,"One diagram that explains the central idea of ""Internships vs Certifications"" — the parts and how they relate."
531,P3,2,DEEP REWRITE,,Template body: 100% of its phrasing is shared with 10+ articles; 0% is its own.,None. Queue order in BLOG_REWRITE_QUEUE.csv.,unknown,a0224e31-c0b6-4e0b-961b-15d4d967cea9,/blog/job-search-strategy-for-the-indian-tech-market-2026,job-search-strategy-for-the-indian-tech-market-2026,Job Search Strategy for the Indian Tech Market 2026,career-guidance,guide,tutorial,search strategy indian tech market,"How does Job Search Strategy for the Indian Tech Market work, and how do I apply it in practice?",freshers and career switchers into data roles,"Answer ""How does Job Search Strategy for the Indian Tech Market work, and how do I apply it in practice?"" for freshers and career switchers into data roles, and hand readers who want structured training to /courses/data-science.",job; search; strategy; indian,,651,8,7,5,1,0,4,0,true,0,0,6,0,1,1,0.925,asking-for-a-raise-timing-script-and-evidence,1,asking-for-a-raise-timing-script-and-evidence,0.95,0,0,0,0,false,Priya Sharma,false,,2025-11-18,2025-11-18,,none-identified,,172,true,concept diagram,"One diagram that explains the central idea of ""Job Search Strategy for the Indian Tech Market 2026"" — the parts and how they relate."
532,P3,2,DEEP REWRITE,,Template body: 100% of its phrasing is shared with 10+ articles; 0% is its own.,None. Queue order in BLOG_REWRITE_QUEUE.csv.,unknown,98f34cb5-f169-42a0-ab26-872f08ec71b0,/blog/kaggle-for-beginners-how-to-start-and-win-medals,kaggle-for-beginners-how-to-start-and-win-medals,Kaggle for Beginners: How to Start and Win Medals,data-science,guide,tutorial,kaggle start win medals,"How does Kaggle for Beginners work, and how do I apply it in practice?",beginners,"Answer ""How does Kaggle for Beginners work, and how do I apply it in practice?"" for beginners, and hand readers who want structured training to /courses/data-science.",kaggle; beginners; start; win,,676,8,8,5,1,1,4,1,true,0,0,6,0,1,1,0.879,a-b-testing-for-data-scientists-a-practical-guide,1,a-b-testing-for-data-scientists-a-practical-guide,0.958,0,0,0,0,false,GloryTecks Team,true,,2025-11-05,2025-11-19,,none-identified,,167,true,concept diagram,"One diagram that explains the central idea of ""Kaggle for Beginners"" — the parts and how they relate."
533,P3,2,DEEP REWRITE,,Template body: 100% of its phrasing is shared with 10+ articles; 0% is its own.,None. Queue order in BLOG_REWRITE_QUEUE.csv.,unknown,42609781-0ed4-4d32-ba33-75bb19edaa6e,/blog/knowledge-graphs-and-rag-combining-structure-with-search,knowledge-graphs-and-rag-combining-structure-with-search,Knowledge Graphs and RAG: Combining Structure with Search,generative-ai,guide,tutorial,knowledge graphs rag combining structure search,"How does Knowledge Graphs and RAG work, and how do I apply it in practice?",developers building with LLMs,"Answer ""How does Knowledge Graphs and RAG work, and how do I apply it in practice?"" for developers building with LLMs, and hand readers who want structured training to /courses/gen-ai.",knowledge; graphs; rag; combining,,692,8,8,5,1,1,4,1,true,0,0,6,0,1,1,0.897,ai-agents-guide-how-autonomous-agents-actually-work,1,ai-agents-guide-how-autonomous-agents-actually-work,0.953,0,0,0,0,false,Ravi Kumar,false,,2025-11-10,2025-11-10,,none-identified,,176,true,architecture diagram,"Diagram of the components in ""Knowledge Graphs and RAG"" and how data or requests flow between them."
534,P3,2,DEEP REWRITE,,Template body: 100% of its phrasing is shared with 10+ articles; 0% is its own.,None. Queue order in BLOG_REWRITE_QUEUE.csv.,unknown,767a823a-60a9-4aff-a23b-adf9a2bbf1a0,/blog/logging-and-observability-for-ml-systems,logging-and-observability-for-ml-systems,Logging and Observability for ML Systems,mlops,guide,tutorial,logging observability ml systems,"How does Logging and Observability for ML Systems work, and how do I apply it in practice?",data scientists and engineers moving models to production,"Answer ""How does Logging and Observability for ML Systems work, and how do I apply it in practice?"" for data scientists and engineers moving models to production, and hand readers who want structured training to /courses/mlops.",logging; observability; systems,,670,8,8,5,1,1,4,1,true,0,0,6,0,1,1,0.9,a-b-testing-ml-models-in-production,1,a-b-testing-ml-models-in-production,0.971,0,0,0,0,false,Sneha Reddy,false,,2026-01-31,2026-01-31,,none-identified,,151,true,concept diagram,"One diagram that explains the central idea of ""Logging and Observability for ML Systems"" — the parts and how they relate."
535,P3,2,DEEP REWRITE,,Template body: 100% of its phrasing is shared with 10+ articles; 0% is its own.,None. Queue order in BLOG_REWRITE_QUEUE.csv.,unknown,20f9abf2-4641-4a3f-94cf-382079f3bd9c,/blog/lora-and-qlora-efficient-fine-tuning-explained,lora-and-qlora-efficient-fine-tuning-explained,LoRA and QLoRA: Efficient Fine-Tuning Explained,generative-ai,guide,tutorial,lora qlora efficient fine-tuning,"What is LoRA and QLoRA, and how does it work?",developers building with LLMs,"Answer ""What is LoRA and QLoRA, and how does it work?"" for developers building with LLMs, and hand readers who want structured training to /courses/gen-ai.",lora; qlora; efficient; fine,,688,8,8,5,1,1,4,1,true,0,0,6,0,1,1,0.897,ai-agents-guide-how-autonomous-agents-actually-work,1,ai-agents-guide-how-autonomous-agents-actually-work,0.958,0,0,0,0,false,Ravi Kumar,false,,2026-03-22,2026-03-22,,none-identified,,166,true,concept diagram,"One diagram that explains the central idea of ""LoRA and QLoRA"" — the parts and how they relate."
536,P3,2,DEEP REWRITE,,Template body: 99% of its phrasing is shared with 10+ articles; 1% is its own.,None. Queue order in BLOG_REWRITE_QUEUE.csv.,unknown,6bbe6d3a-0fa3-4d15-8f8b-692bb40aa8ac,/blog/metrics-that-matter-vanity-vs-actionable-metrics,metrics-that-matter-vanity-vs-actionable-metrics,Metrics That Matter: Vanity vs Actionable Metrics,data-analytics,comparison,comparison,metrics matter vanity actionable,"Should I use actionable metrics or vanity, and in which situations does each one win?",aspiring and junior data analysts,"Answer ""Should I use actionable metrics or vanity, and in which situations does each one win?"" for aspiring and junior data analysts, and hand readers who want structured training to /courses/data-analytics.",metrics; matter; vanity; actionable,,477,5,4,3,1,0,4,0,true,0,0,3,0.005,0.995,0.99,0.531,correlation-vs-causation-a-must-know-for-analysts,0.99,correlation-vs-causation-a-must-know-for-analysts,0.923,0,0,0,0,false,GloryTecks Team,true,,2026-02-07,2026-03-04,,none-identified,,162,true,comparison diagram,"Side-by-side diagram of where each option in ""Metrics That Matter"" sits in a typical workflow, with the deciding differences labelled."
537,P3,2,DEEP REWRITE,,Template body: 100% of its phrasing is shared with 10+ articles; 0% is its own.,None. Queue order in BLOG_REWRITE_QUEUE.csv.,unknown,d387d8e2-1280-4957-8c8b-c240b49d8167,/blog/mlops-maturity-levels-where-does-your-team-stand,mlops-maturity-levels-where-does-your-team-stand,MLOps Maturity Levels: Where Does Your Team Stand?,mlops,guide,tutorial,mlops maturity levels where team stand,"How does MLOps Maturity Levels work, and how do I apply it in practice?",data scientists and engineers moving models to production,"Answer ""How does MLOps Maturity Levels work, and how do I apply it in practice?"" for data scientists and engineers moving models to production, and hand readers who want structured training to /courses/mlops.",maturity; levels; where,,666,8,8,5,1,1,4,1,true,0,0,6,0,1,1,0.9,a-b-testing-ml-models-in-production,1,a-b-testing-ml-models-in-production,0.955,0,0,0,0,false,Sneha Reddy,false,,2025-11-08,2025-11-08,,none-identified,,161,true,architecture diagram,"Diagram of the components in ""MLOps Maturity Levels"" and how data or requests flow between them."
538,P3,2,DEEP REWRITE,,Template body: 99% of its phrasing is shared with 10+ articles; 1% is its own.,None. Queue order in BLOG_REWRITE_QUEUE.csv.,unknown,e4fb675c-8d34-4ef7-9bad-a5596ddd1949,/blog/mlops-vs-devops-vs-dataops-key-differences,mlops-vs-devops-vs-dataops-key-differences,MLOps vs DevOps vs DataOps: Key Differences,mlops,comparison,comparison,mlops devops dataops key differences,"Should I use dataops or devops or mlops, and in which situations does each one win?",data scientists and engineers moving models to production,"Answer ""Should I use dataops or devops or mlops, and in which situations does each one win?"" for data scientists and engineers moving models to production, and hand readers who want structured training to /courses/mlops.",devops; dataops; key,,478,5,4,3,1,0,4,0,true,0,0,3,0.005,0.992,0.987,0.526,experiment-tracking-mlflow-vs-weights-and-biases,0.987,experiment-tracking-mlflow-vs-weights-and-biases,0.925,0,0,0,0,false,Sneha Reddy,false,,2026-02-24,2026-02-24,,none-identified,,147,true,comparison diagram,"Side-by-side diagram of where each option in ""MLOps vs DevOps vs DataOps"" sits in a typical workflow, with the deciding differences labelled."
539,P3,2,DEEP REWRITE,,Template body: 90% of its phrasing is shared with 10+ articles; 10% is its own.,None. Queue order in BLOG_REWRITE_QUEUE.csv.,unknown,65e09b60-2794-4472-95db-a0972cf43c61,/blog/mock-interview-guide-practising-out-loud-the-right-way,mock-interview-guide-practising-out-loud-the-right-way,Mock Interview Guide: Practising Out Loud the Right Way 10,interview-questions,guide,interview,mock practising out loud way,"What does an interviewer ask about Mock Interview Guide, and what does a strong answer contain?",candidates preparing for data interviews,"Answer ""What does an interviewer ask about Mock Interview Guide, and what does a strong answer contain?"" for candidates preparing for data interviews, and hand readers who want structured training to /courses/data-science.",mock; interview; practising; out,,641,8,7,5,1,0,4,0,true,0,0,6,0.105,0.895,0.382,0.382,azure-data-factory-adf-interview-questions,0.69,cracking-the-behavioral-interview-star-method,0.604,0,0,0,0,false,Ravi Kumar,false,,2025-08-19,2025-08-19,,none-identified,,180,false,none,No image needed; the value is in the questions and answers. Optional: one diagram for the hardest concept explained.
540,P3,2,DEEP REWRITE,,Template body: 100% of its phrasing is shared with 10+ articles; 0% is its own.,None. Queue order in BLOG_REWRITE_QUEUE.csv.,unknown,dc6432a5-729c-4fca-b3ef-149ed2893472,/blog/model-context-protocol-mcp-explained-for-beginners,model-context-protocol-mcp-explained-for-beginners,Model Context Protocol (MCP) Explained for Beginners,generative-ai,guide,tutorial,model context protocol mcp,"What is Model Context Protocol (MCP), and how does it work?",beginners,"Answer ""What is Model Context Protocol (MCP), and how does it work?"" for beginners, and hand readers who want structured training to /courses/gen-ai.",model; context; protocol; mcp,,697,8,8,5,1,1,4,1,true,0,0,6,0,1,1,0.897,ai-agents-guide-how-autonomous-agents-actually-work,1,ai-agents-guide-how-autonomous-agents-actually-work,0.956,0,0,0,0,false,Ravi Kumar,false,,2026-05-09,2026-05-09,,none-identified,,171,true,concept diagram,"One diagram that explains the central idea of ""Model Context Protocol (MCP) Explained for Beginners"" — the parts and how they relate."
541,P3,2,DEEP REWRITE,,Template body: 100% of its phrasing is shared with 10+ articles; 0% is its own.,None. Queue order in BLOG_REWRITE_QUEUE.csv.,unknown,c7b8d384-b6ee-4fe3-baca-5be0aaa8ff6a,/blog/model-drift-and-data-drift-detection-and-response,model-drift-and-data-drift-detection-and-response,Model Drift and Data Drift: Detection and Response,mlops,guide,tutorial,model drift data detection response,"How does Model Drift and Data Drift work, and how do I apply it in practice?",data scientists and engineers moving models to production,"Answer ""How does Model Drift and Data Drift work, and how do I apply it in practice?"" for data scientists and engineers moving models to production, and hand readers who want structured training to /courses/mlops.",model; drift; data; detection,,670,8,8,5,1,1,4,1,true,0,0,6,0,1,1,0.9,a-b-testing-ml-models-in-production,1,a-b-testing-ml-models-in-production,0.951,0,0,0,0,false,Sneha Reddy,false,,2026-04-13,2026-04-13,,none-identified,,161,true,concept diagram,"One diagram that explains the central idea of ""Model Drift and Data Drift"" — the parts and how they relate."
542,P3,2,DEEP REWRITE,,Template body: 100% of its phrasing is shared with 10+ articles; 0% is its own.,None. Queue order in BLOG_REWRITE_QUEUE.csv.,unknown,8db6452e-dccb-461a-b3ee-ff5ad79d2db0,/blog/model-explainability-in-production-with-shap,model-explainability-in-production-with-shap,Model Explainability in Production with SHAP,mlops,guide,tutorial,model explainability production shap,"How does Model Explainability in Production with SHAP work, and how do I apply it in practice?",data scientists and engineers moving models to production,"Answer ""How does Model Explainability in Production with SHAP work, and how do I apply it in practice?"" for data scientists and engineers moving models to production, and hand readers who want structured training to /courses/mlops.",model; explainability; production; shap,,670,8,8,5,1,1,4,1,true,0,0,6,0,1,1,0.9,a-b-testing-ml-models-in-production,1,a-b-testing-ml-models-in-production,0.957,0,0,0,0,false,Sneha Reddy,false,,2026-01-07,2026-01-07,,none-identified,,155,true,concept diagram,"One diagram that explains the central idea of ""Model Explainability in Production with SHAP"" — the parts and how they relate."
543,P3,2,DEEP REWRITE,,Template body: 100% of its phrasing is shared with 10+ articles; 0% is its own.,None. Queue order in BLOG_REWRITE_QUEUE.csv.,unknown,136026e8-b203-4fe7-bbf8-b096f225646d,/blog/model-packaging-from-pickle-to-production,model-packaging-from-pickle-to-production,Model Packaging: From Pickle to Production,mlops,guide,tutorial,model packaging pickle production,"How does Model Packaging work, and how do I apply it in practice?",data scientists and engineers moving models to production,"Answer ""How does Model Packaging work, and how do I apply it in practice?"" for data scientists and engineers moving models to production, and hand readers who want structured training to /courses/mlops.",model; packaging; pickle; production,,662,8,8,5,1,1,4,1,true,0,0,6,0,1,1,0.9,a-b-testing-ml-models-in-production,1,a-b-testing-ml-models-in-production,0.963,0,0,0,0,false,Sneha Reddy,false,,2025-12-02,2025-12-02,,none-identified,,153,true,concept diagram,"One diagram that explains the central idea of ""Model Packaging"" — the parts and how they relate."
544,P3,2,DEEP REWRITE,,Template body: 100% of its phrasing is shared with 10+ articles; 0% is its own.,None. Queue order in BLOG_REWRITE_QUEUE.csv.,unknown,066d05c2-99c1-42a9-b4cd-bcad86cb5833,/blog/model-registry-managing-the-ml-model-lifecycle,model-registry-managing-the-ml-model-lifecycle,Model Registry: Managing the ML Model Lifecycle,mlops,guide,tutorial,model registry managing ml lifecycle,"How does Model Registry work, and how do I apply it in practice?",data scientists and engineers moving models to production,"Answer ""How does Model Registry work, and how do I apply it in practice?"" for data scientists and engineers moving models to production, and hand readers who want structured training to /courses/mlops.",model; registry; managing; lifecycle,,663,8,8,5,1,1,4,1,true,0,0,6,0,1,1,0.9,a-b-testing-ml-models-in-production,1,a-b-testing-ml-models-in-production,0.961,0,0,0,0,false,Ravi Kumar,false,,2026-03-14,2026-03-14,,none-identified,,158,true,concept diagram,"One diagram that explains the central idea of ""Model Registry"" — the parts and how they relate."
545,P3,2,DEEP REWRITE,,Template body: 100% of its phrasing is shared with 10+ articles; 0% is its own.,None. Queue order in BLOG_REWRITE_QUEUE.csv.,unknown,8450a5b9-ca5f-4f88-9bc2-68eca6d55743,/blog/monitoring-ml-models-in-production-a-complete-guide,monitoring-ml-models-in-production-a-complete-guide,Monitoring ML Models in Production: A Complete Guide,mlops,guide,tutorial,monitoring ml model production,"How does Monitoring ML Models in Production work, and how do I apply it in practice?",data scientists and engineers moving models to production,"Answer ""How does Monitoring ML Models in Production work, and how do I apply it in practice?"" for data scientists and engineers moving models to production, and hand readers who want structured training to /courses/mlops.",monitoring; models; production,,670,8,8,5,1,1,4,1,true,0,0,6,0,1,1,0.9,a-b-testing-ml-models-in-production,1,a-b-testing-ml-models-in-production,0.973,0,0,0,0,false,Ravi Kumar,false,,2026-05-13,2026-05-13,,none-identified,,163,true,concept diagram,"One diagram that explains the central idea of ""Monitoring ML Models in Production"" — the parts and how they relate."
546,P3,2,DEEP REWRITE,,Template body: 100% of its phrasing is shared with 10+ articles; 0% is its own.,None. Queue order in BLOG_REWRITE_QUEUE.csv.,unknown,4229a041-f228-47e3-b5ce-93e94a4df466,/blog/multimodal-ai-models-that-see-hear-and-speak,multimodal-ai-models-that-see-hear-and-speak,"Multimodal AI: Models That See, Hear and Speak",generative-ai,guide,tutorial,multimodal ai model see hear speak,"How does Multimodal AI work, and how do I apply it in practice?",developers building with LLMs,"Answer ""How does Multimodal AI work, and how do I apply it in practice?"" for developers building with LLMs, and hand readers who want structured training to /courses/gen-ai.",multimodal; models; see; hear,,688,8,8,5,1,1,4,1,true,0,0,6,0,1,1,0.897,ai-agents-guide-how-autonomous-agents-actually-work,1,ai-agents-guide-how-autonomous-agents-actually-work,0.96,0,0,0,0,false,Ravi Kumar,false,,2026-02-14,2026-02-14,,none-identified,,165,true,concept diagram,"One diagram that explains the central idea of ""Multimodal AI"" — the parts and how they relate."
547,P3,2,DEEP REWRITE,,Template body: 100% of its phrasing is shared with 10+ articles; 0% is its own.,None. Queue order in BLOG_REWRITE_QUEUE.csv.,unknown,168e48d7-4720-4d3a-81de-3e8e805905fd,/blog/ollama-tutorial-run-llms-locally-on-your-machine,ollama-tutorial-run-llms-locally-on-your-machine,Ollama Tutorial: Run LLMs Locally on Your Machine,generative-ai,guide,tutorial,ollama run llms locally machine,"How does Ollama Tutorial work, and how do I apply it in practice?",developers building with LLMs,"Answer ""How does Ollama Tutorial work, and how do I apply it in practice?"" for developers building with LLMs, and hand readers who want structured training to /courses/gen-ai.",ollama; tutorial; run; llms,,688,8,8,5,1,1,4,1,true,0,0,6,0,1,1,0.897,ai-agents-guide-how-autonomous-agents-actually-work,1,ai-agents-guide-how-autonomous-agents-actually-work,0.966,0,0,0,0,false,GloryTecks Team,true,,2025-12-10,2025-12-10,,none-identified,,168,true,concept diagram,"One diagram that explains the central idea of ""Ollama Tutorial"" — the parts and how they relate."
548,P3,2,DEEP REWRITE,,Template body: 99% of its phrasing is shared with 10+ articles; 1% is its own.,None. Queue order in BLOG_REWRITE_QUEUE.csv.,unknown,46a5c35f-62e6-47dd-a3e4-39be726a0f80,/blog/oltp-vs-olap-transactional-vs-analytical-systems,oltp-vs-olap-transactional-vs-analytical-systems,OLTP vs OLAP: Transactional vs Analytical Systems,data-engineering,comparison,comparison,oltp olap transactional analytical systems,"Should I use olap or oltp, and in which situations does each one win?",aspiring and junior data engineers,"Answer ""Should I use olap or oltp, and in which situations does each one win?"" for aspiring and junior data engineers, and hand readers who want structured training to /courses/data-engineering.",oltp; olap; transactional; analytical,,474,5,4,3,1,0,4,0,true,0,0,3,0.005,0.995,0.99,0.604,data-engineering-vs-data-science-roles-compared,0.99,data-engineering-vs-data-science-roles-compared,0.934,0,0,0,0,false,GloryTecks Team,true,,2026-01-01,2026-01-21,,none-identified,,164,true,comparison diagram,"Side-by-side diagram of where each option in ""OLTP vs OLAP"" sits in a typical workflow, with the deciding differences labelled."
549,P3,2,DEEP REWRITE,,Template body: 100% of its phrasing is shared with 10+ articles; 0% is its own.,None. Queue order in BLOG_REWRITE_QUEUE.csv.,unknown,e1faf93a-3d0a-4db2-ae57-4e68b6202862,/blog/outlier-detection-for-analysts-methods-and-tools,outlier-detection-for-analysts-methods-and-tools,Outlier Detection for Analysts: Methods and Tools,data-analytics,guide,tutorial,outlier detection analytics methods,"How does Outlier Detection for Analysts work, and how do I apply it in practice?",analysts,"Answer ""How does Outlier Detection for Analysts work, and how do I apply it in practice?"" for analysts, and hand readers who want structured training to /courses/data-analytics.",outlier; detection; analysts; methods,,670,8,8,5,1,1,4,1,true,0,0,6,0,1,1,0.88,building-kpi-scorecards-for-executives,1,building-kpi-scorecards-for-executives,0.958,0,0,0,0,false,Arjun Nair,false,,2025-11-21,2025-12-12,,none-identified,,169,true,concept diagram,"One diagram that explains the central idea of ""Outlier Detection for Analysts"" — the parts and how they relate."
550,P3,2,DEEP REWRITE,,Template body: 100% of its phrasing is shared with 10+ articles; 0% is its own.,None. Queue order in BLOG_REWRITE_QUEUE.csv.,unknown,0744d8c6-1a4c-4c93-a7ba-590e5a7dd3fa,/blog/overfitting-and-underfitting-causes-and-fixes,overfitting-and-underfitting-causes-and-fixes,Overfitting and Underfitting: Causes and Fixes,data-science,guide,tutorial,overfitting underfitting causes fixes,"How does Overfitting and Underfitting work, and how do I apply it in practice?",learners and junior data scientists,"Answer ""How does Overfitting and Underfitting work, and how do I apply it in practice?"" for learners and junior data scientists, and hand readers who want structured training to /courses/data-science.",overfitting; underfitting; causes; fixes,,673,8,8,5,1,1,4,1,true,0,0,6,0,1,1,0.879,a-b-testing-for-data-scientists-a-practical-guide,1,a-b-testing-for-data-scientists-a-practical-guide,0.957,0,0,0,0,false,Ravi Kumar,false,,2025-09-24,2025-10-12,,none-identified,,164,true,concept diagram,"One diagram that explains the central idea of ""Overfitting and Underfitting"" — the parts and how they relate."
551,P3,2,DEEP REWRITE,,Template body: 100% of its phrasing is shared with 10+ articles; 0% is its own.,None. Queue order in BLOG_REWRITE_QUEUE.csv.,unknown,459b4ba1-10c5-4900-9ee3-017a6dde20d0,/blog/probability-for-data-science-concepts-you-must-know,probability-for-data-science-concepts-you-must-know,Probability for Data Science: Concepts You Must Know,data-science,guide,tutorial,probability data science concepts must,"How does Probability for Data Science work, and how do I apply it in practice?",data science,"Answer ""How does Probability for Data Science work, and how do I apply it in practice?"" for data science, and hand readers who want structured training to /courses/data-science.",probability; data; science; concepts,,677,8,8,5,1,1,4,1,true,0,0,6,0,1,1,0.879,a-b-testing-for-data-scientists-a-practical-guide,1,a-b-testing-for-data-scientists-a-practical-guide,0.965,0,0,0,0,false,GloryTecks Team,true,,2025-10-12,2025-11-03,,none-identified,,170,true,concept diagram,"One diagram that explains the central idea of ""Probability for Data Science"" — the parts and how they relate."
552,P3,2,DEEP REWRITE,,Template body: 100% of its phrasing is shared with 10+ articles; 0% is its own.,None. Queue order in BLOG_REWRITE_QUEUE.csv.,unknown,3d5bfd24-48f2-44ff-a61e-1b8d15240792,/blog/product-analytics-101-events-funnels-and-retention,product-analytics-101-events-funnels-and-retention,"Product Analytics 101: Events, Funnels and Retention",data-analytics,guide,tutorial,product analytics events funnels retention,"How does Product Analytics 101 work, and how do I apply it in practice?",aspiring and junior data analysts,"Answer ""How does Product Analytics 101 work, and how do I apply it in practice?"" for aspiring and junior data analysts, and hand readers who want structured training to /courses/data-analytics.",product; analytics; 101; events,,668,8,8,5,1,1,4,1,true,0,0,6,0,1,1,0.88,building-kpi-scorecards-for-executives,1,building-kpi-scorecards-for-executives,0.954,0,0,0,0,false,GloryTecks Team,true,,2025-10-10,2025-11-04,,none-identified,,172,true,concept diagram,"One diagram that explains the central idea of ""Product Analytics 101"" — the parts and how they relate."
553,P3,2,DEEP REWRITE,,Template body: 99% of its phrasing is shared with 10+ articles; 1% is its own.,None. Queue order in BLOG_REWRITE_QUEUE.csv.,unknown,24c38835-867c-4ff6-98c5-dd47ba77dcc8,/blog/prompt-engineering-techniques-that-actually-improve-output,prompt-engineering-techniques-that-actually-improve-output,Prompt Engineering: Techniques That Actually Improve Output,generative-ai,guide,tutorial,prompt engineering techniques actually improve output,"How does Prompt Engineering work, and how do I apply it in practice?",developers building with LLMs,"Answer ""How does Prompt Engineering work, and how do I apply it in practice?"" for developers building with LLMs, and hand readers who want structured training to /courses/gen-ai.",prompt; engineering; techniques; actually,,687,8,8,5,1,1,4,1,true,0,0,6,0.01,0.99,0.978,0.878,ai-agents-guide-how-autonomous-agents-actually-work,0.978,ai-agents-guide-how-autonomous-agents-actually-work,0.962,0,0,0,0,false,GloryTecks Team,true,,2026-05-03,2026-05-03,,none-identified,,178,true,concept diagram,"One diagram that explains the central idea of ""Prompt Engineering"" — the parts and how they relate."
554,P3,2,DEEP REWRITE,,Template body: 100% of its phrasing is shared with 10+ articles; 0% is its own.,None. Queue order in BLOG_REWRITE_QUEUE.csv.,unknown,94ae6a42-36ac-42ff-b4b7-e8bf99caf3b0,/blog/real-time-analytics-architecture-and-tools,real-time-analytics-architecture-and-tools,Real-Time Analytics: Architecture and Tools,data-engineering,guide,tutorial,real-time analytics architecture,"How does Real-Time Analytics work, and how do I apply it in practice?",aspiring and junior data engineers,"Answer ""How does Real-Time Analytics work, and how do I apply it in practice?"" for aspiring and junior data engineers, and hand readers who want structured training to /courses/data-engineering.",real; time; analytics; architecture,,670,8,8,5,1,1,4,1,true,0,0,6,0,1,1,0.816,airflow-tutorial-orchestrating-data-pipelines,1,airflow-tutorial-orchestrating-data-pipelines,0.959,0,0,0,0,false,GloryTecks Team,true,,2025-11-02,2025-11-22,,none-identified,,165,true,architecture diagram,"Diagram of the components in ""Real-Time Analytics"" and how data or requests flow between them."
555,P3,2,DEEP REWRITE,,Template body: 100% of its phrasing is shared with 10+ articles; 0% is its own.,None. Queue order in BLOG_REWRITE_QUEUE.csv.,unknown,6b234168-796a-4250-8568-b44421eea48c,/blog/real-time-feature-engineering-for-online-models,real-time-feature-engineering-for-online-models,Real-Time Feature Engineering for Online Models,mlops,guide,tutorial,real-time feature engineering online model,"How does Real-Time Feature Engineering for Online Models work, and how do I apply it in practice?",data scientists and engineers moving models to production,"Answer ""How does Real-Time Feature Engineering for Online Models work, and how do I apply it in practice?"" for data scientists and engineers moving models to production, and hand readers who want structured training to /courses/mlops.",real; time; feature; engineering,,670,8,8,5,1,1,4,1,true,0,0,6,0,1,1,0.9,a-b-testing-ml-models-in-production,1,a-b-testing-ml-models-in-production,0.957,0,0,0,0,false,Ravi Kumar,false,,2025-10-21,2025-10-21,,none-identified,,158,true,concept diagram,"One diagram that explains the central idea of ""Real-Time Feature Engineering for Online Models"" — the parts and how they relate."
556,P3,2,DEEP REWRITE,,Template body: 100% of its phrasing is shared with 10+ articles; 0% is its own.,None. Queue order in BLOG_REWRITE_QUEUE.csv.,unknown,691b82b8-7451-48db-bec7-0d1819005919,/blog/recommendation-systems-how-netflix-and-amazon-suggest-items,recommendation-systems-how-netflix-and-amazon-suggest-items,Recommendation Systems: How Netflix and Amazon Suggest Items,data-science,guide,tutorial,recommendation systems netflix amazon suggest items,"How does Recommendation Systems work, and how do I apply it in practice?",learners and junior data scientists,"Answer ""How does Recommendation Systems work, and how do I apply it in practice?"" for learners and junior data scientists, and hand readers who want structured training to /courses/data-science.",recommendation; systems; netflix; amazon,,673,8,8,5,1,1,4,1,true,0,0,6,0,1,1,0.879,a-b-testing-for-data-scientists-a-practical-guide,1,a-b-testing-for-data-scientists-a-practical-guide,0.957,0,0,0,0,false,Ravi Kumar,false,,2025-11-23,2025-12-11,,none-identified,,178,true,concept diagram,"One diagram that explains the central idea of ""Recommendation Systems"" — the parts and how they relate."
557,P3,2,DEEP REWRITE,,Template body: 100% of its phrasing is shared with 10+ articles; 0% is its own.,None. Queue order in BLOG_REWRITE_QUEUE.csv.,unknown,65dbdc3b-c53a-4690-ba53-574bbf8283fc,/blog/reference-checks-how-to-prepare-your-referees,reference-checks-how-to-prepare-your-referees,Reference Checks: How to Prepare Your Referees,career-guidance,guide,tutorial,reference checks prepare referees,"How does Reference Checks work, and how do I apply it in practice?",freshers and career switchers into data roles,"Answer ""How does Reference Checks work, and how do I apply it in practice?"" for freshers and career switchers into data roles, and hand readers who want structured training to /courses/data-science.",reference; checks; prepare; referees,,635,8,7,5,1,0,4,0,true,0,0,6,0,1,1,0.925,asking-for-a-raise-timing-script-and-evidence,1,asking-for-a-raise-timing-script-and-evidence,0.956,0,0,0,0,false,Priya Sharma,false,,2025-09-07,2025-09-07,,none-identified,,167,true,concept diagram,"One diagram that explains the central idea of ""Reference Checks"" — the parts and how they relate."
558,P3,2,DEEP REWRITE,,Template body: 99% of its phrasing is shared with 10+ articles; 1% is its own.,None. Queue order in BLOG_REWRITE_QUEUE.csv.,unknown,e6b30108-46f6-435c-866d-1b4454ffce97,/blog/regression-vs-classification-when-to-use-each,regression-vs-classification-when-to-use-each,Regression vs Classification: When to Use Each,data-science,comparison,comparison,regression classification,"Should I use classification or regression, and in which situations does each one win?",learners and junior data scientists,"Answer ""Should I use classification or regression, and in which situations does each one win?"" for learners and junior data scientists, and hand readers who want structured training to /courses/data-science.",regression; classification; when; use,,479,5,4,3,1,0,4,0,true,0,0,3,0.005,0.995,0.99,0.531,data-science-vs-data-analytics-which-career-is-right-for-you,0.99,data-science-vs-data-analytics-which-career-is-right-for-you,0.928,0,0,0,0,false,Ravi Kumar,false,,2026-01-22,2026-02-09,,none-identified,,157,true,comparison diagram,"Side-by-side diagram of where each option in ""Regression vs Classification"" sits in a typical workflow, with the deciding differences labelled."
559,P3,2,DEEP REWRITE,,Template body: 100% of its phrasing is shared with 10+ articles; 0% is its own.,None. Queue order in BLOG_REWRITE_QUEUE.csv.,unknown,28421f30-eaea-45ea-97e6-e9fede6b9a19,/blog/remote-data-jobs-how-to-find-and-land-them,remote-data-jobs-how-to-find-and-land-them,Remote Data Jobs: How to Find and Land Them,career-guidance,guide,tutorial,remote data find land them,"How does Remote Data Jobs work, and how do I apply it in practice?",freshers and career switchers into data roles,"Answer ""How does Remote Data Jobs work, and how do I apply it in practice?"" for freshers and career switchers into data roles, and hand readers who want structured training to /courses/data-science.",remote; data; jobs; find,,639,8,7,5,1,0,4,0,true,0,0,6,0,1,1,0.925,asking-for-a-raise-timing-script-and-evidence,1,asking-for-a-raise-timing-script-and-evidence,0.948,0,0,0,0,false,Priya Sharma,false,,2026-03-18,2026-03-18,,none-identified,,164,true,concept diagram,"One diagram that explains the central idea of ""Remote Data Jobs"" — the parts and how they relate."
560,P3,2,DEEP REWRITE,,Template body: 100% of its phrasing is shared with 10+ articles; 0% is its own.,None. Queue order in BLOG_REWRITE_QUEUE.csv.,unknown,8dd12094-2a35-4855-ab12-70092b8c7ea4,/blog/reproducibility-in-ml-seeds-configs-and-pipelines,reproducibility-in-ml-seeds-configs-and-pipelines,"Reproducibility in ML: Seeds, Configs and Pipelines",mlops,guide,tutorial,reproducibility ml seeds configs pipeline,"How does Reproducibility in ML work, and how do I apply it in practice?",data scientists and engineers moving models to production,"Answer ""How does Reproducibility in ML work, and how do I apply it in practice?"" for data scientists and engineers moving models to production, and hand readers who want structured training to /courses/mlops.",reproducibility; seeds; configs; pipelines,,665,8,8,5,1,1,4,1,true,0,0,6,0,1,1,0.9,a-b-testing-ml-models-in-production,1,a-b-testing-ml-models-in-production,0.957,0,0,0,0,false,Sneha Reddy,false,,2025-12-26,2025-12-26,,none-identified,,162,true,architecture diagram,"Diagram of the components in ""Reproducibility in ML"" and how data or requests flow between them."
561,P3,2,DEEP REWRITE,,Template body: 100% of its phrasing is shared with 10+ articles; 0% is its own.,None. Queue order in BLOG_REWRITE_QUEUE.csv.,unknown,4593aa92-6902-4d4a-aed6-443838ad5b01,/blog/retrieval-evaluation-measuring-rag-quality,retrieval-evaluation-measuring-rag-quality,Retrieval Evaluation: Measuring RAG Quality,generative-ai,guide,tutorial,retrieval evaluation measuring rag quality,"How does Retrieval Evaluation work, and how do I apply it in practice?",developers building with LLMs,"Answer ""How does Retrieval Evaluation work, and how do I apply it in practice?"" for developers building with LLMs, and hand readers who want structured training to /courses/gen-ai.",retrieval; evaluation; measuring; rag,,685,8,8,5,1,1,4,1,true,0,0,6,0,1,1,0.897,ai-agents-guide-how-autonomous-agents-actually-work,1,ai-agents-guide-how-autonomous-agents-actually-work,0.964,0,0,0,0,false,Ravi Kumar,false,,2025-09-23,2025-09-23,,none-identified,,162,true,architecture diagram,"Diagram of the components in ""Retrieval Evaluation"" and how data or requests flow between them."
562,P3,2,DEEP REWRITE,,Template body: 100% of its phrasing is shared with 10+ articles; 0% is its own.,None. Queue order in BLOG_REWRITE_QUEUE.csv.,unknown,2ea3c424-622a-41f4-931d-78d302499d18,/blog/scaling-model-training-with-distributed-computing,scaling-model-training-with-distributed-computing,Scaling Model Training with Distributed Computing,mlops,guide,tutorial,scaling model training distributed computing,"How does Scaling Model Training with Distributed Computing work, and how do I apply it in practice?",data scientists and engineers moving models to production,"Answer ""How does Scaling Model Training with Distributed Computing work, and how do I apply it in practice?"" for data scientists and engineers moving models to production, and hand readers who want structured training to /courses/mlops.",scaling; model; training; distributed,,670,8,8,5,1,1,4,1,true,0,0,6,0,1,1,0.9,a-b-testing-ml-models-in-production,1,a-b-testing-ml-models-in-production,0.957,0,0,0,0,false,Ravi Kumar,false,,2025-12-20,2025-12-20,,none-identified,,160,true,concept diagram,"One diagram that explains the central idea of ""Scaling Model Training with Distributed Computing"" — the parts and how they relate."
563,P3,2,DEEP REWRITE,,Template body: 100% of its phrasing is shared with 10+ articles; 0% is its own.,None. Queue order in BLOG_REWRITE_QUEUE.csv.,unknown,16247e73-2517-4f0f-996d-bf38a858ccc1,/blog/schema-evolution-handling-changing-data-structures,schema-evolution-handling-changing-data-structures,Schema Evolution: Handling Changing Data Structures,data-engineering,guide,tutorial,schema evolution handling changing data structures,"How does Schema Evolution work, and how do I apply it in practice?",aspiring and junior data engineers,"Answer ""How does Schema Evolution work, and how do I apply it in practice?"" for aspiring and junior data engineers, and hand readers who want structured training to /courses/data-engineering.",schema; evolution; handling; changing,,671,8,8,5,1,1,4,1,true,0,0,6,0,1,1,0.816,airflow-tutorial-orchestrating-data-pipelines,1,airflow-tutorial-orchestrating-data-pipelines,0.963,0,0,0,0,false,GloryTecks Team,true,,2026-02-06,2026-03-06,,none-identified,,173,true,concept diagram,"One diagram that explains the central idea of ""Schema Evolution"" — the parts and how they relate."
564,P3,2,DEEP REWRITE,,Template body: 100% of its phrasing is shared with 10+ articles; 0% is its own.,None. Queue order in BLOG_REWRITE_QUEUE.csv.,unknown,c3aaee5f-a913-48c6-b7d9-2eb93abeae6d,/blog/secrets-management-for-ml-pipelines,secrets-management-for-ml-pipelines,Secrets Management for ML Pipelines,mlops,guide,tutorial,secrets management ml pipeline,"How does Secrets Management for ML Pipelines work, and how do I apply it in practice?",data scientists and engineers moving models to production,"Answer ""How does Secrets Management for ML Pipelines work, and how do I apply it in practice?"" for data scientists and engineers moving models to production, and hand readers who want structured training to /courses/mlops.",secrets; management; pipelines,,667,8,8,5,1,1,4,1,true,0,0,6,0,1,1,0.9,a-b-testing-ml-models-in-production,1,a-b-testing-ml-models-in-production,0.971,0,0,0,0,false,Ravi Kumar,false,,2025-11-02,2025-11-02,,none-identified,,146,true,architecture diagram,"Diagram of the components in ""Secrets Management for ML Pipelines"" and how data or requests flow between them."
565,P3,2,DEEP REWRITE,,Template body: 100% of its phrasing is shared with 10+ articles; 0% is its own.,None. Queue order in BLOG_REWRITE_QUEUE.csv.,unknown,2e763d01-50de-4ff7-92a1-7c9a6ffe7ec5,/blog/self-service-analytics-empowering-business-teams,self-service-analytics-empowering-business-teams,Self-Service Analytics: Empowering Business Teams,data-analytics,guide,tutorial,self-service analytics empowering business teams,"How does Self-Service Analytics work, and how do I apply it in practice?",aspiring and junior data analysts,"Answer ""How does Self-Service Analytics work, and how do I apply it in practice?"" for aspiring and junior data analysts, and hand readers who want structured training to /courses/data-analytics.",self; service; analytics; empowering,,664,8,8,5,1,1,4,1,true,0,0,6,0,1,1,0.88,building-kpi-scorecards-for-executives,1,building-kpi-scorecards-for-executives,0.963,0,0,0,0,false,GloryTecks Team,true,,2025-11-03,2025-11-20,,none-identified,,169,true,concept diagram,"One diagram that explains the central idea of ""Self-Service Analytics"" — the parts and how they relate."
566,P3,2,DEEP REWRITE,,Template body: 99% of its phrasing is shared with 10+ articles; 1% is its own.,None. Queue order in BLOG_REWRITE_QUEUE.csv.,unknown,c777ccaa-54e0-4b68-9360-3d8cc77ba425,/blog/semantic-search-vs-keyword-search-what-changed-with-ai,semantic-search-vs-keyword-search-what-changed-with-ai,Semantic Search vs Keyword Search: What Changed with AI,generative-ai,comparison,comparison,semantic search keyword changed ai,"Should I use keyword search or semantic search, and in which situations does each one win?",developers building with LLMs,"Answer ""Should I use keyword search or semantic search, and in which situations does each one win?"" for developers building with LLMs, and hand readers who want structured training to /courses/gen-ai.",semantic; search; keyword; changed,,488,5,4,3,1,0,4,0,true,0,0,3,0.005,0.995,0.99,0.528,fine-tuning-vs-rag-which-should-you-choose,0.99,fine-tuning-vs-rag-which-should-you-choose,0.924,0,0,0,0,false,Ravi Kumar,false,,2026-02-02,2026-02-02,,none-identified,,167,true,comparison diagram,"Side-by-side diagram of where each option in ""Semantic Search vs Keyword Search"" sits in a typical workflow, with the deciding differences labelled."
567,P3,2,DEEP REWRITE,,Template body: 100% of its phrasing is shared with 10+ articles; 0% is its own.,None. Queue order in BLOG_REWRITE_QUEUE.csv.,unknown,7a4942a0-20d5-4b1d-9a20-e55fd133ece9,/blog/shadow-deployment-and-canary-releases-for-ml,shadow-deployment-and-canary-releases-for-ml,Shadow Deployment and Canary Releases for ML,mlops,guide,tutorial,shadow deployment canary releases ml,"How does Shadow Deployment and Canary Releases for ML work, and how do I apply it in practice?",data scientists and engineers moving models to production,"Answer ""How does Shadow Deployment and Canary Releases for ML work, and how do I apply it in practice?"" for data scientists and engineers moving models to production, and hand readers who want structured training to /courses/mlops.",shadow; deployment; canary; releases,,673,8,8,5,1,1,4,1,true,0,0,6,0,1,1,0.9,a-b-testing-ml-models-in-production,1,a-b-testing-ml-models-in-production,0.963,0,0,0,0,false,Sneha Reddy,false,,2026-01-19,2026-01-19,,none-identified,,155,true,architecture diagram,"Diagram of the components in ""Shadow Deployment and Canary Releases for ML"" and how data or requests flow between them."
568,P3,2,DEEP REWRITE,,Template body: 100% of its phrasing is shared with 10+ articles; 0% is its own.,None. Queue order in BLOG_REWRITE_QUEUE.csv.,unknown,6e3bb926-8c77-4478-920e-a235cf7e0a3d,/blog/slowly-changing-dimensions-scd-types-explained,slowly-changing-dimensions-scd-types-explained,Slowly Changing Dimensions (SCD) Types Explained,data-engineering,guide,tutorial,slowly changing dimensions scd types,"What is Slowly Changing Dimensions (SCD) Types, and how does it work?",aspiring and junior data engineers,"Answer ""What is Slowly Changing Dimensions (SCD) Types, and how does it work?"" for aspiring and junior data engineers, and hand readers who want structured training to /courses/data-engineering.",slowly; changing; dimensions; scd,,679,8,8,5,1,1,4,1,true,0,0,6,0,1,1,0.816,airflow-tutorial-orchestrating-data-pipelines,1,airflow-tutorial-orchestrating-data-pipelines,0.963,0,0,0,0,false,Sneha Reddy,false,,2026-02-24,2026-03-28,,none-identified,,170,true,concept diagram,"One diagram that explains the central idea of ""Slowly Changing Dimensions (SCD) Types Explained"" — the parts and how they relate."
569,P3,2,DEEP REWRITE,,Template body: 100% of its phrasing is shared with 10+ articles; 0% is its own.,None. Queue order in BLOG_REWRITE_QUEUE.csv.,unknown,e3689580-16df-46ba-91f5-4bb6fdf25da5,/blog/speech-to-text-and-text-to-speech-with-modern-ai,speech-to-text-and-text-to-speech-with-modern-ai,Speech-to-Text and Text-to-Speech with Modern AI,generative-ai,guide,tutorial,speech-to-text text-to-speech modern ai,"How does Speech-to-Text and Text-to-Speech with Modern AI work, and how do I apply it in practice?",developers building with LLMs,"Answer ""How does Speech-to-Text and Text-to-Speech with Modern AI work, and how do I apply it in practice?"" for developers building with LLMs, and hand readers who want structured training to /courses/gen-ai.",speech; text; modern,,694,8,8,5,1,1,4,1,true,0,0,6,0,1,1,0.897,ai-agents-guide-how-autonomous-agents-actually-work,1,ai-agents-guide-how-autonomous-agents-actually-work,0.955,0,0,0,0,false,GloryTecks Team,true,,2025-09-29,2025-09-29,,none-identified,,167,true,concept diagram,"One diagram that explains the central idea of ""Speech-to-Text and Text-to-Speech with Modern AI"" — the parts and how they relate."
570,P3,2,DEEP REWRITE,,Template body: 100% of its phrasing is shared with 10+ articles; 0% is its own.,None. Queue order in BLOG_REWRITE_QUEUE.csv.,unknown,17a007b7-1add-4bc0-a83d-bccdab58f616,/blog/statistical-concepts-every-data-analyst-must-know,statistical-concepts-every-data-analyst-must-know,Statistical Concepts Every Data Analyst Must Know,data-analytics,guide,tutorial,statistical concepts every data analytics must,"How does Statistical Concepts Every Data Analyst Must Know work, and how do I apply it in practice?",aspiring and junior data analysts,"Answer ""How does Statistical Concepts Every Data Analyst Must Know work, and how do I apply it in practice?"" for aspiring and junior data analysts, and hand readers who want structured training to /courses/data-analytics.",statistical; concepts; data; analyst,,676,8,8,5,1,1,4,1,true,0,0,6,0,1,1,0.88,building-kpi-scorecards-for-executives,1,building-kpi-scorecards-for-executives,0.958,0,0,0,0,false,GloryTecks Team,true,,2026-01-26,2026-03-16,,none-identified,,169,true,concept diagram,"One diagram that explains the central idea of ""Statistical Concepts Every Data Analyst Must Know"" — the parts and how they relate."
571,P3,2,DEEP REWRITE,,Template body: 100% of its phrasing is shared with 10+ articles; 0% is its own.,None. Queue order in BLOG_REWRITE_QUEUE.csv.,unknown,1fa0de07-5d61-4389-bf15-c59e53cca95e,/blog/statistics-for-data-science-the-20-you-actually-need,statistics-for-data-science-the-20-you-actually-need,Statistics for Data Science: The 20% You Actually Need,data-science,guide,tutorial,statistics data science actually,"How does Statistics for Data Science work, and how do I apply it in practice?",data science,"Answer ""How does Statistics for Data Science work, and how do I apply it in practice?"" for data science, and hand readers who want structured training to /courses/data-science.",statistics; data; science; actually,,678,8,8,5,1,1,4,1,true,0,0,7,0,1,1,0.879,a-b-testing-for-data-scientists-a-practical-guide,1,a-b-testing-for-data-scientists-a-practical-guide,0.96,0,0,0,0,false,Ravi Kumar,false,,2026-04-28,2026-05-24,,none-identified,,172,true,concept diagram,"One diagram that explains the central idea of ""Statistics for Data Science"" — the parts and how they relate."
572,P3,2,DEEP REWRITE,,Template body: 99% of its phrasing is shared with 10+ articles; 1% is its own.,None. Queue order in BLOG_REWRITE_QUEUE.csv.,unknown,77b9be0e-1abc-4266-85bf-09cf7877874f,/blog/supervised-vs-unsupervised-learning-a-clear-comparison,supervised-vs-unsupervised-learning-a-clear-comparison,Supervised vs Unsupervised Learning: A Clear Comparison,data-science,comparison,comparison,supervised unsupervised learning clear,"Should I use supervised or unsupervised learning, and in which situations does each one win?",learners and junior data scientists,"Answer ""Should I use supervised or unsupervised learning, and in which situations does each one win?"" for learners and junior data scientists, and hand readers who want structured training to /courses/data-science.",supervised; unsupervised; learning; clear,,480,5,4,3,1,0,4,0,true,0,0,3,0.005,0.995,0.99,0.531,data-science-vs-data-analytics-which-career-is-right-for-you,0.99,data-science-vs-data-analytics-which-career-is-right-for-you,0.928,0,0,0,0,false,GloryTecks Team,true,,2026-04-10,2026-05-02,,none-identified,,166,true,comparison diagram,"Side-by-side diagram of where each option in ""Supervised vs Unsupervised Learning"" sits in a typical workflow, with the deciding differences labelled."
573,P3,2,DEEP REWRITE,,Template body: 100% of its phrasing is shared with 10+ articles; 0% is its own.,None. Queue order in BLOG_REWRITE_QUEUE.csv.,unknown,18c24a13-bca9-454e-ae35-d9792cff2e40,/blog/synthetic-data-generation-with-llms-a-practical-guide,synthetic-data-generation-with-llms-a-practical-guide,Synthetic Data Generation with LLMs: A Practical Guide,generative-ai,guide,tutorial,synthetic data generation llms,"How does Synthetic Data Generation with LLMs work, and how do I apply it in practice?",developers building with LLMs,"Answer ""How does Synthetic Data Generation with LLMs work, and how do I apply it in practice?"" for developers building with LLMs, and hand readers who want structured training to /courses/gen-ai.",synthetic; data; generation; llms,,694,8,8,5,1,1,4,1,true,0,0,6,0,1,1,0.897,ai-agents-guide-how-autonomous-agents-actually-work,1,ai-agents-guide-how-autonomous-agents-actually-work,0.958,0,0,0,0,false,Ravi Kumar,false,,2025-10-05,2025-10-05,,none-identified,,173,true,concept diagram,"One diagram that explains the central idea of ""Synthetic Data Generation with LLMs"" — the parts and how they relate."
574,P3,2,DEEP REWRITE,,Template body: 100% of its phrasing is shared with 10+ articles; 0% is its own.,None. Queue order in BLOG_REWRITE_QUEUE.csv.,unknown,5068ffb2-f3cb-4288-aefc-106225bfe6f0,/blog/testing-machine-learning-code-and-data,testing-machine-learning-code-and-data,Testing Machine Learning Code and Data,mlops,guide,tutorial,testing machine learning code data,"How does Testing Machine Learning Code and Data work, and how do I apply it in practice?",data scientists and engineers moving models to production,"Answer ""How does Testing Machine Learning Code and Data work, and how do I apply it in practice?"" for data scientists and engineers moving models to production, and hand readers who want structured training to /courses/mlops.",testing; machine; learning; code,,670,8,8,5,1,1,4,1,true,0,0,6,0,1,1,0.9,a-b-testing-ml-models-in-production,1,a-b-testing-ml-models-in-production,0.957,0,0,0,0,false,Sneha Reddy,false,,2025-10-27,2025-10-27,,none-identified,,149,true,code output screenshot or diagram,"Worked example for ""Testing Machine Learning Code and Data"": the input, the code's key step, and the resulting output side by side."
575,P3,2,DEEP REWRITE,,Template body: 100% of its phrasing is shared with 10+ articles; 0% is its own.,None. Queue order in BLOG_REWRITE_QUEUE.csv.,unknown,69a49f00-34ea-45fd-8cfc-efbf2f99a786,/blog/time-intelligence-in-analytics-trends-and-seasonality,time-intelligence-in-analytics-trends-and-seasonality,Time Intelligence in Analytics: Trends and Seasonality,data-analytics,guide,tutorial,time intelligence analytics trends seasonality,"How does Time Intelligence in Analytics work, and how do I apply it in practice?",aspiring and junior data analysts,"Answer ""How does Time Intelligence in Analytics work, and how do I apply it in practice?"" for aspiring and junior data analysts, and hand readers who want structured training to /courses/data-analytics.",time; intelligence; analytics; trends,,670,8,8,5,1,1,4,1,true,0,0,6,0,1,1,0.88,building-kpi-scorecards-for-executives,1,building-kpi-scorecards-for-executives,0.959,0,0,0,0,false,Arjun Nair,false,,2025-12-27,2026-01-25,,none-identified,,174,true,concept diagram,"One diagram that explains the central idea of ""Time Intelligence in Analytics"" — the parts and how they relate."
576,P3,2,DEEP REWRITE,,Template body: 100% of its phrasing is shared with 10+ articles; 0% is its own.,None. Queue order in BLOG_REWRITE_QUEUE.csv.,unknown,e4525ea5-abdc-4aeb-affb-ca76482cd1eb,/blog/time-series-forecasting-a-beginner-friendly-introduction,time-series-forecasting-a-beginner-friendly-introduction,Time Series Forecasting: A Beginner-Friendly Introduction,data-science,guide,tutorial,time series forecasting beginner-friendly,"What is Time Series Forecasting, and how does it work?",learners and junior data scientists,"Answer ""What is Time Series Forecasting, and how does it work?"" for learners and junior data scientists, and hand readers who want structured training to /courses/data-science.",time; series; forecasting; beginner,,673,8,8,5,1,1,4,1,true,0,0,6,0,1,1,0.879,a-b-testing-for-data-scientists-a-practical-guide,1,a-b-testing-for-data-scientists-a-practical-guide,0.955,0,0,0,0,false,GloryTecks Team,true,,2026-02-21,2026-03-31,,none-identified,,175,true,concept diagram,"One diagram that explains the central idea of ""Time Series Forecasting"" — the parts and how they relate."
577,P3,2,DEEP REWRITE,,Template body: 100% of its phrasing is shared with 10+ articles; 0% is its own.,None. Queue order in BLOG_REWRITE_QUEUE.csv.,unknown,e674e833-75fd-4a74-9f3a-1cd17454afce,/blog/tokenization-in-llms-why-it-matters-more-than-you-think,tokenization-in-llms-why-it-matters-more-than-you-think,Tokenization in LLMs: Why It Matters More Than You Think,generative-ai,guide,tutorial,tokenization llms matters more than think,"How does Tokenization in LLMs work, and how do I apply it in practice?",developers building with LLMs,"Answer ""How does Tokenization in LLMs work, and how do I apply it in practice?"" for developers building with LLMs, and hand readers who want structured training to /courses/gen-ai.",tokenization; llms; why; matters,,692,8,8,5,1,1,4,1,true,0,0,6,0,1,1,0.897,ai-agents-guide-how-autonomous-agents-actually-work,1,ai-agents-guide-how-autonomous-agents-actually-work,0.953,0,0,0,0,false,Ravi Kumar,false,,2026-03-10,2026-03-10,,none-identified,,175,true,concept diagram,"One diagram that explains the central idea of ""Tokenization in LLMs"" — the parts and how they relate."
578,P3,2,DEEP REWRITE,,Template body: 100% of its phrasing is shared with 10+ articles; 0% is its own.,None. Queue order in BLOG_REWRITE_QUEUE.csv.,unknown,27ce0eee-5eac-4485-b75c-b8673dc05135,/blog/top-free-tools-for-data-analysts-in-2026,top-free-tools-for-data-analysts-in-2026,Top Free Tools for Data Analysts in 2026,data-analytics,guide,tutorial,free data analytics,"How does Top Free Tools for Data Analysts in work, and how do I apply it in practice?",data analysts,"Answer ""How does Top Free Tools for Data Analysts in work, and how do I apply it in practice?"" for data analysts, and hand readers who want structured training to /courses/data-analytics.",free; tools; data; analysts,,679,8,8,5,1,1,4,1,true,0,0,6,0,1,1,0.88,building-kpi-scorecards-for-executives,1,building-kpi-scorecards-for-executives,0.963,0,0,0,0,false,Arjun Nair,false,,2025-09-22,2025-10-13,,none-identified,,160,true,concept diagram,"One diagram that explains the central idea of ""Top Free Tools for Data Analysts in 2026"" — the parts and how they relate."
579,P3,2,DEEP REWRITE,,Template body: 100% of its phrasing is shared with 10+ articles; 0% is its own.,None. Queue order in BLOG_REWRITE_QUEUE.csv.,unknown,eff04529-9a02-4bf9-9563-a4af242cf1ed,/blog/top-generative-ai-tools-every-developer-should-know-in-2026,top-generative-ai-tools-every-developer-should-know-in-2026,Top Generative AI Tools Every Developer Should Know in 2026,generative-ai,guide,tutorial,generative ai every development,"How does Top Generative AI Tools Every Developer Should Know in work, and how do I apply it in practice?",developers building with LLMs,"Answer ""How does Top Generative AI Tools Every Developer Should Know in work, and how do I apply it in practice?"" for developers building with LLMs, and hand readers who want structured training to /courses/gen-ai.",generative; tools; developer,,706,8,8,5,1,1,4,1,true,0,0,6,0,1,1,0.897,ai-agents-guide-how-autonomous-agents-actually-work,1,ai-agents-guide-how-autonomous-agents-actually-work,0.96,0,0,0,0,false,GloryTecks Team,true,,2026-03-04,2026-03-04,,none-identified,,178,true,concept diagram,"One diagram that explains the central idea of ""Top Generative AI Tools Every Developer Should Know in 2026"" — the parts and how they relate."
580,P3,2,DEEP REWRITE,,Template body: 99% of its phrasing is shared with 10+ articles; 1% is its own.,None. Queue order in BLOG_REWRITE_QUEUE.csv.,unknown,b482f317-6b74-4891-ae75-92b4aa07a7f4,/blog/upskilling-vs-reskilling-which-path-fits-you,upskilling-vs-reskilling-which-path-fits-you,Upskilling vs Reskilling: Which Path Fits You?,career-guidance,comparison,comparison,upskilling reskilling fits,"Should I use reskilling or upskilling, and in which situations does each one win?",freshers and career switchers into data roles,"Answer ""Should I use reskilling or upskilling, and in which situations does each one win?"" for freshers and career switchers into data roles, and hand readers who want structured training to /courses/data-science.",upskilling; reskilling; which; path,,475,5,4,3,1,0,4,0,true,0,0,3,0.005,0.995,0.99,0.515,internships-vs-certifications-what-recruiters-value,0.982,career-growth-when-to-stay-vs-when-to-switch,0.934,0,0,0,0,false,GloryTecks Team,true,,2026-02-28,2026-02-28,,none-identified,,160,true,comparison diagram,"Side-by-side diagram of where each option in ""Upskilling vs Reskilling"" sits in a typical workflow, with the deciding differences labelled."
581,P3,2,DEEP REWRITE,,Template body: 100% of its phrasing is shared with 10+ articles; 0% is its own.,None. Queue order in BLOG_REWRITE_QUEUE.csv.,unknown,3674820c-7224-4543-8958-ca92108595d1,/blog/vector-databases-explained-pinecone-faiss-and-chromadb,vector-databases-explained-pinecone-faiss-and-chromadb,"Vector Databases Explained: Pinecone, FAISS and ChromaDB",generative-ai,guide,tutorial,vector databases pinecone faiss chromadb,"What is Vector Databases, and how does it work?",developers building with LLMs,"Answer ""What is Vector Databases, and how does it work?"" for developers building with LLMs, and hand readers who want structured training to /courses/gen-ai.",vector; databases; pinecone; faiss,,689,8,8,5,1,1,4,1,true,0,0,6,0,1,1,0.897,ai-agents-guide-how-autonomous-agents-actually-work,1,ai-agents-guide-how-autonomous-agents-actually-work,0.962,0,0,0,0,false,Ravi Kumar,false,,2026-04-27,2026-04-27,,none-identified,,175,true,concept diagram,"One diagram that explains the central idea of ""Vector Databases Explained"" — the parts and how they relate."
582,P3,2,DEEP REWRITE,,Template body: 100% of its phrasing is shared with 10+ articles; 0% is its own.,None. Queue order in BLOG_REWRITE_QUEUE.csv.,unknown,f8737f14-2bf4-4217-8e01-9818fb608ae3,/blog/web-analytics-basics-understanding-user-behavior,web-analytics-basics-understanding-user-behavior,Web Analytics Basics: Understanding User Behavior,data-analytics,guide,tutorial,web analytics understanding user behavior,"What is Web Analytics, and how does it work?",aspiring and junior data analysts,"Answer ""What is Web Analytics, and how does it work?"" for aspiring and junior data analysts, and hand readers who want structured training to /courses/data-analytics.",web; analytics; basics; understanding,,667,8,8,5,1,1,4,1,true,0,0,6,0,1,1,0.88,building-kpi-scorecards-for-executives,1,building-kpi-scorecards-for-executives,0.955,0,0,0,0,false,GloryTecks Team,true,,2025-09-16,2025-10-19,,none-identified,,169,true,concept diagram,"One diagram that explains the central idea of ""Web Analytics Basics"" — the parts and how they relate."
583,P3,2,DEEP REWRITE,,Template body: 100% of its phrasing is shared with 10+ articles; 0% is its own.,None. Queue order in BLOG_REWRITE_QUEUE.csv.,unknown,9dfbfb82-193a-43f6-83f0-fa77b8145d0d,/blog/xgboost-explained-why-it-wins-kaggle-competitions,xgboost-explained-why-it-wins-kaggle-competitions,XGBoost Explained: Why It Wins Kaggle Competitions,data-science,guide,tutorial,xgboost wins kaggle competitions,"What is XGBoost, and how does it work?",learners and junior data scientists,"Answer ""What is XGBoost, and how does it work?"" for learners and junior data scientists, and hand readers who want structured training to /courses/data-science.",xgboost; why; wins; kaggle,,672,8,8,5,1,1,4,1,true,0,0,6,0,1,1,0.879,a-b-testing-for-data-scientists-a-practical-guide,1,a-b-testing-for-data-scientists-a-practical-guide,0.963,0,0,0,0,false,Ravi Kumar,false,,2026-01-10,2026-02-21,,none-identified,,168,true,concept diagram,"One diagram that explains the central idea of ""XGBoost Explained"" — the parts and how they relate."
584,P3,1,MANUAL REVIEW,,"Salary figures with no cited source. A rewrite needs a dated, citable salary dataset; without one the figures must go.","Source a salary dataset, or rewrite without figures.",unknown,b68ea347-7b1a-4b77-93eb-167f15a3a5fc,/blog/aws-data-engineer-salary-in-india-2026,aws-data-engineer-salary-in-india-2026,AWS Data Engineer Salary in India 2026,aws,salary,salary,aws data engineering india,"What does AWS Data Engineer work pay, and what moves the number?",data engineers working on AWS,"Answer ""What does AWS Data Engineer work pay, and what moves the number?"" for data engineers working on AWS, and hand readers who want structured training to /courses/data-engineering.",data; engineer; salary,,545,5,5,3,1,0,5,0,true,0,0,11,0.048,0.91,0.543,0.482,athena-vs-redshift-when-to-use-each,0.704,gcp-data-engineer-salary-in-india-2026,0.601,0,0,0,0,false,Sneha Reddy,false,,2025-11-18,2025-12-15,,market-data,,165,false,none,No image. A chart is only appropriate once the figures are sourced; then chart the cited data with the source in the caption.
585,P3,1,MANUAL REVIEW,,"Salary figures with no cited source. A rewrite needs a dated, citable salary dataset; without one the figures must go.","Source a salary dataset, or rewrite without figures.",unknown,ae4e1d84-d666-4cb4-bd37-eaa3bb547c8b,/blog/azure-data-engineer-salary-in-hyderabad-2026,azure-data-engineer-salary-in-hyderabad-2026,Azure Data Engineer Salary in Hyderabad 2026,azure-data-factory,salary,salary,azure data engineering,"What does Azure Data Engineer work pay, and what moves the number?",data engineers working on Azure,"Answer ""What does Azure Data Engineer work pay, and what moves the number?"" for data engineers working on Azure, and hand readers who want structured training to /courses/data-engineering.",azure; data; engineer; salary,,555,5,5,3,1,0,5,0,true,0,0,11,0.051,0.908,0.539,0.481,adf-vs-databricks-when-to-use-each,0.628,data-engineer-salary-in-hyderabad-2026,0.572,0,0,0,0,false,Sneha Reddy,false,,2025-11-19,2025-11-19,,market-data,,186,false,none,No image. A chart is only appropriate once the figures are sourced; then chart the cited data with the source in the caption.
586,P3,1,MANUAL REVIEW,,"Salary figures with no cited source. A rewrite needs a dated, citable salary dataset; without one the figures must go.","Source a salary dataset, or rewrite without figures.",unknown,f6cb42bb-1814-4a35-80f4-158669fdc47e,/blog/data-analyst-salary-in-hyderabad-2026,data-analyst-salary-in-hyderabad-2026,Data Analyst Salary in Hyderabad 2026,data-analytics,salary,salary,data analytics,"What does Data Analyst work pay, and what moves the number?",aspiring and junior data analysts,"Answer ""What does Data Analyst work pay, and what moves the number?"" for aspiring and junior data analysts, and hand readers who want structured training to /courses/data-analytics.",data; analyst; salary; hyderabad,,538,5,5,3,1,0,5,0,true,0,0,11,0.072,0.905,0.535,0.475,correlation-vs-causation-a-must-know-for-analysts,0.635,salary-negotiation-how-to-get-paid-what-you-re-worth,0.548,0,0,0,0,false,Arjun Nair,false,,2026-05-08,2026-06-15,,market-data,,175,false,none,No image. A chart is only appropriate once the figures are sourced; then chart the cited data with the source in the caption.
587,P3,1,MANUAL REVIEW,,"Salary figures with no cited source. A rewrite needs a dated, citable salary dataset; without one the figures must go.","Source a salary dataset, or rewrite without figures.",unknown,55a1b6e1-679f-4d59-a2ae-87c1ce863dff,/blog/data-engineer-salary-in-hyderabad-2026,data-engineer-salary-in-hyderabad-2026,Data Engineer Salary in Hyderabad 2026,data-engineering,salary,salary,data engineering,"What does Data Engineer work pay, and what moves the number?",aspiring and junior data engineers,"Answer ""What does Data Engineer work pay, and what moves the number?"" for aspiring and junior data engineers, and hand readers who want structured training to /courses/data-engineering.",data; engineer; salary; hyderabad,,538,5,5,3,1,0,5,0,true,0,0,11,0.035,0.905,0.534,0.485,data-engineering-vs-data-science-roles-compared,0.672,data-scientist-salary-in-hyderabad-2026-freshers-to-senior,0.584,0,0,0,0,false,Sneha Reddy,false,,2025-11-20,2025-12-14,,market-data,,178,false,none,No image. A chart is only appropriate once the figures are sourced; then chart the cited data with the source in the caption.
588,P3,1,MANUAL REVIEW,,"Salary figures with no cited source. A rewrite needs a dated, citable salary dataset; without one the figures must go.","Source a salary dataset, or rewrite without figures.",unknown,a1a82bbf-bd01-4144-a3df-d3eb17fa9d81,/blog/generative-ai-salary-in-india-2026-roles-and-pay,generative-ai-salary-in-india-2026-roles-and-pay,Generative AI Salary in India 2026: Roles and Pay,generative-ai,salary,salary,generative ai india pay,"What does Generative AI work pay, and what moves the number?",developers building with LLMs,"Answer ""What does Generative AI work pay, and what moves the number?"" for developers building with LLMs, and hand readers who want structured training to /courses/gen-ai.",generative; salary; india; roles,,550,5,5,3,1,0,5,0,true,0,0,11,0.087,0.911,0.549,0.483,what-is-generative-ai-a-complete-beginner-s-guide,0.591,mlops-engineer-salary-in-india-2026,0.524,0,0,0,0,false,Ravi Kumar,false,,2025-12-16,2025-12-16,,market-data,,186,false,none,No image. A chart is only appropriate once the figures are sourced; then chart the cited data with the source in the caption.
589,P3,1,MANUAL REVIEW,,"Salary figures with no cited source. A rewrite needs a dated, citable salary dataset; without one the figures must go.","Source a salary dataset, or rewrite without figures.",unknown,bee0d0aa-37be-44cf-925f-fc866bda97ee,/blog/mlops-engineer-salary-in-india-2026,mlops-engineer-salary-in-india-2026,MLOps Engineer Salary in India 2026,mlops,salary,salary,mlops engineering india,"What does MLOps Engineer work pay, and what moves the number?",data scientists and engineers moving models to production,"Answer ""What does MLOps Engineer work pay, and what moves the number?"" for data scientists and engineers moving models to production, and hand readers who want structured training to /courses/mlops.",engineer; salary; india,,539,5,5,3,1,0,5,0,true,0,0,11,0.032,0.908,0.549,0.483,what-is-mlops-devops-for-machine-learning-explained,0.656,gcp-data-engineer-salary-in-india-2026,0.597,0,0,0,0,false,Sneha Reddy,false,,2025-10-15,2025-10-15,,market-data,,164,false,none,No image. A chart is only appropriate once the figures are sourced; then chart the cited data with the source in the caption.
590,P3,1,MANUAL REVIEW,,"Salary figures with no cited source. A rewrite needs a dated, citable salary dataset; without one the figures must go.","Source a salary dataset, or rewrite without figures.",unknown,77874e6c-5eb2-4208-8ac6-77870aabf046,/blog/power-bi-developer-salary-in-hyderabad-2026,power-bi-developer-salary-in-hyderabad-2026,Power BI Developer Salary in Hyderabad 2026,power-bi,salary,salary,power bi development,"What does Power BI Developer work pay, and what moves the number?",analysts building Power BI reports,"Answer ""What does Power BI Developer work pay, and what moves the number?"" for analysts building Power BI reports, and hand readers who want structured training to /courses/power-bi.",power; developer; salary; hyderabad,,552,5,5,3,1,0,5,0,true,0,0,11,0.081,0.903,0.539,0.479,power-bi-vs-excel-when-to-use-each-tool,0.622,python-salary-in-india-2026-roles-and-expectations,0.519,0,0,0,0,false,Arjun Nair,false,,2025-10-16,2025-10-16,,market-data,,175,false,none,No image. A chart is only appropriate once the figures are sourced; then chart the cited data with the source in the caption.
591,P3,1,MANUAL REVIEW,,"Salary figures with no cited source. A rewrite needs a dated, citable salary dataset; without one the figures must go.","Source a salary dataset, or rewrite without figures.",unknown,5fa5ea97-2b5b-445f-84ff-e114024942f8,/blog/python-salary-in-india-2026-roles-and-expectations,python-salary-in-india-2026-roles-and-expectations,Python Salary in India 2026: Roles and Expectations,python,salary,salary,python india expectations,"What does Python work pay, and what moves the number?",Python learners heading into data work,"Answer ""What does Python work pay, and what moves the number?"" for Python learners heading into data work, and hand readers who want structured training to /courses/python-programming.",salary; india; roles,,530,5,5,3,1,0,5,0,true,0,0,11,0.076,0.905,0.538,0.476,python-decorators-vs-context-managers-when-to-use-each,0.622,power-bi-developer-salary-in-hyderabad-2026,0.515,0,0,0,0,false,GloryTecks Team,true,,2025-10-23,2025-10-23,,market-data,,181,false,none,No image. A chart is only appropriate once the figures are sourced; then chart the cited data with the source in the caption.
,—,0,REDIRECT,aws-interview-questions-for-data-engineers,Identical title and excerpt; duplicate of the interview-questions copy.,Done in Phase 1 (301).,unknown,18c51e97-59b4-4c23-8fe8-e39112b42635,/blog/aws-interview-questions-for-data-engineers-2,aws-interview-questions-for-data-engineers-2,AWS Interview Questions for Data Engineers,aws,interview,interview,aws,"What does an interviewer ask about AWS for Data Engineers, and what does a strong answer contain?",data engineers,"Answer ""What does an interviewer ask about AWS for Data Engineers, and what does a strong answer contain?"" for data engineers, and hand readers who want structured training to /courses/data-engineering.",interview; questions; data,/blog/aws-interview-questions-for-data-engineers,538,4,4,2,0,1,9,1,true,0,0,3,0.034,0.944,0.449,0.387,athena-vs-redshift-when-to-use-each,0.779,gcp-interview-questions-for-data-engineers-2,0.704,0,0,0,0,false,Sneha Reddy,false,,2025-10-13,2025-11-01,,official-docs,AWS documentation <https://docs.aws.amazon.com/>,160,false,none,No image needed; the value is in the questions and answers. Optional: one diagram for the hardest concept explained.
,—,0,MERGE,/blog/azure-data-factory-interview-questions-and-answers,Phase 3: Same rule as the Power BI pair: the Azure Data Factory category copy owns it; the interview-questions bucket copy is the merge candidate.,"Search Console check, then 301 to the owner.",unknown,e96ec2d8-45ed-48de-b9ea-ffd1e5e1c3fd,/blog/azure-data-factory-adf-interview-questions,azure-data-factory-adf-interview-questions,Azure Data Factory (ADF) Interview Questions,interview-questions,interview,interview,azure data factory,"What does an interviewer ask about Azure Data Factory (ADF), and what does a strong answer contain?",candidates preparing for data interviews,"Answer ""What does an interviewer ask about Azure Data Factory (ADF), and what does a strong answer contain?"" for candidates preparing for data interviews, and hand readers who want structured training to /courses/data-science.",azure; data; factory; adf,/blog/azure-data-factory-interview-questions-and-answers,517,4,3,2,0,0,9,0,true,0,0,3,0,1,1,0.985,feature-engineering-interview-questions,1,feature-engineering-interview-questions,0.977,0,0,0,0,false,Ravi Kumar,false,,2026-05-22,2026-05-22,,official-docs,Azure Data Factory documentation (Microsoft Learn) <https://learn.microsoft.com/en-us/azure/data-factory/>,178,false,none,No image needed; the value is in the questions and answers. Optional: one diagram for the hardest concept explained.
,—,0,MERGE,/blog/bigquery-vs-snowflake-vs-redshift-a-comparison,"Phase 3: Three posts compare the same three warehouses in a different order. Keep one, 308 the others once GSC confirms which earns the impressions.","Search Console check, then 301 to the owner.",unknown,b812f849-6d75-4828-a2a5-1299ddabb85f,/blog/cloud-data-warehouses-compared-snowflake-vs-bigquery-vs-redshift,cloud-data-warehouses-compared-snowflake-vs-bigquery-vs-redshift,Cloud Data Warehouses Compared: Snowflake vs BigQuery vs Redshift,data-engineering,comparison,comparison,cloud data warehouses snowflake bigquery redshift,"Should I use bigquery or redshift or snowflake, and in which situations does each one win?",aspiring and junior data engineers,"Answer ""Should I use bigquery or redshift or snowflake, and in which situations does each one win?"" for aspiring and junior data engineers, and hand readers who want structured training to /courses/data-engineering.",cloud; data; warehouses; compared,/blog/bigquery-vs-snowflake-vs-redshift-a-comparison /blog/redshift-vs-snowflake-vs-bigquery-a-comparison,477,5,4,3,1,0,4,0,true,0,0,3,0.008,0.992,0.987,0.602,data-engineering-vs-data-science-roles-compared,0.987,data-engineering-vs-data-science-roles-compared,0.918,0,0,0,0,false,Sneha Reddy,false,,2025-09-09,2025-10-27,,official-docs,BigQuery documentation <https://cloud.google.com/bigquery/docs>,180,true,comparison diagram,"Side-by-side diagram of where each option in ""Cloud Data Warehouses Compared"" sits in a typical workflow, with the deciding differences labelled."
,—,0,REDIRECT,data-analyst-interview-questions-and-answers,Identical title and excerpt; duplicate of the interview-questions copy.,Done in Phase 1 (301).,unknown,4ec9bd80-4b35-4b93-b9a0-6ed9b73caf8a,/blog/data-analyst-interview-questions-and-answers-2,data-analyst-interview-questions-and-answers-2,Data Analyst Interview Questions and Answers,data-analytics,interview,interview,data analytics,"What does an interviewer ask about Data Analyst, and what does a strong answer contain?",aspiring and junior data analysts,"Answer ""What does an interviewer ask about Data Analyst, and what does a strong answer contain?"" for aspiring and junior data analysts, and hand readers who want structured training to /courses/data-analytics.",data; analyst; interview; questions,/blog/data-analyst-interview-questions-and-answers,532,4,4,2,0,1,9,1,true,0,0,3,0.034,0.945,0.44,0.382,correlation-vs-causation-a-must-know-for-analysts,0.739,data-engineering-interview-questions-and-answers-2,0.691,0,0,0,0,false,Arjun Nair,false,,2025-12-15,2025-12-28,,none-identified,,173,false,none,No image needed; the value is in the questions and answers. Optional: one diagram for the hardest concept explained.
,—,0,REDIRECT,data-engineering-interview-questions-and-answers,Identical title and excerpt; duplicate of the interview-questions copy.,Done in Phase 1 (301).,unknown,cbb7e717-6fcb-400e-bc2f-d979b607d658,/blog/data-engineering-interview-questions-and-answers-2,data-engineering-interview-questions-and-answers-2,Data Engineering Interview Questions and Answers,data-engineering,interview,interview,data engineering,"What does an interviewer ask about Data Engineering, and what does a strong answer contain?",aspiring and junior data engineers,"Answer ""What does an interviewer ask about Data Engineering, and what does a strong answer contain?"" for aspiring and junior data engineers, and hand readers who want structured training to /courses/data-engineering.",data; engineering; interview; questions,/blog/data-engineering-interview-questions-and-answers,532,4,4,2,0,1,9,1,true,0,0,3,0.034,0.943,0.44,0.391,data-engineering-vs-data-science-roles-compared,0.741,gcp-interview-questions-for-data-engineers-2,0.694,0,0,0,0,false,GloryTecks Team,true,,2025-10-21,2025-12-04,,none-identified,,179,false,none,No image needed; the value is in the questions and answers. Optional: one diagram for the hardest concept explained.
,—,0,REDIRECT,gcp-interview-questions-for-data-engineers,Identical title and excerpt; duplicate of the interview-questions copy.,Done in Phase 1 (301).,unknown,cde58267-9256-4b50-9358-4c8ed46ba0ee,/blog/gcp-interview-questions-for-data-engineers-2,gcp-interview-questions-for-data-engineers-2,GCP Interview Questions for Data Engineers,gcp,interview,interview,gcp,"What does an interviewer ask about GCP for Data Engineers, and what does a strong answer contain?",data engineers,"Answer ""What does an interviewer ask about GCP for Data Engineers, and what does a strong answer contain?"" for data engineers, and hand readers who want structured training to /courses/data-engineering.",interview; questions; data,/blog/gcp-interview-questions-for-data-engineers,529,4,4,2,0,1,9,1,true,0,0,3,0.032,0.945,0.444,0.385,dataproc-vs-dataflow-which-to-choose,0.779,aws-interview-questions-for-data-engineers-2,0.704,0,0,0,0,false,Sneha Reddy,false,,2025-10-14,2025-10-14,,official-docs,Google Cloud documentation <https://cloud.google.com/docs>,160,false,none,No image needed; the value is in the questions and answers. Optional: one diagram for the hardest concept explained.
,—,0,REDIRECT,mlops-interview-questions-and-answers,Identical title and excerpt; duplicate of the interview-questions copy.,Done in Phase 1 (301).,unknown,ed61c93c-06fc-40c7-9c17-80a144713ec6,/blog/mlops-interview-questions-and-answers-2,mlops-interview-questions-and-answers-2,MLOps Interview Questions and Answers,mlops,interview,interview,mlops,"What does an interviewer ask about MLOps, and what does a strong answer contain?",data scientists and engineers moving models to production,"Answer ""What does an interviewer ask about MLOps, and what does a strong answer contain?"" for data scientists and engineers moving models to production, and hand readers who want structured training to /courses/mlops.",interview; questions; answers,/blog/mlops-interview-questions-and-answers,531,4,4,2,0,1,9,1,true,0,0,3,0.03,0.945,0.452,0.384,what-is-mlops-devops-for-machine-learning-explained,0.736,data-engineering-interview-questions-and-answers-2,0.679,0,0,0,0,false,Sneha Reddy,false,,2025-09-21,2025-09-21,,none-identified,,157,false,none,No image needed; the value is in the questions and answers. Optional: one diagram for the hardest concept explained.
,—,0,MERGE,/blog/power-bi-interview-questions-top-40-with-answers,"Phase 3: Topic-category copy wins over the generic interview-questions bucket, as for the five pairs merged earlier. Confirm with GSC, then 308.","Search Console check, then 301 to the owner.",unknown,45a28bcf-874b-48d3-8589-3d7cdeca2666,/blog/power-bi-interview-questions-with-detailed-answers,power-bi-interview-questions-with-detailed-answers,Power BI Interview Questions with Detailed Answers,interview-questions,interview,interview,power bi,"What does an interviewer ask about Power BI with Detailed Answers, and what does a strong answer contain?",candidates preparing for data interviews,"Answer ""What does an interviewer ask about Power BI with Detailed Answers, and what does a strong answer contain?"" for candidates preparing for data interviews, and hand readers who want structured training to /courses/data-science.",power; interview; questions; detailed,/blog/power-bi-interview-questions-top-40-with-answers,519,4,3,2,0,0,9,0,true,0,0,3,0.002,0.998,0.998,0.983,azure-data-factory-adf-interview-questions,0.998,azure-data-factory-adf-interview-questions,0.964,0,0,0,0,false,Ravi Kumar,false,,2026-05-10,2026-05-10,,official-docs,Power BI documentation (Microsoft Learn) <https://learn.microsoft.com/en-us/power-bi/>,184,false,none,No image needed; the value is in the questions and answers. Optional: one diagram for the hardest concept explained.
,—,0,MERGE,/blog/bigquery-vs-snowflake-vs-redshift-a-comparison,"Phase 3: Three posts compare the same three warehouses in a different order. Keep one, 308 the others once GSC confirms which earns the impressions.","Search Console check, then 301 to the owner.",unknown,b3d0bc4f-ffb6-43e7-a665-31055fc61275,/blog/redshift-vs-snowflake-vs-bigquery-a-comparison,redshift-vs-snowflake-vs-bigquery-a-comparison,Redshift vs Snowflake vs BigQuery: A Comparison,aws,comparison,comparison,redshift snowflake bigquery,"Should I use bigquery or redshift or snowflake, and in which situations does each one win?",data engineers working on AWS,"Answer ""Should I use bigquery or redshift or snowflake, and in which situations does each one win?"" for data engineers working on AWS, and hand readers who want structured training to /courses/data-engineering.",redshift; snowflake; bigquery; comparison,/blog/bigquery-vs-snowflake-vs-redshift-a-comparison /blog/cloud-data-warehouses-compared-snowflake-vs-bigquery-vs-redshift,482,5,4,3,1,0,4,0,true,0,0,3,0.003,0.992,0.992,0.527,athena-vs-redshift-when-to-use-each,0.992,athena-vs-redshift-when-to-use-each,0.931,0,0,0,0,false,GloryTecks Team,true,,2026-03-12,2026-04-20,,official-docs,BigQuery documentation <https://cloud.google.com/bigquery/docs>,149,true,comparison diagram,"Side-by-side diagram of where each option in ""Redshift vs Snowflake vs BigQuery"" sits in a typical workflow, with the deciding differences labelled."
