cluster_id,cluster_type,same_intent,cluster_size,cluster_similarity,owner_or_strongest,article_id,title,url,similarity_to_owner,recommended_action,gate,reason,evidence
S1,"keyword-swapped (same text, different topics)",no,29,1,best-free-datasets-for-data-science-practice-in-2026,10d1a8b9-b501-4130-9112-501faa2224aa,Best Free Datasets for Data Science Practice in 2026,/blog/best-free-datasets-for-data-science-practice-in-2026,1,DEEP REWRITE,"Rewrite each member about its own topic. None is a merge target: the topics differ, only the text is shared.",29 articles with different titles and word-for-word the same body (raw similarity ≥ 0.95).,body text (5-word shingles)
S1,"keyword-swapped (same text, different topics)",no,29,1,best-free-datasets-for-data-science-practice-in-2026,98c04fbf-a4db-4a88-8658-70e7ffa2e5c1,A/B Testing for Data Scientists: A Practical Guide,/blog/a-b-testing-for-data-scientists-a-practical-guide,1,DEEP REWRITE,"Rewrite each member about its own topic. None is a merge target: the topics differ, only the text is shared.",29 articles with different titles and word-for-word the same body (raw similarity ≥ 0.95).,body text (5-word shingles)
S1,"keyword-swapped (same text, different topics)",no,29,1,best-free-datasets-for-data-science-practice-in-2026,616adf5f-11dd-4e72-8455-0ca6747fbd50,Anomaly Detection: Techniques and Real-World Use Cases,/blog/anomaly-detection-techniques-and-real-world-use-cases,1,DEEP REWRITE,"Rewrite each member about its own topic. None is a merge target: the topics differ, only the text is shared.",29 articles with different titles and word-for-word the same body (raw similarity ≥ 0.95).,body text (5-word shingles)
S1,"keyword-swapped (same text, different topics)",no,29,1,best-free-datasets-for-data-science-practice-in-2026,bdc682e8-b409-456d-9f59-c18dbfb1a0ce,Best Programming Languages for Data Science in 2026,/blog/best-programming-languages-for-data-science-in-2026,1,DEEP REWRITE,"Rewrite each member about its own topic. None is a merge target: the topics differ, only the text is shared.",29 articles with different titles and word-for-word the same body (raw similarity ≥ 0.95).,body text (5-word shingles)
S1,"keyword-swapped (same text, different topics)",no,29,1,best-free-datasets-for-data-science-practice-in-2026,61ba3737-0357-4ff1-a4b1-85e605217fea,Bias-Variance Tradeoff Explained with Real Examples,/blog/bias-variance-tradeoff-explained-with-real-examples,1,DEEP REWRITE,"Rewrite each member about its own topic. None is a merge target: the topics differ, only the text is shared.",29 articles with different titles and word-for-word the same body (raw similarity ≥ 0.95).,body text (5-word shingles)
S1,"keyword-swapped (same text, different topics)",no,29,1,best-free-datasets-for-data-science-practice-in-2026,97fdb896-9e3c-4c99-a0fa-30875ca2fd06,"Clustering Algorithms: K-Means, DBSCAN and Hierarchical",/blog/clustering-algorithms-k-means-dbscan-and-hierarchical,1,DEEP REWRITE,"Rewrite each member about its own topic. None is a merge target: the topics differ, only the text is shared.",29 articles with different titles and word-for-word the same body (raw similarity ≥ 0.95).,body text (5-word shingles)
S1,"keyword-swapped (same text, different topics)",no,29,1,best-free-datasets-for-data-science-practice-in-2026,f4e59a0c-c96b-45f5-b81b-4ebae254a706,Computer Vision Basics: From Pixels to Predictions,/blog/computer-vision-basics-from-pixels-to-predictions,1,DEEP REWRITE,"Rewrite each member about its own topic. None is a merge target: the topics differ, only the text is shared.",29 articles with different titles and word-for-word the same body (raw similarity ≥ 0.95).,body text (5-word shingles)
S1,"keyword-swapped (same text, different topics)",no,29,1,best-free-datasets-for-data-science-practice-in-2026,266da73c-25b7-496e-9c82-3bbae4d31c62,Confusion Matrix Explained: Reading It Correctly,/blog/confusion-matrix-explained-reading-it-correctly,1,DEEP REWRITE,"Rewrite each member about its own topic. None is a merge target: the topics differ, only the text is shared.",29 articles with different titles and word-for-word the same body (raw similarity ≥ 0.95).,body text (5-word shingles)
S1,"keyword-swapped (same text, different topics)",no,29,1,best-free-datasets-for-data-science-practice-in-2026,fd3c250d-914c-4989-a2cc-f99e964fb93a,Cross-Validation in Machine Learning: A Practical Guide,/blog/cross-validation-in-machine-learning-a-practical-guide,1,DEEP REWRITE,"Rewrite each member about its own topic. None is a merge target: the topics differ, only the text is shared.",29 articles with different titles and word-for-word the same body (raw similarity ≥ 0.95).,body text (5-word shingles)
S1,"keyword-swapped (same text, different topics)",no,29,1,best-free-datasets-for-data-science-practice-in-2026,983192f9-4044-467b-b0b2-c199d506ce15,Data Preprocessing: Cleaning Data the Right Way,/blog/data-preprocessing-cleaning-data-the-right-way,1,DEEP REWRITE,"Rewrite each member about its own topic. None is a merge target: the topics differ, only the text is shared.",29 articles with different titles and word-for-word the same body (raw similarity ≥ 0.95).,body text (5-word shingles)
S1,"keyword-swapped (same text, different topics)",no,29,1,best-free-datasets-for-data-science-practice-in-2026,0cb9e77c-f716-4288-96ad-f8c822122679,"Data Science Career Guide: Roles, Skills and Growth Path",/blog/data-science-career-guide-roles-skills-and-growth-path,1,DEEP REWRITE,"Rewrite each member about its own topic. None is a merge target: the topics differ, only the text is shared.",29 articles with different titles and word-for-word the same body (raw similarity ≥ 0.95).,body text (5-word shingles)
S1,"keyword-swapped (same text, different topics)",no,29,1,best-free-datasets-for-data-science-practice-in-2026,8b7baa4a-9a6c-40e7-89f5-8aa5fd3ebf58,Data Science Internships in Hyderabad: How to Land One,/blog/data-science-internships-in-hyderabad-how-to-land-one,1,DEEP REWRITE,"Rewrite each member about its own topic. None is a merge target: the topics differ, only the text is shared.",29 articles with different titles and word-for-word the same body (raw similarity ≥ 0.95).,body text (5-word shingles)
S1,"keyword-swapped (same text, different topics)",no,29,1,best-free-datasets-for-data-science-practice-in-2026,1ef92364-5766-44b6-b812-375cfe61afc2,Deep Learning Guide: Neural Networks Explained Simply,/blog/deep-learning-guide-neural-networks-explained-simply,1,DEEP REWRITE,"Rewrite each member about its own topic. None is a merge target: the topics differ, only the text is shared.",29 articles with different titles and word-for-word the same body (raw similarity ≥ 0.95).,body text (5-word shingles)
S1,"keyword-swapped (same text, different topics)",no,29,1,best-free-datasets-for-data-science-practice-in-2026,c6d532f4-75cc-4af3-9e07-b2802f671fad,Dimensionality Reduction: PCA and t-SNE Explained,/blog/dimensionality-reduction-pca-and-t-sne-explained,1,DEEP REWRITE,"Rewrite each member about its own topic. None is a merge target: the topics differ, only the text is shared.",29 articles with different titles and word-for-word the same body (raw similarity ≥ 0.95).,body text (5-word shingles)
S1,"keyword-swapped (same text, different topics)",no,29,1,best-free-datasets-for-data-science-practice-in-2026,7af3452b-010b-49e4-b978-1426046850f3,"Ensemble Learning: Bagging, Boosting and Stacking Explained",/blog/ensemble-learning-bagging-boosting-and-stacking-explained,1,DEEP REWRITE,"Rewrite each member about its own topic. None is a merge target: the topics differ, only the text is shared.",29 articles with different titles and word-for-word the same body (raw similarity ≥ 0.95).,body text (5-word shingles)
S1,"keyword-swapped (same text, different topics)",no,29,1,best-free-datasets-for-data-science-practice-in-2026,9572efd1-fa21-4652-a526-22a7a8289a6f,"Evaluation Metrics: Accuracy, Precision, Recall and F1 Demystified",/blog/evaluation-metrics-accuracy-precision-recall-and-f1-demystified,1,DEEP REWRITE,"Rewrite each member about its own topic. None is a merge target: the topics differ, only the text is shared.",29 articles with different titles and word-for-word the same body (raw similarity ≥ 0.95).,body text (5-word shingles)
S1,"keyword-swapped (same text, different topics)",no,29,1,best-free-datasets-for-data-science-practice-in-2026,d7af685c-f97b-4cf9-b4f6-5a74f8549f75,Feature Engineering: A Practical Guide with Examples,/blog/feature-engineering-a-practical-guide-with-examples,1,DEEP REWRITE,"Rewrite each member about its own topic. None is a merge target: the topics differ, only the text is shared.",29 articles with different titles and word-for-word the same body (raw similarity ≥ 0.95).,body text (5-word shingles)
S1,"keyword-swapped (same text, different topics)",no,29,1,best-free-datasets-for-data-science-practice-in-2026,488edca3-7e7e-4151-bf01-06d9743f516f,Gradient Descent Explained: The Engine Behind ML,/blog/gradient-descent-explained-the-engine-behind-ml,1,DEEP REWRITE,"Rewrite each member about its own topic. None is a merge target: the topics differ, only the text is shared.",29 articles with different titles and word-for-word the same body (raw similarity ≥ 0.95).,body text (5-word shingles)
S1,"keyword-swapped (same text, different topics)",no,29,1,best-free-datasets-for-data-science-practice-in-2026,7a88788d-029f-45dc-919e-6330716e6b5d,Handling Imbalanced Datasets: Techniques That Work,/blog/handling-imbalanced-datasets-techniques-that-work,1,DEEP REWRITE,"Rewrite each member about its own topic. None is a merge target: the topics differ, only the text is shared.",29 articles with different titles and word-for-word the same body (raw similarity ≥ 0.95).,body text (5-word shingles)
S1,"keyword-swapped (same text, different topics)",no,29,1,best-free-datasets-for-data-science-practice-in-2026,43d5850f-b445-472f-93a5-a3d6c108e9b5,How to Read a Machine Learning Research Paper,/blog/how-to-read-a-machine-learning-research-paper,1,DEEP REWRITE,"Rewrite each member about its own topic. None is a merge target: the topics differ, only the text is shared.",29 articles with different titles and word-for-word the same body (raw similarity ≥ 0.95).,body text (5-word shingles)
S1,"keyword-swapped (same text, different topics)",no,29,1,best-free-datasets-for-data-science-practice-in-2026,98f34cb5-f169-42a0-ab26-872f08ec71b0,Kaggle for Beginners: How to Start and Win Medals,/blog/kaggle-for-beginners-how-to-start-and-win-medals,1,DEEP REWRITE,"Rewrite each member about its own topic. None is a merge target: the topics differ, only the text is shared.",29 articles with different titles and word-for-word the same body (raw similarity ≥ 0.95).,body text (5-word shingles)
S1,"keyword-swapped (same text, different topics)",no,29,1,best-free-datasets-for-data-science-practice-in-2026,5385983d-7dcc-4237-b804-77027282f3a4,MLflow for Data Scientists: Tracking Experiments,/blog/mlflow-for-data-scientists-tracking-experiments,1,DEEP REWRITE,"Rewrite each member about its own topic. None is a merge target: the topics differ, only the text is shared.",29 articles with different titles and word-for-word the same body (raw similarity ≥ 0.95).,body text (5-word shingles)
S1,"keyword-swapped (same text, different topics)",no,29,1,best-free-datasets-for-data-science-practice-in-2026,95703081-55df-4721-b839-ba2db6b81c19,Model Deployment: From Notebook to Production,/blog/model-deployment-from-notebook-to-production,1,DEEP REWRITE,"Rewrite each member about its own topic. None is a merge target: the topics differ, only the text is shared.",29 articles with different titles and word-for-word the same body (raw similarity ≥ 0.95).,body text (5-word shingles)
S1,"keyword-swapped (same text, different topics)",no,29,1,best-free-datasets-for-data-science-practice-in-2026,0744d8c6-1a4c-4c93-a7ba-590e5a7dd3fa,Overfitting and Underfitting: Causes and Fixes,/blog/overfitting-and-underfitting-causes-and-fixes,1,DEEP REWRITE,"Rewrite each member about its own topic. None is a merge target: the topics differ, only the text is shared.",29 articles with different titles and word-for-word the same body (raw similarity ≥ 0.95).,body text (5-word shingles)
S1,"keyword-swapped (same text, different topics)",no,29,1,best-free-datasets-for-data-science-practice-in-2026,691b82b8-7451-48db-bec7-0d1819005919,Recommendation Systems: How Netflix and Amazon Suggest Items,/blog/recommendation-systems-how-netflix-and-amazon-suggest-items,1,DEEP REWRITE,"Rewrite each member about its own topic. None is a merge target: the topics differ, only the text is shared.",29 articles with different titles and word-for-word the same body (raw similarity ≥ 0.95).,body text (5-word shingles)
S1,"keyword-swapped (same text, different topics)",no,29,1,best-free-datasets-for-data-science-practice-in-2026,e4525ea5-abdc-4aeb-affb-ca76482cd1eb,Time Series Forecasting: A Beginner-Friendly Introduction,/blog/time-series-forecasting-a-beginner-friendly-introduction,1,DEEP REWRITE,"Rewrite each member about its own topic. None is a merge target: the topics differ, only the text is shared.",29 articles with different titles and word-for-word the same body (raw similarity ≥ 0.95).,body text (5-word shingles)
S1,"keyword-swapped (same text, different topics)",no,29,1,best-free-datasets-for-data-science-practice-in-2026,4c14f85c-c39e-42e1-9134-75ad45182e79,Top 10 Machine Learning Algorithms Explained for Beginners,/blog/top-10-machine-learning-algorithms-explained-for-beginners,1,DEEP REWRITE,"Rewrite each member about its own topic. None is a merge target: the topics differ, only the text is shared.",29 articles with different titles and word-for-word the same body (raw similarity ≥ 0.95).,body text (5-word shingles)
S1,"keyword-swapped (same text, different topics)",no,29,1,best-free-datasets-for-data-science-practice-in-2026,16beecb3-547b-484f-9960-dd5e6f1f1b99,Top Data Science Companies Hiring in Hyderabad,/blog/top-data-science-companies-hiring-in-hyderabad,1,DEEP REWRITE,"Rewrite each member about its own topic. None is a merge target: the topics differ, only the text is shared.",29 articles with different titles and word-for-word the same body (raw similarity ≥ 0.95).,body text (5-word shingles)
S1,"keyword-swapped (same text, different topics)",no,29,1,best-free-datasets-for-data-science-practice-in-2026,9dfbfb82-193a-43f6-83f0-fa77b8145d0d,XGBoost Explained: Why It Wins Kaggle Competitions,/blog/xgboost-explained-why-it-wins-kaggle-competitions,1,DEEP REWRITE,"Rewrite each member about its own topic. None is a merge target: the topics differ, only the text is shared.",29 articles with different titles and word-for-word the same body (raw similarity ≥ 0.95).,body text (5-word shingles)
S2,"keyword-swapped (same text, different topics)",no,40,1,how-to-build-an-mlops-portfolio-that-stands-out,5481aade-d3b7-4e68-ba68-dd89f9cee04f,How to Build an MLOps Portfolio That Stands Out,/blog/how-to-build-an-mlops-portfolio-that-stands-out,1,DEEP REWRITE,"Rewrite each member about its own topic. None is a merge target: the topics differ, only the text is shared.",40 articles with different titles and word-for-word the same body (raw similarity ≥ 0.95).,body text (5-word shingles)
S2,"keyword-swapped (same text, different topics)",no,40,1,how-to-build-an-mlops-portfolio-that-stands-out,8a4a5402-06a6-4fae-abe6-9eca4e551269,A/B Testing ML Models in Production,/blog/a-b-testing-ml-models-in-production,1,DEEP REWRITE,"Rewrite each member about its own topic. None is a merge target: the topics differ, only the text is shared.",40 articles with different titles and word-for-word the same body (raw similarity ≥ 0.95).,body text (5-word shingles)
S2,"keyword-swapped (same text, different topics)",no,40,1,how-to-build-an-mlops-portfolio-that-stands-out,49d10bcd-b378-4562-a2c5-a21dbd253852,Airflow for ML Pipelines: A Practical Guide,/blog/airflow-for-ml-pipelines-a-practical-guide,1,DEEP REWRITE,"Rewrite each member about its own topic. None is a merge target: the topics differ, only the text is shared.",40 articles with different titles and word-for-word the same body (raw similarity ≥ 0.95).,body text (5-word shingles)
S2,"keyword-swapped (same text, different topics)",no,40,1,how-to-build-an-mlops-portfolio-that-stands-out,835846f3-a25a-4d94-b632-144c055aafbe,Blue-Green Deployments for ML Services,/blog/blue-green-deployments-for-ml-services,1,DEEP REWRITE,"Rewrite each member about its own topic. None is a merge target: the topics differ, only the text is shared.",40 articles with different titles and word-for-word the same body (raw similarity ≥ 0.95).,body text (5-word shingles)
S2,"keyword-swapped (same text, different topics)",no,40,1,how-to-build-an-mlops-portfolio-that-stands-out,8d4d115e-f469-48da-9798-909835b23d1a,Building a Prediction API: A Complete Walkthrough,/blog/building-a-prediction-api-a-complete-walkthrough,1,DEEP REWRITE,"Rewrite each member about its own topic. None is a merge target: the topics differ, only the text is shared.",40 articles with different titles and word-for-word the same body (raw similarity ≥ 0.95).,body text (5-word shingles)
S2,"keyword-swapped (same text, different topics)",no,40,1,how-to-build-an-mlops-portfolio-that-stands-out,b47642b1-e580-491d-83c8-037227775308,Building an End-to-End MLOps Pipeline,/blog/building-an-end-to-end-mlops-pipeline,1,DEEP REWRITE,"Rewrite each member about its own topic. None is a merge target: the topics differ, only the text is shared.",40 articles with different titles and word-for-word the same body (raw similarity ≥ 0.95).,body text (5-word shingles)
S2,"keyword-swapped (same text, different topics)",no,40,1,how-to-build-an-mlops-portfolio-that-stands-out,66169667-6424-422e-8410-6dc9fe96131a,CI/CD for Machine Learning: Pipelines That Work,/blog/ci-cd-for-machine-learning-pipelines-that-work,1,DEEP REWRITE,"Rewrite each member about its own topic. None is a merge target: the topics differ, only the text is shared.",40 articles with different titles and word-for-word the same body (raw similarity ≥ 0.95).,body text (5-word shingles)
S2,"keyword-swapped (same text, different topics)",no,40,1,how-to-build-an-mlops-portfolio-that-stands-out,2aa3a681-1f74-4d7a-8234-c426e49b87ce,Containerizing a Machine Learning Model Step by Step,/blog/containerizing-a-machine-learning-model-step-by-step,1,DEEP REWRITE,"Rewrite each member about its own topic. None is a merge target: the topics differ, only the text is shared.",40 articles with different titles and word-for-word the same body (raw similarity ≥ 0.95).,body text (5-word shingles)
S2,"keyword-swapped (same text, different topics)",no,40,1,how-to-build-an-mlops-portfolio-that-stands-out,2ae8bcc2-7fe9-4211-946e-d3577a86351f,Continuous Training: Automating Model Retraining,/blog/continuous-training-automating-model-retraining,1,DEEP REWRITE,"Rewrite each member about its own topic. None is a merge target: the topics differ, only the text is shared.",40 articles with different titles and word-for-word the same body (raw similarity ≥ 0.95).,body text (5-word shingles)
S2,"keyword-swapped (same text, different topics)",no,40,1,how-to-build-an-mlops-portfolio-that-stands-out,73da060d-5146-4aa6-8920-eefdfc2114c6,Cost Optimization for ML Workloads in the Cloud,/blog/cost-optimization-for-ml-workloads-in-the-cloud,1,DEEP REWRITE,"Rewrite each member about its own topic. None is a merge target: the topics differ, only the text is shared.",40 articles with different titles and word-for-word the same body (raw similarity ≥ 0.95).,body text (5-word shingles)
S2,"keyword-swapped (same text, different topics)",no,40,1,how-to-build-an-mlops-portfolio-that-stands-out,2c0c6d07-7c3a-46c5-8e77-db091973eeed,Data Versioning with DVC: A Hands-On Guide,/blog/data-versioning-with-dvc-a-hands-on-guide,1,DEEP REWRITE,"Rewrite each member about its own topic. None is a merge target: the topics differ, only the text is shared.",40 articles with different titles and word-for-word the same body (raw similarity ≥ 0.95).,body text (5-word shingles)
S2,"keyword-swapped (same text, different topics)",no,40,1,how-to-build-an-mlops-portfolio-that-stands-out,3caabdbe-d1a6-4626-a93e-cfbf09e7aee7,"Deploying ML Models on AWS, Azure and GCP",/blog/deploying-ml-models-on-aws-azure-and-gcp,1,DEEP REWRITE,"Rewrite each member about its own topic. None is a merge target: the topics differ, only the text is shared.",40 articles with different titles and word-for-word the same body (raw similarity ≥ 0.95).,body text (5-word shingles)
S2,"keyword-swapped (same text, different topics)",no,40,1,how-to-build-an-mlops-portfolio-that-stands-out,0cfceac7-0f15-471b-8737-fea1b598669f,Docker for Machine Learning: A Practical Guide,/blog/docker-for-machine-learning-a-practical-guide,1,DEEP REWRITE,"Rewrite each member about its own topic. None is a merge target: the topics differ, only the text is shared.",40 articles with different titles and word-for-word the same body (raw similarity ≥ 0.95).,body text (5-word shingles)
S2,"keyword-swapped (same text, different topics)",no,40,1,how-to-build-an-mlops-portfolio-that-stands-out,84643a02-651d-47d0-b0aa-81b9a1be3de6,Edge ML Deployment: Running Models on Devices,/blog/edge-ml-deployment-running-models-on-devices,1,DEEP REWRITE,"Rewrite each member about its own topic. None is a merge target: the topics differ, only the text is shared.",40 articles with different titles and word-for-word the same body (raw similarity ≥ 0.95).,body text (5-word shingles)
S2,"keyword-swapped (same text, different topics)",no,40,1,how-to-build-an-mlops-portfolio-that-stands-out,5f37b0ba-cf36-409d-9b64-67e621db739c,Feature Stores Explained: Why Teams Need Them,/blog/feature-stores-explained-why-teams-need-them,1,DEEP REWRITE,"Rewrite each member about its own topic. None is a merge target: the topics differ, only the text is shared.",40 articles with different titles and word-for-word the same body (raw similarity ≥ 0.95).,body text (5-word shingles)
S2,"keyword-swapped (same text, different topics)",no,40,1,how-to-build-an-mlops-portfolio-that-stands-out,9954646b-55b3-452d-8dce-d580e82c9e21,GitHub Actions for ML: Automating Workflows,/blog/github-actions-for-ml-automating-workflows,1,DEEP REWRITE,"Rewrite each member about its own topic. None is a merge target: the topics differ, only the text is shared.",40 articles with different titles and word-for-word the same body (raw similarity ≥ 0.95).,body text (5-word shingles)
S2,"keyword-swapped (same text, different topics)",no,40,1,how-to-build-an-mlops-portfolio-that-stands-out,82467957-07cd-47ab-bc6c-20333b3376df,Handling Concept Drift in Live ML Systems,/blog/handling-concept-drift-in-live-ml-systems,1,DEEP REWRITE,"Rewrite each member about its own topic. None is a merge target: the topics differ, only the text is shared.",40 articles with different titles and word-for-word the same body (raw similarity ≥ 0.95).,body text (5-word shingles)
S2,"keyword-swapped (same text, different topics)",no,40,1,how-to-build-an-mlops-portfolio-that-stands-out,ec6d3a2b-d54f-4120-b2a0-cea1aca87904,Kubeflow Pipelines: An Introduction for ML Engineers,/blog/kubeflow-pipelines-an-introduction-for-ml-engineers,1,DEEP REWRITE,"Rewrite each member about its own topic. None is a merge target: the topics differ, only the text is shared.",40 articles with different titles and word-for-word the same body (raw similarity ≥ 0.95).,body text (5-word shingles)
S2,"keyword-swapped (same text, different topics)",no,40,1,how-to-build-an-mlops-portfolio-that-stands-out,3f2ad586-f5da-42b3-8e62-85828f47be4a,Kubernetes for ML: Deploying Models at Scale,/blog/kubernetes-for-ml-deploying-models-at-scale,1,DEEP REWRITE,"Rewrite each member about its own topic. None is a merge target: the topics differ, only the text is shared.",40 articles with different titles and word-for-word the same body (raw similarity ≥ 0.95).,body text (5-word shingles)
S2,"keyword-swapped (same text, different topics)",no,40,1,how-to-build-an-mlops-portfolio-that-stands-out,767a823a-60a9-4aff-a23b-adf9a2bbf1a0,Logging and Observability for ML Systems,/blog/logging-and-observability-for-ml-systems,1,DEEP REWRITE,"Rewrite each member about its own topic. None is a merge target: the topics differ, only the text is shared.",40 articles with different titles and word-for-word the same body (raw similarity ≥ 0.95).,body text (5-word shingles)
S2,"keyword-swapped (same text, different topics)",no,40,1,how-to-build-an-mlops-portfolio-that-stands-out,ebcac2a2-f135-4254-a5e3-f2b42e33d03c,MLflow Tutorial: Tracking Experiments and Models,/blog/mlflow-tutorial-tracking-experiments-and-models,1,DEEP REWRITE,"Rewrite each member about its own topic. None is a merge target: the topics differ, only the text is shared.",40 articles with different titles and word-for-word the same body (raw similarity ≥ 0.95).,body text (5-word shingles)
S2,"keyword-swapped (same text, different topics)",no,40,1,how-to-build-an-mlops-portfolio-that-stands-out,d387d8e2-1280-4957-8c8b-c240b49d8167,MLOps Maturity Levels: Where Does Your Team Stand?,/blog/mlops-maturity-levels-where-does-your-team-stand,1,DEEP REWRITE,"Rewrite each member about its own topic. None is a merge target: the topics differ, only the text is shared.",40 articles with different titles and word-for-word the same body (raw similarity ≥ 0.95).,body text (5-word shingles)
S2,"keyword-swapped (same text, different topics)",no,40,1,how-to-build-an-mlops-portfolio-that-stands-out,aba5050d-3cd2-49e9-b467-473786c71ea1,MLOps Tools Landscape 2026: What to Learn,/blog/mlops-tools-landscape-2026-what-to-learn,1,DEEP REWRITE,"Rewrite each member about its own topic. None is a merge target: the topics differ, only the text is shared.",40 articles with different titles and word-for-word the same body (raw similarity ≥ 0.95).,body text (5-word shingles)
S2,"keyword-swapped (same text, different topics)",no,40,1,how-to-build-an-mlops-portfolio-that-stands-out,e0cb7df2-8ed0-48b6-84b3-e9164ff2a366,Model Compression: Quantization and Pruning Explained,/blog/model-compression-quantization-and-pruning-explained,1,DEEP REWRITE,"Rewrite each member about its own topic. None is a merge target: the topics differ, only the text is shared.",40 articles with different titles and word-for-word the same body (raw similarity ≥ 0.95).,body text (5-word shingles)
S2,"keyword-swapped (same text, different topics)",no,40,1,how-to-build-an-mlops-portfolio-that-stands-out,c7b8d384-b6ee-4fe3-baca-5be0aaa8ff6a,Model Drift and Data Drift: Detection and Response,/blog/model-drift-and-data-drift-detection-and-response,1,DEEP REWRITE,"Rewrite each member about its own topic. None is a merge target: the topics differ, only the text is shared.",40 articles with different titles and word-for-word the same body (raw similarity ≥ 0.95).,body text (5-word shingles)
S2,"keyword-swapped (same text, different topics)",no,40,1,how-to-build-an-mlops-portfolio-that-stands-out,8db6452e-dccb-461a-b3ee-ff5ad79d2db0,Model Explainability in Production with SHAP,/blog/model-explainability-in-production-with-shap,1,DEEP REWRITE,"Rewrite each member about its own topic. None is a merge target: the topics differ, only the text is shared.",40 articles with different titles and word-for-word the same body (raw similarity ≥ 0.95).,body text (5-word shingles)
S2,"keyword-swapped (same text, different topics)",no,40,1,how-to-build-an-mlops-portfolio-that-stands-out,136026e8-b203-4fe7-bbf8-b096f225646d,Model Packaging: From Pickle to Production,/blog/model-packaging-from-pickle-to-production,1,DEEP REWRITE,"Rewrite each member about its own topic. None is a merge target: the topics differ, only the text is shared.",40 articles with different titles and word-for-word the same body (raw similarity ≥ 0.95).,body text (5-word shingles)
S2,"keyword-swapped (same text, different topics)",no,40,1,how-to-build-an-mlops-portfolio-that-stands-out,066d05c2-99c1-42a9-b4cd-bcad86cb5833,Model Registry: Managing the ML Model Lifecycle,/blog/model-registry-managing-the-ml-model-lifecycle,1,DEEP REWRITE,"Rewrite each member about its own topic. None is a merge target: the topics differ, only the text is shared.",40 articles with different titles and word-for-word the same body (raw similarity ≥ 0.95).,body text (5-word shingles)
S2,"keyword-swapped (same text, different topics)",no,40,1,how-to-build-an-mlops-portfolio-that-stands-out,b5b97477-c55e-48d6-8253-97b2f7bd2cdb,Model Versioning with MLflow and DVC,/blog/model-versioning-with-mlflow-and-dvc,1,DEEP REWRITE,"Rewrite each member about its own topic. None is a merge target: the topics differ, only the text is shared.",40 articles with different titles and word-for-word the same body (raw similarity ≥ 0.95).,body text (5-word shingles)
S2,"keyword-swapped (same text, different topics)",no,40,1,how-to-build-an-mlops-portfolio-that-stands-out,8450a5b9-ca5f-4f88-9bc2-68eca6d55743,Monitoring ML Models in Production: A Complete Guide,/blog/monitoring-ml-models-in-production-a-complete-guide,1,DEEP REWRITE,"Rewrite each member about its own topic. None is a merge target: the topics differ, only the text is shared.",40 articles with different titles and word-for-word the same body (raw similarity ≥ 0.95).,body text (5-word shingles)
S2,"keyword-swapped (same text, different topics)",no,40,1,how-to-build-an-mlops-portfolio-that-stands-out,11a54a99-36b2-4a0c-b83d-78e85c431a35,Production ML Systems: Architecture and Best Practices,/blog/production-ml-systems-architecture-and-best-practices,1,DEEP REWRITE,"Rewrite each member about its own topic. None is a merge target: the topics differ, only the text is shared.",40 articles with different titles and word-for-word the same body (raw similarity ≥ 0.95).,body text (5-word shingles)
S2,"keyword-swapped (same text, different topics)",no,40,1,how-to-build-an-mlops-portfolio-that-stands-out,a618619e-4f93-47d3-89ab-d084e486fbbd,Prometheus and Grafana for ML Monitoring,/blog/prometheus-and-grafana-for-ml-monitoring,1,DEEP REWRITE,"Rewrite each member about its own topic. None is a merge target: the topics differ, only the text is shared.",40 articles with different titles and word-for-word the same body (raw similarity ≥ 0.95).,body text (5-word shingles)
S2,"keyword-swapped (same text, different topics)",no,40,1,how-to-build-an-mlops-portfolio-that-stands-out,6b234168-796a-4250-8568-b44421eea48c,Real-Time Feature Engineering for Online Models,/blog/real-time-feature-engineering-for-online-models,1,DEEP REWRITE,"Rewrite each member about its own topic. None is a merge target: the topics differ, only the text is shared.",40 articles with different titles and word-for-word the same body (raw similarity ≥ 0.95).,body text (5-word shingles)
S2,"keyword-swapped (same text, different topics)",no,40,1,how-to-build-an-mlops-portfolio-that-stands-out,8dd12094-2a35-4855-ab12-70092b8c7ea4,"Reproducibility in ML: Seeds, Configs and Pipelines",/blog/reproducibility-in-ml-seeds-configs-and-pipelines,1,DEEP REWRITE,"Rewrite each member about its own topic. None is a merge target: the topics differ, only the text is shared.",40 articles with different titles and word-for-word the same body (raw similarity ≥ 0.95).,body text (5-word shingles)
S2,"keyword-swapped (same text, different topics)",no,40,1,how-to-build-an-mlops-portfolio-that-stands-out,2ea3c424-622a-41f4-931d-78d302499d18,Scaling Model Training with Distributed Computing,/blog/scaling-model-training-with-distributed-computing,1,DEEP REWRITE,"Rewrite each member about its own topic. None is a merge target: the topics differ, only the text is shared.",40 articles with different titles and word-for-word the same body (raw similarity ≥ 0.95).,body text (5-word shingles)
S2,"keyword-swapped (same text, different topics)",no,40,1,how-to-build-an-mlops-portfolio-that-stands-out,c3aaee5f-a913-48c6-b7d9-2eb93abeae6d,Secrets Management for ML Pipelines,/blog/secrets-management-for-ml-pipelines,1,DEEP REWRITE,"Rewrite each member about its own topic. None is a merge target: the topics differ, only the text is shared.",40 articles with different titles and word-for-word the same body (raw similarity ≥ 0.95).,body text (5-word shingles)
S2,"keyword-swapped (same text, different topics)",no,40,1,how-to-build-an-mlops-portfolio-that-stands-out,ec46fc26-f6d8-4ac2-a751-05b4d12b4700,Serving ML Models with FastAPI and Docker,/blog/serving-ml-models-with-fastapi-and-docker,1,DEEP REWRITE,"Rewrite each member about its own topic. None is a merge target: the topics differ, only the text is shared.",40 articles with different titles and word-for-word the same body (raw similarity ≥ 0.95).,body text (5-word shingles)
S2,"keyword-swapped (same text, different topics)",no,40,1,how-to-build-an-mlops-portfolio-that-stands-out,7a4942a0-20d5-4b1d-9a20-e55fd133ece9,Shadow Deployment and Canary Releases for ML,/blog/shadow-deployment-and-canary-releases-for-ml,1,DEEP REWRITE,"Rewrite each member about its own topic. None is a merge target: the topics differ, only the text is shared.",40 articles with different titles and word-for-word the same body (raw similarity ≥ 0.95).,body text (5-word shingles)
S2,"keyword-swapped (same text, different topics)",no,40,1,how-to-build-an-mlops-portfolio-that-stands-out,5068ffb2-f3cb-4288-aefc-106225bfe6f0,Testing Machine Learning Code and Data,/blog/testing-machine-learning-code-and-data,1,DEEP REWRITE,"Rewrite each member about its own topic. None is a merge target: the topics differ, only the text is shared.",40 articles with different titles and word-for-word the same body (raw similarity ≥ 0.95).,body text (5-word shingles)
S2,"keyword-swapped (same text, different topics)",no,40,1,how-to-build-an-mlops-portfolio-that-stands-out,2743054e-83b9-4e9e-bc3c-f34a8f53a3f2,Vertex AI and SageMaker for MLOps: A Comparison,/blog/vertex-ai-and-sagemaker-for-mlops-a-comparison,1,DEEP REWRITE,"Rewrite each member about its own topic. None is a merge target: the topics differ, only the text is shared.",40 articles with different titles and word-for-word the same body (raw similarity ≥ 0.95).,body text (5-word shingles)
S3,"keyword-swapped (same text, different topics)",no,34,1,copying-data-from-on-prem-sql-to-azure-with-adf,d83817f0-1112-407f-b188-c332e433afd6,Copying Data from On-Prem SQL to Azure with ADF,/blog/copying-data-from-on-prem-sql-to-azure-with-adf,1,DEEP REWRITE,"Rewrite each member about its own topic. None is a merge target: the topics differ, only the text is shared.",34 articles with different titles and word-for-word the same body (raw similarity ≥ 0.95).,body text (5-word shingles)
S3,"keyword-swapped (same text, different topics)",no,34,1,copying-data-from-on-prem-sql-to-azure-with-adf,a394607c-5b33-4f0e-b4fe-502f1091d6d5,"ADF Control Flow: ForEach, If and Until Activities",/blog/adf-control-flow-foreach-if-and-until-activities,1,DEEP REWRITE,"Rewrite each member about its own topic. None is a merge target: the topics differ, only the text is shared.",34 articles with different titles and word-for-word the same body (raw similarity ≥ 0.95).,body text (5-word shingles)
S3,"keyword-swapped (same text, different topics)",no,34,1,copying-data-from-on-prem-sql-to-azure-with-adf,49cc1a94-927a-4eae-bdb6-602eae138040,ADF Data Flow Transformations: A Complete Reference,/blog/adf-data-flow-transformations-a-complete-reference,1,DEEP REWRITE,"Rewrite each member about its own topic. None is a merge target: the topics differ, only the text is shared.",34 articles with different titles and word-for-word the same body (raw similarity ≥ 0.95).,body text (5-word shingles)
S3,"keyword-swapped (same text, different topics)",no,34,1,copying-data-from-on-prem-sql-to-azure-with-adf,d87b25da-9f47-44fc-9932-a6a2af8e7bf6,ADF Expressions and Functions: A Practical Guide,/blog/adf-expressions-and-functions-a-practical-guide,1,DEEP REWRITE,"Rewrite each member about its own topic. None is a merge target: the topics differ, only the text is shared.",34 articles with different titles and word-for-word the same body (raw similarity ≥ 0.95).,body text (5-word shingles)
S3,"keyword-swapped (same text, different topics)",no,34,1,copying-data-from-on-prem-sql-to-azure-with-adf,0200bacd-0237-4992-b993-9c07476d0bd6,ADF Global Parameters and Variables Explained,/blog/adf-global-parameters-and-variables-explained,1,DEEP REWRITE,"Rewrite each member about its own topic. None is a merge target: the topics differ, only the text is shared.",34 articles with different titles and word-for-word the same body (raw similarity ≥ 0.95).,body text (5-word shingles)
S3,"keyword-swapped (same text, different topics)",no,34,1,copying-data-from-on-prem-sql-to-azure-with-adf,81769536-7a95-4915-b4c9-37457b2ba32c,ADF Logging and Auditing for Compliance,/blog/adf-logging-and-auditing-for-compliance,1,DEEP REWRITE,"Rewrite each member about its own topic. None is a merge target: the topics differ, only the text is shared.",34 articles with different titles and word-for-word the same body (raw similarity ≥ 0.95).,body text (5-word shingles)
S3,"keyword-swapped (same text, different topics)",no,34,1,copying-data-from-on-prem-sql-to-azure-with-adf,2e8c4712-05fe-46a6-9330-48d1a3766430,ADF Performance Tuning: DIUs and Parallelism,/blog/adf-performance-tuning-dius-and-parallelism,1,DEEP REWRITE,"Rewrite each member about its own topic. None is a merge target: the topics differ, only the text is shared.",34 articles with different titles and word-for-word the same body (raw similarity ≥ 0.95).,body text (5-word shingles)
S3,"keyword-swapped (same text, different topics)",no,34,1,copying-data-from-on-prem-sql-to-azure-with-adf,be63b27c-3ad8-4893-b347-436949f4fe84,ADF Pipeline Best Practices for Production,/blog/adf-pipeline-best-practices-for-production,1,DEEP REWRITE,"Rewrite each member about its own topic. None is a merge target: the topics differ, only the text is shared.",34 articles with different titles and word-for-word the same body (raw similarity ≥ 0.95).,body text (5-word shingles)
S3,"keyword-swapped (same text, different topics)",no,34,1,copying-data-from-on-prem-sql-to-azure-with-adf,f4eb72db-c920-47bb-a8f1-e5dc195ae0c4,ADF Pipelines Explained: Building Your First Pipeline,/blog/adf-pipelines-explained-building-your-first-pipeline,1,DEEP REWRITE,"Rewrite each member about its own topic. None is a merge target: the topics differ, only the text is shared.",34 articles with different titles and word-for-word the same body (raw similarity ≥ 0.95).,body text (5-word shingles)
S3,"keyword-swapped (same text, different topics)",no,34,1,copying-data-from-on-prem-sql-to-azure-with-adf,115673c0-835c-48f7-91dc-7e97c7c9470b,Azure Data Lake Storage Gen2 Explained,/blog/azure-data-lake-storage-gen2-explained,1,DEEP REWRITE,"Rewrite each member about its own topic. None is a merge target: the topics differ, only the text is shared.",34 articles with different titles and word-for-word the same body (raw similarity ≥ 0.95).,body text (5-word shingles)
S3,"keyword-swapped (same text, different topics)",no,34,1,copying-data-from-on-prem-sql-to-azure-with-adf,fa288dfa-2abf-4af0-a611-1861a28202ea,Azure Databricks with ADF: Orchestration Patterns,/blog/azure-databricks-with-adf-orchestration-patterns,1,DEEP REWRITE,"Rewrite each member about its own topic. None is a merge target: the topics differ, only the text is shared.",34 articles with different titles and word-for-word the same body (raw similarity ≥ 0.95).,body text (5-word shingles)
S3,"keyword-swapped (same text, different topics)",no,34,1,copying-data-from-on-prem-sql-to-azure-with-adf,411d7c4e-1869-481a-8fa6-be2149483e0a,Azure Key Vault Integration with Data Factory,/blog/azure-key-vault-integration-with-data-factory,1,DEEP REWRITE,"Rewrite each member about its own topic. None is a merge target: the topics differ, only the text is shared.",34 articles with different titles and word-for-word the same body (raw similarity ≥ 0.95).,body text (5-word shingles)
S3,"keyword-swapped (same text, different topics)",no,34,1,copying-data-from-on-prem-sql-to-azure-with-adf,a9cb8ce8-0423-49eb-bd46-90008dfe8ce1,Azure Synapse Analytics Explained for Beginners,/blog/azure-synapse-analytics-explained-for-beginners,1,DEEP REWRITE,"Rewrite each member about its own topic. None is a merge target: the topics differ, only the text is shared.",34 articles with different titles and word-for-word the same body (raw similarity ≥ 0.95).,body text (5-word shingles)
S3,"keyword-swapped (same text, different topics)",no,34,1,copying-data-from-on-prem-sql-to-azure-with-adf,4a35d3c1-f3af-4f8e-b777-b6620ed2a83a,Building a Metadata Framework for ADF Pipelines,/blog/building-a-metadata-framework-for-adf-pipelines,1,DEEP REWRITE,"Rewrite each member about its own topic. None is a merge target: the topics differ, only the text is shared.",34 articles with different titles and word-for-word the same body (raw similarity ≥ 0.95).,body text (5-word shingles)
S3,"keyword-swapped (same text, different topics)",no,34,1,copying-data-from-on-prem-sql-to-azure-with-adf,2ca77087-c64c-48de-86d4-5506a822bf32,Connecting ADF to REST APIs and Web Sources,/blog/connecting-adf-to-rest-apis-and-web-sources,1,DEEP REWRITE,"Rewrite each member about its own topic. None is a merge target: the topics differ, only the text is shared.",34 articles with different titles and word-for-word the same body (raw similarity ≥ 0.95).,body text (5-word shingles)
S3,"keyword-swapped (same text, different topics)",no,34,1,copying-data-from-on-prem-sql-to-azure-with-adf,32f89549-d88d-4b53-918d-6c06f6b98fc1,Copy Activity in Azure Data Factory: A Practical Guide,/blog/copy-activity-in-azure-data-factory-a-practical-guide,1,DEEP REWRITE,"Rewrite each member about its own topic. None is a merge target: the topics differ, only the text is shared.",34 articles with different titles and word-for-word the same body (raw similarity ≥ 0.95).,body text (5-word shingles)
S3,"keyword-swapped (same text, different topics)",no,34,1,copying-data-from-on-prem-sql-to-azure-with-adf,d9574d23-3a19-4c25-a684-b5f7038bf304,Data Flow Debug and Performance in ADF,/blog/data-flow-debug-and-performance-in-adf,1,DEEP REWRITE,"Rewrite each member about its own topic. None is a merge target: the topics differ, only the text is shared.",34 articles with different titles and word-for-word the same body (raw similarity ≥ 0.95).,body text (5-word shingles)
S3,"keyword-swapped (same text, different topics)",no,34,1,copying-data-from-on-prem-sql-to-azure-with-adf,5b624059-dc21-44d7-b2e4-acad9e29bd4e,Data Partitioning Strategies in ADF Copy Activity,/blog/data-partitioning-strategies-in-adf-copy-activity,1,DEEP REWRITE,"Rewrite each member about its own topic. None is a merge target: the topics differ, only the text is shared.",34 articles with different titles and word-for-word the same body (raw similarity ≥ 0.95).,body text (5-word shingles)
S3,"keyword-swapped (same text, different topics)",no,34,1,copying-data-from-on-prem-sql-to-azure-with-adf,aba4650e-4e8b-4cb7-9b9d-f912b22b271c,Event-Based Triggers with Azure Event Grid and ADF,/blog/event-based-triggers-with-azure-event-grid-and-adf,1,DEEP REWRITE,"Rewrite each member about its own topic. None is a merge target: the topics differ, only the text is shared.",34 articles with different titles and word-for-word the same body (raw similarity ≥ 0.95).,body text (5-word shingles)
S3,"keyword-swapped (same text, different topics)",no,34,1,copying-data-from-on-prem-sql-to-azure-with-adf,61452b61-1932-4054-9de6-00213aa47dd0,Handling Errors and Retries in ADF Pipelines,/blog/handling-errors-and-retries-in-adf-pipelines,1,DEEP REWRITE,"Rewrite each member about its own topic. None is a merge target: the topics differ, only the text is shared.",34 articles with different titles and word-for-word the same body (raw similarity ≥ 0.95).,body text (5-word shingles)
S3,"keyword-swapped (same text, different topics)",no,34,1,copying-data-from-on-prem-sql-to-azure-with-adf,7adfd977-6aeb-43ae-8a2d-eded704af268,Incremental Data Loading in Azure Data Factory,/blog/incremental-data-loading-in-azure-data-factory,1,DEEP REWRITE,"Rewrite each member about its own topic. None is a merge target: the topics differ, only the text is shared.",34 articles with different titles and word-for-word the same body (raw similarity ≥ 0.95).,body text (5-word shingles)
S3,"keyword-swapped (same text, different topics)",no,34,1,copying-data-from-on-prem-sql-to-azure-with-adf,ed5125c2-68a9-4721-9b01-a5be174c8166,"Integration Runtimes in ADF: Azure, Self-Hosted and SSIS",/blog/integration-runtimes-in-adf-azure-self-hosted-and-ssis,1,DEEP REWRITE,"Rewrite each member about its own topic. None is a merge target: the topics differ, only the text is shared.",34 articles with different titles and word-for-word the same body (raw similarity ≥ 0.95).,body text (5-word shingles)
S3,"keyword-swapped (same text, different topics)",no,34,1,copying-data-from-on-prem-sql-to-azure-with-adf,8224db35-de1e-43a7-b3bc-57bb3b1881bc,Linked Services in Azure Data Factory Explained,/blog/linked-services-in-azure-data-factory-explained,1,DEEP REWRITE,"Rewrite each member about its own topic. None is a merge target: the topics differ, only the text is shared.",34 articles with different titles and word-for-word the same body (raw similarity ≥ 0.95).,body text (5-word shingles)
S3,"keyword-swapped (same text, different topics)",no,34,1,copying-data-from-on-prem-sql-to-azure-with-adf,486039c8-bd1c-4c44-8949-472539431d83,Loading Data into Synapse with ADF,/blog/loading-data-into-synapse-with-adf,1,DEEP REWRITE,"Rewrite each member about its own topic. None is a merge target: the topics differ, only the text is shared.",34 articles with different titles and word-for-word the same body (raw similarity ≥ 0.95).,body text (5-word shingles)
S3,"keyword-swapped (same text, different topics)",no,34,1,copying-data-from-on-prem-sql-to-azure-with-adf,c802eb21-8ce4-43f3-b456-c2b882f32fcb,Lookup and Get Metadata Activities in ADF,/blog/lookup-and-get-metadata-activities-in-adf,1,DEEP REWRITE,"Rewrite each member about its own topic. None is a merge target: the topics differ, only the text is shared.",34 articles with different titles and word-for-word the same body (raw similarity ≥ 0.95).,body text (5-word shingles)
S3,"keyword-swapped (same text, different topics)",no,34,1,copying-data-from-on-prem-sql-to-azure-with-adf,dab784d3-ff30-4a11-8929-aa24e93e5f8e,Mapping Data Flows in ADF: Transformations Without Code,/blog/mapping-data-flows-in-adf-transformations-without-code,1,DEEP REWRITE,"Rewrite each member about its own topic. None is a merge target: the topics differ, only the text is shared.",34 articles with different titles and word-for-word the same body (raw similarity ≥ 0.95).,body text (5-word shingles)
S3,"keyword-swapped (same text, different topics)",no,34,1,copying-data-from-on-prem-sql-to-azure-with-adf,5c6a36c5-bd4a-4f60-880a-56fa1462eee6,Metadata-Driven Pipelines in Azure Data Factory,/blog/metadata-driven-pipelines-in-azure-data-factory,1,DEEP REWRITE,"Rewrite each member about its own topic. None is a merge target: the topics differ, only the text is shared.",34 articles with different titles and word-for-word the same body (raw similarity ≥ 0.95).,body text (5-word shingles)
S3,"keyword-swapped (same text, different topics)",no,34,1,copying-data-from-on-prem-sql-to-azure-with-adf,5b9b0f2e-8e4c-4c68-a003-ece48bd0594c,Monitoring and Alerts in Azure Data Factory,/blog/monitoring-and-alerts-in-azure-data-factory,1,DEEP REWRITE,"Rewrite each member about its own topic. None is a merge target: the topics differ, only the text is shared.",34 articles with different titles and word-for-word the same body (raw similarity ≥ 0.95).,body text (5-word shingles)
S3,"keyword-swapped (same text, different topics)",no,34,1,copying-data-from-on-prem-sql-to-azure-with-adf,ddb1110b-94f1-4b95-a6a4-9b7303eb4c75,Parameterizing Pipelines in Azure Data Factory,/blog/parameterizing-pipelines-in-azure-data-factory,1,DEEP REWRITE,"Rewrite each member about its own topic. None is a merge target: the topics differ, only the text is shared.",34 articles with different titles and word-for-word the same body (raw similarity ≥ 0.95).,body text (5-word shingles)
S3,"keyword-swapped (same text, different topics)",no,34,1,copying-data-from-on-prem-sql-to-azure-with-adf,b6fb7f13-a83f-4ec0-bab5-41af1d92bfb7,Pipeline Dependencies and Scheduling in ADF,/blog/pipeline-dependencies-and-scheduling-in-adf,1,DEEP REWRITE,"Rewrite each member about its own topic. None is a merge target: the topics differ, only the text is shared.",34 articles with different titles and word-for-word the same body (raw similarity ≥ 0.95).,body text (5-word shingles)
S3,"keyword-swapped (same text, different topics)",no,34,1,copying-data-from-on-prem-sql-to-azure-with-adf,498b7c41-3740-4cbb-88a4-b7104ec34843,Securing Azure Data Factory: Managed Identities,/blog/securing-azure-data-factory-managed-identities,1,DEEP REWRITE,"Rewrite each member about its own topic. None is a merge target: the topics differ, only the text is shared.",34 articles with different titles and word-for-word the same body (raw similarity ≥ 0.95).,body text (5-word shingles)
S3,"keyword-swapped (same text, different topics)",no,34,1,copying-data-from-on-prem-sql-to-azure-with-adf,f723a52c-d4b9-4c74-8f96-4ba74c0070d6,Slowly Changing Dimensions in ADF Data Flows,/blog/slowly-changing-dimensions-in-adf-data-flows,1,DEEP REWRITE,"Rewrite each member about its own topic. None is a merge target: the topics differ, only the text is shared.",34 articles with different titles and word-for-word the same body (raw similarity ≥ 0.95).,body text (5-word shingles)
S3,"keyword-swapped (same text, different topics)",no,34,1,copying-data-from-on-prem-sql-to-azure-with-adf,654643e1-1acf-4e0b-b40e-068a96835d2e,"Triggers in ADF: Schedule, Tumbling Window and Event",/blog/triggers-in-adf-schedule-tumbling-window-and-event,1,DEEP REWRITE,"Rewrite each member about its own topic. None is a merge target: the topics differ, only the text is shared.",34 articles with different titles and word-for-word the same body (raw similarity ≥ 0.95).,body text (5-word shingles)
S3,"keyword-swapped (same text, different topics)",no,34,1,copying-data-from-on-prem-sql-to-azure-with-adf,f22c8acc-57eb-4b3d-b8a0-7b5391f0674e,Tumbling Window Triggers: Backfills and Dependencies,/blog/tumbling-window-triggers-backfills-and-dependencies,1,DEEP REWRITE,"Rewrite each member about its own topic. None is a merge target: the topics differ, only the text is shared.",34 articles with different titles and word-for-word the same body (raw similarity ≥ 0.95).,body text (5-word shingles)
S4,"keyword-swapped (same text, different topics)",no,36,0.998,power-bi-service-publishing-sharing-and-workspaces,0c26d3c0-9b76-4a0e-a340-9ae33bcd5c90,"Power BI Service: Publishing, Sharing and Workspaces",/blog/power-bi-service-publishing-sharing-and-workspaces,1,DEEP REWRITE,"Rewrite each member about its own topic. None is a merge target: the topics differ, only the text is shared.",36 articles with different titles and word-for-word the same body (raw similarity ≥ 0.95).,body text (5-word shingles)
S4,"keyword-swapped (same text, different topics)",no,36,0.998,power-bi-service-publishing-sharing-and-workspaces,b8a06ca4-3c07-41f7-8831-84770192c8a5,Aggregations in Power BI for Large Datasets,/blog/aggregations-in-power-bi-for-large-datasets,0.966,DEEP REWRITE,"Rewrite each member about its own topic. None is a merge target: the topics differ, only the text is shared.",36 articles with different titles and word-for-word the same body (raw similarity ≥ 0.95).,body text (5-word shingles)
S4,"keyword-swapped (same text, different topics)",no,36,0.998,power-bi-service-publishing-sharing-and-workspaces,4cff8509-27d3-4b2d-8500-d9bbefc533f5,Building a Finance Dashboard in Power BI,/blog/building-a-finance-dashboard-in-power-bi,0.966,DEEP REWRITE,"Rewrite each member about its own topic. None is a merge target: the topics differ, only the text is shared.",36 articles with different titles and word-for-word the same body (raw similarity ≥ 0.95).,body text (5-word shingles)
S4,"keyword-swapped (same text, different topics)",no,36,0.998,power-bi-service-publishing-sharing-and-workspaces,1374c6dd-cd6b-4660-8d76-92f3e900d789,Building a Sales Dashboard in Power BI from Scratch,/blog/building-a-sales-dashboard-in-power-bi-from-scratch,0.966,DEEP REWRITE,"Rewrite each member about its own topic. None is a merge target: the topics differ, only the text is shared.",36 articles with different titles and word-for-word the same body (raw similarity ≥ 0.95).,body text (5-word shingles)
S4,"keyword-swapped (same text, different topics)",no,36,0.998,power-bi-service-publishing-sharing-and-workspaces,23002c6f-88d5-4779-934c-64676037456e,Calculation Groups in Power BI Explained,/blog/calculation-groups-in-power-bi-explained,0.966,DEEP REWRITE,"Rewrite each member about its own topic. None is a merge target: the topics differ, only the text is shared.",36 articles with different titles and word-for-word the same body (raw similarity ≥ 0.95).,body text (5-word shingles)
S4,"keyword-swapped (same text, different topics)",no,36,0.998,power-bi-service-publishing-sharing-and-workspaces,7f60b454-7361-470e-9e66-127ac4bd3e48,Composite Models and DirectQuery in Power BI,/blog/composite-models-and-directquery-in-power-bi,0.966,DEEP REWRITE,"Rewrite each member about its own topic. None is a merge target: the topics differ, only the text is shared.",36 articles with different titles and word-for-word the same body (raw similarity ≥ 0.95).,body text (5-word shingles)
S4,"keyword-swapped (same text, different topics)",no,36,0.998,power-bi-service-publishing-sharing-and-workspaces,d042f0d8-e450-4cee-81dd-4fd59e8ae8dd,Conditional Formatting in Power BI: A Practical Guide,/blog/conditional-formatting-in-power-bi-a-practical-guide,0.966,DEEP REWRITE,"Rewrite each member about its own topic. None is a merge target: the topics differ, only the text is shared.",36 articles with different titles and word-for-word the same body (raw similarity ≥ 0.95).,body text (5-word shingles)
S4,"keyword-swapped (same text, different topics)",no,36,0.998,power-bi-service-publishing-sharing-and-workspaces,f4b752a8-5ff2-4f18-a4c4-a5703e82cbc9,Data Modeling in Power BI: Star Schema Explained,/blog/data-modeling-in-power-bi-star-schema-explained,0.966,DEEP REWRITE,"Rewrite each member about its own topic. None is a merge target: the topics differ, only the text is shared.",36 articles with different titles and word-for-word the same body (raw similarity ≥ 0.95).,body text (5-word shingles)
S4,"keyword-swapped (same text, different topics)",no,36,0.998,power-bi-service-publishing-sharing-and-workspaces,0ea1d927-f54c-4c5a-810d-8432c826232c,DAX CALCULATE Function Explained Step by Step,/blog/dax-calculate-function-explained-step-by-step,0.966,DEEP REWRITE,"Rewrite each member about its own topic. None is a merge target: the topics differ, only the text is shared.",36 articles with different titles and word-for-word the same body (raw similarity ≥ 0.95).,body text (5-word shingles)
S4,"keyword-swapped (same text, different topics)",no,36,0.998,power-bi-service-publishing-sharing-and-workspaces,d0bbea83-5fe6-40ee-9171-20603222bb8d,DAX FILTER and ALL Functions Explained,/blog/dax-filter-and-all-functions-explained,0.966,DEEP REWRITE,"Rewrite each member about its own topic. None is a merge target: the topics differ, only the text is shared.",36 articles with different titles and word-for-word the same body (raw similarity ≥ 0.95).,body text (5-word shingles)
S4,"keyword-swapped (same text, different topics)",no,36,0.998,power-bi-service-publishing-sharing-and-workspaces,75fdbf2d-cb26-4b83-adeb-5af50745506c,"DAX Guide: Measures, Calculated Columns and Context",/blog/dax-guide-measures-calculated-columns-and-context,0.966,DEEP REWRITE,"Rewrite each member about its own topic. None is a merge target: the topics differ, only the text is shared.",36 articles with different titles and word-for-word the same body (raw similarity ≥ 0.95).,body text (5-word shingles)
S4,"keyword-swapped (same text, different topics)",no,36,0.998,power-bi-service-publishing-sharing-and-workspaces,db641a82-4ef3-4c50-9e72-43cdf446170e,"DAX Variables: Writing Cleaner, Faster Measures",/blog/dax-variables-writing-cleaner-faster-measures,0.966,DEEP REWRITE,"Rewrite each member about its own topic. None is a merge target: the topics differ, only the text is shared.",36 articles with different titles and word-for-word the same body (raw similarity ≥ 0.95).,body text (5-word shingles)
S4,"keyword-swapped (same text, different topics)",no,36,0.998,power-bi-service-publishing-sharing-and-workspaces,fe96ca4c-293e-4203-8159-47f6fcc7fb34,Handling Many-to-Many Relationships in Power BI,/blog/handling-many-to-many-relationships-in-power-bi,0.966,DEEP REWRITE,"Rewrite each member about its own topic. None is a merge target: the topics differ, only the text is shared.",36 articles with different titles and word-for-word the same body (raw similarity ≥ 0.95).,body text (5-word shingles)
S4,"keyword-swapped (same text, different topics)",no,36,0.998,power-bi-service-publishing-sharing-and-workspaces,20b6b032-57ba-4d74-8e29-d935a28ce978,KPIs and Cards in Power BI: Designing Scorecards,/blog/kpis-and-cards-in-power-bi-designing-scorecards,0.966,DEEP REWRITE,"Rewrite each member about its own topic. None is a merge target: the topics differ, only the text is shared.",36 articles with different titles and word-for-word the same body (raw similarity ≥ 0.95).,body text (5-word shingles)
S4,"keyword-swapped (same text, different topics)",no,36,0.998,power-bi-service-publishing-sharing-and-workspaces,ac54a57b-a101-4b02-8314-b6b60720ed14,Power BI Bookmarks and Buttons for Interactivity,/blog/power-bi-bookmarks-and-buttons-for-interactivity,0.966,DEEP REWRITE,"Rewrite each member about its own topic. None is a merge target: the topics differ, only the text is shared.",36 articles with different titles and word-for-word the same body (raw similarity ≥ 0.95).,body text (5-word shingles)
S4,"keyword-swapped (same text, different topics)",no,36,0.998,power-bi-service-publishing-sharing-and-workspaces,74411ff7-3d1d-4954-a8db-edd0939d1897,Power BI Dashboard Design: A Practical Guide,/blog/power-bi-dashboard-design-a-practical-guide,0.966,DEEP REWRITE,"Rewrite each member about its own topic. None is a merge target: the topics differ, only the text is shared.",36 articles with different titles and word-for-word the same body (raw similarity ≥ 0.95).,body text (5-word shingles)
S4,"keyword-swapped (same text, different topics)",no,36,0.998,power-bi-service-publishing-sharing-and-workspaces,8e7454d8-8501-4013-a662-1718d8ebbaf1,Power BI Data Refresh: Scheduled and Incremental,/blog/power-bi-data-refresh-scheduled-and-incremental,0.966,DEEP REWRITE,"Rewrite each member about its own topic. None is a merge target: the topics differ, only the text is shared.",36 articles with different titles and word-for-word the same body (raw similarity ≥ 0.95).,body text (5-word shingles)
S4,"keyword-swapped (same text, different topics)",no,36,0.998,power-bi-service-publishing-sharing-and-workspaces,0dcbe8b7-c8b7-47aa-a914-f5af1eaad0f1,Power BI Dataflows Explained for Beginners,/blog/power-bi-dataflows-explained-for-beginners,0.966,DEEP REWRITE,"Rewrite each member about its own topic. None is a merge target: the topics differ, only the text is shared.",36 articles with different titles and word-for-word the same body (raw similarity ≥ 0.95).,body text (5-word shingles)
S4,"keyword-swapped (same text, different topics)",no,36,0.998,power-bi-service-publishing-sharing-and-workspaces,111b5beb-348f-4c0c-855e-babf6f9c3bdf,Power BI Deployment Pipelines for Teams,/blog/power-bi-deployment-pipelines-for-teams,0.966,DEEP REWRITE,"Rewrite each member about its own topic. None is a merge target: the topics differ, only the text is shared.",36 articles with different titles and word-for-word the same body (raw similarity ≥ 0.95).,body text (5-word shingles)
S4,"keyword-swapped (same text, different topics)",no,36,0.998,power-bi-service-publishing-sharing-and-workspaces,15d93744-8e75-4237-a606-1f53fd2c194c,Power BI Drillthrough and Drilldown Explained,/blog/power-bi-drillthrough-and-drilldown-explained,0.966,DEEP REWRITE,"Rewrite each member about its own topic. None is a merge target: the topics differ, only the text is shared.",36 articles with different titles and word-for-word the same body (raw similarity ≥ 0.95).,body text (5-word shingles)
S4,"keyword-swapped (same text, different topics)",no,36,0.998,power-bi-service-publishing-sharing-and-workspaces,980ae5a5-0aff-4e88-b07b-af02384614dd,Power BI Error Handling in Power Query,/blog/power-bi-error-handling-in-power-query,0.966,DEEP REWRITE,"Rewrite each member about its own topic. None is a merge target: the topics differ, only the text is shared.",36 articles with different titles and word-for-word the same body (raw similarity ≥ 0.95).,body text (5-word shingles)
S4,"keyword-swapped (same text, different topics)",no,36,0.998,power-bi-service-publishing-sharing-and-workspaces,efe1b233-e84a-4fd4-bbba-a98585087b2e,Power BI Field Parameters: Dynamic Reports Made Easy,/blog/power-bi-field-parameters-dynamic-reports-made-easy,0.966,DEEP REWRITE,"Rewrite each member about its own topic. None is a merge target: the topics differ, only the text is shared.",36 articles with different titles and word-for-word the same body (raw similarity ≥ 0.95).,body text (5-word shingles)
S4,"keyword-swapped (same text, different topics)",no,36,0.998,power-bi-service-publishing-sharing-and-workspaces,46d452e0-4b9f-4898-8b6a-ebfc87600bbf,"Power BI Filters: Visual, Page and Report Level",/blog/power-bi-filters-visual-page-and-report-level,0.966,DEEP REWRITE,"Rewrite each member about its own topic. None is a merge target: the topics differ, only the text is shared.",36 articles with different titles and word-for-word the same body (raw similarity ≥ 0.95).,body text (5-word shingles)
S4,"keyword-swapped (same text, different topics)",no,36,0.998,power-bi-service-publishing-sharing-and-workspaces,415eef9e-07f1-4e59-98d2-27e293d379d7,Power BI for Beginners: Your First Report in 1 Hour,/blog/power-bi-for-beginners-your-first-report-in-1-hour,0.966,DEEP REWRITE,"Rewrite each member about its own topic. None is a merge target: the topics differ, only the text is shared.",36 articles with different titles and word-for-word the same body (raw similarity ≥ 0.95).,body text (5-word shingles)
S4,"keyword-swapped (same text, different topics)",no,36,0.998,power-bi-service-publishing-sharing-and-workspaces,dbb2d267-a1da-4c56-b8ed-5b4696787778,Power BI Gateway Explained: Connecting On-Prem Data,/blog/power-bi-gateway-explained-connecting-on-prem-data,0.966,DEEP REWRITE,"Rewrite each member about its own topic. None is a merge target: the topics differ, only the text is shared.",36 articles with different titles and word-for-word the same body (raw similarity ≥ 0.95).,body text (5-word shingles)
S4,"keyword-swapped (same text, different topics)",no,36,0.998,power-bi-service-publishing-sharing-and-workspaces,3ec9d7e8-7a28-4e59-a1e0-230b5f14d01a,Power BI Mobile: Designing Reports for Phones,/blog/power-bi-mobile-designing-reports-for-phones,0.966,DEEP REWRITE,"Rewrite each member about its own topic. None is a merge target: the topics differ, only the text is shared.",36 articles with different titles and word-for-word the same body (raw similarity ≥ 0.95).,body text (5-word shingles)
S4,"keyword-swapped (same text, different topics)",no,36,0.998,power-bi-service-publishing-sharing-and-workspaces,b86793f4-f74f-4082-9c49-12b139c1722c,Power BI Performance Tuning: Make Reports Faster,/blog/power-bi-performance-tuning-make-reports-faster,0.966,DEEP REWRITE,"Rewrite each member about its own topic. None is a merge target: the topics differ, only the text is shared.",36 articles with different titles and word-for-word the same body (raw similarity ≥ 0.95).,body text (5-word shingles)
S4,"keyword-swapped (same text, different topics)",no,36,0.998,power-bi-service-publishing-sharing-and-workspaces,352998fc-5836-45c1-8d93-4d991cbe236a,Power BI Relationships: One-to-Many and Cardinality,/blog/power-bi-relationships-one-to-many-and-cardinality,0.966,DEEP REWRITE,"Rewrite each member about its own topic. None is a merge target: the topics differ, only the text is shared.",36 articles with different titles and word-for-word the same body (raw similarity ≥ 0.95).,body text (5-word shingles)
S4,"keyword-swapped (same text, different topics)",no,36,0.998,power-bi-service-publishing-sharing-and-workspaces,3a561532-b7ef-484f-b1b4-7e18da800aa3,"Power BI Slicers: Sync, Hierarchies and Best Practices",/blog/power-bi-slicers-sync-hierarchies-and-best-practices,0.966,DEEP REWRITE,"Rewrite each member about its own topic. None is a merge target: the topics differ, only the text is shared.",36 articles with different titles and word-for-word the same body (raw similarity ≥ 0.95).,body text (5-word shingles)
S4,"keyword-swapped (same text, different topics)",no,36,0.998,power-bi-service-publishing-sharing-and-workspaces,1096e715-f3bf-433e-877f-a7bfeee37a05,Power BI Themes and Branding for Professional Reports,/blog/power-bi-themes-and-branding-for-professional-reports,0.966,DEEP REWRITE,"Rewrite each member about its own topic. None is a merge target: the topics differ, only the text is shared.",36 articles with different titles and word-for-word the same body (raw similarity ≥ 0.95).,body text (5-word shingles)
S4,"keyword-swapped (same text, different topics)",no,36,0.998,power-bi-service-publishing-sharing-and-workspaces,b9e42ce4-452d-4307-9811-0f458d861066,Power BI Tooltips: Adding Context to Visuals,/blog/power-bi-tooltips-adding-context-to-visuals,0.966,DEEP REWRITE,"Rewrite each member about its own topic. None is a merge target: the topics differ, only the text is shared.",36 articles with different titles and word-for-word the same body (raw similarity ≥ 0.95).,body text (5-word shingles)
S4,"keyword-swapped (same text, different topics)",no,36,0.998,power-bi-service-publishing-sharing-and-workspaces,7d9fd8dc-46d8-4489-9e43-95e2b11d277f,Power Query M Language Basics for Beginners,/blog/power-query-m-language-basics-for-beginners,0.966,DEEP REWRITE,"Rewrite each member about its own topic. None is a merge target: the topics differ, only the text is shared.",36 articles with different titles and word-for-word the same body (raw similarity ≥ 0.95).,body text (5-word shingles)
S4,"keyword-swapped (same text, different topics)",no,36,0.998,power-bi-service-publishing-sharing-and-workspaces,18829db1-a7d4-4951-ad0d-fdc622e4d4c8,Power Query Tutorial: Transforming Data Without Code,/blog/power-query-tutorial-transforming-data-without-code,0.966,DEEP REWRITE,"Rewrite each member about its own topic. None is a merge target: the topics differ, only the text is shared.",36 articles with different titles and word-for-word the same body (raw similarity ≥ 0.95).,body text (5-word shingles)
S4,"keyword-swapped (same text, different topics)",no,36,0.998,power-bi-service-publishing-sharing-and-workspaces,6cc86ea3-a38c-4938-b30a-43704261d261,Row-Level Security (RLS) in Power BI: A Complete Guide,/blog/row-level-security-rls-in-power-bi-a-complete-guide,0.966,DEEP REWRITE,"Rewrite each member about its own topic. None is a merge target: the topics differ, only the text is shared.",36 articles with different titles and word-for-word the same body (raw similarity ≥ 0.95).,body text (5-word shingles)
S4,"keyword-swapped (same text, different topics)",no,36,0.998,power-bi-service-publishing-sharing-and-workspaces,ff266896-33c3-43d0-97d8-8fc1c048f946,"Time Intelligence in DAX: YTD, MTD and Comparisons",/blog/time-intelligence-in-dax-ytd-mtd-and-comparisons,0.966,DEEP REWRITE,"Rewrite each member about its own topic. None is a merge target: the topics differ, only the text is shared.",36 articles with different titles and word-for-word the same body (raw similarity ≥ 0.95).,body text (5-word shingles)
S4,"keyword-swapped (same text, different topics)",no,36,0.998,power-bi-service-publishing-sharing-and-workspaces,8918d340-828d-4091-b261-ad1cf334074e,Top 20 DAX Functions Every Analyst Should Know,/blog/top-20-dax-functions-every-analyst-should-know,0.966,DEEP REWRITE,"Rewrite each member about its own topic. None is a merge target: the topics differ, only the text is shared.",36 articles with different titles and word-for-word the same body (raw similarity ≥ 0.95).,body text (5-word shingles)
S5,"keyword-swapped (same text, different topics)",no,38,0.999,prompt-engineering-techniques-that-actually-improve-output,24c38835-867c-4ff6-98c5-dd47ba77dcc8,Prompt Engineering: Techniques That Actually Improve Output,/blog/prompt-engineering-techniques-that-actually-improve-output,1,DEEP REWRITE,"Rewrite each member about its own topic. None is a merge target: the topics differ, only the text is shared.",38 articles with different titles and word-for-word the same body (raw similarity ≥ 0.95).,body text (5-word shingles)
S5,"keyword-swapped (same text, different topics)",no,38,0.999,prompt-engineering-techniques-that-actually-improve-output,dd1af33f-d841-4cfc-a47a-bac70283eb03,AI Agents Guide: How Autonomous Agents Actually Work,/blog/ai-agents-guide-how-autonomous-agents-actually-work,0.978,DEEP REWRITE,"Rewrite each member about its own topic. None is a merge target: the topics differ, only the text is shared.",38 articles with different titles and word-for-word the same body (raw similarity ≥ 0.95).,body text (5-word shingles)
S5,"keyword-swapped (same text, different topics)",no,38,0.999,prompt-engineering-techniques-that-actually-improve-output,65b55718-fdbd-4334-bc3c-73882bdd0d78,AI Coding Assistants: How to Use Them Effectively,/blog/ai-coding-assistants-how-to-use-them-effectively,0.978,DEEP REWRITE,"Rewrite each member about its own topic. None is a merge target: the topics differ, only the text is shared.",38 articles with different titles and word-for-word the same body (raw similarity ≥ 0.95).,body text (5-word shingles)
S5,"keyword-swapped (same text, different topics)",no,38,0.999,prompt-engineering-techniques-that-actually-improve-output,03331497-e78e-442a-9ce9-f99d866cd1e9,Building a Customer Support Bot with LLMs,/blog/building-a-customer-support-bot-with-llms,0.978,DEEP REWRITE,"Rewrite each member about its own topic. None is a merge target: the topics differ, only the text is shared.",38 articles with different titles and word-for-word the same body (raw similarity ≥ 0.95).,body text (5-word shingles)
S5,"keyword-swapped (same text, different topics)",no,38,0.999,prompt-engineering-techniques-that-actually-improve-output,72a20872-37c4-49a1-813d-e0675a5c0a96,Building a Document Q&A Chatbot with RAG,/blog/building-a-document-q-and-a-chatbot-with-rag,0.978,DEEP REWRITE,"Rewrite each member about its own topic. None is a merge target: the topics differ, only the text is shared.",38 articles with different titles and word-for-word the same body (raw similarity ≥ 0.95).,body text (5-word shingles)
S5,"keyword-swapped (same text, different topics)",no,38,0.999,prompt-engineering-techniques-that-actually-improve-output,0f713792-a399-4270-a18a-c6a8afd148b3,Building a Multi-Agent System: Patterns and Pitfalls,/blog/building-a-multi-agent-system-patterns-and-pitfalls,0.978,DEEP REWRITE,"Rewrite each member about its own topic. None is a merge target: the topics differ, only the text is shared.",38 articles with different titles and word-for-word the same body (raw similarity ≥ 0.95).,body text (5-word shingles)
S5,"keyword-swapped (same text, different topics)",no,38,0.999,prompt-engineering-techniques-that-actually-improve-output,9e69c58c-0543-4b92-8299-0539e9e3af0d,Building AI Agents with LangGraph: A Hands-On Tutorial,/blog/building-ai-agents-with-langgraph-a-hands-on-tutorial,0.978,DEEP REWRITE,"Rewrite each member about its own topic. None is a merge target: the topics differ, only the text is shared.",38 articles with different titles and word-for-word the same body (raw similarity ≥ 0.95).,body text (5-word shingles)
S5,"keyword-swapped (same text, different topics)",no,38,0.999,prompt-engineering-techniques-that-actually-improve-output,a13c4178-f865-46db-a7a8-188185cc40bd,Chain-of-Thought Prompting: Making LLMs Reason,/blog/chain-of-thought-prompting-making-llms-reason,0.978,DEEP REWRITE,"Rewrite each member about its own topic. None is a merge target: the topics differ, only the text is shared.",38 articles with different titles and word-for-word the same body (raw similarity ≥ 0.95).,body text (5-word shingles)
S5,"keyword-swapped (same text, different topics)",no,38,0.999,prompt-engineering-techniques-that-actually-improve-output,917e4f2d-08cd-4587-ae5e-e40029e7afc7,"ChatGPT Complete Guide: Features, Prompts and Use Cases",/blog/chatgpt-complete-guide-features-prompts-and-use-cases,0.978,DEEP REWRITE,"Rewrite each member about its own topic. None is a merge target: the topics differ, only the text is shared.",38 articles with different titles and word-for-word the same body (raw similarity ≥ 0.95).,body text (5-word shingles)
S5,"keyword-swapped (same text, different topics)",no,38,0.999,prompt-engineering-techniques-that-actually-improve-output,dd5b32f3-2b2c-4289-9637-3df389d1332f,Chunking Strategies for RAG: Getting Retrieval Right,/blog/chunking-strategies-for-rag-getting-retrieval-right,0.978,DEEP REWRITE,"Rewrite each member about its own topic. None is a merge target: the topics differ, only the text is shared.",38 articles with different titles and word-for-word the same body (raw similarity ≥ 0.95).,body text (5-word shingles)
S5,"keyword-swapped (same text, different topics)",no,38,0.999,prompt-engineering-techniques-that-actually-improve-output,cc103472-38bf-4e41-ac62-3eb020762646,"Context Windows Explained: Tokens, Limits and Costs",/blog/context-windows-explained-tokens-limits-and-costs,0.978,DEEP REWRITE,"Rewrite each member about its own topic. None is a merge target: the topics differ, only the text is shared.",38 articles with different titles and word-for-word the same body (raw similarity ≥ 0.95).,body text (5-word shingles)
S5,"keyword-swapped (same text, different topics)",no,38,0.999,prompt-engineering-techniques-that-actually-improve-output,825b3a5a-7234-49ae-b739-cb31b8e97ef4,Cost Optimization for LLM Applications in Production,/blog/cost-optimization-for-llm-applications-in-production,0.978,DEEP REWRITE,"Rewrite each member about its own topic. None is a merge target: the topics differ, only the text is shared.",38 articles with different titles and word-for-word the same body (raw similarity ≥ 0.95).,body text (5-word shingles)
S5,"keyword-swapped (same text, different topics)",no,38,0.999,prompt-engineering-techniques-that-actually-improve-output,33324384-3d3f-4b16-93cf-4b926bed29ce,Embeddings Explained: The Foundation of Modern AI,/blog/embeddings-explained-the-foundation-of-modern-ai,0.978,DEEP REWRITE,"Rewrite each member about its own topic. None is a merge target: the topics differ, only the text is shared.",38 articles with different titles and word-for-word the same body (raw similarity ≥ 0.95).,body text (5-word shingles)
S5,"keyword-swapped (same text, different topics)",no,38,0.999,prompt-engineering-techniques-that-actually-improve-output,6abc197f-b75a-44b8-8082-f08719c60124,"Evaluating LLM Outputs: Metrics, Tools and Best Practices",/blog/evaluating-llm-outputs-metrics-tools-and-best-practices,0.978,DEEP REWRITE,"Rewrite each member about its own topic. None is a merge target: the topics differ, only the text is shared.",38 articles with different titles and word-for-word the same body (raw similarity ≥ 0.95).,body text (5-word shingles)
S5,"keyword-swapped (same text, different topics)",no,38,0.999,prompt-engineering-techniques-that-actually-improve-output,febcf860-313b-4ee1-9e1a-a4bd6af1cc50,Function Calling and Tool Use in LLMs Explained,/blog/function-calling-and-tool-use-in-llms-explained,0.978,DEEP REWRITE,"Rewrite each member about its own topic. None is a merge target: the topics differ, only the text is shared.",38 articles with different titles and word-for-word the same body (raw similarity ≥ 0.95).,body text (5-word shingles)
S5,"keyword-swapped (same text, different topics)",no,38,0.999,prompt-engineering-techniques-that-actually-improve-output,ce541867-8f3d-497c-a960-d47813398c85,Generative AI for Images: Diffusion Models Explained,/blog/generative-ai-for-images-diffusion-models-explained,0.978,DEEP REWRITE,"Rewrite each member about its own topic. None is a merge target: the topics differ, only the text is shared.",38 articles with different titles and word-for-word the same body (raw similarity ≥ 0.95).,body text (5-word shingles)
S5,"keyword-swapped (same text, different topics)",no,38,0.999,prompt-engineering-techniques-that-actually-improve-output,fe788dc5-61a7-4462-93f8-b73de5f3dffa,Guardrails for LLMs: Keeping AI Apps Safe and On-Topic,/blog/guardrails-for-llms-keeping-ai-apps-safe-and-on-topic,0.978,DEEP REWRITE,"Rewrite each member about its own topic. None is a merge target: the topics differ, only the text is shared.",38 articles with different titles and word-for-word the same body (raw similarity ≥ 0.95).,body text (5-word shingles)
S5,"keyword-swapped (same text, different topics)",no,38,0.999,prompt-engineering-techniques-that-actually-improve-output,fedc7a3a-de64-4891-a319-c286b7a1556d,How Large Language Models (LLMs) Work Under the Hood,/blog/how-large-language-models-llms-work-under-the-hood,0.978,DEEP REWRITE,"Rewrite each member about its own topic. None is a merge target: the topics differ, only the text is shared.",38 articles with different titles and word-for-word the same body (raw similarity ≥ 0.95).,body text (5-word shingles)
S5,"keyword-swapped (same text, different topics)",no,38,0.999,prompt-engineering-techniques-that-actually-improve-output,6d8c9a6a-d793-4c3f-9b66-28af0be82561,How to Become a Generative AI Engineer in 2026,/blog/how-to-become-a-generative-ai-engineer-in-2026,0.978,DEEP REWRITE,"Rewrite each member about its own topic. None is a merge target: the topics differ, only the text is shared.",38 articles with different titles and word-for-word the same body (raw similarity ≥ 0.95).,body text (5-word shingles)
S5,"keyword-swapped (same text, different topics)",no,38,0.999,prompt-engineering-techniques-that-actually-improve-output,6f6ce1a2-6cc7-4d7e-b869-3d20b14f7159,How to Reduce LLM Hallucinations in Production,/blog/how-to-reduce-llm-hallucinations-in-production,0.978,DEEP REWRITE,"Rewrite each member about its own topic. None is a merge target: the topics differ, only the text is shared.",38 articles with different titles and word-for-word the same body (raw similarity ≥ 0.95).,body text (5-word shingles)
S5,"keyword-swapped (same text, different topics)",no,38,0.999,prompt-engineering-techniques-that-actually-improve-output,85814e09-f73e-45b6-8687-c31556b4716f,How Transformers Changed AI: Attention Explained,/blog/how-transformers-changed-ai-attention-explained,0.978,DEEP REWRITE,"Rewrite each member about its own topic. None is a merge target: the topics differ, only the text is shared.",38 articles with different titles and word-for-word the same body (raw similarity ≥ 0.95).,body text (5-word shingles)
S5,"keyword-swapped (same text, different topics)",no,38,0.999,prompt-engineering-techniques-that-actually-improve-output,c46cf92e-84d8-4a2a-a1e8-1f7390d268b1,Hugging Face Transformers: A Practical Getting-Started Guide,/blog/hugging-face-transformers-a-practical-getting-started-guide,0.978,DEEP REWRITE,"Rewrite each member about its own topic. None is a merge target: the topics differ, only the text is shared.",38 articles with different titles and word-for-word the same body (raw similarity ≥ 0.95).,body text (5-word shingles)
S5,"keyword-swapped (same text, different topics)",no,38,0.999,prompt-engineering-techniques-that-actually-improve-output,42609781-0ed4-4d32-ba33-75bb19edaa6e,Knowledge Graphs and RAG: Combining Structure with Search,/blog/knowledge-graphs-and-rag-combining-structure-with-search,0.978,DEEP REWRITE,"Rewrite each member about its own topic. None is a merge target: the topics differ, only the text is shared.",38 articles with different titles and word-for-word the same body (raw similarity ≥ 0.95).,body text (5-word shingles)
S5,"keyword-swapped (same text, different topics)",no,38,0.999,prompt-engineering-techniques-that-actually-improve-output,9f745723-761c-4d15-a4c9-c633b10ad3c2,LangChain Tutorial: Build Your First LLM App,/blog/langchain-tutorial-build-your-first-llm-app,0.978,DEEP REWRITE,"Rewrite each member about its own topic. None is a merge target: the topics differ, only the text is shared.",38 articles with different titles and word-for-word the same body (raw similarity ≥ 0.95).,body text (5-word shingles)
S5,"keyword-swapped (same text, different topics)",no,38,0.999,prompt-engineering-techniques-that-actually-improve-output,c2a710dd-db6f-4119-b844-59bd08f77282,LangGraph Tutorial: Building Stateful AI Agents,/blog/langgraph-tutorial-building-stateful-ai-agents,0.978,DEEP REWRITE,"Rewrite each member about its own topic. None is a merge target: the topics differ, only the text is shared.",38 articles with different titles and word-for-word the same body (raw similarity ≥ 0.95).,body text (5-word shingles)
S5,"keyword-swapped (same text, different topics)",no,38,0.999,prompt-engineering-techniques-that-actually-improve-output,20f9abf2-4641-4a3f-94cf-382079f3bd9c,LoRA and QLoRA: Efficient Fine-Tuning Explained,/blog/lora-and-qlora-efficient-fine-tuning-explained,0.978,DEEP REWRITE,"Rewrite each member about its own topic. None is a merge target: the topics differ, only the text is shared.",38 articles with different titles and word-for-word the same body (raw similarity ≥ 0.95).,body text (5-word shingles)
S5,"keyword-swapped (same text, different topics)",no,38,0.999,prompt-engineering-techniques-that-actually-improve-output,dc6432a5-729c-4fca-b3ef-149ed2893472,Model Context Protocol (MCP) Explained for Beginners,/blog/model-context-protocol-mcp-explained-for-beginners,0.978,DEEP REWRITE,"Rewrite each member about its own topic. None is a merge target: the topics differ, only the text is shared.",38 articles with different titles and word-for-word the same body (raw similarity ≥ 0.95).,body text (5-word shingles)
S5,"keyword-swapped (same text, different topics)",no,38,0.999,prompt-engineering-techniques-that-actually-improve-output,4229a041-f228-47e3-b5ce-93e94a4df466,"Multimodal AI: Models That See, Hear and Speak",/blog/multimodal-ai-models-that-see-hear-and-speak,0.978,DEEP REWRITE,"Rewrite each member about its own topic. None is a merge target: the topics differ, only the text is shared.",38 articles with different titles and word-for-word the same body (raw similarity ≥ 0.95).,body text (5-word shingles)
S5,"keyword-swapped (same text, different topics)",no,38,0.999,prompt-engineering-techniques-that-actually-improve-output,168e48d7-4720-4d3a-81de-3e8e805905fd,Ollama Tutorial: Run LLMs Locally on Your Machine,/blog/ollama-tutorial-run-llms-locally-on-your-machine,0.978,DEEP REWRITE,"Rewrite each member about its own topic. None is a merge target: the topics differ, only the text is shared.",38 articles with different titles and word-for-word the same body (raw similarity ≥ 0.95).,body text (5-word shingles)
S5,"keyword-swapped (same text, different topics)",no,38,0.999,prompt-engineering-techniques-that-actually-improve-output,5130f2dc-04fe-4df6-9d5c-db309461c983,Prompt Templates and Versioning: Managing Prompts at Scale,/blog/prompt-templates-and-versioning-managing-prompts-at-scale,0.978,DEEP REWRITE,"Rewrite each member about its own topic. None is a merge target: the topics differ, only the text is shared.",38 articles with different titles and word-for-word the same body (raw similarity ≥ 0.95).,body text (5-word shingles)
S5,"keyword-swapped (same text, different topics)",no,38,0.999,prompt-engineering-techniques-that-actually-improve-output,7c809a1c-1807-44a9-9e31-cadcefc8342b,RAG Architecture Explained: Retrieval-Augmented Generation,/blog/rag-architecture-explained-retrieval-augmented-generation,0.978,DEEP REWRITE,"Rewrite each member about its own topic. None is a merge target: the topics differ, only the text is shared.",38 articles with different titles and word-for-word the same body (raw similarity ≥ 0.95).,body text (5-word shingles)
S5,"keyword-swapped (same text, different topics)",no,38,0.999,prompt-engineering-techniques-that-actually-improve-output,4593aa92-6902-4d4a-aed6-443838ad5b01,Retrieval Evaluation: Measuring RAG Quality,/blog/retrieval-evaluation-measuring-rag-quality,0.978,DEEP REWRITE,"Rewrite each member about its own topic. None is a merge target: the topics differ, only the text is shared.",38 articles with different titles and word-for-word the same body (raw similarity ≥ 0.95).,body text (5-word shingles)
S5,"keyword-swapped (same text, different topics)",no,38,0.999,prompt-engineering-techniques-that-actually-improve-output,e3689580-16df-46ba-91f5-4bb6fdf25da5,Speech-to-Text and Text-to-Speech with Modern AI,/blog/speech-to-text-and-text-to-speech-with-modern-ai,0.978,DEEP REWRITE,"Rewrite each member about its own topic. None is a merge target: the topics differ, only the text is shared.",38 articles with different titles and word-for-word the same body (raw similarity ≥ 0.95).,body text (5-word shingles)
S5,"keyword-swapped (same text, different topics)",no,38,0.999,prompt-engineering-techniques-that-actually-improve-output,18c24a13-bca9-454e-ae35-d9792cff2e40,Synthetic Data Generation with LLMs: A Practical Guide,/blog/synthetic-data-generation-with-llms-a-practical-guide,0.978,DEEP REWRITE,"Rewrite each member about its own topic. None is a merge target: the topics differ, only the text is shared.",38 articles with different titles and word-for-word the same body (raw similarity ≥ 0.95).,body text (5-word shingles)
S5,"keyword-swapped (same text, different topics)",no,38,0.999,prompt-engineering-techniques-that-actually-improve-output,e674e833-75fd-4a74-9f3a-1cd17454afce,Tokenization in LLMs: Why It Matters More Than You Think,/blog/tokenization-in-llms-why-it-matters-more-than-you-think,0.978,DEEP REWRITE,"Rewrite each member about its own topic. None is a merge target: the topics differ, only the text is shared.",38 articles with different titles and word-for-word the same body (raw similarity ≥ 0.95).,body text (5-word shingles)
S5,"keyword-swapped (same text, different topics)",no,38,0.999,prompt-engineering-techniques-that-actually-improve-output,eff04529-9a02-4bf9-9563-a4af242cf1ed,Top Generative AI Tools Every Developer Should Know in 2026,/blog/top-generative-ai-tools-every-developer-should-know-in-2026,0.978,DEEP REWRITE,"Rewrite each member about its own topic. None is a merge target: the topics differ, only the text is shared.",38 articles with different titles and word-for-word the same body (raw similarity ≥ 0.95).,body text (5-word shingles)
S5,"keyword-swapped (same text, different topics)",no,38,0.999,prompt-engineering-techniques-that-actually-improve-output,3674820c-7224-4543-8958-ca92108595d1,"Vector Databases Explained: Pinecone, FAISS and ChromaDB",/blog/vector-databases-explained-pinecone-faiss-and-chromadb,0.978,DEEP REWRITE,"Rewrite each member about its own topic. None is a merge target: the topics differ, only the text is shared.",38 articles with different titles and word-for-word the same body (raw similarity ≥ 0.95).,body text (5-word shingles)
S5,"keyword-swapped (same text, different topics)",no,38,0.999,prompt-engineering-techniques-that-actually-improve-output,94cd98f5-f32b-456a-bf7b-934283d95244,vLLM and Model Serving: Scaling LLM Inference,/blog/vllm-and-model-serving-scaling-llm-inference,0.978,DEEP REWRITE,"Rewrite each member about its own topic. None is a merge target: the topics differ, only the text is shared.",38 articles with different titles and word-for-word the same body (raw similarity ≥ 0.95).,body text (5-word shingles)
S6,"keyword-swapped (same text, different topics)",no,49,0.996,docker-and-kubernetes-interview-questions-for-ml,09f2a01c-0f55-4a77-987b-ee0eb6fbaece,Docker and Kubernetes Interview Questions for ML,/blog/docker-and-kubernetes-interview-questions-for-ml,1,DEEP REWRITE,"Rewrite each member about its own topic. None is a merge target: the topics differ, only the text is shared.",49 articles with different titles and word-for-word the same body (raw similarity ≥ 0.95).,body text (5-word shingles)
S6,"keyword-swapped (same text, different topics)",no,49,0.996,docker-and-kubernetes-interview-questions-for-ml,2e06b1e7-1562-4bb8-8eb5-56f7aba5c4a9,Airflow Interview Questions for Data Engineers,/blog/airflow-interview-questions-for-data-engineers,0.995,DEEP REWRITE,"Rewrite each member about its own topic. None is a merge target: the topics differ, only the text is shared.",49 articles with different titles and word-for-word the same body (raw similarity ≥ 0.95).,body text (5-word shingles)
S6,"keyword-swapped (same text, different topics)",no,49,0.996,docker-and-kubernetes-interview-questions-for-ml,91ec07f1-35b5-4283-985c-68c07bbdbad1,Apache Spark Interview Questions and Answers,/blog/apache-spark-interview-questions-and-answers,0.995,DEEP REWRITE,"Rewrite each member about its own topic. None is a merge target: the topics differ, only the text is shared.",49 articles with different titles and word-for-word the same body (raw similarity ≥ 0.95).,body text (5-word shingles)
S6,"keyword-swapped (same text, different topics)",no,49,0.996,docker-and-kubernetes-interview-questions-for-ml,fb36b6b8-8d57-43ad-a1c6-1961da1d47d3,AWS Interview Questions for Data Engineers,/blog/aws-interview-questions-for-data-engineers,0.995,DEEP REWRITE,"Rewrite each member about its own topic. None is a merge target: the topics differ, only the text is shared.",49 articles with different titles and word-for-word the same body (raw similarity ≥ 0.95).,body text (5-word shingles)
S6,"keyword-swapped (same text, different topics)",no,49,0.996,docker-and-kubernetes-interview-questions-for-ml,e96ec2d8-45ed-48de-b9ea-ffd1e5e1c3fd,Azure Data Factory (ADF) Interview Questions,/blog/azure-data-factory-adf-interview-questions,0.998,DEEP REWRITE,"Rewrite each member about its own topic. None is a merge target: the topics differ, only the text is shared.",49 articles with different titles and word-for-word the same body (raw similarity ≥ 0.95).,body text (5-word shingles)
S6,"keyword-swapped (same text, different topics)",no,49,0.996,docker-and-kubernetes-interview-questions-for-ml,72c3f650-0df8-4772-bd7f-f750cdab4341,Azure Interview Questions for Data Engineers,/blog/azure-interview-questions-for-data-engineers,0.995,DEEP REWRITE,"Rewrite each member about its own topic. None is a merge target: the topics differ, only the text is shared.",49 articles with different titles and word-for-word the same body (raw similarity ≥ 0.95).,body text (5-word shingles)
S6,"keyword-swapped (same text, different topics)",no,49,0.996,docker-and-kubernetes-interview-questions-for-ml,33b74348-521e-4edd-8dd4-a36b7b482ae2,Behavioral Interview Questions for Data Roles,/blog/behavioral-interview-questions-for-data-roles,0.995,DEEP REWRITE,"Rewrite each member about its own topic. None is a merge target: the topics differ, only the text is shared.",49 articles with different titles and word-for-word the same body (raw similarity ≥ 0.95).,body text (5-word shingles)
S6,"keyword-swapped (same text, different topics)",no,49,0.996,docker-and-kubernetes-interview-questions-for-ml,2ea9a851-4aa0-4556-98b2-7fde44c6c725,BigQuery Interview Questions and Answers,/blog/bigquery-interview-questions-and-answers,0.995,DEEP REWRITE,"Rewrite each member about its own topic. None is a merge target: the topics differ, only the text is shared.",49 articles with different titles and word-for-word the same body (raw similarity ≥ 0.95).,body text (5-word shingles)
S6,"keyword-swapped (same text, different topics)",no,49,0.996,docker-and-kubernetes-interview-questions-for-ml,f969569b-56de-47e2-8a5f-d3f4da8de529,Computer Vision Interview Questions and Answers,/blog/computer-vision-interview-questions-and-answers,0.995,DEEP REWRITE,"Rewrite each member about its own topic. None is a merge target: the topics differ, only the text is shared.",49 articles with different titles and word-for-word the same body (raw similarity ≥ 0.95).,body text (5-word shingles)
S6,"keyword-swapped (same text, different topics)",no,49,0.996,docker-and-kubernetes-interview-questions-for-ml,28258a22-d9d9-4d6a-8268-84a950122a18,Data Analyst Interview Questions and Answers,/blog/data-analyst-interview-questions-and-answers,0.995,DEEP REWRITE,"Rewrite each member about its own topic. None is a merge target: the topics differ, only the text is shared.",49 articles with different titles and word-for-word the same body (raw similarity ≥ 0.95).,body text (5-word shingles)
S6,"keyword-swapped (same text, different topics)",no,49,0.996,docker-and-kubernetes-interview-questions-for-ml,d378de89-5a04-49e3-beb5-faca70d91481,Data Engineering Interview Questions and Answers,/blog/data-engineering-interview-questions-and-answers,0.995,DEEP REWRITE,"Rewrite each member about its own topic. None is a merge target: the topics differ, only the text is shared.",49 articles with different titles and word-for-word the same body (raw similarity ≥ 0.95).,body text (5-word shingles)
S6,"keyword-swapped (same text, different topics)",no,49,0.996,docker-and-kubernetes-interview-questions-for-ml,3538b8fb-f0ce-4f9b-9dae-4eb95b41e7f5,Data Modeling Interview Questions Explained,/blog/data-modeling-interview-questions-explained,0.995,DEEP REWRITE,"Rewrite each member about its own topic. None is a merge target: the topics differ, only the text is shared.",49 articles with different titles and word-for-word the same body (raw similarity ≥ 0.95).,body text (5-word shingles)
S6,"keyword-swapped (same text, different topics)",no,49,0.996,docker-and-kubernetes-interview-questions-for-ml,ceeedef7-eee6-4812-82fd-9d0980553063,Data Science Interview Questions and Answers 2026,/blog/data-science-interview-questions-and-answers-2026,0.995,DEEP REWRITE,"Rewrite each member about its own topic. None is a merge target: the topics differ, only the text is shared.",49 articles with different titles and word-for-word the same body (raw similarity ≥ 0.95).,body text (5-word shingles)
S6,"keyword-swapped (same text, different topics)",no,49,0.996,docker-and-kubernetes-interview-questions-for-ml,d65f1972-854c-4a7e-a393-f8b21f2d4301,Data Warehouse Interview Questions and Answers,/blog/data-warehouse-interview-questions-and-answers,0.995,DEEP REWRITE,"Rewrite each member about its own topic. None is a merge target: the topics differ, only the text is shared.",49 articles with different titles and word-for-word the same body (raw similarity ≥ 0.95).,body text (5-word shingles)
S6,"keyword-swapped (same text, different topics)",no,49,0.996,docker-and-kubernetes-interview-questions-for-ml,693e2cc1-4c16-495a-bd09-3dcb072bf57b,Databricks Interview Questions and Answers,/blog/databricks-interview-questions-and-answers,0.995,DEEP REWRITE,"Rewrite each member about its own topic. None is a merge target: the topics differ, only the text is shared.",49 articles with different titles and word-for-word the same body (raw similarity ≥ 0.95).,body text (5-word shingles)
S6,"keyword-swapped (same text, different topics)",no,49,0.996,docker-and-kubernetes-interview-questions-for-ml,d4b16ad8-8e08-4516-b3be-31e343134910,DAX Interview Questions for Power BI Developers,/blog/dax-interview-questions-for-power-bi-developers,0.995,DEEP REWRITE,"Rewrite each member about its own topic. None is a merge target: the topics differ, only the text is shared.",49 articles with different titles and word-for-word the same body (raw similarity ≥ 0.95).,body text (5-word shingles)
S6,"keyword-swapped (same text, different topics)",no,49,0.996,docker-and-kubernetes-interview-questions-for-ml,ef2fdaa6-042c-420f-a1f7-1b7d89740818,Deep Learning Interview Questions and Answers,/blog/deep-learning-interview-questions-and-answers,0.995,DEEP REWRITE,"Rewrite each member about its own topic. None is a merge target: the topics differ, only the text is shared.",49 articles with different titles and word-for-word the same body (raw similarity ≥ 0.95).,body text (5-word shingles)
S6,"keyword-swapped (same text, different topics)",no,49,0.996,docker-and-kubernetes-interview-questions-for-ml,336dac4c-9938-4bce-b4ad-042010a2fbdd,ETL Interview Questions for Data Engineers,/blog/etl-interview-questions-for-data-engineers,0.995,DEEP REWRITE,"Rewrite each member about its own topic. None is a merge target: the topics differ, only the text is shared.",49 articles with different titles and word-for-word the same body (raw similarity ≥ 0.95).,body text (5-word shingles)
S6,"keyword-swapped (same text, different topics)",no,49,0.996,docker-and-kubernetes-interview-questions-for-ml,9671d0ef-8c4c-4a64-86a6-3e0afb66dcb0,Excel Interview Questions for Data Analysts,/blog/excel-interview-questions-for-data-analysts,0.995,DEEP REWRITE,"Rewrite each member about its own topic. None is a merge target: the topics differ, only the text is shared.",49 articles with different titles and word-for-word the same body (raw similarity ≥ 0.95).,body text (5-word shingles)
S6,"keyword-swapped (same text, different topics)",no,49,0.996,docker-and-kubernetes-interview-questions-for-ml,79a54bb1-a722-4563-886d-be683ce70183,Feature Engineering Interview Questions,/blog/feature-engineering-interview-questions,0.998,DEEP REWRITE,"Rewrite each member about its own topic. None is a merge target: the topics differ, only the text is shared.",49 articles with different titles and word-for-word the same body (raw similarity ≥ 0.95).,body text (5-word shingles)
S6,"keyword-swapped (same text, different topics)",no,49,0.996,docker-and-kubernetes-interview-questions-for-ml,94f00e05-193a-4156-b50f-fb1308d108a1,GCP Interview Questions for Data Engineers,/blog/gcp-interview-questions-for-data-engineers,0.995,DEEP REWRITE,"Rewrite each member about its own topic. None is a merge target: the topics differ, only the text is shared.",49 articles with different titles and word-for-word the same body (raw similarity ≥ 0.95).,body text (5-word shingles)
S6,"keyword-swapped (same text, different topics)",no,49,0.996,docker-and-kubernetes-interview-questions-for-ml,cf8d6c2e-47b8-451f-97dd-3879366b47f0,Generative AI and LLM Interview Questions,/blog/generative-ai-and-llm-interview-questions,0.998,DEEP REWRITE,"Rewrite each member about its own topic. None is a merge target: the topics differ, only the text is shared.",49 articles with different titles and word-for-word the same body (raw similarity ≥ 0.95).,body text (5-word shingles)
S6,"keyword-swapped (same text, different topics)",no,49,0.996,docker-and-kubernetes-interview-questions-for-ml,103de154-885e-430a-87c4-b3e7dc09386a,Git Interview Questions Every Developer Should Know,/blog/git-interview-questions-every-developer-should-know,0.995,DEEP REWRITE,"Rewrite each member about its own topic. None is a merge target: the topics differ, only the text is shared.",49 articles with different titles and word-for-word the same body (raw similarity ≥ 0.95).,body text (5-word shingles)
S6,"keyword-swapped (same text, different topics)",no,49,0.996,docker-and-kubernetes-interview-questions-for-ml,b06e96a2-0c26-4a22-92f5-6961ba72d034,Hadoop Interview Questions and Answers,/blog/hadoop-interview-questions-and-answers,0.995,DEEP REWRITE,"Rewrite each member about its own topic. None is a merge target: the topics differ, only the text is shared.",49 articles with different titles and word-for-word the same body (raw similarity ≥ 0.95).,body text (5-word shingles)
S6,"keyword-swapped (same text, different topics)",no,49,0.996,docker-and-kubernetes-interview-questions-for-ml,a1d2eb6a-b749-455a-a269-4a6f4b870673,Kafka Interview Questions Explained,/blog/kafka-interview-questions-explained,0.995,DEEP REWRITE,"Rewrite each member about its own topic. None is a merge target: the topics differ, only the text is shared.",49 articles with different titles and word-for-word the same body (raw similarity ≥ 0.95).,body text (5-word shingles)
S6,"keyword-swapped (same text, different topics)",no,49,0.996,docker-and-kubernetes-interview-questions-for-ml,e29aba5c-08bd-4f10-99d5-d1b1418cff33,Linux Interview Questions for Data Engineers,/blog/linux-interview-questions-for-data-engineers,0.995,DEEP REWRITE,"Rewrite each member about its own topic. None is a merge target: the topics differ, only the text is shared.",49 articles with different titles and word-for-word the same body (raw similarity ≥ 0.95).,body text (5-word shingles)
S6,"keyword-swapped (same text, different topics)",no,49,0.996,docker-and-kubernetes-interview-questions-for-ml,91d16817-f3bf-4b01-b6d3-01df7e635c83,Machine Learning Interview Questions: Concepts and Answers,/blog/machine-learning-interview-questions-concepts-and-answers,0.998,DEEP REWRITE,"Rewrite each member about its own topic. None is a merge target: the topics differ, only the text is shared.",49 articles with different titles and word-for-word the same body (raw similarity ≥ 0.95).,body text (5-word shingles)
S6,"keyword-swapped (same text, different topics)",no,49,0.996,docker-and-kubernetes-interview-questions-for-ml,e46dd18b-36d8-40fb-9729-5023c0219658,MLOps Interview Questions and Answers,/blog/mlops-interview-questions-and-answers,0.995,DEEP REWRITE,"Rewrite each member about its own topic. None is a merge target: the topics differ, only the text is shared.",49 articles with different titles and word-for-word the same body (raw similarity ≥ 0.95).,body text (5-word shingles)
S6,"keyword-swapped (same text, different topics)",no,49,0.996,docker-and-kubernetes-interview-questions-for-ml,fd1b5c74-df47-411d-b587-8600970de604,NLP Interview Questions for Data Scientists,/blog/nlp-interview-questions-for-data-scientists,0.995,DEEP REWRITE,"Rewrite each member about its own topic. None is a merge target: the topics differ, only the text is shared.",49 articles with different titles and word-for-word the same body (raw similarity ≥ 0.95).,body text (5-word shingles)
S6,"keyword-swapped (same text, different topics)",no,49,0.996,docker-and-kubernetes-interview-questions-for-ml,b3b16932-4699-4144-8b25-2d7f09b7ec3f,NumPy Interview Questions for Data Roles,/blog/numpy-interview-questions-for-data-roles,0.995,DEEP REWRITE,"Rewrite each member about its own topic. None is a merge target: the topics differ, only the text is shared.",49 articles with different titles and word-for-word the same body (raw similarity ≥ 0.95).,body text (5-word shingles)
S6,"keyword-swapped (same text, different topics)",no,49,0.996,docker-and-kubernetes-interview-questions-for-ml,fc4360ad-8aae-49ec-886e-23ae17a2a9c8,Pandas Interview Questions Every Analyst Should Know,/blog/pandas-interview-questions-every-analyst-should-know,0.995,DEEP REWRITE,"Rewrite each member about its own topic. None is a merge target: the topics differ, only the text is shared.",49 articles with different titles and word-for-word the same body (raw similarity ≥ 0.95).,body text (5-word shingles)
S6,"keyword-swapped (same text, different topics)",no,49,0.996,docker-and-kubernetes-interview-questions-for-ml,45a28bcf-874b-48d3-8589-3d7cdeca2666,Power BI Interview Questions with Detailed Answers,/blog/power-bi-interview-questions-with-detailed-answers,0.995,DEEP REWRITE,"Rewrite each member about its own topic. None is a merge target: the topics differ, only the text is shared.",49 articles with different titles and word-for-word the same body (raw similarity ≥ 0.95).,body text (5-word shingles)
S6,"keyword-swapped (same text, different topics)",no,49,0.996,docker-and-kubernetes-interview-questions-for-ml,dfd6e4b1-074e-4822-b61f-52f3aa65d16a,Probability Interview Questions for Data Science,/blog/probability-interview-questions-for-data-science,0.995,DEEP REWRITE,"Rewrite each member about its own topic. None is a merge target: the topics differ, only the text is shared.",49 articles with different titles and word-for-word the same body (raw similarity ≥ 0.95).,body text (5-word shingles)
S6,"keyword-swapped (same text, different topics)",no,49,0.996,docker-and-kubernetes-interview-questions-for-ml,6c03ff22-411c-4983-8ad6-a42a6df1fdfb,PySpark Interview Questions with Examples,/blog/pyspark-interview-questions-with-examples,0.995,DEEP REWRITE,"Rewrite each member about its own topic. None is a merge target: the topics differ, only the text is shared.",49 articles with different titles and word-for-word the same body (raw similarity ≥ 0.95).,body text (5-word shingles)
S6,"keyword-swapped (same text, different topics)",no,49,0.996,docker-and-kubernetes-interview-questions-for-ml,37fd49e4-04a3-45b0-a5c0-bc59154ca904,Python Coding Interview Questions and Patterns,/blog/python-coding-interview-questions-and-patterns,0.995,DEEP REWRITE,"Rewrite each member about its own topic. None is a merge target: the topics differ, only the text is shared.",49 articles with different titles and word-for-word the same body (raw similarity ≥ 0.95).,body text (5-word shingles)
S6,"keyword-swapped (same text, different topics)",no,49,0.996,docker-and-kubernetes-interview-questions-for-ml,8f3e6cc3-851a-459f-a821-c64d9dd4de2a,Python Interview Questions for Data Roles,/blog/python-interview-questions-for-data-roles,0.995,DEEP REWRITE,"Rewrite each member about its own topic. None is a merge target: the topics differ, only the text is shared.",49 articles with different titles and word-for-word the same body (raw similarity ≥ 0.95).,body text (5-word shingles)
S6,"keyword-swapped (same text, different topics)",no,49,0.996,docker-and-kubernetes-interview-questions-for-ml,d072e01d-bfd2-43ff-9414-949102f7ac8f,Redshift Interview Questions and Answers,/blog/redshift-interview-questions-and-answers,0.995,DEEP REWRITE,"Rewrite each member about its own topic. None is a merge target: the topics differ, only the text is shared.",49 articles with different titles and word-for-word the same body (raw similarity ≥ 0.95).,body text (5-word shingles)
S6,"keyword-swapped (same text, different topics)",no,49,0.996,docker-and-kubernetes-interview-questions-for-ml,74a2fb9b-d043-44be-a9c3-9b12ea1ab0bb,REST API Interview Questions and Answers,/blog/rest-api-interview-questions-and-answers,0.995,DEEP REWRITE,"Rewrite each member about its own topic. None is a merge target: the topics differ, only the text is shared.",49 articles with different titles and word-for-word the same body (raw similarity ≥ 0.95).,body text (5-word shingles)
S6,"keyword-swapped (same text, different topics)",no,49,0.996,docker-and-kubernetes-interview-questions-for-ml,6e1e8360-d516-42a5-b0ff-28815b2b62b4,Scenario-Based SQL Interview Questions,/blog/scenario-based-sql-interview-questions,0.998,DEEP REWRITE,"Rewrite each member about its own topic. None is a merge target: the topics differ, only the text is shared.",49 articles with different titles and word-for-word the same body (raw similarity ≥ 0.95).,body text (5-word shingles)
S6,"keyword-swapped (same text, different topics)",no,49,0.996,docker-and-kubernetes-interview-questions-for-ml,e7ebd93c-043d-432b-81ed-d30b646913ac,Snowflake Interview Questions for Data Engineers,/blog/snowflake-interview-questions-for-data-engineers,0.995,DEEP REWRITE,"Rewrite each member about its own topic. None is a merge target: the topics differ, only the text is shared.",49 articles with different titles and word-for-word the same body (raw similarity ≥ 0.95).,body text (5-word shingles)
S6,"keyword-swapped (same text, different topics)",no,49,0.996,docker-and-kubernetes-interview-questions-for-ml,1bc64f43-9695-45a0-8f10-ec5565d163a2,Spark Performance Interview Questions,/blog/spark-performance-interview-questions,0.998,DEEP REWRITE,"Rewrite each member about its own topic. None is a merge target: the topics differ, only the text is shared.",49 articles with different titles and word-for-word the same body (raw similarity ≥ 0.95).,body text (5-word shingles)
S6,"keyword-swapped (same text, different topics)",no,49,0.996,docker-and-kubernetes-interview-questions-for-ml,7b6eac4b-442b-49d6-b36a-e9b17a16fc59,SQL Interview Questions: Top 50 with Answers,/blog/sql-interview-questions-top-50-with-answers,0.998,DEEP REWRITE,"Rewrite each member about its own topic. None is a merge target: the topics differ, only the text is shared.",49 articles with different titles and word-for-word the same body (raw similarity ≥ 0.95).,body text (5-word shingles)
S6,"keyword-swapped (same text, different topics)",no,49,0.996,docker-and-kubernetes-interview-questions-for-ml,aac6475a-e773-439f-9b1c-bee32b550604,SQL Joins Interview Questions Explained,/blog/sql-joins-interview-questions-explained,0.995,DEEP REWRITE,"Rewrite each member about its own topic. None is a merge target: the topics differ, only the text is shared.",49 articles with different titles and word-for-word the same body (raw similarity ≥ 0.95).,body text (5-word shingles)
S6,"keyword-swapped (same text, different topics)",no,49,0.996,docker-and-kubernetes-interview-questions-for-ml,f6b8ce40-2762-4f88-9812-fa523dcad34c,SQL Query Optimization Interview Questions,/blog/sql-query-optimization-interview-questions,0.998,DEEP REWRITE,"Rewrite each member about its own topic. None is a merge target: the topics differ, only the text is shared.",49 articles with different titles and word-for-word the same body (raw similarity ≥ 0.95).,body text (5-word shingles)
S6,"keyword-swapped (same text, different topics)",no,49,0.996,docker-and-kubernetes-interview-questions-for-ml,a84dfe9a-49ee-4ec0-9307-68bfcf6c4495,Statistics Interview Questions for Data Science,/blog/statistics-interview-questions-for-data-science,0.995,DEEP REWRITE,"Rewrite each member about its own topic. None is a merge target: the topics differ, only the text is shared.",49 articles with different titles and word-for-word the same body (raw similarity ≥ 0.95).,body text (5-word shingles)
S6,"keyword-swapped (same text, different topics)",no,49,0.996,docker-and-kubernetes-interview-questions-for-ml,a29327d8-4825-422a-aefa-bd84284bc548,System Design Interview Questions for Data Engineers,/blog/system-design-interview-questions-for-data-engineers,0.995,DEEP REWRITE,"Rewrite each member about its own topic. None is a merge target: the topics differ, only the text is shared.",49 articles with different titles and word-for-word the same body (raw similarity ≥ 0.95).,body text (5-word shingles)
S6,"keyword-swapped (same text, different topics)",no,49,0.996,docker-and-kubernetes-interview-questions-for-ml,65382c79-0cdd-40af-bb31-09a03b6e4c0c,Tableau Interview Questions and Answers,/blog/tableau-interview-questions-and-answers,0.995,DEEP REWRITE,"Rewrite each member about its own topic. None is a merge target: the topics differ, only the text is shared.",49 articles with different titles and word-for-word the same body (raw similarity ≥ 0.95).,body text (5-word shingles)
S6,"keyword-swapped (same text, different topics)",no,49,0.996,docker-and-kubernetes-interview-questions-for-ml,350a81ab-9383-4028-a0d0-33f585eeedc3,Time Series Interview Questions for Data Science,/blog/time-series-interview-questions-for-data-science,0.995,DEEP REWRITE,"Rewrite each member about its own topic. None is a merge target: the topics differ, only the text is shared.",49 articles with different titles and word-for-word the same body (raw similarity ≥ 0.95).,body text (5-word shingles)
S6,"keyword-swapped (same text, different topics)",no,49,0.996,docker-and-kubernetes-interview-questions-for-ml,1ebea313-c19e-45ea-9b86-e6682e0c5ed3,Window Functions SQL Interview Questions,/blog/window-functions-sql-interview-questions,0.998,DEEP REWRITE,"Rewrite each member about its own topic. None is a merge target: the topics differ, only the text is shared.",49 articles with different titles and word-for-word the same body (raw similarity ≥ 0.95).,body text (5-word shingles)
S7,"keyword-swapped (same text, different topics)",no,32,1,how-to-become-a-data-engineer-in-2026,b9fbae04-d29a-4a8e-a16f-3f23b53cd221,How to Become a Data Engineer in 2026,/blog/how-to-become-a-data-engineer-in-2026,1,DEEP REWRITE,"Rewrite each member about its own topic. None is a merge target: the topics differ, only the text is shared.",32 articles with different titles and word-for-word the same body (raw similarity ≥ 0.95).,body text (5-word shingles)
S7,"keyword-swapped (same text, different topics)",no,32,1,how-to-become-a-data-engineer-in-2026,5d57b451-b542-4e96-9cee-2ea19f961d27,Airflow Tutorial: Orchestrating Data Pipelines,/blog/airflow-tutorial-orchestrating-data-pipelines,1,DEEP REWRITE,"Rewrite each member about its own topic. None is a merge target: the topics differ, only the text is shared.",32 articles with different titles and word-for-word the same body (raw similarity ≥ 0.95).,body text (5-word shingles)
S7,"keyword-swapped (same text, different topics)",no,32,1,how-to-become-a-data-engineer-in-2026,e73532ca-6c20-4b39-b190-b8d3e3243ac8,Apache Kafka Explained: Streaming Data Basics,/blog/apache-kafka-explained-streaming-data-basics,1,DEEP REWRITE,"Rewrite each member about its own topic. None is a merge target: the topics differ, only the text is shared.",32 articles with different titles and word-for-word the same body (raw similarity ≥ 0.95).,body text (5-word shingles)
S7,"keyword-swapped (same text, different topics)",no,32,1,how-to-become-a-data-engineer-in-2026,4ebc971b-8e9d-467c-a277-1af051bda29b,Apache Spark Explained for Beginners,/blog/apache-spark-explained-for-beginners,1,DEEP REWRITE,"Rewrite each member about its own topic. None is a merge target: the topics differ, only the text is shared.",32 articles with different titles and word-for-word the same body (raw similarity ≥ 0.95).,body text (5-word shingles)
S7,"keyword-swapped (same text, different topics)",no,32,1,how-to-become-a-data-engineer-in-2026,69913a9c-53e8-4caa-abe4-3cf11ca9b30b,Building a Data Warehouse: A Step-by-Step Guide,/blog/building-a-data-warehouse-a-step-by-step-guide,1,DEEP REWRITE,"Rewrite each member about its own topic. None is a merge target: the topics differ, only the text is shared.",32 articles with different titles and word-for-word the same body (raw similarity ≥ 0.95).,body text (5-word shingles)
S7,"keyword-swapped (same text, different topics)",no,32,1,how-to-become-a-data-engineer-in-2026,747abbc1-4071-4aaf-84af-3bbcc7f62ff1,Building a Streaming Pipeline with Kafka and Spark,/blog/building-a-streaming-pipeline-with-kafka-and-spark,1,DEEP REWRITE,"Rewrite each member about its own topic. None is a merge target: the topics differ, only the text is shared.",32 articles with different titles and word-for-word the same body (raw similarity ≥ 0.95).,body text (5-word shingles)
S7,"keyword-swapped (same text, different topics)",no,32,1,how-to-become-a-data-engineer-in-2026,bead229f-3b4b-42ea-8fd3-07d44b415a1d,Building Incremental Data Loads That Scale,/blog/building-incremental-data-loads-that-scale,1,DEEP REWRITE,"Rewrite each member about its own topic. None is a merge target: the topics differ, only the text is shared.",32 articles with different titles and word-for-word the same body (raw similarity ≥ 0.95).,body text (5-word shingles)
S7,"keyword-swapped (same text, different topics)",no,32,1,how-to-become-a-data-engineer-in-2026,df25f830-9e0f-469c-b913-552ae161ace8,Building Your First Data Pipeline: A Walkthrough,/blog/building-your-first-data-pipeline-a-walkthrough,1,DEEP REWRITE,"Rewrite each member about its own topic. None is a merge target: the topics differ, only the text is shared.",32 articles with different titles and word-for-word the same body (raw similarity ≥ 0.95).,body text (5-word shingles)
S7,"keyword-swapped (same text, different topics)",no,32,1,how-to-become-a-data-engineer-in-2026,07e8b86d-4546-4062-82e7-a772e4c8174f,CDC (Change Data Capture) Explained with Examples,/blog/cdc-change-data-capture-explained-with-examples,1,DEEP REWRITE,"Rewrite each member about its own topic. None is a merge target: the topics differ, only the text is shared.",32 articles with different titles and word-for-word the same body (raw similarity ≥ 0.95).,body text (5-word shingles)
S7,"keyword-swapped (same text, different topics)",no,32,1,how-to-become-a-data-engineer-in-2026,50cd4f22-ea78-4a29-b3b1-7aea85eb9d82,Data Contracts: Reliable Pipelines Between Teams,/blog/data-contracts-reliable-pipelines-between-teams,1,DEEP REWRITE,"Rewrite each member about its own topic. None is a merge target: the topics differ, only the text is shared.",32 articles with different titles and word-for-word the same body (raw similarity ≥ 0.95).,body text (5-word shingles)
S7,"keyword-swapped (same text, different topics)",no,32,1,how-to-become-a-data-engineer-in-2026,ad6c6db4-7122-40af-8016-86960a506c49,Data Engineering Tools You Must Learn in 2026,/blog/data-engineering-tools-you-must-learn-in-2026,1,DEEP REWRITE,"Rewrite each member about its own topic. None is a merge target: the topics differ, only the text is shared.",32 articles with different titles and word-for-word the same body (raw similarity ≥ 0.95).,body text (5-word shingles)
S7,"keyword-swapped (same text, different topics)",no,32,1,how-to-become-a-data-engineer-in-2026,d3cc84b7-ca6c-4f99-a198-d99035480b18,"Data Modeling: Star Schema, Snowflake and Data Vault",/blog/data-modeling-star-schema-snowflake-and-data-vault,1,DEEP REWRITE,"Rewrite each member about its own topic. None is a merge target: the topics differ, only the text is shared.",32 articles with different titles and word-for-word the same body (raw similarity ≥ 0.95).,body text (5-word shingles)
S7,"keyword-swapped (same text, different topics)",no,32,1,how-to-become-a-data-engineer-in-2026,40ef6920-5fa8-4eb3-a79f-93a58b864e04,Data Quality: Testing and Validation in Pipelines,/blog/data-quality-testing-and-validation-in-pipelines,1,DEEP REWRITE,"Rewrite each member about its own topic. None is a merge target: the topics differ, only the text is shared.",32 articles with different titles and word-for-word the same body (raw similarity ≥ 0.95).,body text (5-word shingles)
S7,"keyword-swapped (same text, different topics)",no,32,1,how-to-become-a-data-engineer-in-2026,fa556191-c716-47e5-8742-41ccd92ced2b,Data Warehouse Explained: Concepts and Architecture,/blog/data-warehouse-explained-concepts-and-architecture,1,DEEP REWRITE,"Rewrite each member about its own topic. None is a merge target: the topics differ, only the text is shared.",32 articles with different titles and word-for-word the same body (raw similarity ≥ 0.95).,body text (5-word shingles)
S7,"keyword-swapped (same text, different topics)",no,32,1,how-to-become-a-data-engineer-in-2026,f82e181d-ac01-49be-beae-19a1ea358f60,Databricks Tutorial: A Beginner's Guide,/blog/databricks-tutorial-a-beginner-s-guide,1,DEEP REWRITE,"Rewrite each member about its own topic. None is a merge target: the topics differ, only the text is shared.",32 articles with different titles and word-for-word the same body (raw similarity ≥ 0.95).,body text (5-word shingles)
S7,"keyword-swapped (same text, different topics)",no,32,1,how-to-become-a-data-engineer-in-2026,1d22fc41-7822-4da0-b930-3fb492f53d3a,dbt Tutorial: Transformations in the Modern Data Stack,/blog/dbt-tutorial-transformations-in-the-modern-data-stack,1,DEEP REWRITE,"Rewrite each member about its own topic. None is a merge target: the topics differ, only the text is shared.",32 articles with different titles and word-for-word the same body (raw similarity ≥ 0.95).,body text (5-word shingles)
S7,"keyword-swapped (same text, different topics)",no,32,1,how-to-become-a-data-engineer-in-2026,d14ca241-79af-44c8-b0ec-c36463b23f4e,Delta Lake Explained: Reliable Lakes with ACID,/blog/delta-lake-explained-reliable-lakes-with-acid,1,DEEP REWRITE,"Rewrite each member about its own topic. None is a merge target: the topics differ, only the text is shared.",32 articles with different titles and word-for-word the same body (raw similarity ≥ 0.95).,body text (5-word shingles)
S7,"keyword-swapped (same text, different topics)",no,32,1,how-to-become-a-data-engineer-in-2026,6d99b234-3768-4d44-a80b-09f0071c027b,Designing Fact and Dimension Tables,/blog/designing-fact-and-dimension-tables,1,DEEP REWRITE,"Rewrite each member about its own topic. None is a merge target: the topics differ, only the text is shared.",32 articles with different titles and word-for-word the same body (raw similarity ≥ 0.95).,body text (5-word shingles)
S7,"keyword-swapped (same text, different topics)",no,32,1,how-to-become-a-data-engineer-in-2026,522f166c-4611-42e9-8a7a-c071f08f2993,Distributed Systems Basics for Data Engineers,/blog/distributed-systems-basics-for-data-engineers,1,DEEP REWRITE,"Rewrite each member about its own topic. None is a merge target: the topics differ, only the text is shared.",32 articles with different titles and word-for-word the same body (raw similarity ≥ 0.95).,body text (5-word shingles)
S7,"keyword-swapped (same text, different topics)",no,32,1,how-to-become-a-data-engineer-in-2026,8e24f914-032a-466a-b6ba-1157d670978d,Handling Late-Arriving Data in Pipelines,/blog/handling-late-arriving-data-in-pipelines,1,DEEP REWRITE,"Rewrite each member about its own topic. None is a merge target: the topics differ, only the text is shared.",32 articles with different titles and word-for-word the same body (raw similarity ≥ 0.95).,body text (5-word shingles)
S7,"keyword-swapped (same text, different topics)",no,32,1,how-to-become-a-data-engineer-in-2026,8797d685-cfa2-4c42-b713-b989639d4417,Idempotency in Data Pipelines: Why It Matters,/blog/idempotency-in-data-pipelines-why-it-matters,1,DEEP REWRITE,"Rewrite each member about its own topic. None is a merge target: the topics differ, only the text is shared.",32 articles with different titles and word-for-word the same body (raw similarity ≥ 0.95).,body text (5-word shingles)
S7,"keyword-swapped (same text, different topics)",no,32,1,how-to-become-a-data-engineer-in-2026,ed385058-9ad5-4a1d-a1af-68f915c51b0b,"Medallion Architecture: Bronze, Silver and Gold Layers",/blog/medallion-architecture-bronze-silver-and-gold-layers,1,DEEP REWRITE,"Rewrite each member about its own topic. None is a merge target: the topics differ, only the text is shared.",32 articles with different titles and word-for-word the same body (raw similarity ≥ 0.95).,body text (5-word shingles)
S7,"keyword-swapped (same text, different topics)",no,32,1,how-to-become-a-data-engineer-in-2026,2bd4e975-fbf9-4721-b99e-40d86e2f9187,Partitioning and Bucketing in Spark Explained,/blog/partitioning-and-bucketing-in-spark-explained,1,DEEP REWRITE,"Rewrite each member about its own topic. None is a merge target: the topics differ, only the text is shared.",32 articles with different titles and word-for-word the same body (raw similarity ≥ 0.95).,body text (5-word shingles)
S7,"keyword-swapped (same text, different topics)",no,32,1,how-to-become-a-data-engineer-in-2026,b63e7d74-670c-45b9-9235-f8a40ba07cab,"PySpark Tutorial: DataFrames, Transformations and Actions",/blog/pyspark-tutorial-dataframes-transformations-and-actions,1,DEEP REWRITE,"Rewrite each member about its own topic. None is a merge target: the topics differ, only the text is shared.",32 articles with different titles and word-for-word the same body (raw similarity ≥ 0.95).,body text (5-word shingles)
S7,"keyword-swapped (same text, different topics)",no,32,1,how-to-become-a-data-engineer-in-2026,94ae6a42-36ac-42ff-b4b7-e8bf99caf3b0,Real-Time Analytics: Architecture and Tools,/blog/real-time-analytics-architecture-and-tools,1,DEEP REWRITE,"Rewrite each member about its own topic. None is a merge target: the topics differ, only the text is shared.",32 articles with different titles and word-for-word the same body (raw similarity ≥ 0.95).,body text (5-word shingles)
S7,"keyword-swapped (same text, different topics)",no,32,1,how-to-become-a-data-engineer-in-2026,16247e73-2517-4f0f-996d-bf38a858ccc1,Schema Evolution: Handling Changing Data Structures,/blog/schema-evolution-handling-changing-data-structures,1,DEEP REWRITE,"Rewrite each member about its own topic. None is a merge target: the topics differ, only the text is shared.",32 articles with different titles and word-for-word the same body (raw similarity ≥ 0.95).,body text (5-word shingles)
S7,"keyword-swapped (same text, different topics)",no,32,1,how-to-become-a-data-engineer-in-2026,6e3bb926-8c77-4478-920e-a235cf7e0a3d,Slowly Changing Dimensions (SCD) Types Explained,/blog/slowly-changing-dimensions-scd-types-explained,1,DEEP REWRITE,"Rewrite each member about its own topic. None is a merge target: the topics differ, only the text is shared.",32 articles with different titles and word-for-word the same body (raw similarity ≥ 0.95).,body text (5-word shingles)
S7,"keyword-swapped (same text, different topics)",no,32,1,how-to-become-a-data-engineer-in-2026,5467e7b0-3db3-463a-8fa8-b7fe5b3565c7,Snowflake Explained: The Cloud Data Warehouse,/blog/snowflake-explained-the-cloud-data-warehouse,1,DEEP REWRITE,"Rewrite each member about its own topic. None is a merge target: the topics differ, only the text is shared.",32 articles with different titles and word-for-word the same body (raw similarity ≥ 0.95).,body text (5-word shingles)
S7,"keyword-swapped (same text, different topics)",no,32,1,how-to-become-a-data-engineer-in-2026,ae52065a-5346-47db-83bf-08c044606f55,"Spark Performance Tuning: Shuffles, Joins and Caching",/blog/spark-performance-tuning-shuffles-joins-and-caching,1,DEEP REWRITE,"Rewrite each member about its own topic. None is a merge target: the topics differ, only the text is shared.",32 articles with different titles and word-for-word the same body (raw similarity ≥ 0.95).,body text (5-word shingles)
S7,"keyword-swapped (same text, different topics)",no,32,1,how-to-become-a-data-engineer-in-2026,bdec5416-d332-4027-8859-0a0af5b167e1,SQL Optimization for Data Engineers,/blog/sql-optimization-for-data-engineers,1,DEEP REWRITE,"Rewrite each member about its own topic. None is a merge target: the topics differ, only the text is shared.",32 articles with different titles and word-for-word the same body (raw similarity ≥ 0.95).,body text (5-word shingles)
S7,"keyword-swapped (same text, different topics)",no,32,1,how-to-become-a-data-engineer-in-2026,adda97ca-0c6a-4b1a-93f3-73ab2c4b9e56,Window Functions in SQL for Data Engineers,/blog/window-functions-in-sql-for-data-engineers,1,DEEP REWRITE,"Rewrite each member about its own topic. None is a merge target: the topics differ, only the text is shared.",32 articles with different titles and word-for-word the same body (raw similarity ≥ 0.95).,body text (5-word shingles)
S7,"keyword-swapped (same text, different topics)",no,32,1,how-to-become-a-data-engineer-in-2026,b23df0ec-f12d-4e01-b766-925c41a39f6a,Workflow Orchestration with Apache Airflow DAGs,/blog/workflow-orchestration-with-apache-airflow-dags,1,DEEP REWRITE,"Rewrite each member about its own topic. None is a merge target: the topics differ, only the text is shared.",32 articles with different titles and word-for-word the same body (raw similarity ≥ 0.95).,body text (5-word shingles)
S8,"keyword-swapped (same text, different topics)",no,37,0.998,amazon-athena-querying-s3-with-sql,ae40295b-4ad6-4f94-9816-71fc8ff05487,Amazon Athena: Querying S3 with SQL,/blog/amazon-athena-querying-s3-with-sql,1,DEEP REWRITE,"Rewrite each member about its own topic. None is a merge target: the topics differ, only the text is shared.",37 articles with different titles and word-for-word the same body (raw similarity ≥ 0.95).,body text (5-word shingles)
S8,"keyword-swapped (same text, different topics)",no,37,0.998,amazon-athena-querying-s3-with-sql,c8197807-6dec-4b93-82b9-cfcd461c3b5b,Amazon DynamoDB Explained for Beginners,/blog/amazon-dynamodb-explained-for-beginners,0.967,DEEP REWRITE,"Rewrite each member about its own topic. None is a merge target: the topics differ, only the text is shared.",37 articles with different titles and word-for-word the same body (raw similarity ≥ 0.95).,body text (5-word shingles)
S8,"keyword-swapped (same text, different topics)",no,37,0.998,amazon-athena-querying-s3-with-sql,34d19c0e-ed5b-4d89-aa3c-b316a1043bcf,"Amazon EC2 Explained: Instances, Types and Pricing",/blog/amazon-ec2-explained-instances-types-and-pricing,0.967,DEEP REWRITE,"Rewrite each member about its own topic. None is a merge target: the topics differ, only the text is shared.",37 articles with different titles and word-for-word the same body (raw similarity ≥ 0.95).,body text (5-word shingles)
S8,"keyword-swapped (same text, different topics)",no,37,0.998,amazon-athena-querying-s3-with-sql,3404fd01-f4ec-4dc1-ba13-df9903fc23e1,Amazon EMR Explained: Big Data on AWS,/blog/amazon-emr-explained-big-data-on-aws,0.967,DEEP REWRITE,"Rewrite each member about its own topic. None is a merge target: the topics differ, only the text is shared.",37 articles with different titles and word-for-word the same body (raw similarity ≥ 0.95).,body text (5-word shingles)
S8,"keyword-swapped (same text, different topics)",no,37,0.998,amazon-athena-querying-s3-with-sql,91518a9c-fe75-447b-8e91-b75d38aadc78,Amazon Kinesis Explained: Real-Time Streaming,/blog/amazon-kinesis-explained-real-time-streaming,0.967,DEEP REWRITE,"Rewrite each member about its own topic. None is a merge target: the topics differ, only the text is shared.",37 articles with different titles and word-for-word the same body (raw similarity ≥ 0.95).,body text (5-word shingles)
S8,"keyword-swapped (same text, different topics)",no,37,0.998,amazon-athena-querying-s3-with-sql,3c63c20d-a99a-411b-902f-f6e4dd06131a,Amazon MSK: Managed Kafka on AWS,/blog/amazon-msk-managed-kafka-on-aws,0.967,DEEP REWRITE,"Rewrite each member about its own topic. None is a merge target: the topics differ, only the text is shared.",37 articles with different titles and word-for-word the same body (raw similarity ≥ 0.95).,body text (5-word shingles)
S8,"keyword-swapped (same text, different topics)",no,37,0.998,amazon-athena-querying-s3-with-sql,bbfa6ba7-3b85-4256-9478-90f299254d11,Amazon Redshift Explained: The Cloud Data Warehouse,/blog/amazon-redshift-explained-the-cloud-data-warehouse,0.967,DEEP REWRITE,"Rewrite each member about its own topic. None is a merge target: the topics differ, only the text is shared.",37 articles with different titles and word-for-word the same body (raw similarity ≥ 0.95).,body text (5-word shingles)
S8,"keyword-swapped (same text, different topics)",no,37,0.998,amazon-athena-querying-s3-with-sql,3a84fe40-cddb-42a3-9f22-25f5aa574716,"Amazon S3 Explained: Storage, Classes and Best Practices",/blog/amazon-s3-explained-storage-classes-and-best-practices,0.967,DEEP REWRITE,"Rewrite each member about its own topic. None is a merge target: the topics differ, only the text is shared.",37 articles with different titles and word-for-word the same body (raw similarity ≥ 0.95).,body text (5-word shingles)
S8,"keyword-swapped (same text, different topics)",no,37,0.998,amazon-athena-querying-s3-with-sql,80e049d5-c6f5-4474-8cb3-a3447f1fedd4,Athena Federated Queries Explained,/blog/athena-federated-queries-explained,0.967,DEEP REWRITE,"Rewrite each member about its own topic. None is a merge target: the topics differ, only the text is shared.",37 articles with different titles and word-for-word the same body (raw similarity ≥ 0.95).,body text (5-word shingles)
S8,"keyword-swapped (same text, different topics)",no,37,0.998,amazon-athena-querying-s3-with-sql,f56d3762-478a-4c31-98e0-ef38caae222e,AWS CloudWatch for Monitoring Data Pipelines,/blog/aws-cloudwatch-for-monitoring-data-pipelines,0.967,DEEP REWRITE,"Rewrite each member about its own topic. None is a merge target: the topics differ, only the text is shared.",37 articles with different titles and word-for-word the same body (raw similarity ≥ 0.95).,body text (5-word shingles)
S8,"keyword-swapped (same text, different topics)",no,37,0.998,amazon-athena-querying-s3-with-sql,2d2684b7-6e03-4a37-930b-fdca72ccceb5,AWS Cost Optimization for Data Workloads,/blog/aws-cost-optimization-for-data-workloads,0.967,DEEP REWRITE,"Rewrite each member about its own topic. None is a merge target: the topics differ, only the text is shared.",37 articles with different titles and word-for-word the same body (raw similarity ≥ 0.95).,body text (5-word shingles)
S8,"keyword-swapped (same text, different topics)",no,37,0.998,amazon-athena-querying-s3-with-sql,fc7dc45f-56ea-4e11-a850-901156b19a51,AWS Data Engineer Guide: Skills and Services,/blog/aws-data-engineer-guide-skills-and-services,0.967,DEEP REWRITE,"Rewrite each member about its own topic. None is a merge target: the topics differ, only the text is shared.",37 articles with different titles and word-for-word the same body (raw similarity ≥ 0.95).,body text (5-word shingles)
S8,"keyword-swapped (same text, different topics)",no,37,0.998,amazon-athena-querying-s3-with-sql,3e35ca71-6f6f-47fa-b6c4-f93c4476881d,AWS Free Tier: What You Can Build for Practice,/blog/aws-free-tier-what-you-can-build-for-practice,0.967,DEEP REWRITE,"Rewrite each member about its own topic. None is a merge target: the topics differ, only the text is shared.",37 articles with different titles and word-for-word the same body (raw similarity ≥ 0.95).,body text (5-word shingles)
S8,"keyword-swapped (same text, different topics)",no,37,0.998,amazon-athena-querying-s3-with-sql,ee1f5b0c-6973-4e9d-9bf6-8197721caa41,AWS Glue Data Catalog and Crawlers Explained,/blog/aws-glue-data-catalog-and-crawlers-explained,0.967,DEEP REWRITE,"Rewrite each member about its own topic. None is a merge target: the topics differ, only the text is shared.",37 articles with different titles and word-for-word the same body (raw similarity ≥ 0.95).,body text (5-word shingles)
S8,"keyword-swapped (same text, different topics)",no,37,0.998,amazon-athena-querying-s3-with-sql,5bb06e8d-8c3a-4689-8979-0190b055bd23,AWS Glue Jobs: PySpark on Serverless Spark,/blog/aws-glue-jobs-pyspark-on-serverless-spark,0.967,DEEP REWRITE,"Rewrite each member about its own topic. None is a merge target: the topics differ, only the text is shared.",37 articles with different titles and word-for-word the same body (raw similarity ≥ 0.95).,body text (5-word shingles)
S8,"keyword-swapped (same text, different topics)",no,37,0.998,amazon-athena-querying-s3-with-sql,43090c3b-d496-410d-ba59-c679d6506321,AWS Glue Studio: Visual ETL for Beginners,/blog/aws-glue-studio-visual-etl-for-beginners,0.967,DEEP REWRITE,"Rewrite each member about its own topic. None is a merge target: the topics differ, only the text is shared.",37 articles with different titles and word-for-word the same body (raw similarity ≥ 0.95).,body text (5-word shingles)
S8,"keyword-swapped (same text, different topics)",no,37,0.998,amazon-athena-querying-s3-with-sql,b02836b8-0ec5-4cbd-83fc-31b420215099,AWS Glue Tutorial: Serverless ETL on AWS,/blog/aws-glue-tutorial-serverless-etl-on-aws,0.967,DEEP REWRITE,"Rewrite each member about its own topic. None is a merge target: the topics differ, only the text is shared.",37 articles with different titles and word-for-word the same body (raw similarity ≥ 0.95).,body text (5-word shingles)
S8,"keyword-swapped (same text, different topics)",no,37,0.998,amazon-athena-querying-s3-with-sql,1347f457-e649-430e-8513-d5897456f917,"AWS IAM Explained: Users, Roles and Policies",/blog/aws-iam-explained-users-roles-and-policies,0.967,DEEP REWRITE,"Rewrite each member about its own topic. None is a merge target: the topics differ, only the text is shared.",37 articles with different titles and word-for-word the same body (raw similarity ≥ 0.95).,body text (5-word shingles)
S8,"keyword-swapped (same text, different topics)",no,37,0.998,amazon-athena-querying-s3-with-sql,bb5962f1-02dc-4ecf-be8c-4e4cdb5c7124,AWS Lake Formation: Governance for Data Lakes,/blog/aws-lake-formation-governance-for-data-lakes,0.967,DEEP REWRITE,"Rewrite each member about its own topic. None is a merge target: the topics differ, only the text is shared.",37 articles with different titles and word-for-word the same body (raw similarity ≥ 0.95).,body text (5-word shingles)
S8,"keyword-swapped (same text, different topics)",no,37,0.998,amazon-athena-querying-s3-with-sql,fb486884-17a7-4d47-94a8-a1f8ba948646,AWS Lambda Explained: Serverless for Beginners,/blog/aws-lambda-explained-serverless-for-beginners,0.967,DEEP REWRITE,"Rewrite each member about its own topic. None is a merge target: the topics differ, only the text is shared.",37 articles with different titles and word-for-word the same body (raw similarity ≥ 0.95).,body text (5-word shingles)
S8,"keyword-swapped (same text, different topics)",no,37,0.998,amazon-athena-querying-s3-with-sql,1da99e24-0ef1-4ec5-9e4e-d054a84b0497,AWS Solutions Architect Associate: A Study Guide,/blog/aws-solutions-architect-associate-a-study-guide,0.967,DEEP REWRITE,"Rewrite each member about its own topic. None is a merge target: the topics differ, only the text is shared.",37 articles with different titles and word-for-word the same body (raw similarity ≥ 0.95).,body text (5-word shingles)
S8,"keyword-swapped (same text, different topics)",no,37,0.998,amazon-athena-querying-s3-with-sql,8e059829-fbfc-4507-8320-7545457d05d1,AWS Step Functions: Orchestrating Serverless Workflows,/blog/aws-step-functions-orchestrating-serverless-workflows,0.967,DEEP REWRITE,"Rewrite each member about its own topic. None is a merge target: the topics differ, only the text is shared.",37 articles with different titles and word-for-word the same body (raw similarity ≥ 0.95).,body text (5-word shingles)
S8,"keyword-swapped (same text, different topics)",no,37,0.998,amazon-athena-querying-s3-with-sql,044f5228-5920-45d4-ba35-ef1a23f8163b,Building a Serverless Analytics Stack on AWS,/blog/building-a-serverless-analytics-stack-on-aws,0.967,DEEP REWRITE,"Rewrite each member about its own topic. None is a merge target: the topics differ, only the text is shared.",37 articles with different titles and word-for-word the same body (raw similarity ≥ 0.95).,body text (5-word shingles)
S8,"keyword-swapped (same text, different topics)",no,37,0.998,amazon-athena-querying-s3-with-sql,065531f7-6777-4584-9ccf-1cfc54ca5556,Building an ETL Pipeline on AWS Step by Step,/blog/building-an-etl-pipeline-on-aws-step-by-step,0.967,DEEP REWRITE,"Rewrite each member about its own topic. None is a merge target: the topics differ, only the text is shared.",37 articles with different titles and word-for-word the same body (raw similarity ≥ 0.95).,body text (5-word shingles)
S8,"keyword-swapped (same text, different topics)",no,37,0.998,amazon-athena-querying-s3-with-sql,5fa7b9c2-0077-45c5-a192-74d533b354a3,Data Modeling in Redshift: A Practical Guide,/blog/data-modeling-in-redshift-a-practical-guide,0.967,DEEP REWRITE,"Rewrite each member about its own topic. None is a merge target: the topics differ, only the text is shared.",37 articles with different titles and word-for-word the same body (raw similarity ≥ 0.95).,body text (5-word shingles)
S8,"keyword-swapped (same text, different topics)",no,37,0.998,amazon-athena-querying-s3-with-sql,1bb90268-f1da-4792-8f4f-2958d6184bf9,Event-Driven Pipelines with Lambda and S3,/blog/event-driven-pipelines-with-lambda-and-s3,0.967,DEEP REWRITE,"Rewrite each member about its own topic. None is a merge target: the topics differ, only the text is shared.",37 articles with different titles and word-for-word the same body (raw similarity ≥ 0.95).,body text (5-word shingles)
S8,"keyword-swapped (same text, different topics)",no,37,0.998,amazon-athena-querying-s3-with-sql,5d2d9f9f-7c75-4499-9506-8dbf58f04f09,How to Start an AWS Cloud Career in 2026,/blog/how-to-start-an-aws-cloud-career-in-2026,0.967,DEEP REWRITE,"Rewrite each member about its own topic. None is a merge target: the topics differ, only the text is shared.",37 articles with different titles and word-for-word the same body (raw similarity ≥ 0.95).,body text (5-word shingles)
S8,"keyword-swapped (same text, different topics)",no,37,0.998,amazon-athena-querying-s3-with-sql,77a5d528-ac38-4bfa-950b-081b5843945b,Loading Data into Redshift: COPY and Best Practices,/blog/loading-data-into-redshift-copy-and-best-practices,0.967,DEEP REWRITE,"Rewrite each member about its own topic. None is a merge target: the topics differ, only the text is shared.",37 articles with different titles and word-for-word the same body (raw similarity ≥ 0.95).,body text (5-word shingles)
S8,"keyword-swapped (same text, different topics)",no,37,0.998,amazon-athena-querying-s3-with-sql,a07756cb-8329-4dbd-92b7-e78bf428e535,Migrating Data to AWS: DMS and Best Practices,/blog/migrating-data-to-aws-dms-and-best-practices,0.967,DEEP REWRITE,"Rewrite each member about its own topic. None is a merge target: the topics differ, only the text is shared.",37 articles with different titles and word-for-word the same body (raw similarity ≥ 0.95).,body text (5-word shingles)
S8,"keyword-swapped (same text, different topics)",no,37,0.998,amazon-athena-querying-s3-with-sql,f75882f4-8ca5-43b6-b606-b705eb5bff4b,Parquet and Partitioning for Cheaper Athena Queries,/blog/parquet-and-partitioning-for-cheaper-athena-queries,0.967,DEEP REWRITE,"Rewrite each member about its own topic. None is a merge target: the topics differ, only the text is shared.",37 articles with different titles and word-for-word the same body (raw similarity ≥ 0.95).,body text (5-word shingles)
S8,"keyword-swapped (same text, different topics)",no,37,0.998,amazon-athena-querying-s3-with-sql,54ecb1d9-4617-48f7-a3c2-1832b2049add,Partitioning Data in S3 for Athena Performance,/blog/partitioning-data-in-s3-for-athena-performance,0.967,DEEP REWRITE,"Rewrite each member about its own topic. None is a merge target: the topics differ, only the text is shared.",37 articles with different titles and word-for-word the same body (raw similarity ≥ 0.95).,body text (5-word shingles)
S8,"keyword-swapped (same text, different topics)",no,37,0.998,amazon-athena-querying-s3-with-sql,df881e22-a523-4bc3-904c-7f80d4590def,Redshift Performance Tuning: Distribution and Sort Keys,/blog/redshift-performance-tuning-distribution-and-sort-keys,0.967,DEEP REWRITE,"Rewrite each member about its own topic. None is a merge target: the topics differ, only the text is shared.",37 articles with different titles and word-for-word the same body (raw similarity ≥ 0.95).,body text (5-word shingles)
S8,"keyword-swapped (same text, different topics)",no,37,0.998,amazon-athena-querying-s3-with-sql,7f141f7e-cb1f-4772-80ca-f0c96de72f14,Redshift Spectrum: Querying S3 from Redshift,/blog/redshift-spectrum-querying-s3-from-redshift,0.967,DEEP REWRITE,"Rewrite each member about its own topic. None is a merge target: the topics differ, only the text is shared.",37 articles with different titles and word-for-word the same body (raw similarity ≥ 0.95).,body text (5-word shingles)
S8,"keyword-swapped (same text, different topics)",no,37,0.998,amazon-athena-querying-s3-with-sql,5c9bb7f0-070f-4396-ac42-7e55fd68e633,S3 Lifecycle Policies and Storage Cost Savings,/blog/s3-lifecycle-policies-and-storage-cost-savings,0.967,DEEP REWRITE,"Rewrite each member about its own topic. None is a merge target: the topics differ, only the text is shared.",37 articles with different titles and word-for-word the same body (raw similarity ≥ 0.95).,body text (5-word shingles)
S8,"keyword-swapped (same text, different topics)",no,37,0.998,amazon-athena-querying-s3-with-sql,4678f12a-51c7-4309-85b9-e00fcb1eea94,Securing Data on AWS: Encryption and KMS,/blog/securing-data-on-aws-encryption-and-kms,0.967,DEEP REWRITE,"Rewrite each member about its own topic. None is a merge target: the topics differ, only the text is shared.",37 articles with different titles and word-for-word the same body (raw similarity ≥ 0.95).,body text (5-word shingles)
S8,"keyword-swapped (same text, different topics)",no,37,0.998,amazon-athena-querying-s3-with-sql,4a2a6d6c-8d4e-4762-9a82-badcb4a5fbc6,Streaming Data with Kinesis to S3 and Redshift,/blog/streaming-data-with-kinesis-to-s3-and-redshift,0.967,DEEP REWRITE,"Rewrite each member about its own topic. None is a merge target: the topics differ, only the text is shared.",37 articles with different titles and word-for-word the same body (raw similarity ≥ 0.95).,body text (5-word shingles)
S8,"keyword-swapped (same text, different topics)",no,37,0.998,amazon-athena-querying-s3-with-sql,6cdb6c3f-081b-4803-b713-d09ee570fa30,VPC Basics for Data Engineers on AWS,/blog/vpc-basics-for-data-engineers-on-aws,0.967,DEEP REWRITE,"Rewrite each member about its own topic. None is a merge target: the topics differ, only the text is shared.",37 articles with different titles and word-for-word the same body (raw similarity ≥ 0.95).,body text (5-word shingles)
S9,"keyword-swapped (same text, different topics)",no,34,0.999,python-args-and-kwargs-explained-clearly,6bda2353-932a-41de-a822-ca6f85f633e0,Python *args and **kwargs Explained Clearly,/blog/python-args-and-kwargs-explained-clearly,1,DEEP REWRITE,"Rewrite each member about its own topic. None is a merge target: the topics differ, only the text is shared.",34 articles with different titles and word-for-word the same body (raw similarity ≥ 0.95).,body text (5-word shingles)
S9,"keyword-swapped (same text, different topics)",no,34,0.999,python-args-and-kwargs-explained-clearly,f428d13d-de14-4621-abc2-98478efd2475,Async Programming in Python: asyncio Explained,/blog/async-programming-in-python-asyncio-explained,0.986,DEEP REWRITE,"Rewrite each member about its own topic. None is a merge target: the topics differ, only the text is shared.",34 articles with different titles and word-for-word the same body (raw similarity ≥ 0.95).,body text (5-word shingles)
S9,"keyword-swapped (same text, different topics)",no,34,0.999,python-args-and-kwargs-explained-clearly,4f437d9d-a154-4e7b-88f4-5c66ce18e35a,Automate Boring Tasks with Python: 10 Scripts,/blog/automate-boring-tasks-with-python-10-scripts,0.986,DEEP REWRITE,"Rewrite each member about its own topic. None is a merge target: the topics differ, only the text is shared.",34 articles with different titles and word-for-word the same body (raw similarity ≥ 0.95).,body text (5-word shingles)
S9,"keyword-swapped (same text, different topics)",no,34,0.999,python-args-and-kwargs-explained-clearly,bd712f6b-e063-42e5-b5cc-bc8c5ee1a8c3,Building a CLI Tool in Python with argparse,/blog/building-a-cli-tool-in-python-with-argparse,0.986,DEEP REWRITE,"Rewrite each member about its own topic. None is a merge target: the topics differ, only the text is shared.",34 articles with different titles and word-for-word the same body (raw similarity ≥ 0.95).,body text (5-word shingles)
S9,"keyword-swapped (same text, different topics)",no,34,0.999,python-args-and-kwargs-explained-clearly,02a50b99-e10e-491f-b765-b810d5036c57,Building REST APIs with Python: A Practical Guide,/blog/building-rest-apis-with-python-a-practical-guide,0.986,DEEP REWRITE,"Rewrite each member about its own topic. None is a merge target: the topics differ, only the text is shared.",34 articles with different titles and word-for-word the same body (raw similarity ≥ 0.95).,body text (5-word shingles)
S9,"keyword-swapped (same text, different topics)",no,34,0.999,python-args-and-kwargs-explained-clearly,f3c923b3-4b18-4086-b614-82b2b838d26c,Datetime in Python: Working with Dates and Times,/blog/datetime-in-python-working-with-dates-and-times,0.986,DEEP REWRITE,"Rewrite each member about its own topic. None is a merge target: the topics differ, only the text is shared.",34 articles with different titles and word-for-word the same body (raw similarity ≥ 0.95).,body text (5-word shingles)
S9,"keyword-swapped (same text, different topics)",no,34,0.999,python-args-and-kwargs-explained-clearly,38199134-27c0-4ffd-bada-22c8374b4133,Environment Variables and Secrets in Python Apps,/blog/environment-variables-and-secrets-in-python-apps,0.986,DEEP REWRITE,"Rewrite each member about its own topic. None is a merge target: the topics differ, only the text is shared.",34 articles with different titles and word-for-word the same body (raw similarity ≥ 0.95).,body text (5-word shingles)
S9,"keyword-swapped (same text, different topics)",no,34,0.999,python-args-and-kwargs-explained-clearly,55efc99e-b28b-4b7a-950c-a09d9261ef1d,"Error Handling in Python: try, except and Best Practices",/blog/error-handling-in-python-try-except-and-best-practices,0.986,DEEP REWRITE,"Rewrite each member about its own topic. None is a merge target: the topics differ, only the text is shared.",34 articles with different titles and word-for-word the same body (raw similarity ≥ 0.95).,body text (5-word shingles)
S9,"keyword-swapped (same text, different topics)",no,34,0.999,python-args-and-kwargs-explained-clearly,c5bf0466-e910-41b5-902f-09129ee11f75,FastAPI Guide: Build a Production API Step by Step,/blog/fastapi-guide-build-a-production-api-step-by-step,0.986,DEEP REWRITE,"Rewrite each member about its own topic. None is a merge target: the topics differ, only the text is shared.",34 articles with different titles and word-for-word the same body (raw similarity ≥ 0.95).,body text (5-word shingles)
S9,"keyword-swapped (same text, different topics)",no,34,0.999,python-args-and-kwargs-explained-clearly,7c1a79b1-add2-41a7-a2c7-deb2d9b2f5b5,"Lambda Functions, map, filter and reduce in Python",/blog/lambda-functions-map-filter-and-reduce-in-python,0.986,DEEP REWRITE,"Rewrite each member about its own topic. None is a merge target: the topics differ, only the text is shared.",34 articles with different titles and word-for-word the same body (raw similarity ≥ 0.95).,body text (5-word shingles)
S9,"keyword-swapped (same text, different topics)",no,34,0.999,python-args-and-kwargs-explained-clearly,b4ac66bd-2b59-4cbe-aca0-0a15202e3b22,List Comprehensions in Python: A Complete Guide,/blog/list-comprehensions-in-python-a-complete-guide,0.986,DEEP REWRITE,"Rewrite each member about its own topic. None is a merge target: the topics differ, only the text is shared.",34 articles with different titles and word-for-word the same body (raw similarity ≥ 0.95).,body text (5-word shingles)
S9,"keyword-swapped (same text, different topics)",no,34,0.999,python-args-and-kwargs-explained-clearly,971b600e-0010-4f57-bae3-01850fb939d2,"NumPy Guide: Arrays, Broadcasting and Vectorization",/blog/numpy-guide-arrays-broadcasting-and-vectorization,0.986,DEEP REWRITE,"Rewrite each member about its own topic. None is a merge target: the topics differ, only the text is shared.",34 articles with different titles and word-for-word the same body (raw similarity ≥ 0.95).,body text (5-word shingles)
S9,"keyword-swapped (same text, different topics)",no,34,0.999,python-args-and-kwargs-explained-clearly,29094d47-f4d0-4699-9113-51c30ce545d2,Object-Oriented Programming (OOP) in Python Explained,/blog/object-oriented-programming-oop-in-python-explained,0.986,DEEP REWRITE,"Rewrite each member about its own topic. None is a merge target: the topics differ, only the text is shared.",34 articles with different titles and word-for-word the same body (raw similarity ≥ 0.95).,body text (5-word shingles)
S9,"keyword-swapped (same text, different topics)",no,34,0.999,python-args-and-kwargs-explained-clearly,e53d7658-11f7-4daf-be8f-ee90bab43b33,"Pandas Guide: DataFrames, Cleaning and Aggregation",/blog/pandas-guide-dataframes-cleaning-and-aggregation,0.986,DEEP REWRITE,"Rewrite each member about its own topic. None is a merge target: the topics differ, only the text is shared.",34 articles with different titles and word-for-word the same body (raw similarity ≥ 0.95).,body text (5-word shingles)
S9,"keyword-swapped (same text, different topics)",no,34,0.999,python-args-and-kwargs-explained-clearly,b71f2897-8aec-4070-ac95-4054bd35d274,Pandas Performance: Making Your Code 10x Faster,/blog/pandas-performance-making-your-code-10x-faster,0.986,DEEP REWRITE,"Rewrite each member about its own topic. None is a merge target: the topics differ, only the text is shared.",34 articles with different titles and word-for-word the same body (raw similarity ≥ 0.95).,body text (5-word shingles)
S9,"keyword-swapped (same text, different topics)",no,34,0.999,python-args-and-kwargs-explained-clearly,bf18109d-3e26-412f-9165-b47b17673d33,Pydantic Explained: Data Validation in Python,/blog/pydantic-explained-data-validation-in-python,0.986,DEEP REWRITE,"Rewrite each member about its own topic. None is a merge target: the topics differ, only the text is shared.",34 articles with different titles and word-for-word the same body (raw similarity ≥ 0.95).,body text (5-word shingles)
S9,"keyword-swapped (same text, different topics)",no,34,0.999,python-args-and-kwargs-explained-clearly,c8618c10-99b8-48fd-b3e7-5d1ab1bc0d10,Python Best Practices: Writing Pythonic Code,/blog/python-best-practices-writing-pythonic-code,0.986,DEEP REWRITE,"Rewrite each member about its own topic. None is a merge target: the topics differ, only the text is shared.",34 articles with different titles and word-for-word the same body (raw similarity ≥ 0.95).,body text (5-word shingles)
S9,"keyword-swapped (same text, different topics)",no,34,0.999,python-args-and-kwargs-explained-clearly,7a9cfc36-a90a-46e5-bcef-b2064e99da7b,Python Coding Challenges to Practice for Interviews,/blog/python-coding-challenges-to-practice-for-interviews,0.986,DEEP REWRITE,"Rewrite each member about its own topic. None is a merge target: the topics differ, only the text is shared.",34 articles with different titles and word-for-word the same body (raw similarity ≥ 0.95).,body text (5-word shingles)
S9,"keyword-swapped (same text, different topics)",no,34,0.999,python-args-and-kwargs-explained-clearly,505159b1-b6a3-47c4-82e9-3d9ceb1c0ff2,Python Data Structures: A Complete Reference,/blog/python-data-structures-a-complete-reference,0.986,DEEP REWRITE,"Rewrite each member about its own topic. None is a merge target: the topics differ, only the text is shared.",34 articles with different titles and word-for-word the same body (raw similarity ≥ 0.95).,body text (5-word shingles)
S9,"keyword-swapped (same text, different topics)",no,34,0.999,python-args-and-kwargs-explained-clearly,d28ad22e-481a-4b44-a126-c04c9a018660,Python Decorators Explained with Real Examples,/blog/python-decorators-explained-with-real-examples,0.986,DEEP REWRITE,"Rewrite each member about its own topic. None is a merge target: the topics differ, only the text is shared.",34 articles with different titles and word-for-word the same body (raw similarity ≥ 0.95).,body text (5-word shingles)
S9,"keyword-swapped (same text, different topics)",no,34,0.999,python-args-and-kwargs-explained-clearly,71e0b966-419f-4e2b-b91c-a19b6b16c74a,Python f-Strings: Formatting Done Right,/blog/python-f-strings-formatting-done-right,0.986,DEEP REWRITE,"Rewrite each member about its own topic. None is a merge target: the topics differ, only the text is shared.",34 articles with different titles and word-for-word the same body (raw similarity ≥ 0.95).,body text (5-word shingles)
S9,"keyword-swapped (same text, different topics)",no,34,0.999,python-args-and-kwargs-explained-clearly,338c18d9-dd6b-4b5c-a009-73ceab040a53,Python File Handling: Reading and Writing Files,/blog/python-file-handling-reading-and-writing-files,0.986,DEEP REWRITE,"Rewrite each member about its own topic. None is a merge target: the topics differ, only the text is shared.",34 articles with different titles and word-for-word the same body (raw similarity ≥ 0.95).,body text (5-word shingles)
S9,"keyword-swapped (same text, different topics)",no,34,0.999,python-args-and-kwargs-explained-clearly,06416b68-aea7-4356-b7b0-3b7027b67f51,Python for Data Science: The Essential Libraries,/blog/python-for-data-science-the-essential-libraries,0.986,DEEP REWRITE,"Rewrite each member about its own topic. None is a merge target: the topics differ, only the text is shared.",34 articles with different titles and word-for-word the same body (raw similarity ≥ 0.95).,body text (5-word shingles)
S9,"keyword-swapped (same text, different topics)",no,34,0.999,python-args-and-kwargs-explained-clearly,7d380389-f5d7-4fb2-b34d-be2828ad0063,Python Generators and Iterators Made Simple,/blog/python-generators-and-iterators-made-simple,0.986,DEEP REWRITE,"Rewrite each member about its own topic. None is a merge target: the topics differ, only the text is shared.",34 articles with different titles and word-for-word the same body (raw similarity ≥ 0.95).,body text (5-word shingles)
S9,"keyword-swapped (same text, different topics)",no,34,0.999,python-args-and-kwargs-explained-clearly,de0d21d1-77c5-459a-8f8d-4b1bcfa9eb32,Python Memory Management and Garbage Collection,/blog/python-memory-management-and-garbage-collection,0.986,DEEP REWRITE,"Rewrite each member about its own topic. None is a merge target: the topics differ, only the text is shared.",34 articles with different titles and word-for-word the same body (raw similarity ≥ 0.95).,body text (5-word shingles)
S9,"keyword-swapped (same text, different topics)",no,34,0.999,python-args-and-kwargs-explained-clearly,0d1a0303-775d-48dc-8cf6-dde91b8b809d,Python String Methods Every Developer Should Know,/blog/python-string-methods-every-developer-should-know,0.986,DEEP REWRITE,"Rewrite each member about its own topic. None is a merge target: the topics differ, only the text is shared.",34 articles with different titles and word-for-word the same body (raw similarity ≥ 0.95).,body text (5-word shingles)
S9,"keyword-swapped (same text, different topics)",no,34,0.999,python-args-and-kwargs-explained-clearly,d6c2cddc-a509-4d91-9cab-433ef3a80018,"Python Type Hints: Writing Cleaner, Safer Code",/blog/python-type-hints-writing-cleaner-safer-code,0.986,DEEP REWRITE,"Rewrite each member about its own topic. None is a merge target: the topics differ, only the text is shared.",34 articles with different titles and word-for-word the same body (raw similarity ≥ 0.95).,body text (5-word shingles)
S9,"keyword-swapped (same text, different topics)",no,34,0.999,python-args-and-kwargs-explained-clearly,71125b73-254b-4cec-a699-de76551a6d73,Reading and Writing CSV Files in Python,/blog/reading-and-writing-csv-files-in-python,0.986,DEEP REWRITE,"Rewrite each member about its own topic. None is a merge target: the topics differ, only the text is shared.",34 articles with different titles and word-for-word the same body (raw similarity ≥ 0.95).,body text (5-word shingles)
S9,"keyword-swapped (same text, different topics)",no,34,0.999,python-args-and-kwargs-explained-clearly,6c508b0a-d7e6-40af-92e3-8622b9d693e2,Regular Expressions in Python: A Practical Guide,/blog/regular-expressions-in-python-a-practical-guide,0.986,DEEP REWRITE,"Rewrite each member about its own topic. None is a merge target: the topics differ, only the text is shared.",34 articles with different titles and word-for-word the same body (raw similarity ≥ 0.95).,body text (5-word shingles)
S9,"keyword-swapped (same text, different topics)",no,34,0.999,python-args-and-kwargs-explained-clearly,6921bdfe-e4f5-4b60-a1fb-a9ec2a75cb51,SQLAlchemy Tutorial: Databases in Python,/blog/sqlalchemy-tutorial-databases-in-python,0.986,DEEP REWRITE,"Rewrite each member about its own topic. None is a merge target: the topics differ, only the text is shared.",34 articles with different titles and word-for-word the same body (raw similarity ≥ 0.95).,body text (5-word shingles)
S9,"keyword-swapped (same text, different topics)",no,34,0.999,python-args-and-kwargs-explained-clearly,fb00bb14-1255-44dd-a993-191ad68481d1,Top Python Libraries Every Developer Should Know,/blog/top-python-libraries-every-developer-should-know,0.986,DEEP REWRITE,"Rewrite each member about its own topic. None is a merge target: the topics differ, only the text is shared.",34 articles with different titles and word-for-word the same body (raw similarity ≥ 0.95).,body text (5-word shingles)
S9,"keyword-swapped (same text, different topics)",no,34,0.999,python-args-and-kwargs-explained-clearly,acc91fcd-de70-4654-9f7a-0206129254f2,"Virtual Environments in Python: venv, pip and Poetry",/blog/virtual-environments-in-python-venv-pip-and-poetry,0.986,DEEP REWRITE,"Rewrite each member about its own topic. None is a merge target: the topics differ, only the text is shared.",34 articles with different titles and word-for-word the same body (raw similarity ≥ 0.95).,body text (5-word shingles)
S9,"keyword-swapped (same text, different topics)",no,34,0.999,python-args-and-kwargs-explained-clearly,2ae4210c-f785-4f72-933a-8ff70d3c523d,Web Scraping with Python: BeautifulSoup and Requests,/blog/web-scraping-with-python-beautifulsoup-and-requests,0.986,DEEP REWRITE,"Rewrite each member about its own topic. None is a merge target: the topics differ, only the text is shared.",34 articles with different titles and word-for-word the same body (raw similarity ≥ 0.95).,body text (5-word shingles)
S9,"keyword-swapped (same text, different topics)",no,34,0.999,python-args-and-kwargs-explained-clearly,e0f3816d-fcd6-4d82-bb5b-1575f1e26792,Working with JSON in Python: A Practical Guide,/blog/working-with-json-in-python-a-practical-guide,0.986,DEEP REWRITE,"Rewrite each member about its own topic. None is a merge target: the topics differ, only the text is shared.",34 articles with different titles and word-for-word the same body (raw similarity ≥ 0.95).,body text (5-word shingles)
S10,"keyword-swapped (same text, different topics)",no,3,0.988,aws-certified-data-engineer-associate-exam-guide,3326b340-4af5-4485-ae8a-7dc7eeff335e,AWS Certified Data Engineer Associate: Exam Guide,/blog/aws-certified-data-engineer-associate-exam-guide,1,DEEP REWRITE,"Rewrite each member about its own topic. None is a merge target: the topics differ, only the text is shared.",3 articles with different titles and word-for-word the same body (raw similarity ≥ 0.95).,body text (5-word shingles)
S10,"keyword-swapped (same text, different topics)",no,3,0.988,aws-certified-data-engineer-associate-exam-guide,809f3dda-0382-42c5-a064-098ddef421d1,AWS Certification Path for Data Roles,/blog/aws-certification-path-for-data-roles,0.982,DEEP REWRITE,"Rewrite each member about its own topic. None is a merge target: the topics differ, only the text is shared.",3 articles with different titles and word-for-word the same body (raw similarity ≥ 0.95).,body text (5-word shingles)
S10,"keyword-swapped (same text, different topics)",no,3,0.988,aws-certified-data-engineer-associate-exam-guide,abdc0925-8e85-48bc-9df9-67dc4ab0a839,AWS Cloud Practitioner Certification: How to Start,/blog/aws-cloud-practitioner-certification-how-to-start,0.982,DEEP REWRITE,"Rewrite each member about its own topic. None is a merge target: the topics differ, only the text is shared.",3 articles with different titles and word-for-word the same body (raw similarity ≥ 0.95).,body text (5-word shingles)
S11,"keyword-swapped (same text, different topics)",no,2,0.986,azure-data-engineer-certification-dp-203-guide,c745e9a0-2f74-4e06-9556-a4bd1f56c124,Azure Data Engineer Certification (DP-203) Guide,/blog/azure-data-engineer-certification-dp-203-guide,1,DEEP REWRITE,"Rewrite each member about its own topic. None is a merge target: the topics differ, only the text is shared.",2 articles with different titles and word-for-word the same body (raw similarity ≥ 0.95).,body text (5-word shingles)
S11,"keyword-swapped (same text, different topics)",no,2,0.986,azure-data-engineer-certification-dp-203-guide,fc90e982-6c07-4a1e-b9ad-2248908003e1,Azure Fundamentals (AZ-900): A Quick-Start Guide,/blog/azure-fundamentals-az-900-a-quick-start-guide,0.986,DEEP REWRITE,"Rewrite each member about its own topic. None is a merge target: the topics differ, only the text is shared.",2 articles with different titles and word-for-word the same body (raw similarity ≥ 0.95).,body text (5-word shingles)
S12,"keyword-swapped (same text, different topics)",no,2,0.995,microsoft-fabric-vs-azure-data-factory-what-s-new,f7446b72-3e01-4c86-94d4-15fafe6fc337,Microsoft Fabric vs Azure Data Factory: What's New,/blog/microsoft-fabric-vs-azure-data-factory-what-s-new,1,DEEP REWRITE,"Rewrite each member about its own topic. None is a merge target: the topics differ, only the text is shared.",2 articles with different titles and word-for-word the same body (raw similarity ≥ 0.95).,body text (5-word shingles)
S12,"keyword-swapped (same text, different topics)",no,2,0.995,microsoft-fabric-vs-azure-data-factory-what-s-new,49319bac-a68d-4a3d-8f7e-fcdb24e0fb3e,Azure Synapse vs Azure Data Factory: A Comparison,/blog/azure-synapse-vs-azure-data-factory-a-comparison,0.995,DEEP REWRITE,"Rewrite each member about its own topic. None is a merge target: the topics differ, only the text is shared.",2 articles with different titles and word-for-word the same body (raw similarity ≥ 0.95).,body text (5-word shingles)
S13,"keyword-swapped (same text, different topics)",no,35,0.999,bigquery-sql-tips-tricks-and-optimization,efbb8e32-f7f1-49a8-8c13-382124987b3d,"BigQuery SQL: Tips, Tricks and Optimization",/blog/bigquery-sql-tips-tricks-and-optimization,1,DEEP REWRITE,"Rewrite each member about its own topic. None is a merge target: the topics differ, only the text is shared.",35 articles with different titles and word-for-word the same body (raw similarity ≥ 0.95).,body text (5-word shingles)
S13,"keyword-swapped (same text, different topics)",no,35,0.999,bigquery-sql-tips-tricks-and-optimization,c37d8e1f-39b1-41b3-9188-22680beb2891,BigLake and External Tables in BigQuery,/blog/biglake-and-external-tables-in-bigquery,0.978,DEEP REWRITE,"Rewrite each member about its own topic. None is a merge target: the topics differ, only the text is shared.",35 articles with different titles and word-for-word the same body (raw similarity ≥ 0.95).,body text (5-word shingles)
S13,"keyword-swapped (same text, different topics)",no,35,0.999,bigquery-sql-tips-tricks-and-optimization,e233c2ec-2a91-47ff-99b1-858f94a86797,BigQuery Best Practices for Analysts,/blog/bigquery-best-practices-for-analysts,0.978,DEEP REWRITE,"Rewrite each member about its own topic. None is a merge target: the topics differ, only the text is shared.",35 articles with different titles and word-for-word the same body (raw similarity ≥ 0.95).,body text (5-word shingles)
S13,"keyword-swapped (same text, different topics)",no,35,0.999,bigquery-sql-tips-tricks-and-optimization,52bd5ba6-4872-4c52-995d-a1ae1e770ef7,"BigQuery Cost Optimization: Slots, Pricing and Tips",/blog/bigquery-cost-optimization-slots-pricing-and-tips,0.978,DEEP REWRITE,"Rewrite each member about its own topic. None is a merge target: the topics differ, only the text is shared.",35 articles with different titles and word-for-word the same body (raw similarity ≥ 0.95).,body text (5-word shingles)
S13,"keyword-swapped (same text, different topics)",no,35,0.999,bigquery-sql-tips-tricks-and-optimization,a6054653-d331-4113-a56e-ec3299744386,BigQuery Explained: Google's Serverless Data Warehouse,/blog/bigquery-explained-google-s-serverless-data-warehouse,0.978,DEEP REWRITE,"Rewrite each member about its own topic. None is a merge target: the topics differ, only the text is shared.",35 articles with different titles and word-for-word the same body (raw similarity ≥ 0.95).,body text (5-word shingles)
S13,"keyword-swapped (same text, different topics)",no,35,0.999,bigquery-sql-tips-tricks-and-optimization,e2275476-1f18-49da-9a73-13fd16f6acfc,BigQuery Federated Queries Explained,/blog/bigquery-federated-queries-explained,0.978,DEEP REWRITE,"Rewrite each member about its own topic. None is a merge target: the topics differ, only the text is shared.",35 articles with different titles and word-for-word the same body (raw similarity ≥ 0.95).,body text (5-word shingles)
S13,"keyword-swapped (same text, different topics)",no,35,0.999,bigquery-sql-tips-tricks-and-optimization,6ad5314f-9cc3-40cc-9d22-6bb4e14a9e74,BigQuery ML: Machine Learning with SQL,/blog/bigquery-ml-machine-learning-with-sql,0.978,DEEP REWRITE,"Rewrite each member about its own topic. None is a merge target: the topics differ, only the text is shared.",35 articles with different titles and word-for-word the same body (raw similarity ≥ 0.95).,body text (5-word shingles)
S13,"keyword-swapped (same text, different topics)",no,35,0.999,bigquery-sql-tips-tricks-and-optimization,1e779601-80f9-4ff7-a261-522153a8166e,BigQuery Window Functions and Analytic SQL,/blog/bigquery-window-functions-and-analytic-sql,0.978,DEEP REWRITE,"Rewrite each member about its own topic. None is a merge target: the topics differ, only the text is shared.",35 articles with different titles and word-for-word the same body (raw similarity ≥ 0.95).,body text (5-word shingles)
S13,"keyword-swapped (same text, different topics)",no,35,0.999,bigquery-sql-tips-tricks-and-optimization,694bf3b2-1c32-499d-8636-67aaca53a94d,Building a Real-Time Dashboard with GCP,/blog/building-a-real-time-dashboard-with-gcp,0.978,DEEP REWRITE,"Rewrite each member about its own topic. None is a merge target: the topics differ, only the text is shared.",35 articles with different titles and word-for-word the same body (raw similarity ≥ 0.95).,body text (5-word shingles)
S13,"keyword-swapped (same text, different topics)",no,35,0.999,bigquery-sql-tips-tricks-and-optimization,9afa4cf6-4a16-4cb4-8f88-da9a90a8f924,Cloud Composer (Airflow) on GCP Explained,/blog/cloud-composer-airflow-on-gcp-explained,0.978,DEEP REWRITE,"Rewrite each member about its own topic. None is a merge target: the topics differ, only the text is shared.",35 articles with different titles and word-for-word the same body (raw similarity ≥ 0.95).,body text (5-word shingles)
S13,"keyword-swapped (same text, different topics)",no,35,0.999,bigquery-sql-tips-tricks-and-optimization,3049df3e-995e-4bcd-95b1-df14eb18361f,Cloud Functions on GCP: Serverless Explained,/blog/cloud-functions-on-gcp-serverless-explained,0.978,DEEP REWRITE,"Rewrite each member about its own topic. None is a merge target: the topics differ, only the text is shared.",35 articles with different titles and word-for-word the same body (raw similarity ≥ 0.95).,body text (5-word shingles)
S13,"keyword-swapped (same text, different topics)",no,35,0.999,bigquery-sql-tips-tricks-and-optimization,fa590765-7e16-4d50-ba0f-3ad20c5ee9e3,Cloud Storage to BigQuery: Building an Ingestion Layer,/blog/cloud-storage-to-bigquery-building-an-ingestion-layer,0.978,DEEP REWRITE,"Rewrite each member about its own topic. None is a merge target: the topics differ, only the text is shared.",35 articles with different titles and word-for-word the same body (raw similarity ≥ 0.95).,body text (5-word shingles)
S13,"keyword-swapped (same text, different topics)",no,35,0.999,bigquery-sql-tips-tricks-and-optimization,01b812e1-7779-48a5-a431-7e592f41a035,Cost Controls and Budgets on Google Cloud,/blog/cost-controls-and-budgets-on-google-cloud,0.978,DEEP REWRITE,"Rewrite each member about its own topic. None is a merge target: the topics differ, only the text is shared.",35 articles with different titles and word-for-word the same body (raw similarity ≥ 0.95).,body text (5-word shingles)
S13,"keyword-swapped (same text, different topics)",no,35,0.999,bigquery-sql-tips-tricks-and-optimization,b122788d-3345-47bf-b70b-83911b9c6f27,Data Catalog and Governance on GCP,/blog/data-catalog-and-governance-on-gcp,0.978,DEEP REWRITE,"Rewrite each member about its own topic. None is a merge target: the topics differ, only the text is shared.",35 articles with different titles and word-for-word the same body (raw similarity ≥ 0.95).,body text (5-word shingles)
S13,"keyword-swapped (same text, different topics)",no,35,0.999,bigquery-sql-tips-tricks-and-optimization,dc06e3a2-3301-420f-9904-df486d84e207,Dataflow Tutorial: Stream and Batch Processing on GCP,/blog/dataflow-tutorial-stream-and-batch-processing-on-gcp,0.978,DEEP REWRITE,"Rewrite each member about its own topic. None is a merge target: the topics differ, only the text is shared.",35 articles with different titles and word-for-word the same body (raw similarity ≥ 0.95).,body text (5-word shingles)
S13,"keyword-swapped (same text, different topics)",no,35,0.999,bigquery-sql-tips-tricks-and-optimization,3284d642-e46e-44fe-bdd3-62a5b35dd4e3,Disaster Recovery and Backups on GCP,/blog/disaster-recovery-and-backups-on-gcp,0.978,DEEP REWRITE,"Rewrite each member about its own topic. None is a merge target: the topics differ, only the text is shared.",35 articles with different titles and word-for-word the same body (raw similarity ≥ 0.95).,body text (5-word shingles)
S13,"keyword-swapped (same text, different topics)",no,35,0.999,bigquery-sql-tips-tricks-and-optimization,08ad6f98-ce88-4ec4-8ead-f111d7eef56d,GCP Free Tier: What You Can Build Without Paying,/blog/gcp-free-tier-what-you-can-build-without-paying,0.978,DEEP REWRITE,"Rewrite each member about its own topic. None is a merge target: the topics differ, only the text is shared.",35 articles with different titles and word-for-word the same body (raw similarity ≥ 0.95).,body text (5-word shingles)
S13,"keyword-swapped (same text, different topics)",no,35,0.999,bigquery-sql-tips-tricks-and-optimization,4fa3d6e5-8914-4ff9-822f-86f44c007e4e,"GCP IAM Explained: Roles, Policies and Security",/blog/gcp-iam-explained-roles-policies-and-security,0.978,DEEP REWRITE,"Rewrite each member about its own topic. None is a merge target: the topics differ, only the text is shared.",35 articles with different titles and word-for-word the same body (raw similarity ≥ 0.95).,body text (5-word shingles)
S13,"keyword-swapped (same text, different topics)",no,35,0.999,bigquery-sql-tips-tricks-and-optimization,ce7e7cc6-95d8-4497-b5b6-a43e6d5ee608,GCP Logging and Monitoring with Cloud Operations,/blog/gcp-logging-and-monitoring-with-cloud-operations,0.978,DEEP REWRITE,"Rewrite each member about its own topic. None is a merge target: the topics differ, only the text is shared.",35 articles with different titles and word-for-word the same body (raw similarity ≥ 0.95).,body text (5-word shingles)
S13,"keyword-swapped (same text, different topics)",no,35,0.999,bigquery-sql-tips-tricks-and-optimization,ded66709-c53d-44d6-ad67-c02809fec6df,GCP Networking Basics for Data Engineers,/blog/gcp-networking-basics-for-data-engineers,0.978,DEEP REWRITE,"Rewrite each member about its own topic. None is a merge target: the topics differ, only the text is shared.",35 articles with different titles and word-for-word the same body (raw similarity ≥ 0.95).,body text (5-word shingles)
S13,"keyword-swapped (same text, different topics)",no,35,0.999,bigquery-sql-tips-tricks-and-optimization,b41fe965-a012-465a-a4b0-69a948297d05,"Google Cloud Storage: Buckets, Classes and Best Practices",/blog/google-cloud-storage-buckets-classes-and-best-practices,0.978,DEEP REWRITE,"Rewrite each member about its own topic. None is a merge target: the topics differ, only the text is shared.",35 articles with different titles and word-for-word the same body (raw similarity ≥ 0.95).,body text (5-word shingles)
S13,"keyword-swapped (same text, different topics)",no,35,0.999,bigquery-sql-tips-tricks-and-optimization,de23e560-4458-43a9-bc0e-288abb32dd59,Loading Data into BigQuery: Batch and Streaming,/blog/loading-data-into-bigquery-batch-and-streaming,0.978,DEEP REWRITE,"Rewrite each member about its own topic. None is a merge target: the topics differ, only the text is shared.",35 articles with different titles and word-for-word the same body (raw similarity ≥ 0.95).,body text (5-word shingles)
S13,"keyword-swapped (same text, different topics)",no,35,0.999,bigquery-sql-tips-tricks-and-optimization,c9fcf5cd-00cd-45fa-adcb-24226dcf60e6,Looker and Looker Studio on GCP Explained,/blog/looker-and-looker-studio-on-gcp-explained,0.978,DEEP REWRITE,"Rewrite each member about its own topic. None is a merge target: the topics differ, only the text is shared.",35 articles with different titles and word-for-word the same body (raw similarity ≥ 0.95).,body text (5-word shingles)
S13,"keyword-swapped (same text, different topics)",no,35,0.999,bigquery-sql-tips-tricks-and-optimization,6ae57b23-9d32-4288-8cfe-c0e2acf40913,Materialized Views in BigQuery Explained,/blog/materialized-views-in-bigquery-explained,0.978,DEEP REWRITE,"Rewrite each member about its own topic. None is a merge target: the topics differ, only the text is shared.",35 articles with different titles and word-for-word the same body (raw similarity ≥ 0.95).,body text (5-word shingles)
S13,"keyword-swapped (same text, different topics)",no,35,0.999,bigquery-sql-tips-tricks-and-optimization,55417d3d-ac66-4e82-ae63-27a0ec60db49,Migrating to BigQuery: A Practical Playbook,/blog/migrating-to-bigquery-a-practical-playbook,0.978,DEEP REWRITE,"Rewrite each member about its own topic. None is a merge target: the topics differ, only the text is shared.",35 articles with different titles and word-for-word the same body (raw similarity ≥ 0.95).,body text (5-word shingles)
S13,"keyword-swapped (same text, different topics)",no,35,0.999,bigquery-sql-tips-tricks-and-optimization,ea91d7e1-2fba-4cef-9417-d5fa4404775b,Nested and Repeated Fields in BigQuery,/blog/nested-and-repeated-fields-in-bigquery,0.978,DEEP REWRITE,"Rewrite each member about its own topic. None is a merge target: the topics differ, only the text is shared.",35 articles with different titles and word-for-word the same body (raw similarity ≥ 0.95).,body text (5-word shingles)
S13,"keyword-swapped (same text, different topics)",no,35,0.999,bigquery-sql-tips-tricks-and-optimization,0b8f15c1-2e69-4233-a3db-8beca4501f1d,Partitioning and Clustering in BigQuery,/blog/partitioning-and-clustering-in-bigquery,0.978,DEEP REWRITE,"Rewrite each member about its own topic. None is a merge target: the topics differ, only the text is shared.",35 articles with different titles and word-for-word the same body (raw similarity ≥ 0.95).,body text (5-word shingles)
S13,"keyword-swapped (same text, different topics)",no,35,0.999,bigquery-sql-tips-tricks-and-optimization,656f84c8-c9ec-485b-85ee-161954054eeb,Pub/Sub Explained: Messaging and Streaming on GCP,/blog/pub-sub-explained-messaging-and-streaming-on-gcp,0.978,DEEP REWRITE,"Rewrite each member about its own topic. None is a merge target: the topics differ, only the text is shared.",35 articles with different titles and word-for-word the same body (raw similarity ≥ 0.95).,body text (5-word shingles)
S13,"keyword-swapped (same text, different topics)",no,35,0.999,bigquery-sql-tips-tricks-and-optimization,d93f55a5-2d8c-4ad5-8b34-35ce4ab996b5,Pub/Sub to Dataflow to BigQuery: A Streaming Pattern,/blog/pub-sub-to-dataflow-to-bigquery-a-streaming-pattern,0.978,DEEP REWRITE,"Rewrite each member about its own topic. None is a merge target: the topics differ, only the text is shared.",35 articles with different titles and word-for-word the same body (raw similarity ≥ 0.95).,body text (5-word shingles)
S13,"keyword-swapped (same text, different topics)",no,35,0.999,bigquery-sql-tips-tricks-and-optimization,028b04ac-ee63-4d81-a2bd-5d2bf41f191e,Scheduling Queries in BigQuery,/blog/scheduling-queries-in-bigquery,0.978,DEEP REWRITE,"Rewrite each member about its own topic. None is a merge target: the topics differ, only the text is shared.",35 articles with different titles and word-for-word the same body (raw similarity ≥ 0.95).,body text (5-word shingles)
S13,"keyword-swapped (same text, different topics)",no,35,0.999,bigquery-sql-tips-tricks-and-optimization,348f8714-c6f2-457b-8924-098d9764f126,Securing Data on GCP: Encryption and DLP,/blog/securing-data-on-gcp-encryption-and-dlp,0.978,DEEP REWRITE,"Rewrite each member about its own topic. None is a merge target: the topics differ, only the text is shared.",35 articles with different titles and word-for-word the same body (raw similarity ≥ 0.95).,body text (5-word shingles)
S13,"keyword-swapped (same text, different topics)",no,35,0.999,bigquery-sql-tips-tricks-and-optimization,65f035b7-4947-42ec-94a0-c5d21a9e2aaa,Service Accounts and Workload Identity on GCP,/blog/service-accounts-and-workload-identity-on-gcp,0.978,DEEP REWRITE,"Rewrite each member about its own topic. None is a merge target: the topics differ, only the text is shared.",35 articles with different titles and word-for-word the same body (raw similarity ≥ 0.95).,body text (5-word shingles)
S13,"keyword-swapped (same text, different topics)",no,35,0.999,bigquery-sql-tips-tricks-and-optimization,54d19c99-686d-4dc9-80cb-417a13516335,Streaming Data into BigQuery: A Practical Guide,/blog/streaming-data-into-bigquery-a-practical-guide,0.978,DEEP REWRITE,"Rewrite each member about its own topic. None is a merge target: the topics differ, only the text is shared.",35 articles with different titles and word-for-word the same body (raw similarity ≥ 0.95).,body text (5-word shingles)
S13,"keyword-swapped (same text, different topics)",no,35,0.999,bigquery-sql-tips-tricks-and-optimization,8e1bf19a-b347-49aa-9022-da41b44a5f02,Vertex AI Pipelines for MLOps on GCP,/blog/vertex-ai-pipelines-for-mlops-on-gcp,0.978,DEEP REWRITE,"Rewrite each member about its own topic. None is a merge target: the topics differ, only the text is shared.",35 articles with different titles and word-for-word the same body (raw similarity ≥ 0.95).,body text (5-word shingles)
S13,"keyword-swapped (same text, different topics)",no,35,0.999,bigquery-sql-tips-tricks-and-optimization,eb5e4f5c-62cf-4cb1-9822-83941800294f,Vertex AI Tutorial: ML on Google Cloud,/blog/vertex-ai-tutorial-ml-on-google-cloud,0.978,DEEP REWRITE,"Rewrite each member about its own topic. None is a merge target: the topics differ, only the text is shared.",35 articles with different titles and word-for-word the same body (raw similarity ≥ 0.95).,body text (5-word shingles)
S14,"keyword-swapped (same text, different topics)",no,19,1,how-to-answer-tell-me-about-yourself-in-interviews,0bdfb4e6-ca7d-4f77-a247-515fbc7a3716,How to Answer 'Tell Me About Yourself' in Interviews,/blog/how-to-answer-tell-me-about-yourself-in-interviews,1,DEEP REWRITE,"Rewrite each member about its own topic. None is a merge target: the topics differ, only the text is shared.",19 articles with different titles and word-for-word the same body (raw similarity ≥ 0.95).,body text (5-word shingles)
S14,"keyword-swapped (same text, different topics)",no,19,1,how-to-answer-tell-me-about-yourself-in-interviews,02ad0bda-2bf8-4071-92a6-785f58d763fb,Building a Personal Brand on LinkedIn,/blog/building-a-personal-brand-on-linkedin,1,DEEP REWRITE,"Rewrite each member about its own topic. None is a merge target: the topics differ, only the text is shared.",19 articles with different titles and word-for-word the same body (raw similarity ≥ 0.95).,body text (5-word shingles)
S14,"keyword-swapped (same text, different topics)",no,19,1,how-to-answer-tell-me-about-yourself-in-interviews,7fcc0cee-7f97-45ae-a9cd-eef649fca17e,Building Confidence for Technical Interviews,/blog/building-confidence-for-technical-interviews,1,DEEP REWRITE,"Rewrite each member about its own topic. None is a merge target: the topics differ, only the text is shared.",19 articles with different titles and word-for-word the same body (raw similarity ≥ 0.95).,body text (5-word shingles)
S14,"keyword-swapped (same text, different topics)",no,19,1,how-to-answer-tell-me-about-yourself-in-interviews,85015ab0-23af-42e9-8520-ec6830d79306,Building Credibility as a Self-Taught Professional,/blog/building-credibility-as-a-self-taught-professional,1,DEEP REWRITE,"Rewrite each member about its own topic. None is a merge target: the topics differ, only the text is shared.",19 articles with different titles and word-for-word the same body (raw similarity ≥ 0.95).,body text (5-word shingles)
S14,"keyword-swapped (same text, different topics)",no,19,1,how-to-answer-tell-me-about-yourself-in-interviews,4da08b23-2103-47c5-8f3e-668b4d51f0dc,Common Resume Mistakes That Get You Rejected,/blog/common-resume-mistakes-that-get-you-rejected,1,DEEP REWRITE,"Rewrite each member about its own topic. None is a merge target: the topics differ, only the text is shared.",19 articles with different titles and word-for-word the same body (raw similarity ≥ 0.95).,body text (5-word shingles)
S14,"keyword-swapped (same text, different topics)",no,19,1,how-to-answer-tell-me-about-yourself-in-interviews,6bafd24c-d84b-449c-901c-df4e8163efbf,Cracking HR Round Questions Confidently,/blog/cracking-hr-round-questions-confidently,1,DEEP REWRITE,"Rewrite each member about its own topic. None is a merge target: the topics differ, only the text is shared.",19 articles with different titles and word-for-word the same body (raw similarity ≥ 0.95).,body text (5-word shingles)
S14,"keyword-swapped (same text, different topics)",no,19,1,how-to-answer-tell-me-about-yourself-in-interviews,ff61386a-778b-4895-9173-fc3c20f1fe33,Cracking the Behavioral Interview: STAR Method,/blog/cracking-the-behavioral-interview-star-method,1,DEEP REWRITE,"Rewrite each member about its own topic. None is a merge target: the topics differ, only the text is shared.",19 articles with different titles and word-for-word the same body (raw similarity ≥ 0.95).,body text (5-word shingles)
S14,"keyword-swapped (same text, different topics)",no,19,1,how-to-answer-tell-me-about-yourself-in-interviews,5fc6afc5-f83d-4462-89a0-25e35eba9439,Crafting an Elevator Pitch for Tech Roles,/blog/crafting-an-elevator-pitch-for-tech-roles,1,DEEP REWRITE,"Rewrite each member about its own topic. None is a merge target: the topics differ, only the text is shared.",19 articles with different titles and word-for-word the same body (raw similarity ≥ 0.95).,body text (5-word shingles)
S14,"keyword-swapped (same text, different topics)",no,19,1,how-to-answer-tell-me-about-yourself-in-interviews,2469e61e-f691-45c2-b013-931802ca37e2,Freelancing Guide for Data Professionals,/blog/freelancing-guide-for-data-professionals,1,DEEP REWRITE,"Rewrite each member about its own topic. None is a merge target: the topics differ, only the text is shared.",19 articles with different titles and word-for-word the same body (raw similarity ≥ 0.95).,body text (5-word shingles)
S14,"keyword-swapped (same text, different topics)",no,19,1,how-to-answer-tell-me-about-yourself-in-interviews,10bd47cf-0379-45cf-a528-f3d759538b77,GitHub Profile Tips to Impress Hiring Managers,/blog/github-profile-tips-to-impress-hiring-managers,1,DEEP REWRITE,"Rewrite each member about its own topic. None is a merge target: the topics differ, only the text is shared.",19 articles with different titles and word-for-word the same body (raw similarity ≥ 0.95).,body text (5-word shingles)
S14,"keyword-swapped (same text, different topics)",no,19,1,how-to-answer-tell-me-about-yourself-in-interviews,f28fe1ef-f52c-4721-bb31-4aba0dd2e82c,Handling Job Rejection and Bouncing Back,/blog/handling-job-rejection-and-bouncing-back,1,DEEP REWRITE,"Rewrite each member about its own topic. None is a merge target: the topics differ, only the text is shared.",19 articles with different titles and word-for-word the same body (raw similarity ≥ 0.95).,body text (5-word shingles)
S14,"keyword-swapped (same text, different topics)",no,19,1,how-to-answer-tell-me-about-yourself-in-interviews,27c1a6dc-026a-436b-b539-d7a9d24c9c2a,How to Build a Data Portfolio Website,/blog/how-to-build-a-data-portfolio-website,1,DEEP REWRITE,"Rewrite each member about its own topic. None is a merge target: the topics differ, only the text is shared.",19 articles with different titles and word-for-word the same body (raw similarity ≥ 0.95).,body text (5-word shingles)
S14,"keyword-swapped (same text, different topics)",no,19,1,how-to-answer-tell-me-about-yourself-in-interviews,a7099cd5-af10-4d85-89aa-ff942fed1cbe,How to Crack Product-Based Company Interviews,/blog/how-to-crack-product-based-company-interviews,1,DEEP REWRITE,"Rewrite each member about its own topic. None is a merge target: the topics differ, only the text is shared.",19 articles with different titles and word-for-word the same body (raw similarity ≥ 0.95).,body text (5-word shingles)
S14,"keyword-swapped (same text, different topics)",no,19,1,how-to-answer-tell-me-about-yourself-in-interviews,967d2df0-0348-4572-99ed-86c4eba17f41,How to Find a Mentor in Tech,/blog/how-to-find-a-mentor-in-tech,1,DEEP REWRITE,"Rewrite each member about its own topic. None is a merge target: the topics differ, only the text is shared.",19 articles with different titles and word-for-word the same body (raw similarity ≥ 0.95).,body text (5-word shingles)
S14,"keyword-swapped (same text, different topics)",no,19,1,how-to-answer-tell-me-about-yourself-in-interviews,a0318615-bc1b-4d98-be65-146d5ec21e43,How to Handle Multiple Job Offers Gracefully,/blog/how-to-handle-multiple-job-offers-gracefully,1,DEEP REWRITE,"Rewrite each member about its own topic. None is a merge target: the topics differ, only the text is shared.",19 articles with different titles and word-for-word the same body (raw similarity ≥ 0.95).,body text (5-word shingles)
S14,"keyword-swapped (same text, different topics)",no,19,1,how-to-answer-tell-me-about-yourself-in-interviews,6d1ca64b-0d66-4008-bd41-b562c2d41a01,How to Quantify Achievements on Your Resume,/blog/how-to-quantify-achievements-on-your-resume,1,DEEP REWRITE,"Rewrite each member about its own topic. None is a merge target: the topics differ, only the text is shared.",19 articles with different titles and word-for-word the same body (raw similarity ≥ 0.95).,body text (5-word shingles)
S14,"keyword-swapped (same text, different topics)",no,19,1,how-to-answer-tell-me-about-yourself-in-interviews,ee7bcd59-2acc-4cdd-ae67-84b7bfc38ddb,Imposter Syndrome in Tech: How to Beat It,/blog/imposter-syndrome-in-tech-how-to-beat-it,1,DEEP REWRITE,"Rewrite each member about its own topic. None is a merge target: the topics differ, only the text is shared.",19 articles with different titles and word-for-word the same body (raw similarity ≥ 0.95).,body text (5-word shingles)
S14,"keyword-swapped (same text, different topics)",no,19,1,how-to-answer-tell-me-about-yourself-in-interviews,df97d781-2b57-48aa-8851-e27f35b6d2ae,Networking for Introverts: Landing Referrals,/blog/networking-for-introverts-landing-referrals,1,DEEP REWRITE,"Rewrite each member about its own topic. None is a merge target: the topics differ, only the text is shared.",19 articles with different titles and word-for-word the same body (raw similarity ≥ 0.95).,body text (5-word shingles)
S14,"keyword-swapped (same text, different topics)",no,19,1,how-to-answer-tell-me-about-yourself-in-interviews,65dbdc3b-c53a-4690-ba53-574bbf8283fc,Reference Checks: How to Prepare Your Referees,/blog/reference-checks-how-to-prepare-your-referees,1,DEEP REWRITE,"Rewrite each member about its own topic. None is a merge target: the topics differ, only the text is shared.",19 articles with different titles and word-for-word the same body (raw similarity ≥ 0.95).,body text (5-word shingles)
S15,"keyword-swapped (same text, different topics)",no,2,1,data-analytics-projects-for-your-resume,edfc9ba3-9801-4400-a188-755efe377054,Data Analytics Projects for Your Resume,/blog/data-analytics-projects-for-your-resume,1,DEEP REWRITE,"Rewrite each member about its own topic. None is a merge target: the topics differ, only the text is shared.",2 articles with different titles and word-for-word the same body (raw similarity ≥ 0.95).,body text (5-word shingles)
S15,"keyword-swapped (same text, different topics)",no,2,1,data-analytics-projects-for-your-resume,bab7e75d-468f-44c6-9867-a3df4b78252e,Building a Sales Dashboard: A Hands-On Project,/blog/building-a-sales-dashboard-a-hands-on-project,1,DEEP REWRITE,"Rewrite each member about its own topic. None is a merge target: the topics differ, only the text is shared.",2 articles with different titles and word-for-word the same body (raw similarity ≥ 0.95).,body text (5-word shingles)
S16,"keyword-swapped (same text, different topics)",no,30,0.999,data-cleaning-a-practical-step-by-step-guide,89abac70-82f9-4201-829c-db690950c247,Data Cleaning: A Practical Step-by-Step Guide,/blog/data-cleaning-a-practical-step-by-step-guide,1,DEEP REWRITE,"Rewrite each member about its own topic. None is a merge target: the topics differ, only the text is shared.",30 articles with different titles and word-for-word the same body (raw similarity ≥ 0.95).,body text (5-word shingles)
S16,"keyword-swapped (same text, different topics)",no,30,0.999,data-cleaning-a-practical-step-by-step-guide,5ee45119-caef-4e2f-8807-bc7fe7c2b45e,Building KPI Scorecards for Executives,/blog/building-kpi-scorecards-for-executives,0.978,DEEP REWRITE,"Rewrite each member about its own topic. None is a merge target: the topics differ, only the text is shared.",30 articles with different titles and word-for-word the same body (raw similarity ≥ 0.95).,body text (5-word shingles)
S16,"keyword-swapped (same text, different topics)",no,30,0.999,data-cleaning-a-practical-step-by-step-guide,9af19898-222a-4545-986c-3352eb626336,Building Your First Interactive Dashboard,/blog/building-your-first-interactive-dashboard,0.978,DEEP REWRITE,"Rewrite each member about its own topic. None is a merge target: the topics differ, only the text is shared.",30 articles with different titles and word-for-word the same body (raw similarity ≥ 0.95).,body text (5-word shingles)
S16,"keyword-swapped (same text, different topics)",no,30,0.999,data-cleaning-a-practical-step-by-step-guide,2d3d03c8-71fb-44d8-b1e9-0bd27c48793f,Business Analytics Explained: A Beginner's Guide,/blog/business-analytics-explained-a-beginner-s-guide,0.978,DEEP REWRITE,"Rewrite each member about its own topic. None is a merge target: the topics differ, only the text is shared.",30 articles with different titles and word-for-word the same body (raw similarity ≥ 0.95).,body text (5-word shingles)
S16,"keyword-swapped (same text, different topics)",no,30,0.999,data-cleaning-a-practical-step-by-step-guide,45e1cecb-57d7-4a9b-b432-1a0d595691ff,Cohort Analysis Explained with Examples,/blog/cohort-analysis-explained-with-examples,0.978,DEEP REWRITE,"Rewrite each member about its own topic. None is a merge target: the topics differ, only the text is shared.",30 articles with different titles and word-for-word the same body (raw similarity ≥ 0.95).,body text (5-word shingles)
S16,"keyword-swapped (same text, different topics)",no,30,0.999,data-cleaning-a-practical-step-by-step-guide,bb01aead-b563-44f6-98fc-f83e47a34d18,Customer Segmentation for Analysts: A Practical Guide,/blog/customer-segmentation-for-analysts-a-practical-guide,0.978,DEEP REWRITE,"Rewrite each member about its own topic. None is a merge target: the topics differ, only the text is shared.",30 articles with different titles and word-for-word the same body (raw similarity ≥ 0.95).,body text (5-word shingles)
S16,"keyword-swapped (same text, different topics)",no,30,0.999,data-cleaning-a-practical-step-by-step-guide,abcc9aa8-f055-4f92-926c-305aed8f2e28,Dashboard Design Principles for Data Analysts,/blog/dashboard-design-principles-for-data-analysts,0.978,DEEP REWRITE,"Rewrite each member about its own topic. None is a merge target: the topics differ, only the text is shared.",30 articles with different titles and word-for-word the same body (raw similarity ≥ 0.95).,body text (5-word shingles)
S16,"keyword-swapped (same text, different topics)",no,30,0.999,data-cleaning-a-practical-step-by-step-guide,e9bf5b6b-f249-4848-83cd-45dbc3115f77,Data Governance Basics Every Analyst Should Know,/blog/data-governance-basics-every-analyst-should-know,0.978,DEEP REWRITE,"Rewrite each member about its own topic. None is a merge target: the topics differ, only the text is shared.",30 articles with different titles and word-for-word the same body (raw similarity ≥ 0.95).,body text (5-word shingles)
S16,"keyword-swapped (same text, different topics)",no,30,0.999,data-cleaning-a-practical-step-by-step-guide,1bbe015f-4e54-4de6-9a60-2877984b7675,Data Visualization Best Practices and Common Mistakes,/blog/data-visualization-best-practices-and-common-mistakes,0.978,DEEP REWRITE,"Rewrite each member about its own topic. None is a merge target: the topics differ, only the text is shared.",30 articles with different titles and word-for-word the same body (raw similarity ≥ 0.95).,body text (5-word shingles)
S16,"keyword-swapped (same text, different topics)",no,30,0.999,data-cleaning-a-practical-step-by-step-guide,6bb829cb-8e0d-49ad-93a5-d05b9ad576ec,Excel for Data Analysis: Formulas That Matter,/blog/excel-for-data-analysis-formulas-that-matter,0.978,DEEP REWRITE,"Rewrite each member about its own topic. None is a merge target: the topics differ, only the text is shared.",30 articles with different titles and word-for-word the same body (raw similarity ≥ 0.95).,body text (5-word shingles)
S16,"keyword-swapped (same text, different topics)",no,30,0.999,data-cleaning-a-practical-step-by-step-guide,3bf72922-6d87-444c-a336-e906d69de9be,Excel Power Query: Cleaning Data Without Code,/blog/excel-power-query-cleaning-data-without-code,0.978,DEEP REWRITE,"Rewrite each member about its own topic. None is a merge target: the topics differ, only the text is shared.",30 articles with different titles and word-for-word the same body (raw similarity ≥ 0.95).,body text (5-word shingles)
S16,"keyword-swapped (same text, different topics)",no,30,0.999,data-cleaning-a-practical-step-by-step-guide,e82540e3-48e8-48ce-bf1e-8073bf7286dd,Forecasting in Excel: Simple Methods That Work,/blog/forecasting-in-excel-simple-methods-that-work,0.978,DEEP REWRITE,"Rewrite each member about its own topic. None is a merge target: the topics differ, only the text is shared.",30 articles with different titles and word-for-word the same body (raw similarity ≥ 0.95).,body text (5-word shingles)
S16,"keyword-swapped (same text, different topics)",no,30,0.999,data-cleaning-a-practical-step-by-step-guide,a763d95b-f2d9-44b9-a6a7-82f8d2a64721,From Excel to SQL: A Smooth Transition Guide,/blog/from-excel-to-sql-a-smooth-transition-guide,0.978,DEEP REWRITE,"Rewrite each member about its own topic. None is a merge target: the topics differ, only the text is shared.",30 articles with different titles and word-for-word the same body (raw similarity ≥ 0.95).,body text (5-word shingles)
S16,"keyword-swapped (same text, different topics)",no,30,0.999,data-cleaning-a-practical-step-by-step-guide,cb67551d-e33a-438f-9a5e-ed925419f863,Funnel Analysis: Measuring Conversion Step by Step,/blog/funnel-analysis-measuring-conversion-step-by-step,0.978,DEEP REWRITE,"Rewrite each member about its own topic. None is a merge target: the topics differ, only the text is shared.",30 articles with different titles and word-for-word the same body (raw similarity ≥ 0.95).,body text (5-word shingles)
S16,"keyword-swapped (same text, different topics)",no,30,0.999,data-cleaning-a-practical-step-by-step-guide,4f4ab792-b571-451a-94f8-3a56b5771523,Google Sheets for Data Analysis: Underrated Power Tools,/blog/google-sheets-for-data-analysis-underrated-power-tools,0.978,DEEP REWRITE,"Rewrite each member about its own topic. None is a merge target: the topics differ, only the text is shared.",30 articles with different titles and word-for-word the same body (raw similarity ≥ 0.95).,body text (5-word shingles)
S16,"keyword-swapped (same text, different topics)",no,30,0.999,data-cleaning-a-practical-step-by-step-guide,5eeb562c-7607-4f19-9081-614df57b3b57,How Data Analysts Add Real Business Value,/blog/how-data-analysts-add-real-business-value,0.978,DEEP REWRITE,"Rewrite each member about its own topic. None is a merge target: the topics differ, only the text is shared.",30 articles with different titles and word-for-word the same body (raw similarity ≥ 0.95).,body text (5-word shingles)
S16,"keyword-swapped (same text, different topics)",no,30,0.999,data-cleaning-a-practical-step-by-step-guide,4deb6465-7417-46e9-b653-fc5d243a5f90,How to Audit a Messy Dataset Before Analysis,/blog/how-to-audit-a-messy-dataset-before-analysis,0.978,DEEP REWRITE,"Rewrite each member about its own topic. None is a merge target: the topics differ, only the text is shared.",30 articles with different titles and word-for-word the same body (raw similarity ≥ 0.95).,body text (5-word shingles)
S16,"keyword-swapped (same text, different topics)",no,30,0.999,data-cleaning-a-practical-step-by-step-guide,d0c7160b-d8cf-45a6-ac00-a1d349e279a4,How to Handle Missing Data in Analytics,/blog/how-to-handle-missing-data-in-analytics,0.978,DEEP REWRITE,"Rewrite each member about its own topic. None is a merge target: the topics differ, only the text is shared.",30 articles with different titles and word-for-word the same body (raw similarity ≥ 0.95).,body text (5-word shingles)
S16,"keyword-swapped (same text, different topics)",no,30,0.999,data-cleaning-a-practical-step-by-step-guide,c60523ec-8b64-4ffd-b61f-29cebb764ea5,Looker Studio Tutorial: Free Dashboards for Beginners,/blog/looker-studio-tutorial-free-dashboards-for-beginners,0.978,DEEP REWRITE,"Rewrite each member about its own topic. None is a merge target: the topics differ, only the text is shared.",30 articles with different titles and word-for-word the same body (raw similarity ≥ 0.95).,body text (5-word shingles)
S16,"keyword-swapped (same text, different topics)",no,30,0.999,data-cleaning-a-practical-step-by-step-guide,62e80fbc-7155-45c9-801d-5f959fd6180a,Marketing Analytics: Metrics and Dashboards That Matter,/blog/marketing-analytics-metrics-and-dashboards-that-matter,0.978,DEEP REWRITE,"Rewrite each member about its own topic. None is a merge target: the topics differ, only the text is shared.",30 articles with different titles and word-for-word the same body (raw similarity ≥ 0.95).,body text (5-word shingles)
S16,"keyword-swapped (same text, different topics)",no,30,0.999,data-cleaning-a-practical-step-by-step-guide,e1faf93a-3d0a-4db2-ae57-4e68b6202862,Outlier Detection for Analysts: Methods and Tools,/blog/outlier-detection-for-analysts-methods-and-tools,0.978,DEEP REWRITE,"Rewrite each member about its own topic. None is a merge target: the topics differ, only the text is shared.",30 articles with different titles and word-for-word the same body (raw similarity ≥ 0.95).,body text (5-word shingles)
S16,"keyword-swapped (same text, different topics)",no,30,0.999,data-cleaning-a-practical-step-by-step-guide,7acfdae6-955f-4cdb-b65a-c962bee798e9,Pivot Tables in Excel: A Complete Tutorial,/blog/pivot-tables-in-excel-a-complete-tutorial,0.978,DEEP REWRITE,"Rewrite each member about its own topic. None is a merge target: the topics differ, only the text is shared.",30 articles with different titles and word-for-word the same body (raw similarity ≥ 0.95).,body text (5-word shingles)
S16,"keyword-swapped (same text, different topics)",no,30,0.999,data-cleaning-a-practical-step-by-step-guide,3d5bfd24-48f2-44ff-a61e-1b8d15240792,"Product Analytics 101: Events, Funnels and Retention",/blog/product-analytics-101-events-funnels-and-retention,0.978,DEEP REWRITE,"Rewrite each member about its own topic. None is a merge target: the topics differ, only the text is shared.",30 articles with different titles and word-for-word the same body (raw similarity ≥ 0.95).,body text (5-word shingles)
S16,"keyword-swapped (same text, different topics)",no,30,0.999,data-cleaning-a-practical-step-by-step-guide,2e763d01-50de-4ff7-92a1-7c9a6ffe7ec5,Self-Service Analytics: Empowering Business Teams,/blog/self-service-analytics-empowering-business-teams,0.978,DEEP REWRITE,"Rewrite each member about its own topic. None is a merge target: the topics differ, only the text is shared.",30 articles with different titles and word-for-word the same body (raw similarity ≥ 0.95).,body text (5-word shingles)
S16,"keyword-swapped (same text, different topics)",no,30,0.999,data-cleaning-a-practical-step-by-step-guide,8b5c40d8-c7d1-40e0-ae62-9f7702e89aee,Spreadsheet to Insight: A Repeatable Analysis Workflow,/blog/spreadsheet-to-insight-a-repeatable-analysis-workflow,0.978,DEEP REWRITE,"Rewrite each member about its own topic. None is a merge target: the topics differ, only the text is shared.",30 articles with different titles and word-for-word the same body (raw similarity ≥ 0.95).,body text (5-word shingles)
S16,"keyword-swapped (same text, different topics)",no,30,0.999,data-cleaning-a-practical-step-by-step-guide,0581ad5a-b57a-463d-8c46-0ab6cbe1f516,SQL for Data Analysts: The Queries You Need Daily,/blog/sql-for-data-analysts-the-queries-you-need-daily,0.978,DEEP REWRITE,"Rewrite each member about its own topic. None is a merge target: the topics differ, only the text is shared.",30 articles with different titles and word-for-word the same body (raw similarity ≥ 0.95).,body text (5-word shingles)
S16,"keyword-swapped (same text, different topics)",no,30,0.999,data-cleaning-a-practical-step-by-step-guide,17a007b7-1add-4bc0-a83d-bccdab58f616,Statistical Concepts Every Data Analyst Must Know,/blog/statistical-concepts-every-data-analyst-must-know,0.978,DEEP REWRITE,"Rewrite each member about its own topic. None is a merge target: the topics differ, only the text is shared.",30 articles with different titles and word-for-word the same body (raw similarity ≥ 0.95).,body text (5-word shingles)
S16,"keyword-swapped (same text, different topics)",no,30,0.999,data-cleaning-a-practical-step-by-step-guide,f8c255e9-0c20-4acd-89a3-83d292960c03,The Modern Data Analytics Stack Explained,/blog/the-modern-data-analytics-stack-explained,0.978,DEEP REWRITE,"Rewrite each member about its own topic. None is a merge target: the topics differ, only the text is shared.",30 articles with different titles and word-for-word the same body (raw similarity ≥ 0.95).,body text (5-word shingles)
S16,"keyword-swapped (same text, different topics)",no,30,0.999,data-cleaning-a-practical-step-by-step-guide,69a49f00-34ea-45fd-8cfc-efbf2f99a786,Time Intelligence in Analytics: Trends and Seasonality,/blog/time-intelligence-in-analytics-trends-and-seasonality,0.978,DEEP REWRITE,"Rewrite each member about its own topic. None is a merge target: the topics differ, only the text is shared.",30 articles with different titles and word-for-word the same body (raw similarity ≥ 0.95).,body text (5-word shingles)
S16,"keyword-swapped (same text, different topics)",no,30,0.999,data-cleaning-a-practical-step-by-step-guide,f8737f14-2bf4-4217-8e01-9818fb608ae3,Web Analytics Basics: Understanding User Behavior,/blog/web-analytics-basics-understanding-user-behavior,0.978,DEEP REWRITE,"Rewrite each member about its own topic. None is a merge target: the topics differ, only the text is shared.",30 articles with different titles and word-for-word the same body (raw similarity ≥ 0.95).,body text (5-word shingles)
S17,"keyword-swapped (same text, different topics)",no,2,1,career-switch-to-data-science-a-realistic-roadmap,991b639c-cd14-482b-8edb-8bc85ac78946,Career Switch to Data Science: A Realistic Roadmap,/blog/career-switch-to-data-science-a-realistic-roadmap,1,DEEP REWRITE,"Rewrite each member about its own topic. None is a merge target: the topics differ, only the text is shared.",2 articles with different titles and word-for-word the same body (raw similarity ≥ 0.95).,body text (5-word shingles)
S17,"keyword-swapped (same text, different topics)",no,2,1,career-switch-to-data-science-a-realistic-roadmap,65cc76d9-89b9-4609-abe6-9d40fc23824e,Career Roadmap: Analyst to Scientist to Lead,/blog/career-roadmap-analyst-to-scientist-to-lead,1,DEEP REWRITE,"Rewrite each member about its own topic. None is a merge target: the topics differ, only the text is shared.",2 articles with different titles and word-for-word the same body (raw similarity ≥ 0.95).,body text (5-word shingles)
S18,"keyword-swapped (same text, different topics)",no,2,0.968,creating-calculated-columns-vs-measures-in-power-bi,87668382-eb60-4dc3-ad26-8e5e2f76604d,Creating Calculated Columns vs Measures in Power BI,/blog/creating-calculated-columns-vs-measures-in-power-bi,1,DEEP REWRITE,"Rewrite each member about its own topic. None is a merge target: the topics differ, only the text is shared.",2 articles with different titles and word-for-word the same body (raw similarity ≥ 0.95).,body text (5-word shingles)
S18,"keyword-swapped (same text, different topics)",no,2,0.968,creating-calculated-columns-vs-measures-in-power-bi,dcf588d8-092a-431d-b93b-eefde93234ed,Star Schema vs Snowflake Schema in Power BI,/blog/star-schema-vs-snowflake-schema-in-power-bi,0.968,DEEP REWRITE,"Rewrite each member about its own topic. None is a merge target: the topics differ, only the text is shared.",2 articles with different titles and word-for-word the same body (raw similarity ≥ 0.95).,body text (5-word shingles)
S19,"keyword-swapped (same text, different topics)",no,2,1,data-analytics-roadmap-for-non-tech-backgrounds,8dc99bba-d522-4b95-8b66-883df971ac7a,Data Analytics Roadmap for Non-Tech Backgrounds,/blog/data-analytics-roadmap-for-non-tech-backgrounds,1,DEEP REWRITE,"Rewrite each member about its own topic. None is a merge target: the topics differ, only the text is shared.",2 articles with different titles and word-for-word the same body (raw similarity ≥ 0.95).,body text (5-word shingles)
S19,"keyword-swapped (same text, different topics)",no,2,1,data-analytics-roadmap-for-non-tech-backgrounds,d4e69b05-c67e-4356-875b-a353ec336620,"Data Analyst Roadmap 2026: Skills, Tools and Timeline",/blog/data-analyst-roadmap-2026-skills-tools-and-timeline,1,DEEP REWRITE,"Rewrite each member about its own topic. None is a merge target: the topics differ, only the text is shared.",2 articles with different titles and word-for-word the same body (raw similarity ≥ 0.95).,body text (5-word shingles)
S20,"keyword-swapped (same text, different topics)",no,2,1,from-backend-developer-to-data-engineer-a-roadmap,6b381aa5-df4b-4d95-bc0f-8f497ab9d6b9,From Backend Developer to Data Engineer: A Roadmap,/blog/from-backend-developer-to-data-engineer-a-roadmap,1,DEEP REWRITE,"Rewrite each member about its own topic. None is a merge target: the topics differ, only the text is shared.",2 articles with different titles and word-for-word the same body (raw similarity ≥ 0.95).,body text (5-word shingles)
S20,"keyword-swapped (same text, different topics)",no,2,1,from-backend-developer-to-data-engineer-a-roadmap,fe0843d2-54f6-4334-beef-58606bd4d1ef,Data Engineering Roadmap 2026: A Complete Guide,/blog/data-engineering-roadmap-2026-a-complete-guide,1,DEEP REWRITE,"Rewrite each member about its own topic. None is a merge target: the topics differ, only the text is shared.",2 articles with different titles and word-for-word the same body (raw similarity ≥ 0.95).,body text (5-word shingles)
S21,"keyword-swapped (same text, different topics)",no,4,1,from-data-analyst-to-data-scientist-a-transition-roadmap,554f025e-b1d6-4977-83bb-7a7b91ee1a74,From Data Analyst to Data Scientist: A Transition Roadmap,/blog/from-data-analyst-to-data-scientist-a-transition-roadmap,1,DEEP REWRITE,"Rewrite each member about its own topic. None is a merge target: the topics differ, only the text is shared.",4 articles with different titles and word-for-word the same body (raw similarity ≥ 0.95).,body text (5-word shingles)
S21,"keyword-swapped (same text, different topics)",no,4,1,from-data-analyst-to-data-scientist-a-transition-roadmap,4423b7cc-2752-439e-8a78-60746423e95a,Data Science Roadmap 2026: A Complete Step-by-Step Guide,/blog/data-science-roadmap-2026-a-complete-step-by-step-guide,1,DEEP REWRITE,"Rewrite each member about its own topic. None is a merge target: the topics differ, only the text is shared.",4 articles with different titles and word-for-word the same body (raw similarity ≥ 0.95).,body text (5-word shingles)
S21,"keyword-swapped (same text, different topics)",no,4,1,from-data-analyst-to-data-scientist-a-transition-roadmap,ce868598-2bb0-47b5-831c-bab2ebb0888d,Machine Learning Roadmap for Beginners in 2026,/blog/machine-learning-roadmap-for-beginners-in-2026,1,DEEP REWRITE,"Rewrite each member about its own topic. None is a merge target: the topics differ, only the text is shared.",4 articles with different titles and word-for-word the same body (raw similarity ≥ 0.95).,body text (5-word shingles)
S21,"keyword-swapped (same text, different topics)",no,4,1,from-data-analyst-to-data-scientist-a-transition-roadmap,aec32cc5-44c3-43d8-b4b8-d35cd842b3a6,Natural Language Processing (NLP) Roadmap for 2026,/blog/natural-language-processing-nlp-roadmap-for-2026,1,DEEP REWRITE,"Rewrite each member about its own topic. None is a merge target: the topics differ, only the text is shared.",4 articles with different titles and word-for-word the same body (raw similarity ≥ 0.95).,body text (5-word shingles)
S22,"keyword-swapped (same text, different topics)",no,2,1,from-data-scientist-to-mlops-engineer-a-roadmap,a9428529-4089-4376-accd-4d814988d1e9,From Data Scientist to MLOps Engineer: A Roadmap,/blog/from-data-scientist-to-mlops-engineer-a-roadmap,1,DEEP REWRITE,"Rewrite each member about its own topic. None is a merge target: the topics differ, only the text is shared.",2 articles with different titles and word-for-word the same body (raw similarity ≥ 0.95).,body text (5-word shingles)
S22,"keyword-swapped (same text, different topics)",no,2,1,from-data-scientist-to-mlops-engineer-a-roadmap,6ad8f279-59f2-4b4c-a8a8-d68b1486938c,"MLOps Roadmap 2026: Skills, Tools and Career Path",/blog/mlops-roadmap-2026-skills-tools-and-career-path,1,DEEP REWRITE,"Rewrite each member about its own topic. None is a merge target: the topics differ, only the text is shared.",2 articles with different titles and word-for-word the same body (raw similarity ≥ 0.95).,body text (5-word shingles)
S23,"keyword-swapped (same text, different topics)",no,2,1,from-power-bi-beginner-to-developer-a-career-roadmap,fca531a3-6371-45e7-befe-406c31611d94,From Power BI Beginner to Developer: A Career Roadmap,/blog/from-power-bi-beginner-to-developer-a-career-roadmap,1,DEEP REWRITE,"Rewrite each member about its own topic. None is a merge target: the topics differ, only the text is shared.",2 articles with different titles and word-for-word the same body (raw similarity ≥ 0.95).,body text (5-word shingles)
S23,"keyword-swapped (same text, different topics)",no,2,1,from-power-bi-beginner-to-developer-a-career-roadmap,3853b6b3-ba0e-47b1-954f-99318e3d6e7c,Power BI Roadmap 2026: From Beginner to Job-Ready,/blog/power-bi-roadmap-2026-from-beginner-to-job-ready,1,DEEP REWRITE,"Rewrite each member about its own topic. None is a merge target: the topics differ, only the text is shared.",2 articles with different titles and word-for-word the same body (raw similarity ≥ 0.95).,body text (5-word shingles)
S24,"keyword-swapped (same text, different topics)",no,3,1,gcp-associate-cloud-engineer-certification-guide,7ed99eca-251c-42d1-af62-27450d315fde,GCP Associate Cloud Engineer Certification Guide,/blog/gcp-associate-cloud-engineer-certification-guide,1,DEEP REWRITE,"Rewrite each member about its own topic. None is a merge target: the topics differ, only the text is shared.",3 articles with different titles and word-for-word the same body (raw similarity ≥ 0.95).,body text (5-word shingles)
S24,"keyword-swapped (same text, different topics)",no,3,1,gcp-associate-cloud-engineer-certification-guide,6ac8d50b-4494-417a-990a-a1b7d02c7488,GCP Certification Path: Which One to Pick First,/blog/gcp-certification-path-which-one-to-pick-first,1,DEEP REWRITE,"Rewrite each member about its own topic. None is a merge target: the topics differ, only the text is shared.",3 articles with different titles and word-for-word the same body (raw similarity ≥ 0.95).,body text (5-word shingles)
S24,"keyword-swapped (same text, different topics)",no,3,1,gcp-associate-cloud-engineer-certification-guide,68fa2bc2-5386-48fa-905f-9e948c10736c,GCP Professional Data Engineer Certification Guide,/blog/gcp-professional-data-engineer-certification-guide,1,DEEP REWRITE,"Rewrite each member about its own topic. None is a merge target: the topics differ, only the text is shared.",3 articles with different titles and word-for-word the same body (raw similarity ≥ 0.95).,body text (5-word shingles)
S25,"keyword-swapped (same text, different topics)",no,4,1,how-much-math-do-you-really-need-for-data-science,b9981a86-e8a7-4851-b00f-3a348bf7e8a1,How Much Math Do You Really Need for Data Science?,/blog/how-much-math-do-you-really-need-for-data-science,1,DEEP REWRITE,"Rewrite each member about its own topic. None is a merge target: the topics differ, only the text is shared.",4 articles with different titles and word-for-word the same body (raw similarity ≥ 0.95).,body text (5-word shingles)
S25,"keyword-swapped (same text, different topics)",no,4,1,how-much-math-do-you-really-need-for-data-science,459b4ba1-10c5-4900-9ee3-017a6dde20d0,Probability for Data Science: Concepts You Must Know,/blog/probability-for-data-science-concepts-you-must-know,1,DEEP REWRITE,"Rewrite each member about its own topic. None is a merge target: the topics differ, only the text is shared.",4 articles with different titles and word-for-word the same body (raw similarity ≥ 0.95).,body text (5-word shingles)
S25,"keyword-swapped (same text, different topics)",no,4,1,how-much-math-do-you-really-need-for-data-science,332063e1-f1d8-4a26-9b57-d7528115da52,SQL for Data Science: Queries Every Data Scientist Must Know,/blog/sql-for-data-science-queries-every-data-scientist-must-know,1,DEEP REWRITE,"Rewrite each member about its own topic. None is a merge target: the topics differ, only the text is shared.",4 articles with different titles and word-for-word the same body (raw similarity ≥ 0.95).,body text (5-word shingles)
S25,"keyword-swapped (same text, different topics)",no,4,1,how-much-math-do-you-really-need-for-data-science,1fa0de07-5d61-4389-bf15-c59e53cca95e,Statistics for Data Science: The 20% You Actually Need,/blog/statistics-for-data-science-the-20-you-actually-need,1,DEEP REWRITE,"Rewrite each member about its own topic. None is a merge target: the topics differ, only the text is shared.",4 articles with different titles and word-for-word the same body (raw similarity ≥ 0.95).,body text (5-word shingles)
S26,"keyword-swapped (same text, different topics)",no,2,1,how-to-build-a-data-analyst-portfolio-in-2026,cc3aecdc-0897-4887-858d-ad034676c797,How to Build a Data Analyst Portfolio in 2026,/blog/how-to-build-a-data-analyst-portfolio-in-2026,1,DEEP REWRITE,"Rewrite each member about its own topic. None is a merge target: the topics differ, only the text is shared.",2 articles with different titles and word-for-word the same body (raw similarity ≥ 0.95).,body text (5-word shingles)
S26,"keyword-swapped (same text, different topics)",no,2,1,how-to-build-a-data-analyst-portfolio-in-2026,27ce0eee-5eac-4485-b75c-b8673dc05135,Top Free Tools for Data Analysts in 2026,/blog/top-free-tools-for-data-analysts-in-2026,1,DEEP REWRITE,"Rewrite each member about its own topic. None is a merge target: the topics differ, only the text is shared.",2 articles with different titles and word-for-word the same body (raw similarity ≥ 0.95).,body text (5-word shingles)
S27,"keyword-swapped (same text, different topics)",no,2,1,how-to-use-kaggle-to-boost-your-job-profile,d511d0c2-d5b3-468d-8e53-de794bb760d5,How to Use Kaggle to Boost Your Job Profile,/blog/how-to-use-kaggle-to-boost-your-job-profile,1,DEEP REWRITE,"Rewrite each member about its own topic. None is a merge target: the topics differ, only the text is shared.",2 articles with different titles and word-for-word the same body (raw similarity ≥ 0.95).,body text (5-word shingles)
S27,"keyword-swapped (same text, different topics)",no,2,1,how-to-use-kaggle-to-boost-your-job-profile,32cf794d-cafa-4a23-9f3e-59970c4bdfcb,How to Get Recruiters to Notice Your Profile,/blog/how-to-get-recruiters-to-notice-your-profile,1,DEEP REWRITE,"Rewrite each member about its own topic. None is a merge target: the topics differ, only the text is shared.",2 articles with different titles and word-for-word the same body (raw similarity ≥ 0.95).,body text (5-word shingles)
S28,"keyword-swapped (same text, different topics)",no,5,1,how-to-structure-a-python-project-the-right-way,61c626df-9374-4773-bae2-e9b073c01985,How to Structure a Python Project the Right Way,/blog/how-to-structure-a-python-project-the-right-way,1,DEEP REWRITE,"Rewrite each member about its own topic. None is a merge target: the topics differ, only the text is shared.",5 articles with different titles and word-for-word the same body (raw similarity ≥ 0.95).,body text (5-word shingles)
S28,"keyword-swapped (same text, different topics)",no,5,1,how-to-structure-a-python-project-the-right-way,ae735a1c-82cb-4ae2-83e8-7e60220d8075,Python for Automation: A Real-World Project Guide,/blog/python-for-automation-a-real-world-project-guide,1,DEEP REWRITE,"Rewrite each member about its own topic. None is a merge target: the topics differ, only the text is shared.",5 articles with different titles and word-for-word the same body (raw similarity ≥ 0.95).,body text (5-word shingles)
S28,"keyword-swapped (same text, different topics)",no,5,1,how-to-structure-a-python-project-the-right-way,ef46655a-ea04-4e19-b098-9ed232e209ff,Python Logging: A Practical Setup for Real Projects,/blog/python-logging-a-practical-setup-for-real-projects,1,DEEP REWRITE,"Rewrite each member about its own topic. None is a merge target: the topics differ, only the text is shared.",5 articles with different titles and word-for-word the same body (raw similarity ≥ 0.95).,body text (5-word shingles)
S28,"keyword-swapped (same text, different topics)",no,5,1,how-to-structure-a-python-project-the-right-way,f700ca21-f622-447c-b352-7339f8acca0e,Python Mini Projects to Build in a Weekend,/blog/python-mini-projects-to-build-in-a-weekend,1,DEEP REWRITE,"Rewrite each member about its own topic. None is a merge target: the topics differ, only the text is shared.",5 articles with different titles and word-for-word the same body (raw similarity ≥ 0.95).,body text (5-word shingles)
S28,"keyword-swapped (same text, different topics)",no,5,1,how-to-structure-a-python-project-the-right-way,aff911c7-72df-41df-9000-e5988f91a683,Python Projects for Beginners: 15 Ideas to Build,/blog/python-projects-for-beginners-15-ideas-to-build,1,DEEP REWRITE,"Rewrite each member about its own topic. None is a merge target: the topics differ, only the text is shared.",5 articles with different titles and word-for-word the same body (raw similarity ≥ 0.95).,body text (5-word shingles)
S29,"keyword-swapped (same text, different topics)",no,2,1,job-search-strategy-for-the-indian-tech-market-2026,a0224e31-c0b6-4e0b-961b-15d4d967cea9,Job Search Strategy for the Indian Tech Market 2026,/blog/job-search-strategy-for-the-indian-tech-market-2026,1,DEEP REWRITE,"Rewrite each member about its own topic. None is a merge target: the topics differ, only the text is shared.",2 articles with different titles and word-for-word the same body (raw similarity ≥ 0.95).,body text (5-word shingles)
S29,"keyword-swapped (same text, different topics)",no,2,1,job-search-strategy-for-the-indian-tech-market-2026,6fb04597-c9b0-46c7-a854-a262c7b17653,LinkedIn Optimization for Tech Job Seekers in 2026,/blog/linkedin-optimization-for-tech-job-seekers-in-2026,1,DEEP REWRITE,"Rewrite each member about its own topic. None is a merge target: the topics differ, only the text is shared.",2 articles with different titles and word-for-word the same body (raw similarity ≥ 0.95).,body text (5-word shingles)
S30,"keyword-swapped (same text, different topics)",no,2,1,personal-projects-that-double-as-interview-stories,0896227f-5112-4a2a-88f9-e32cb3f2521c,Personal Projects That Double as Interview Stories,/blog/personal-projects-that-double-as-interview-stories,1,DEEP REWRITE,"Rewrite each member about its own topic. None is a merge target: the topics differ, only the text is shared.",2 articles with different titles and word-for-word the same body (raw similarity ≥ 0.95).,body text (5-word shingles)
S30,"keyword-swapped (same text, different topics)",no,2,1,personal-projects-that-double-as-interview-stories,e265908e-7bcb-4aec-b825-ba3c56375899,Portfolio Building: Projects That Impress Recruiters,/blog/portfolio-building-projects-that-impress-recruiters,1,DEEP REWRITE,"Rewrite each member about its own topic. None is a merge target: the topics differ, only the text is shared.",2 articles with different titles and word-for-word the same body (raw similarity ≥ 0.95).,body text (5-word shingles)
X1,exact duplicate,yes,2,0.692,aws-interview-questions-for-data-engineers,fb36b6b8-8d57-43ad-a1c6-1961da1d47d3,AWS Interview Questions for Data Engineers,/blog/aws-interview-questions-for-data-engineers,1,KEEP,Done in Phase 1: the copy 301s to the kept article.,"identical title: ""aws interview questions for data engineers""; identical H1: ""aws interview questions for data engineers""; both answer the interview query for ""aws""",body text (5-word shingles)
X1,exact duplicate,yes,2,0.692,aws-interview-questions-for-data-engineers,18c51e97-59b4-4c23-8fe8-e39112b42635,AWS Interview Questions for Data Engineers,/blog/aws-interview-questions-for-data-engineers-2,0.692,REDIRECT (done in Phase 1),Done in Phase 1: the copy 301s to the kept article.,"identical title: ""aws interview questions for data engineers""; identical H1: ""aws interview questions for data engineers""; both answer the interview query for ""aws""",body text (5-word shingles)
X2,exact duplicate,yes,2,0.724,data-analyst-interview-questions-and-answers,28258a22-d9d9-4d6a-8268-84a950122a18,Data Analyst Interview Questions and Answers,/blog/data-analyst-interview-questions-and-answers,1,KEEP,Done in Phase 1: the copy 301s to the kept article.,"identical title: ""data analyst interview questions and answers""; identical H1: ""data analyst interview questions and answers""; both answer the interview query for ""data analytics""",body text (5-word shingles)
X2,exact duplicate,yes,2,0.724,data-analyst-interview-questions-and-answers,4ec9bd80-4b35-4b93-b9a0-6ed9b73caf8a,Data Analyst Interview Questions and Answers,/blog/data-analyst-interview-questions-and-answers-2,0.724,REDIRECT (done in Phase 1),Done in Phase 1: the copy 301s to the kept article.,"identical title: ""data analyst interview questions and answers""; identical H1: ""data analyst interview questions and answers""; both answer the interview query for ""data analytics""",body text (5-word shingles)
X3,exact duplicate,yes,2,0.706,data-engineering-interview-questions-and-answers,d378de89-5a04-49e3-beb5-faca70d91481,Data Engineering Interview Questions and Answers,/blog/data-engineering-interview-questions-and-answers,1,KEEP,Done in Phase 1: the copy 301s to the kept article.,"identical title: ""data engineering interview questions and answers""; identical H1: ""data engineering interview questions and answers""; both answer the interview query for ""data engineering""",body text (5-word shingles)
X3,exact duplicate,yes,2,0.706,data-engineering-interview-questions-and-answers,cbb7e717-6fcb-400e-bc2f-d979b607d658,Data Engineering Interview Questions and Answers,/blog/data-engineering-interview-questions-and-answers-2,0.706,REDIRECT (done in Phase 1),Done in Phase 1: the copy 301s to the kept article.,"identical title: ""data engineering interview questions and answers""; identical H1: ""data engineering interview questions and answers""; both answer the interview query for ""data engineering""",body text (5-word shingles)
X4,exact duplicate,yes,2,0.699,gcp-interview-questions-for-data-engineers,94f00e05-193a-4156-b50f-fb1308d108a1,GCP Interview Questions for Data Engineers,/blog/gcp-interview-questions-for-data-engineers,1,KEEP,Done in Phase 1: the copy 301s to the kept article.,"identical title: ""gcp interview questions for data engineers""; identical H1: ""gcp interview questions for data engineers""; both answer the interview query for ""gcp""",body text (5-word shingles)
X4,exact duplicate,yes,2,0.699,gcp-interview-questions-for-data-engineers,cde58267-9256-4b50-9358-4c8ed46ba0ee,GCP Interview Questions for Data Engineers,/blog/gcp-interview-questions-for-data-engineers-2,0.699,REDIRECT (done in Phase 1),Done in Phase 1: the copy 301s to the kept article.,"identical title: ""gcp interview questions for data engineers""; identical H1: ""gcp interview questions for data engineers""; both answer the interview query for ""gcp""",body text (5-word shingles)
X5,exact duplicate,yes,2,0.695,mlops-interview-questions-and-answers,e46dd18b-36d8-40fb-9729-5023c0219658,MLOps Interview Questions and Answers,/blog/mlops-interview-questions-and-answers,1,KEEP,Done in Phase 1: the copy 301s to the kept article.,"identical title: ""mlops interview questions and answers""; identical H1: ""mlops interview questions and answers""; both answer the interview query for ""mlops""",body text (5-word shingles)
X5,exact duplicate,yes,2,0.695,mlops-interview-questions-and-answers,ed61c93c-06fc-40c7-9c17-80a144713ec6,MLOps Interview Questions and Answers,/blog/mlops-interview-questions-and-answers-2,0.695,REDIRECT (done in Phase 1),Done in Phase 1: the copy 301s to the kept article.,"identical title: ""mlops interview questions and answers""; identical H1: ""mlops interview questions and answers""; both answer the interview query for ""mlops""",body text (5-word shingles)
T1,same topic (body similarity),yes,3,0.734,bigquery-vs-snowflake-vs-redshift-a-comparison,c1b0fd3c-408b-4aed-b3ab-a7b068bbbff0,BigQuery vs Snowflake vs Redshift: A Comparison,/blog/bigquery-vs-snowflake-vs-redshift-a-comparison,1,DEEP REWRITE,Search Console: merge only if the weaker article earns no distinct queries (class C or D). Otherwise rewrite it to a distinct intent.,both compare bigquery and redshift || snowflake,body text (5-word shingles)
T1,same topic (body similarity),yes,3,0.734,bigquery-vs-snowflake-vs-redshift-a-comparison,b812f849-6d75-4828-a2a5-1299ddabb85f,Cloud Data Warehouses Compared: Snowflake vs BigQuery vs Redshift,/blog/cloud-data-warehouses-compared-snowflake-vs-bigquery-vs-redshift,0.724,MERGE,Search Console: merge only if the weaker article earns no distinct queries (class C or D). Otherwise rewrite it to a distinct intent.,both compare bigquery and redshift || snowflake,body text (5-word shingles)
T1,same topic (body similarity),yes,3,0.734,bigquery-vs-snowflake-vs-redshift-a-comparison,b3d0bc4f-ffb6-43e7-a665-31055fc61275,Redshift vs Snowflake vs BigQuery: A Comparison,/blog/redshift-vs-snowflake-vs-bigquery-a-comparison,0.769,MERGE,Search Console: merge only if the weaker article earns no distinct queries (class C or D). Otherwise rewrite it to a distinct intent.,both compare bigquery and redshift || snowflake,body text (5-word shingles)
T2,same topic (body similarity),yes,2,0.716,power-bi-vs-excel-when-to-use-each-tool,c6a5b225-ec0c-48af-bac5-b1fd5f0a65ca,Power BI vs Excel: When to Use Each Tool,/blog/power-bi-vs-excel-when-to-use-each-tool,1,DEEP REWRITE,"Phase 3 decision CHANGE INTERNAL TARGETING: The /compare page owns the comparison. Both posts reach it only through the footer: give each a contextual link to it, and merge the ""when to use each"" post after a GSC check.",both compare excel and power bi,body text (5-word shingles)
T2,same topic (body similarity),yes,2,0.716,power-bi-vs-excel-when-to-use-each-tool,536b47d0-5b7c-470b-977d-6860c8fccd58,Excel vs Power BI: Which Should You Learn First?,/blog/excel-vs-power-bi-which-should-you-learn-first,0.716,DEEP REWRITE,"Phase 3 decision CHANGE INTERNAL TARGETING: The /compare page owns the comparison. Both posts reach it only through the footer: give each a contextual link to it, and merge the ""when to use each"" post after a GSC check.",both compare excel and power bi,body text (5-word shingles)
T3,same topic (body similarity),yes,2,0.721,orchestration-airflow-vs-dagster-vs-prefect,a6a0eaa1-b568-4541-b5d2-922a84dab321,Orchestration: Airflow vs Dagster vs Prefect,/blog/orchestration-airflow-vs-dagster-vs-prefect,1,DEEP REWRITE,"Phase 3 decision MANUAL REVIEW: Same three tools, Data Engineering vs MLOps category. Merge, or rewrite the MLOps copy around ML-pipeline orchestration.",both compare airflow and dagster || prefect,body text (5-word shingles)
T3,same topic (body similarity),yes,2,0.721,orchestration-airflow-vs-dagster-vs-prefect,98a63b65-4bf3-44a8-ae8b-e9bdb39d6f8c,Pipeline Orchestration: Airflow vs Prefect vs Dagster,/blog/pipeline-orchestration-airflow-vs-prefect-vs-dagster,0.721,MANUAL REVIEW,"Phase 3 decision MANUAL REVIEW: Same three tools, Data Engineering vs MLOps category. Merge, or rewrite the MLOps copy around ML-pipeline orchestration.",both compare airflow and dagster || prefect,body text (5-word shingles)
T4,same topic (body similarity),yes,2,0.697,azure-data-factory-interview-questions-and-answers,d4a2cf26-6806-4348-91e2-04762d4163be,Azure Data Factory Interview Questions and Answers,/blog/azure-data-factory-interview-questions-and-answers,1,DEEP REWRITE,Search Console: merge only if the weaker article earns no distinct queries (class C or D). Otherwise rewrite it to a distinct intent.,"both answer the interview query for ""azure data factory""",body text (5-word shingles)
T4,same topic (body similarity),yes,2,0.697,azure-data-factory-interview-questions-and-answers,e96ec2d8-45ed-48de-b9ea-ffd1e5e1c3fd,Azure Data Factory (ADF) Interview Questions,/blog/azure-data-factory-adf-interview-questions,0.697,MERGE,Search Console: merge only if the weaker article earns no distinct queries (class C or D). Otherwise rewrite it to a distinct intent.,"both answer the interview query for ""azure data factory""",body text (5-word shingles)
T5,same topic (body similarity),yes,2,0.653,data-analyst-roadmap-2026-skills-tools-and-timeline,d4e69b05-c67e-4356-875b-a353ec336620,"Data Analyst Roadmap 2026: Skills, Tools and Timeline",/blog/data-analyst-roadmap-2026-skills-tools-and-timeline,1,DEEP REWRITE,Phase 3 decision KEEP BOTH: Roadmap vs career-switch-with-no-experience: related but different questions. Cross-link them.,"both answer the career query for ""data analytics""",body text (5-word shingles)
T5,same topic (body similarity),yes,2,0.653,data-analyst-roadmap-2026-skills-tools-and-timeline,42fa332c-199e-4033-bf0a-484dfbca4f6c,How to Become a Data Analyst with No Experience,/blog/how-to-become-a-data-analyst-with-no-experience,0.653,DEEP REWRITE,Phase 3 decision KEEP BOTH: Roadmap vs career-switch-with-no-experience: related but different questions. Cross-link them.,"both answer the career query for ""data analytics""",body text (5-word shingles)
T6,same topic (body similarity),yes,2,0.653,data-engineering-roadmap-2026-a-complete-guide,fe0843d2-54f6-4334-beef-58606bd4d1ef,Data Engineering Roadmap 2026: A Complete Guide,/blog/data-engineering-roadmap-2026-a-complete-guide,1,DEEP REWRITE,Phase 3 decision KEEP BOTH: Roadmap vs how-to-become: keep both angles distinct and cross-linked.,"both answer the career query for ""data engineering""",body text (5-word shingles)
T6,same topic (body similarity),yes,2,0.653,data-engineering-roadmap-2026-a-complete-guide,b9fbae04-d29a-4a8e-a16f-3f23b53cd221,How to Become a Data Engineer in 2026,/blog/how-to-become-a-data-engineer-in-2026,0.653,DEEP REWRITE,Phase 3 decision KEEP BOTH: Roadmap vs how-to-become: keep both angles distinct and cross-linked.,"both answer the career query for ""data engineering""",body text (5-word shingles)
T7,same topic (body similarity),yes,2,0.687,power-bi-interview-questions-top-40-with-answers,d408360e-e966-4639-8d1f-970d98651d15,Power BI Interview Questions: Top 40 with Answers,/blog/power-bi-interview-questions-top-40-with-answers,1,DEEP REWRITE,Search Console: merge only if the weaker article earns no distinct queries (class C or D). Otherwise rewrite it to a distinct intent.,"both answer the interview query for ""power bi""",body text (5-word shingles)
T7,same topic (body similarity),yes,2,0.687,power-bi-interview-questions-top-40-with-answers,45a28bcf-874b-48d3-8589-3d7cdeca2666,Power BI Interview Questions with Detailed Answers,/blog/power-bi-interview-questions-with-detailed-answers,0.687,MERGE,Search Console: merge only if the weaker article earns no distinct queries (class C or D). Otherwise rewrite it to a distinct intent.,"both answer the interview query for ""power bi""",body text (5-word shingles)
T8,same topic (body similarity),yes,2,0.699,python-interview-questions-top-50-with-answers,4bb37f3e-673c-4d3a-994c-64d3d057831b,Python Interview Questions: Top 50 with Answers,/blog/python-interview-questions-top-50-with-answers,1,DEEP REWRITE,"Phase 3 decision REWRITE INTENT: Keep the general Python set as owner. The ""for data roles"" post becomes standard-library coding tasks from data interviews (Phase 4 pilot rewrite, awaiting review); pandas and NumPy questions already have their own posts.","both answer the interview query for ""python""",body text (5-word shingles)
T8,same topic (body similarity),yes,2,0.699,python-interview-questions-top-50-with-answers,8f3e6cc3-851a-459f-a821-c64d9dd4de2a,Python Interview Questions for Data Roles,/blog/python-interview-questions-for-data-roles,0.699,DEEP REWRITE,"Phase 3 decision REWRITE INTENT: Keep the general Python set as owner. The ""for data roles"" post becomes standard-library coding tasks from data interviews (Phase 4 pilot rewrite, awaiting review); pandas and NumPy questions already have their own posts.","both answer the interview query for ""python""",body text (5-word shingles)
T9,same topic (body similarity),yes,2,1,adf-pipelines-explained-building-your-first-pipeline,f4eb72db-c920-47bb-a8f1-e5dc195ae0c4,ADF Pipelines Explained: Building Your First Pipeline,/blog/adf-pipelines-explained-building-your-first-pipeline,1,DEEP REWRITE,"Phase 3 decision MANUAL REVIEW: Both walk through building an ADF pipeline. Merge, or keep the second strictly about ETL design.","83% of subject terms shared: azure, data, factory, pipeline, building",body text (5-word shingles)
T9,same topic (body similarity),yes,2,1,adf-pipelines-explained-building-your-first-pipeline,b817f985-51ae-4e6a-9a98-9c1ba8e3eda1,Building an ETL Pipeline with ADF Step by Step,/blog/building-an-etl-pipeline-with-adf-step-by-step,1,MANUAL REVIEW,"Phase 3 decision MANUAL REVIEW: Both walk through building an ADF pipeline. Merge, or keep the second strictly about ETL design.","83% of subject terms shared: azure, data, factory, pipeline, building",body text (5-word shingles)
T10,same topic (body similarity),yes,2,1,langgraph-tutorial-building-stateful-ai-agents,c2a710dd-db6f-4119-b844-59bd08f77282,LangGraph Tutorial: Building Stateful AI Agents,/blog/langgraph-tutorial-building-stateful-ai-agents,1,DEEP REWRITE,Phase 3 decision MANUAL REVIEW: Two LangGraph agent tutorials in the same category. Merge is likely; needs an editor to confirm neither covers something the other does not.,"80% of subject terms shared: building, ai, agent, langgraph",body text (5-word shingles)
T10,same topic (body similarity),yes,2,1,langgraph-tutorial-building-stateful-ai-agents,9e69c58c-0543-4b92-8299-0539e9e3af0d,Building AI Agents with LangGraph: A Hands-On Tutorial,/blog/building-ai-agents-with-langgraph-a-hands-on-tutorial,1,MANUAL REVIEW,Phase 3 decision MANUAL REVIEW: Two LangGraph agent tutorials in the same category. Merge is likely; needs an editor to confirm neither covers something the other does not.,"80% of subject terms shared: building, ai, agent, langgraph",body text (5-word shingles)
F1,template family (shared outline and phrasing),no,43,0.9,how-to-become-a-data-scientist-in-2026-with-no-experience,2657b2bb-b314-43da-ad9a-c6cfd801f492,How to Become a Data Scientist in 2026 with No Experience,/blog/how-to-become-a-data-scientist-in-2026-with-no-experience,1,DEEP REWRITE,Rewrite in priority order (BLOG_REWRITE_QUEUE.csv). NOINDEX only for members Search Console shows earn nothing (class C) and that are not rewritten.,43 articles on different topics share one body template (mean normalised similarity 0.90).,body text (5-word shingles)
F1,template family (shared outline and phrasing),no,43,0.9,how-to-become-a-data-scientist-in-2026-with-no-experience,98c04fbf-a4db-4a88-8658-70e7ffa2e5c1,A/B Testing for Data Scientists: A Practical Guide,/blog/a-b-testing-for-data-scientists-a-practical-guide,1,DEEP REWRITE,Rewrite in priority order (BLOG_REWRITE_QUEUE.csv). NOINDEX only for members Search Console shows earn nothing (class C) and that are not rewritten.,43 articles on different topics share one body template (mean normalised similarity 0.90).,body text (5-word shingles)
F1,template family (shared outline and phrasing),no,43,0.9,how-to-become-a-data-scientist-in-2026-with-no-experience,616adf5f-11dd-4e72-8455-0ca6747fbd50,Anomaly Detection: Techniques and Real-World Use Cases,/blog/anomaly-detection-techniques-and-real-world-use-cases,1,DEEP REWRITE,Rewrite in priority order (BLOG_REWRITE_QUEUE.csv). NOINDEX only for members Search Console shows earn nothing (class C) and that are not rewritten.,43 articles on different topics share one body template (mean normalised similarity 0.90).,body text (5-word shingles)
F1,template family (shared outline and phrasing),no,43,0.9,how-to-become-a-data-scientist-in-2026-with-no-experience,10d1a8b9-b501-4130-9112-501faa2224aa,Best Free Datasets for Data Science Practice in 2026,/blog/best-free-datasets-for-data-science-practice-in-2026,1,DEEP REWRITE,Rewrite in priority order (BLOG_REWRITE_QUEUE.csv). NOINDEX only for members Search Console shows earn nothing (class C) and that are not rewritten.,43 articles on different topics share one body template (mean normalised similarity 0.90).,body text (5-word shingles)
F1,template family (shared outline and phrasing),no,43,0.9,how-to-become-a-data-scientist-in-2026-with-no-experience,bdc682e8-b409-456d-9f59-c18dbfb1a0ce,Best Programming Languages for Data Science in 2026,/blog/best-programming-languages-for-data-science-in-2026,1,DEEP REWRITE,Rewrite in priority order (BLOG_REWRITE_QUEUE.csv). NOINDEX only for members Search Console shows earn nothing (class C) and that are not rewritten.,43 articles on different topics share one body template (mean normalised similarity 0.90).,body text (5-word shingles)
F1,template family (shared outline and phrasing),no,43,0.9,how-to-become-a-data-scientist-in-2026-with-no-experience,61ba3737-0357-4ff1-a4b1-85e605217fea,Bias-Variance Tradeoff Explained with Real Examples,/blog/bias-variance-tradeoff-explained-with-real-examples,1,DEEP REWRITE,Rewrite in priority order (BLOG_REWRITE_QUEUE.csv). NOINDEX only for members Search Console shows earn nothing (class C) and that are not rewritten.,43 articles on different topics share one body template (mean normalised similarity 0.90).,body text (5-word shingles)
F1,template family (shared outline and phrasing),no,43,0.9,how-to-become-a-data-scientist-in-2026-with-no-experience,97fdb896-9e3c-4c99-a0fa-30875ca2fd06,"Clustering Algorithms: K-Means, DBSCAN and Hierarchical",/blog/clustering-algorithms-k-means-dbscan-and-hierarchical,1,DEEP REWRITE,Rewrite in priority order (BLOG_REWRITE_QUEUE.csv). NOINDEX only for members Search Console shows earn nothing (class C) and that are not rewritten.,43 articles on different topics share one body template (mean normalised similarity 0.90).,body text (5-word shingles)
F1,template family (shared outline and phrasing),no,43,0.9,how-to-become-a-data-scientist-in-2026-with-no-experience,f4e59a0c-c96b-45f5-b81b-4ebae254a706,Computer Vision Basics: From Pixels to Predictions,/blog/computer-vision-basics-from-pixels-to-predictions,1,DEEP REWRITE,Rewrite in priority order (BLOG_REWRITE_QUEUE.csv). NOINDEX only for members Search Console shows earn nothing (class C) and that are not rewritten.,43 articles on different topics share one body template (mean normalised similarity 0.90).,body text (5-word shingles)
F1,template family (shared outline and phrasing),no,43,0.9,how-to-become-a-data-scientist-in-2026-with-no-experience,266da73c-25b7-496e-9c82-3bbae4d31c62,Confusion Matrix Explained: Reading It Correctly,/blog/confusion-matrix-explained-reading-it-correctly,1,DEEP REWRITE,Rewrite in priority order (BLOG_REWRITE_QUEUE.csv). NOINDEX only for members Search Console shows earn nothing (class C) and that are not rewritten.,43 articles on different topics share one body template (mean normalised similarity 0.90).,body text (5-word shingles)
F1,template family (shared outline and phrasing),no,43,0.9,how-to-become-a-data-scientist-in-2026-with-no-experience,fd3c250d-914c-4989-a2cc-f99e964fb93a,Cross-Validation in Machine Learning: A Practical Guide,/blog/cross-validation-in-machine-learning-a-practical-guide,1,DEEP REWRITE,Rewrite in priority order (BLOG_REWRITE_QUEUE.csv). NOINDEX only for members Search Console shows earn nothing (class C) and that are not rewritten.,43 articles on different topics share one body template (mean normalised similarity 0.90).,body text (5-word shingles)
F1,template family (shared outline and phrasing),no,43,0.9,how-to-become-a-data-scientist-in-2026-with-no-experience,983192f9-4044-467b-b0b2-c199d506ce15,Data Preprocessing: Cleaning Data the Right Way,/blog/data-preprocessing-cleaning-data-the-right-way,1,DEEP REWRITE,Rewrite in priority order (BLOG_REWRITE_QUEUE.csv). NOINDEX only for members Search Console shows earn nothing (class C) and that are not rewritten.,43 articles on different topics share one body template (mean normalised similarity 0.90).,body text (5-word shingles)
F1,template family (shared outline and phrasing),no,43,0.9,how-to-become-a-data-scientist-in-2026-with-no-experience,0cb9e77c-f716-4288-96ad-f8c822122679,"Data Science Career Guide: Roles, Skills and Growth Path",/blog/data-science-career-guide-roles-skills-and-growth-path,1,DEEP REWRITE,Rewrite in priority order (BLOG_REWRITE_QUEUE.csv). NOINDEX only for members Search Console shows earn nothing (class C) and that are not rewritten.,43 articles on different topics share one body template (mean normalised similarity 0.90).,body text (5-word shingles)
F1,template family (shared outline and phrasing),no,43,0.9,how-to-become-a-data-scientist-in-2026-with-no-experience,8b7baa4a-9a6c-40e7-89f5-8aa5fd3ebf58,Data Science Internships in Hyderabad: How to Land One,/blog/data-science-internships-in-hyderabad-how-to-land-one,1,DEEP REWRITE,Rewrite in priority order (BLOG_REWRITE_QUEUE.csv). NOINDEX only for members Search Console shows earn nothing (class C) and that are not rewritten.,43 articles on different topics share one body template (mean normalised similarity 0.90).,body text (5-word shingles)
F1,template family (shared outline and phrasing),no,43,0.9,how-to-become-a-data-scientist-in-2026-with-no-experience,f6042b0b-7118-4f5c-85e3-ba84aaf52efd,Data Science Projects for Freshers: 12 Ideas with Datasets,/blog/data-science-projects-for-freshers-12-ideas-with-datasets,0.524,DEEP REWRITE,Rewrite in priority order (BLOG_REWRITE_QUEUE.csv). NOINDEX only for members Search Console shows earn nothing (class C) and that are not rewritten.,43 articles on different topics share one body template (mean normalised similarity 0.90).,body text (5-word shingles)
F1,template family (shared outline and phrasing),no,43,0.9,how-to-become-a-data-scientist-in-2026-with-no-experience,4423b7cc-2752-439e-8a78-60746423e95a,Data Science Roadmap 2026: A Complete Step-by-Step Guide,/blog/data-science-roadmap-2026-a-complete-step-by-step-guide,0.654,DEEP REWRITE,Rewrite in priority order (BLOG_REWRITE_QUEUE.csv). NOINDEX only for members Search Console shows earn nothing (class C) and that are not rewritten.,43 articles on different topics share one body template (mean normalised similarity 0.90).,body text (5-word shingles)
F1,template family (shared outline and phrasing),no,43,0.9,how-to-become-a-data-scientist-in-2026-with-no-experience,3fff247f-29a3-4de8-a469-2af7400da633,Data Science Without a Degree: Is It Possible in 2026?,/blog/data-science-without-a-degree-is-it-possible-in-2026,1,DEEP REWRITE,Rewrite in priority order (BLOG_REWRITE_QUEUE.csv). NOINDEX only for members Search Console shows earn nothing (class C) and that are not rewritten.,43 articles on different topics share one body template (mean normalised similarity 0.90).,body text (5-word shingles)
F1,template family (shared outline and phrasing),no,43,0.9,how-to-become-a-data-scientist-in-2026-with-no-experience,1ef92364-5766-44b6-b812-375cfe61afc2,Deep Learning Guide: Neural Networks Explained Simply,/blog/deep-learning-guide-neural-networks-explained-simply,1,DEEP REWRITE,Rewrite in priority order (BLOG_REWRITE_QUEUE.csv). NOINDEX only for members Search Console shows earn nothing (class C) and that are not rewritten.,43 articles on different topics share one body template (mean normalised similarity 0.90).,body text (5-word shingles)
F1,template family (shared outline and phrasing),no,43,0.9,how-to-become-a-data-scientist-in-2026-with-no-experience,c6d532f4-75cc-4af3-9e07-b2802f671fad,Dimensionality Reduction: PCA and t-SNE Explained,/blog/dimensionality-reduction-pca-and-t-sne-explained,1,DEEP REWRITE,Rewrite in priority order (BLOG_REWRITE_QUEUE.csv). NOINDEX only for members Search Console shows earn nothing (class C) and that are not rewritten.,43 articles on different topics share one body template (mean normalised similarity 0.90).,body text (5-word shingles)
F1,template family (shared outline and phrasing),no,43,0.9,how-to-become-a-data-scientist-in-2026-with-no-experience,b9313879-f717-4644-bbfe-c98992a7ce72,End-to-End Machine Learning Project: A Complete Walkthrough,/blog/end-to-end-machine-learning-project-a-complete-walkthrough,0.524,DEEP REWRITE,Rewrite in priority order (BLOG_REWRITE_QUEUE.csv). NOINDEX only for members Search Console shows earn nothing (class C) and that are not rewritten.,43 articles on different topics share one body template (mean normalised similarity 0.90).,body text (5-word shingles)
F1,template family (shared outline and phrasing),no,43,0.9,how-to-become-a-data-scientist-in-2026-with-no-experience,7af3452b-010b-49e4-b978-1426046850f3,"Ensemble Learning: Bagging, Boosting and Stacking Explained",/blog/ensemble-learning-bagging-boosting-and-stacking-explained,1,DEEP REWRITE,Rewrite in priority order (BLOG_REWRITE_QUEUE.csv). NOINDEX only for members Search Console shows earn nothing (class C) and that are not rewritten.,43 articles on different topics share one body template (mean normalised similarity 0.90).,body text (5-word shingles)
F1,template family (shared outline and phrasing),no,43,0.9,how-to-become-a-data-scientist-in-2026-with-no-experience,9572efd1-fa21-4652-a526-22a7a8289a6f,"Evaluation Metrics: Accuracy, Precision, Recall and F1 Demystified",/blog/evaluation-metrics-accuracy-precision-recall-and-f1-demystified,1,DEEP REWRITE,Rewrite in priority order (BLOG_REWRITE_QUEUE.csv). NOINDEX only for members Search Console shows earn nothing (class C) and that are not rewritten.,43 articles on different topics share one body template (mean normalised similarity 0.90).,body text (5-word shingles)
F1,template family (shared outline and phrasing),no,43,0.9,how-to-become-a-data-scientist-in-2026-with-no-experience,5866df9b-552b-4225-b19f-c581a8c7a186,Exploratory Data Analysis (EDA): A Step-by-Step Walkthrough,/blog/exploratory-data-analysis-eda-a-step-by-step-walkthrough,1,DEEP REWRITE,Rewrite in priority order (BLOG_REWRITE_QUEUE.csv). NOINDEX only for members Search Console shows earn nothing (class C) and that are not rewritten.,43 articles on different topics share one body template (mean normalised similarity 0.90).,body text (5-word shingles)
F1,template family (shared outline and phrasing),no,43,0.9,how-to-become-a-data-scientist-in-2026-with-no-experience,d7af685c-f97b-4cf9-b4f6-5a74f8549f75,Feature Engineering: A Practical Guide with Examples,/blog/feature-engineering-a-practical-guide-with-examples,1,DEEP REWRITE,Rewrite in priority order (BLOG_REWRITE_QUEUE.csv). NOINDEX only for members Search Console shows earn nothing (class C) and that are not rewritten.,43 articles on different topics share one body template (mean normalised similarity 0.90).,body text (5-word shingles)
F1,template family (shared outline and phrasing),no,43,0.9,how-to-become-a-data-scientist-in-2026-with-no-experience,554f025e-b1d6-4977-83bb-7a7b91ee1a74,From Data Analyst to Data Scientist: A Transition Roadmap,/blog/from-data-analyst-to-data-scientist-a-transition-roadmap,0.654,DEEP REWRITE,Rewrite in priority order (BLOG_REWRITE_QUEUE.csv). NOINDEX only for members Search Console shows earn nothing (class C) and that are not rewritten.,43 articles on different topics share one body template (mean normalised similarity 0.90).,body text (5-word shingles)
F1,template family (shared outline and phrasing),no,43,0.9,how-to-become-a-data-scientist-in-2026-with-no-experience,488edca3-7e7e-4151-bf01-06d9743f516f,Gradient Descent Explained: The Engine Behind ML,/blog/gradient-descent-explained-the-engine-behind-ml,1,DEEP REWRITE,Rewrite in priority order (BLOG_REWRITE_QUEUE.csv). NOINDEX only for members Search Console shows earn nothing (class C) and that are not rewritten.,43 articles on different topics share one body template (mean normalised similarity 0.90).,body text (5-word shingles)
F1,template family (shared outline and phrasing),no,43,0.9,how-to-become-a-data-scientist-in-2026-with-no-experience,7a88788d-029f-45dc-919e-6330716e6b5d,Handling Imbalanced Datasets: Techniques That Work,/blog/handling-imbalanced-datasets-techniques-that-work,1,DEEP REWRITE,Rewrite in priority order (BLOG_REWRITE_QUEUE.csv). NOINDEX only for members Search Console shows earn nothing (class C) and that are not rewritten.,43 articles on different topics share one body template (mean normalised similarity 0.90).,body text (5-word shingles)
F1,template family (shared outline and phrasing),no,43,0.9,how-to-become-a-data-scientist-in-2026-with-no-experience,b9981a86-e8a7-4851-b00f-3a348bf7e8a1,How Much Math Do You Really Need for Data Science?,/blog/how-much-math-do-you-really-need-for-data-science,1,DEEP REWRITE,Rewrite in priority order (BLOG_REWRITE_QUEUE.csv). NOINDEX only for members Search Console shows earn nothing (class C) and that are not rewritten.,43 articles on different topics share one body template (mean normalised similarity 0.90).,body text (5-word shingles)
F1,template family (shared outline and phrasing),no,43,0.9,how-to-become-a-data-scientist-in-2026-with-no-experience,bb7fc367-7d77-4644-b147-bcedb786cb89,How to Build a Data Science Portfolio That Gets Interviews,/blog/how-to-build-a-data-science-portfolio-that-gets-interviews,1,DEEP REWRITE,Rewrite in priority order (BLOG_REWRITE_QUEUE.csv). NOINDEX only for members Search Console shows earn nothing (class C) and that are not rewritten.,43 articles on different topics share one body template (mean normalised similarity 0.90).,body text (5-word shingles)
F1,template family (shared outline and phrasing),no,43,0.9,how-to-become-a-data-scientist-in-2026-with-no-experience,43d5850f-b445-472f-93a5-a3d6c108e9b5,How to Read a Machine Learning Research Paper,/blog/how-to-read-a-machine-learning-research-paper,1,DEEP REWRITE,Rewrite in priority order (BLOG_REWRITE_QUEUE.csv). NOINDEX only for members Search Console shows earn nothing (class C) and that are not rewritten.,43 articles on different topics share one body template (mean normalised similarity 0.90).,body text (5-word shingles)
F1,template family (shared outline and phrasing),no,43,0.9,how-to-become-a-data-scientist-in-2026-with-no-experience,98f34cb5-f169-42a0-ab26-872f08ec71b0,Kaggle for Beginners: How to Start and Win Medals,/blog/kaggle-for-beginners-how-to-start-and-win-medals,1,DEEP REWRITE,Rewrite in priority order (BLOG_REWRITE_QUEUE.csv). NOINDEX only for members Search Console shows earn nothing (class C) and that are not rewritten.,43 articles on different topics share one body template (mean normalised similarity 0.90).,body text (5-word shingles)
F1,template family (shared outline and phrasing),no,43,0.9,how-to-become-a-data-scientist-in-2026-with-no-experience,ce868598-2bb0-47b5-831c-bab2ebb0888d,Machine Learning Roadmap for Beginners in 2026,/blog/machine-learning-roadmap-for-beginners-in-2026,0.654,DEEP REWRITE,Rewrite in priority order (BLOG_REWRITE_QUEUE.csv). NOINDEX only for members Search Console shows earn nothing (class C) and that are not rewritten.,43 articles on different topics share one body template (mean normalised similarity 0.90).,body text (5-word shingles)
F1,template family (shared outline and phrasing),no,43,0.9,how-to-become-a-data-scientist-in-2026-with-no-experience,5385983d-7dcc-4237-b804-77027282f3a4,MLflow for Data Scientists: Tracking Experiments,/blog/mlflow-for-data-scientists-tracking-experiments,1,DEEP REWRITE,Rewrite in priority order (BLOG_REWRITE_QUEUE.csv). NOINDEX only for members Search Console shows earn nothing (class C) and that are not rewritten.,43 articles on different topics share one body template (mean normalised similarity 0.90).,body text (5-word shingles)
F1,template family (shared outline and phrasing),no,43,0.9,how-to-become-a-data-scientist-in-2026-with-no-experience,95703081-55df-4721-b839-ba2db6b81c19,Model Deployment: From Notebook to Production,/blog/model-deployment-from-notebook-to-production,1,DEEP REWRITE,Rewrite in priority order (BLOG_REWRITE_QUEUE.csv). NOINDEX only for members Search Console shows earn nothing (class C) and that are not rewritten.,43 articles on different topics share one body template (mean normalised similarity 0.90).,body text (5-word shingles)
F1,template family (shared outline and phrasing),no,43,0.9,how-to-become-a-data-scientist-in-2026-with-no-experience,aec32cc5-44c3-43d8-b4b8-d35cd842b3a6,Natural Language Processing (NLP) Roadmap for 2026,/blog/natural-language-processing-nlp-roadmap-for-2026,0.654,DEEP REWRITE,Rewrite in priority order (BLOG_REWRITE_QUEUE.csv). NOINDEX only for members Search Console shows earn nothing (class C) and that are not rewritten.,43 articles on different topics share one body template (mean normalised similarity 0.90).,body text (5-word shingles)
F1,template family (shared outline and phrasing),no,43,0.9,how-to-become-a-data-scientist-in-2026-with-no-experience,0744d8c6-1a4c-4c93-a7ba-590e5a7dd3fa,Overfitting and Underfitting: Causes and Fixes,/blog/overfitting-and-underfitting-causes-and-fixes,1,DEEP REWRITE,Rewrite in priority order (BLOG_REWRITE_QUEUE.csv). NOINDEX only for members Search Console shows earn nothing (class C) and that are not rewritten.,43 articles on different topics share one body template (mean normalised similarity 0.90).,body text (5-word shingles)
F1,template family (shared outline and phrasing),no,43,0.9,how-to-become-a-data-scientist-in-2026-with-no-experience,459b4ba1-10c5-4900-9ee3-017a6dde20d0,Probability for Data Science: Concepts You Must Know,/blog/probability-for-data-science-concepts-you-must-know,1,DEEP REWRITE,Rewrite in priority order (BLOG_REWRITE_QUEUE.csv). NOINDEX only for members Search Console shows earn nothing (class C) and that are not rewritten.,43 articles on different topics share one body template (mean normalised similarity 0.90).,body text (5-word shingles)
F1,template family (shared outline and phrasing),no,43,0.9,how-to-become-a-data-scientist-in-2026-with-no-experience,691b82b8-7451-48db-bec7-0d1819005919,Recommendation Systems: How Netflix and Amazon Suggest Items,/blog/recommendation-systems-how-netflix-and-amazon-suggest-items,1,DEEP REWRITE,Rewrite in priority order (BLOG_REWRITE_QUEUE.csv). NOINDEX only for members Search Console shows earn nothing (class C) and that are not rewritten.,43 articles on different topics share one body template (mean normalised similarity 0.90).,body text (5-word shingles)
F1,template family (shared outline and phrasing),no,43,0.9,how-to-become-a-data-scientist-in-2026-with-no-experience,332063e1-f1d8-4a26-9b57-d7528115da52,SQL for Data Science: Queries Every Data Scientist Must Know,/blog/sql-for-data-science-queries-every-data-scientist-must-know,1,DEEP REWRITE,Rewrite in priority order (BLOG_REWRITE_QUEUE.csv). NOINDEX only for members Search Console shows earn nothing (class C) and that are not rewritten.,43 articles on different topics share one body template (mean normalised similarity 0.90).,body text (5-word shingles)
F1,template family (shared outline and phrasing),no,43,0.9,how-to-become-a-data-scientist-in-2026-with-no-experience,1fa0de07-5d61-4389-bf15-c59e53cca95e,Statistics for Data Science: The 20% You Actually Need,/blog/statistics-for-data-science-the-20-you-actually-need,1,DEEP REWRITE,Rewrite in priority order (BLOG_REWRITE_QUEUE.csv). NOINDEX only for members Search Console shows earn nothing (class C) and that are not rewritten.,43 articles on different topics share one body template (mean normalised similarity 0.90).,body text (5-word shingles)
F1,template family (shared outline and phrasing),no,43,0.9,how-to-become-a-data-scientist-in-2026-with-no-experience,e4525ea5-abdc-4aeb-affb-ca76482cd1eb,Time Series Forecasting: A Beginner-Friendly Introduction,/blog/time-series-forecasting-a-beginner-friendly-introduction,1,DEEP REWRITE,Rewrite in priority order (BLOG_REWRITE_QUEUE.csv). NOINDEX only for members Search Console shows earn nothing (class C) and that are not rewritten.,43 articles on different topics share one body template (mean normalised similarity 0.90).,body text (5-word shingles)
F1,template family (shared outline and phrasing),no,43,0.9,how-to-become-a-data-scientist-in-2026-with-no-experience,4c14f85c-c39e-42e1-9134-75ad45182e79,Top 10 Machine Learning Algorithms Explained for Beginners,/blog/top-10-machine-learning-algorithms-explained-for-beginners,1,DEEP REWRITE,Rewrite in priority order (BLOG_REWRITE_QUEUE.csv). NOINDEX only for members Search Console shows earn nothing (class C) and that are not rewritten.,43 articles on different topics share one body template (mean normalised similarity 0.90).,body text (5-word shingles)
F1,template family (shared outline and phrasing),no,43,0.9,how-to-become-a-data-scientist-in-2026-with-no-experience,16beecb3-547b-484f-9960-dd5e6f1f1b99,Top Data Science Companies Hiring in Hyderabad,/blog/top-data-science-companies-hiring-in-hyderabad,1,DEEP REWRITE,Rewrite in priority order (BLOG_REWRITE_QUEUE.csv). NOINDEX only for members Search Console shows earn nothing (class C) and that are not rewritten.,43 articles on different topics share one body template (mean normalised similarity 0.90).,body text (5-word shingles)
F1,template family (shared outline and phrasing),no,43,0.9,how-to-become-a-data-scientist-in-2026-with-no-experience,9dfbfb82-193a-43f6-83f0-fa77b8145d0d,XGBoost Explained: Why It Wins Kaggle Competitions,/blog/xgboost-explained-why-it-wins-kaggle-competitions,1,DEEP REWRITE,Rewrite in priority order (BLOG_REWRITE_QUEUE.csv). NOINDEX only for members Search Console shows earn nothing (class C) and that are not rewritten.,43 articles on different topics share one body template (mean normalised similarity 0.90).,body text (5-word shingles)
F2,template family (shared outline and phrasing),no,42,0.968,how-to-build-an-mlops-portfolio-that-stands-out,5481aade-d3b7-4e68-ba68-dd89f9cee04f,How to Build an MLOps Portfolio That Stands Out,/blog/how-to-build-an-mlops-portfolio-that-stands-out,1,DEEP REWRITE,Rewrite in priority order (BLOG_REWRITE_QUEUE.csv). NOINDEX only for members Search Console shows earn nothing (class C) and that are not rewritten.,42 articles on different topics share one body template (mean normalised similarity 0.97).,body text (5-word shingles)
F2,template family (shared outline and phrasing),no,42,0.968,how-to-build-an-mlops-portfolio-that-stands-out,8a4a5402-06a6-4fae-abe6-9eca4e551269,A/B Testing ML Models in Production,/blog/a-b-testing-ml-models-in-production,1,DEEP REWRITE,Rewrite in priority order (BLOG_REWRITE_QUEUE.csv). NOINDEX only for members Search Console shows earn nothing (class C) and that are not rewritten.,42 articles on different topics share one body template (mean normalised similarity 0.97).,body text (5-word shingles)
F2,template family (shared outline and phrasing),no,42,0.968,how-to-build-an-mlops-portfolio-that-stands-out,49d10bcd-b378-4562-a2c5-a21dbd253852,Airflow for ML Pipelines: A Practical Guide,/blog/airflow-for-ml-pipelines-a-practical-guide,1,DEEP REWRITE,Rewrite in priority order (BLOG_REWRITE_QUEUE.csv). NOINDEX only for members Search Console shows earn nothing (class C) and that are not rewritten.,42 articles on different topics share one body template (mean normalised similarity 0.97).,body text (5-word shingles)
F2,template family (shared outline and phrasing),no,42,0.968,how-to-build-an-mlops-portfolio-that-stands-out,835846f3-a25a-4d94-b632-144c055aafbe,Blue-Green Deployments for ML Services,/blog/blue-green-deployments-for-ml-services,1,DEEP REWRITE,Rewrite in priority order (BLOG_REWRITE_QUEUE.csv). NOINDEX only for members Search Console shows earn nothing (class C) and that are not rewritten.,42 articles on different topics share one body template (mean normalised similarity 0.97).,body text (5-word shingles)
F2,template family (shared outline and phrasing),no,42,0.968,how-to-build-an-mlops-portfolio-that-stands-out,8d4d115e-f469-48da-9798-909835b23d1a,Building a Prediction API: A Complete Walkthrough,/blog/building-a-prediction-api-a-complete-walkthrough,1,DEEP REWRITE,Rewrite in priority order (BLOG_REWRITE_QUEUE.csv). NOINDEX only for members Search Console shows earn nothing (class C) and that are not rewritten.,42 articles on different topics share one body template (mean normalised similarity 0.97).,body text (5-word shingles)
F2,template family (shared outline and phrasing),no,42,0.968,how-to-build-an-mlops-portfolio-that-stands-out,b47642b1-e580-491d-83c8-037227775308,Building an End-to-End MLOps Pipeline,/blog/building-an-end-to-end-mlops-pipeline,1,DEEP REWRITE,Rewrite in priority order (BLOG_REWRITE_QUEUE.csv). NOINDEX only for members Search Console shows earn nothing (class C) and that are not rewritten.,42 articles on different topics share one body template (mean normalised similarity 0.97).,body text (5-word shingles)
F2,template family (shared outline and phrasing),no,42,0.968,how-to-build-an-mlops-portfolio-that-stands-out,66169667-6424-422e-8410-6dc9fe96131a,CI/CD for Machine Learning: Pipelines That Work,/blog/ci-cd-for-machine-learning-pipelines-that-work,1,DEEP REWRITE,Rewrite in priority order (BLOG_REWRITE_QUEUE.csv). NOINDEX only for members Search Console shows earn nothing (class C) and that are not rewritten.,42 articles on different topics share one body template (mean normalised similarity 0.97).,body text (5-word shingles)
F2,template family (shared outline and phrasing),no,42,0.968,how-to-build-an-mlops-portfolio-that-stands-out,2aa3a681-1f74-4d7a-8234-c426e49b87ce,Containerizing a Machine Learning Model Step by Step,/blog/containerizing-a-machine-learning-model-step-by-step,1,DEEP REWRITE,Rewrite in priority order (BLOG_REWRITE_QUEUE.csv). NOINDEX only for members Search Console shows earn nothing (class C) and that are not rewritten.,42 articles on different topics share one body template (mean normalised similarity 0.97).,body text (5-word shingles)
F2,template family (shared outline and phrasing),no,42,0.968,how-to-build-an-mlops-portfolio-that-stands-out,2ae8bcc2-7fe9-4211-946e-d3577a86351f,Continuous Training: Automating Model Retraining,/blog/continuous-training-automating-model-retraining,1,DEEP REWRITE,Rewrite in priority order (BLOG_REWRITE_QUEUE.csv). NOINDEX only for members Search Console shows earn nothing (class C) and that are not rewritten.,42 articles on different topics share one body template (mean normalised similarity 0.97).,body text (5-word shingles)
F2,template family (shared outline and phrasing),no,42,0.968,how-to-build-an-mlops-portfolio-that-stands-out,73da060d-5146-4aa6-8920-eefdfc2114c6,Cost Optimization for ML Workloads in the Cloud,/blog/cost-optimization-for-ml-workloads-in-the-cloud,1,DEEP REWRITE,Rewrite in priority order (BLOG_REWRITE_QUEUE.csv). NOINDEX only for members Search Console shows earn nothing (class C) and that are not rewritten.,42 articles on different topics share one body template (mean normalised similarity 0.97).,body text (5-word shingles)
F2,template family (shared outline and phrasing),no,42,0.968,how-to-build-an-mlops-portfolio-that-stands-out,2c0c6d07-7c3a-46c5-8e77-db091973eeed,Data Versioning with DVC: A Hands-On Guide,/blog/data-versioning-with-dvc-a-hands-on-guide,1,DEEP REWRITE,Rewrite in priority order (BLOG_REWRITE_QUEUE.csv). NOINDEX only for members Search Console shows earn nothing (class C) and that are not rewritten.,42 articles on different topics share one body template (mean normalised similarity 0.97).,body text (5-word shingles)
F2,template family (shared outline and phrasing),no,42,0.968,how-to-build-an-mlops-portfolio-that-stands-out,3caabdbe-d1a6-4626-a93e-cfbf09e7aee7,"Deploying ML Models on AWS, Azure and GCP",/blog/deploying-ml-models-on-aws-azure-and-gcp,1,DEEP REWRITE,Rewrite in priority order (BLOG_REWRITE_QUEUE.csv). NOINDEX only for members Search Console shows earn nothing (class C) and that are not rewritten.,42 articles on different topics share one body template (mean normalised similarity 0.97).,body text (5-word shingles)
F2,template family (shared outline and phrasing),no,42,0.968,how-to-build-an-mlops-portfolio-that-stands-out,0cfceac7-0f15-471b-8737-fea1b598669f,Docker for Machine Learning: A Practical Guide,/blog/docker-for-machine-learning-a-practical-guide,1,DEEP REWRITE,Rewrite in priority order (BLOG_REWRITE_QUEUE.csv). NOINDEX only for members Search Console shows earn nothing (class C) and that are not rewritten.,42 articles on different topics share one body template (mean normalised similarity 0.97).,body text (5-word shingles)
F2,template family (shared outline and phrasing),no,42,0.968,how-to-build-an-mlops-portfolio-that-stands-out,84643a02-651d-47d0-b0aa-81b9a1be3de6,Edge ML Deployment: Running Models on Devices,/blog/edge-ml-deployment-running-models-on-devices,1,DEEP REWRITE,Rewrite in priority order (BLOG_REWRITE_QUEUE.csv). NOINDEX only for members Search Console shows earn nothing (class C) and that are not rewritten.,42 articles on different topics share one body template (mean normalised similarity 0.97).,body text (5-word shingles)
F2,template family (shared outline and phrasing),no,42,0.968,how-to-build-an-mlops-portfolio-that-stands-out,5f37b0ba-cf36-409d-9b64-67e621db739c,Feature Stores Explained: Why Teams Need Them,/blog/feature-stores-explained-why-teams-need-them,1,DEEP REWRITE,Rewrite in priority order (BLOG_REWRITE_QUEUE.csv). NOINDEX only for members Search Console shows earn nothing (class C) and that are not rewritten.,42 articles on different topics share one body template (mean normalised similarity 0.97).,body text (5-word shingles)
F2,template family (shared outline and phrasing),no,42,0.968,how-to-build-an-mlops-portfolio-that-stands-out,a9428529-4089-4376-accd-4d814988d1e9,From Data Scientist to MLOps Engineer: A Roadmap,/blog/from-data-scientist-to-mlops-engineer-a-roadmap,0.66,DEEP REWRITE,Rewrite in priority order (BLOG_REWRITE_QUEUE.csv). NOINDEX only for members Search Console shows earn nothing (class C) and that are not rewritten.,42 articles on different topics share one body template (mean normalised similarity 0.97).,body text (5-word shingles)
F2,template family (shared outline and phrasing),no,42,0.968,how-to-build-an-mlops-portfolio-that-stands-out,9954646b-55b3-452d-8dce-d580e82c9e21,GitHub Actions for ML: Automating Workflows,/blog/github-actions-for-ml-automating-workflows,1,DEEP REWRITE,Rewrite in priority order (BLOG_REWRITE_QUEUE.csv). NOINDEX only for members Search Console shows earn nothing (class C) and that are not rewritten.,42 articles on different topics share one body template (mean normalised similarity 0.97).,body text (5-word shingles)
F2,template family (shared outline and phrasing),no,42,0.968,how-to-build-an-mlops-portfolio-that-stands-out,82467957-07cd-47ab-bc6c-20333b3376df,Handling Concept Drift in Live ML Systems,/blog/handling-concept-drift-in-live-ml-systems,1,DEEP REWRITE,Rewrite in priority order (BLOG_REWRITE_QUEUE.csv). NOINDEX only for members Search Console shows earn nothing (class C) and that are not rewritten.,42 articles on different topics share one body template (mean normalised similarity 0.97).,body text (5-word shingles)
F2,template family (shared outline and phrasing),no,42,0.968,how-to-build-an-mlops-portfolio-that-stands-out,ec6d3a2b-d54f-4120-b2a0-cea1aca87904,Kubeflow Pipelines: An Introduction for ML Engineers,/blog/kubeflow-pipelines-an-introduction-for-ml-engineers,1,DEEP REWRITE,Rewrite in priority order (BLOG_REWRITE_QUEUE.csv). NOINDEX only for members Search Console shows earn nothing (class C) and that are not rewritten.,42 articles on different topics share one body template (mean normalised similarity 0.97).,body text (5-word shingles)
F2,template family (shared outline and phrasing),no,42,0.968,how-to-build-an-mlops-portfolio-that-stands-out,3f2ad586-f5da-42b3-8e62-85828f47be4a,Kubernetes for ML: Deploying Models at Scale,/blog/kubernetes-for-ml-deploying-models-at-scale,1,DEEP REWRITE,Rewrite in priority order (BLOG_REWRITE_QUEUE.csv). NOINDEX only for members Search Console shows earn nothing (class C) and that are not rewritten.,42 articles on different topics share one body template (mean normalised similarity 0.97).,body text (5-word shingles)
F2,template family (shared outline and phrasing),no,42,0.968,how-to-build-an-mlops-portfolio-that-stands-out,767a823a-60a9-4aff-a23b-adf9a2bbf1a0,Logging and Observability for ML Systems,/blog/logging-and-observability-for-ml-systems,1,DEEP REWRITE,Rewrite in priority order (BLOG_REWRITE_QUEUE.csv). NOINDEX only for members Search Console shows earn nothing (class C) and that are not rewritten.,42 articles on different topics share one body template (mean normalised similarity 0.97).,body text (5-word shingles)
F2,template family (shared outline and phrasing),no,42,0.968,how-to-build-an-mlops-portfolio-that-stands-out,ebcac2a2-f135-4254-a5e3-f2b42e33d03c,MLflow Tutorial: Tracking Experiments and Models,/blog/mlflow-tutorial-tracking-experiments-and-models,1,DEEP REWRITE,Rewrite in priority order (BLOG_REWRITE_QUEUE.csv). NOINDEX only for members Search Console shows earn nothing (class C) and that are not rewritten.,42 articles on different topics share one body template (mean normalised similarity 0.97).,body text (5-word shingles)
F2,template family (shared outline and phrasing),no,42,0.968,how-to-build-an-mlops-portfolio-that-stands-out,d387d8e2-1280-4957-8c8b-c240b49d8167,MLOps Maturity Levels: Where Does Your Team Stand?,/blog/mlops-maturity-levels-where-does-your-team-stand,1,DEEP REWRITE,Rewrite in priority order (BLOG_REWRITE_QUEUE.csv). NOINDEX only for members Search Console shows earn nothing (class C) and that are not rewritten.,42 articles on different topics share one body template (mean normalised similarity 0.97).,body text (5-word shingles)
F2,template family (shared outline and phrasing),no,42,0.968,how-to-build-an-mlops-portfolio-that-stands-out,6ad8f279-59f2-4b4c-a8a8-d68b1486938c,"MLOps Roadmap 2026: Skills, Tools and Career Path",/blog/mlops-roadmap-2026-skills-tools-and-career-path,0.66,DEEP REWRITE,Rewrite in priority order (BLOG_REWRITE_QUEUE.csv). NOINDEX only for members Search Console shows earn nothing (class C) and that are not rewritten.,42 articles on different topics share one body template (mean normalised similarity 0.97).,body text (5-word shingles)
F2,template family (shared outline and phrasing),no,42,0.968,how-to-build-an-mlops-portfolio-that-stands-out,aba5050d-3cd2-49e9-b467-473786c71ea1,MLOps Tools Landscape 2026: What to Learn,/blog/mlops-tools-landscape-2026-what-to-learn,1,DEEP REWRITE,Rewrite in priority order (BLOG_REWRITE_QUEUE.csv). NOINDEX only for members Search Console shows earn nothing (class C) and that are not rewritten.,42 articles on different topics share one body template (mean normalised similarity 0.97).,body text (5-word shingles)
F2,template family (shared outline and phrasing),no,42,0.968,how-to-build-an-mlops-portfolio-that-stands-out,e0cb7df2-8ed0-48b6-84b3-e9164ff2a366,Model Compression: Quantization and Pruning Explained,/blog/model-compression-quantization-and-pruning-explained,1,DEEP REWRITE,Rewrite in priority order (BLOG_REWRITE_QUEUE.csv). NOINDEX only for members Search Console shows earn nothing (class C) and that are not rewritten.,42 articles on different topics share one body template (mean normalised similarity 0.97).,body text (5-word shingles)
F2,template family (shared outline and phrasing),no,42,0.968,how-to-build-an-mlops-portfolio-that-stands-out,c7b8d384-b6ee-4fe3-baca-5be0aaa8ff6a,Model Drift and Data Drift: Detection and Response,/blog/model-drift-and-data-drift-detection-and-response,1,DEEP REWRITE,Rewrite in priority order (BLOG_REWRITE_QUEUE.csv). NOINDEX only for members Search Console shows earn nothing (class C) and that are not rewritten.,42 articles on different topics share one body template (mean normalised similarity 0.97).,body text (5-word shingles)
F2,template family (shared outline and phrasing),no,42,0.968,how-to-build-an-mlops-portfolio-that-stands-out,8db6452e-dccb-461a-b3ee-ff5ad79d2db0,Model Explainability in Production with SHAP,/blog/model-explainability-in-production-with-shap,1,DEEP REWRITE,Rewrite in priority order (BLOG_REWRITE_QUEUE.csv). NOINDEX only for members Search Console shows earn nothing (class C) and that are not rewritten.,42 articles on different topics share one body template (mean normalised similarity 0.97).,body text (5-word shingles)
F2,template family (shared outline and phrasing),no,42,0.968,how-to-build-an-mlops-portfolio-that-stands-out,136026e8-b203-4fe7-bbf8-b096f225646d,Model Packaging: From Pickle to Production,/blog/model-packaging-from-pickle-to-production,1,DEEP REWRITE,Rewrite in priority order (BLOG_REWRITE_QUEUE.csv). NOINDEX only for members Search Console shows earn nothing (class C) and that are not rewritten.,42 articles on different topics share one body template (mean normalised similarity 0.97).,body text (5-word shingles)
F2,template family (shared outline and phrasing),no,42,0.968,how-to-build-an-mlops-portfolio-that-stands-out,066d05c2-99c1-42a9-b4cd-bcad86cb5833,Model Registry: Managing the ML Model Lifecycle,/blog/model-registry-managing-the-ml-model-lifecycle,1,DEEP REWRITE,Rewrite in priority order (BLOG_REWRITE_QUEUE.csv). NOINDEX only for members Search Console shows earn nothing (class C) and that are not rewritten.,42 articles on different topics share one body template (mean normalised similarity 0.97).,body text (5-word shingles)
F2,template family (shared outline and phrasing),no,42,0.968,how-to-build-an-mlops-portfolio-that-stands-out,b5b97477-c55e-48d6-8253-97b2f7bd2cdb,Model Versioning with MLflow and DVC,/blog/model-versioning-with-mlflow-and-dvc,1,DEEP REWRITE,Rewrite in priority order (BLOG_REWRITE_QUEUE.csv). NOINDEX only for members Search Console shows earn nothing (class C) and that are not rewritten.,42 articles on different topics share one body template (mean normalised similarity 0.97).,body text (5-word shingles)
F2,template family (shared outline and phrasing),no,42,0.968,how-to-build-an-mlops-portfolio-that-stands-out,8450a5b9-ca5f-4f88-9bc2-68eca6d55743,Monitoring ML Models in Production: A Complete Guide,/blog/monitoring-ml-models-in-production-a-complete-guide,1,DEEP REWRITE,Rewrite in priority order (BLOG_REWRITE_QUEUE.csv). NOINDEX only for members Search Console shows earn nothing (class C) and that are not rewritten.,42 articles on different topics share one body template (mean normalised similarity 0.97).,body text (5-word shingles)
F2,template family (shared outline and phrasing),no,42,0.968,how-to-build-an-mlops-portfolio-that-stands-out,11a54a99-36b2-4a0c-b83d-78e85c431a35,Production ML Systems: Architecture and Best Practices,/blog/production-ml-systems-architecture-and-best-practices,1,DEEP REWRITE,Rewrite in priority order (BLOG_REWRITE_QUEUE.csv). NOINDEX only for members Search Console shows earn nothing (class C) and that are not rewritten.,42 articles on different topics share one body template (mean normalised similarity 0.97).,body text (5-word shingles)
F2,template family (shared outline and phrasing),no,42,0.968,how-to-build-an-mlops-portfolio-that-stands-out,a618619e-4f93-47d3-89ab-d084e486fbbd,Prometheus and Grafana for ML Monitoring,/blog/prometheus-and-grafana-for-ml-monitoring,1,DEEP REWRITE,Rewrite in priority order (BLOG_REWRITE_QUEUE.csv). NOINDEX only for members Search Console shows earn nothing (class C) and that are not rewritten.,42 articles on different topics share one body template (mean normalised similarity 0.97).,body text (5-word shingles)
F2,template family (shared outline and phrasing),no,42,0.968,how-to-build-an-mlops-portfolio-that-stands-out,6b234168-796a-4250-8568-b44421eea48c,Real-Time Feature Engineering for Online Models,/blog/real-time-feature-engineering-for-online-models,1,DEEP REWRITE,Rewrite in priority order (BLOG_REWRITE_QUEUE.csv). NOINDEX only for members Search Console shows earn nothing (class C) and that are not rewritten.,42 articles on different topics share one body template (mean normalised similarity 0.97).,body text (5-word shingles)
F2,template family (shared outline and phrasing),no,42,0.968,how-to-build-an-mlops-portfolio-that-stands-out,8dd12094-2a35-4855-ab12-70092b8c7ea4,"Reproducibility in ML: Seeds, Configs and Pipelines",/blog/reproducibility-in-ml-seeds-configs-and-pipelines,1,DEEP REWRITE,Rewrite in priority order (BLOG_REWRITE_QUEUE.csv). NOINDEX only for members Search Console shows earn nothing (class C) and that are not rewritten.,42 articles on different topics share one body template (mean normalised similarity 0.97).,body text (5-word shingles)
F2,template family (shared outline and phrasing),no,42,0.968,how-to-build-an-mlops-portfolio-that-stands-out,2ea3c424-622a-41f4-931d-78d302499d18,Scaling Model Training with Distributed Computing,/blog/scaling-model-training-with-distributed-computing,1,DEEP REWRITE,Rewrite in priority order (BLOG_REWRITE_QUEUE.csv). NOINDEX only for members Search Console shows earn nothing (class C) and that are not rewritten.,42 articles on different topics share one body template (mean normalised similarity 0.97).,body text (5-word shingles)
F2,template family (shared outline and phrasing),no,42,0.968,how-to-build-an-mlops-portfolio-that-stands-out,c3aaee5f-a913-48c6-b7d9-2eb93abeae6d,Secrets Management for ML Pipelines,/blog/secrets-management-for-ml-pipelines,1,DEEP REWRITE,Rewrite in priority order (BLOG_REWRITE_QUEUE.csv). NOINDEX only for members Search Console shows earn nothing (class C) and that are not rewritten.,42 articles on different topics share one body template (mean normalised similarity 0.97).,body text (5-word shingles)
F2,template family (shared outline and phrasing),no,42,0.968,how-to-build-an-mlops-portfolio-that-stands-out,ec46fc26-f6d8-4ac2-a751-05b4d12b4700,Serving ML Models with FastAPI and Docker,/blog/serving-ml-models-with-fastapi-and-docker,1,DEEP REWRITE,Rewrite in priority order (BLOG_REWRITE_QUEUE.csv). NOINDEX only for members Search Console shows earn nothing (class C) and that are not rewritten.,42 articles on different topics share one body template (mean normalised similarity 0.97).,body text (5-word shingles)
F2,template family (shared outline and phrasing),no,42,0.968,how-to-build-an-mlops-portfolio-that-stands-out,7a4942a0-20d5-4b1d-9a20-e55fd133ece9,Shadow Deployment and Canary Releases for ML,/blog/shadow-deployment-and-canary-releases-for-ml,1,DEEP REWRITE,Rewrite in priority order (BLOG_REWRITE_QUEUE.csv). NOINDEX only for members Search Console shows earn nothing (class C) and that are not rewritten.,42 articles on different topics share one body template (mean normalised similarity 0.97).,body text (5-word shingles)
F2,template family (shared outline and phrasing),no,42,0.968,how-to-build-an-mlops-portfolio-that-stands-out,5068ffb2-f3cb-4288-aefc-106225bfe6f0,Testing Machine Learning Code and Data,/blog/testing-machine-learning-code-and-data,1,DEEP REWRITE,Rewrite in priority order (BLOG_REWRITE_QUEUE.csv). NOINDEX only for members Search Console shows earn nothing (class C) and that are not rewritten.,42 articles on different topics share one body template (mean normalised similarity 0.97).,body text (5-word shingles)
F2,template family (shared outline and phrasing),no,42,0.968,how-to-build-an-mlops-portfolio-that-stands-out,2743054e-83b9-4e9e-bc3c-f34a8f53a3f2,Vertex AI and SageMaker for MLOps: A Comparison,/blog/vertex-ai-and-sagemaker-for-mlops-a-comparison,1,DEEP REWRITE,Rewrite in priority order (BLOG_REWRITE_QUEUE.csv). NOINDEX only for members Search Console shows earn nothing (class C) and that are not rewritten.,42 articles on different topics share one body template (mean normalised similarity 0.97).,body text (5-word shingles)
F3,template family (shared outline and phrasing),no,39,0.958,azure-data-factory-roadmap-2026-a-complete-guide,8515f2ba-8c71-43d8-afc6-e557b7d55ad7,Azure Data Factory Roadmap 2026: A Complete Guide,/blog/azure-data-factory-roadmap-2026-a-complete-guide,1,DEEP REWRITE,Rewrite in priority order (BLOG_REWRITE_QUEUE.csv). NOINDEX only for members Search Console shows earn nothing (class C) and that are not rewritten.,39 articles on different topics share one body template (mean normalised similarity 0.96).,body text (5-word shingles)
F3,template family (shared outline and phrasing),no,39,0.958,azure-data-factory-roadmap-2026-a-complete-guide,a394607c-5b33-4f0e-b4fe-502f1091d6d5,"ADF Control Flow: ForEach, If and Until Activities",/blog/adf-control-flow-foreach-if-and-until-activities,0.654,DEEP REWRITE,Rewrite in priority order (BLOG_REWRITE_QUEUE.csv). NOINDEX only for members Search Console shows earn nothing (class C) and that are not rewritten.,39 articles on different topics share one body template (mean normalised similarity 0.96).,body text (5-word shingles)
F3,template family (shared outline and phrasing),no,39,0.958,azure-data-factory-roadmap-2026-a-complete-guide,49cc1a94-927a-4eae-bdb6-602eae138040,ADF Data Flow Transformations: A Complete Reference,/blog/adf-data-flow-transformations-a-complete-reference,0.654,DEEP REWRITE,Rewrite in priority order (BLOG_REWRITE_QUEUE.csv). NOINDEX only for members Search Console shows earn nothing (class C) and that are not rewritten.,39 articles on different topics share one body template (mean normalised similarity 0.96).,body text (5-word shingles)
F3,template family (shared outline and phrasing),no,39,0.958,azure-data-factory-roadmap-2026-a-complete-guide,d87b25da-9f47-44fc-9932-a6a2af8e7bf6,ADF Expressions and Functions: A Practical Guide,/blog/adf-expressions-and-functions-a-practical-guide,0.654,DEEP REWRITE,Rewrite in priority order (BLOG_REWRITE_QUEUE.csv). NOINDEX only for members Search Console shows earn nothing (class C) and that are not rewritten.,39 articles on different topics share one body template (mean normalised similarity 0.96).,body text (5-word shingles)
F3,template family (shared outline and phrasing),no,39,0.958,azure-data-factory-roadmap-2026-a-complete-guide,0200bacd-0237-4992-b993-9c07476d0bd6,ADF Global Parameters and Variables Explained,/blog/adf-global-parameters-and-variables-explained,0.654,DEEP REWRITE,Rewrite in priority order (BLOG_REWRITE_QUEUE.csv). NOINDEX only for members Search Console shows earn nothing (class C) and that are not rewritten.,39 articles on different topics share one body template (mean normalised similarity 0.96).,body text (5-word shingles)
F3,template family (shared outline and phrasing),no,39,0.958,azure-data-factory-roadmap-2026-a-complete-guide,81769536-7a95-4915-b4c9-37457b2ba32c,ADF Logging and Auditing for Compliance,/blog/adf-logging-and-auditing-for-compliance,0.654,DEEP REWRITE,Rewrite in priority order (BLOG_REWRITE_QUEUE.csv). NOINDEX only for members Search Console shows earn nothing (class C) and that are not rewritten.,39 articles on different topics share one body template (mean normalised similarity 0.96).,body text (5-word shingles)
F3,template family (shared outline and phrasing),no,39,0.958,azure-data-factory-roadmap-2026-a-complete-guide,2e8c4712-05fe-46a6-9330-48d1a3766430,ADF Performance Tuning: DIUs and Parallelism,/blog/adf-performance-tuning-dius-and-parallelism,0.654,DEEP REWRITE,Rewrite in priority order (BLOG_REWRITE_QUEUE.csv). NOINDEX only for members Search Console shows earn nothing (class C) and that are not rewritten.,39 articles on different topics share one body template (mean normalised similarity 0.96).,body text (5-word shingles)
F3,template family (shared outline and phrasing),no,39,0.958,azure-data-factory-roadmap-2026-a-complete-guide,be63b27c-3ad8-4893-b347-436949f4fe84,ADF Pipeline Best Practices for Production,/blog/adf-pipeline-best-practices-for-production,0.654,DEEP REWRITE,Rewrite in priority order (BLOG_REWRITE_QUEUE.csv). NOINDEX only for members Search Console shows earn nothing (class C) and that are not rewritten.,39 articles on different topics share one body template (mean normalised similarity 0.96).,body text (5-word shingles)
F3,template family (shared outline and phrasing),no,39,0.958,azure-data-factory-roadmap-2026-a-complete-guide,f4eb72db-c920-47bb-a8f1-e5dc195ae0c4,ADF Pipelines Explained: Building Your First Pipeline,/blog/adf-pipelines-explained-building-your-first-pipeline,0.654,DEEP REWRITE,Rewrite in priority order (BLOG_REWRITE_QUEUE.csv). NOINDEX only for members Search Console shows earn nothing (class C) and that are not rewritten.,39 articles on different topics share one body template (mean normalised similarity 0.96).,body text (5-word shingles)
F3,template family (shared outline and phrasing),no,39,0.958,azure-data-factory-roadmap-2026-a-complete-guide,607d2e22-650a-4f39-93ed-e5f6a2167825,Azure Data Engineering Projects for Your Portfolio,/blog/azure-data-engineering-projects-for-your-portfolio,0.513,DEEP REWRITE,Rewrite in priority order (BLOG_REWRITE_QUEUE.csv). NOINDEX only for members Search Console shows earn nothing (class C) and that are not rewritten.,39 articles on different topics share one body template (mean normalised similarity 0.96).,body text (5-word shingles)
F3,template family (shared outline and phrasing),no,39,0.958,azure-data-factory-roadmap-2026-a-complete-guide,115673c0-835c-48f7-91dc-7e97c7c9470b,Azure Data Lake Storage Gen2 Explained,/blog/azure-data-lake-storage-gen2-explained,0.654,DEEP REWRITE,Rewrite in priority order (BLOG_REWRITE_QUEUE.csv). NOINDEX only for members Search Console shows earn nothing (class C) and that are not rewritten.,39 articles on different topics share one body template (mean normalised similarity 0.96).,body text (5-word shingles)
F3,template family (shared outline and phrasing),no,39,0.958,azure-data-factory-roadmap-2026-a-complete-guide,fa288dfa-2abf-4af0-a611-1861a28202ea,Azure Databricks with ADF: Orchestration Patterns,/blog/azure-databricks-with-adf-orchestration-patterns,0.654,DEEP REWRITE,Rewrite in priority order (BLOG_REWRITE_QUEUE.csv). NOINDEX only for members Search Console shows earn nothing (class C) and that are not rewritten.,39 articles on different topics share one body template (mean normalised similarity 0.96).,body text (5-word shingles)
F3,template family (shared outline and phrasing),no,39,0.958,azure-data-factory-roadmap-2026-a-complete-guide,411d7c4e-1869-481a-8fa6-be2149483e0a,Azure Key Vault Integration with Data Factory,/blog/azure-key-vault-integration-with-data-factory,0.654,DEEP REWRITE,Rewrite in priority order (BLOG_REWRITE_QUEUE.csv). NOINDEX only for members Search Console shows earn nothing (class C) and that are not rewritten.,39 articles on different topics share one body template (mean normalised similarity 0.96).,body text (5-word shingles)
F3,template family (shared outline and phrasing),no,39,0.958,azure-data-factory-roadmap-2026-a-complete-guide,a9cb8ce8-0423-49eb-bd46-90008dfe8ce1,Azure Synapse Analytics Explained for Beginners,/blog/azure-synapse-analytics-explained-for-beginners,0.654,DEEP REWRITE,Rewrite in priority order (BLOG_REWRITE_QUEUE.csv). NOINDEX only for members Search Console shows earn nothing (class C) and that are not rewritten.,39 articles on different topics share one body template (mean normalised similarity 0.96).,body text (5-word shingles)
F3,template family (shared outline and phrasing),no,39,0.958,azure-data-factory-roadmap-2026-a-complete-guide,4a35d3c1-f3af-4f8e-b777-b6620ed2a83a,Building a Metadata Framework for ADF Pipelines,/blog/building-a-metadata-framework-for-adf-pipelines,0.654,DEEP REWRITE,Rewrite in priority order (BLOG_REWRITE_QUEUE.csv). NOINDEX only for members Search Console shows earn nothing (class C) and that are not rewritten.,39 articles on different topics share one body template (mean normalised similarity 0.96).,body text (5-word shingles)
F3,template family (shared outline and phrasing),no,39,0.958,azure-data-factory-roadmap-2026-a-complete-guide,b817f985-51ae-4e6a-9a98-9c1ba8e3eda1,Building an ETL Pipeline with ADF Step by Step,/blog/building-an-etl-pipeline-with-adf-step-by-step,0.654,DEEP REWRITE,Rewrite in priority order (BLOG_REWRITE_QUEUE.csv). NOINDEX only for members Search Console shows earn nothing (class C) and that are not rewritten.,39 articles on different topics share one body template (mean normalised similarity 0.96).,body text (5-word shingles)
F3,template family (shared outline and phrasing),no,39,0.958,azure-data-factory-roadmap-2026-a-complete-guide,8de12e18-a045-4d3e-ba5a-aa05ce8655d5,CI/CD for Azure Data Factory with Azure DevOps,/blog/ci-cd-for-azure-data-factory-with-azure-devops,0.654,DEEP REWRITE,Rewrite in priority order (BLOG_REWRITE_QUEUE.csv). NOINDEX only for members Search Console shows earn nothing (class C) and that are not rewritten.,39 articles on different topics share one body template (mean normalised similarity 0.96).,body text (5-word shingles)
F3,template family (shared outline and phrasing),no,39,0.958,azure-data-factory-roadmap-2026-a-complete-guide,2ca77087-c64c-48de-86d4-5506a822bf32,Connecting ADF to REST APIs and Web Sources,/blog/connecting-adf-to-rest-apis-and-web-sources,0.654,DEEP REWRITE,Rewrite in priority order (BLOG_REWRITE_QUEUE.csv). NOINDEX only for members Search Console shows earn nothing (class C) and that are not rewritten.,39 articles on different topics share one body template (mean normalised similarity 0.96).,body text (5-word shingles)
F3,template family (shared outline and phrasing),no,39,0.958,azure-data-factory-roadmap-2026-a-complete-guide,32f89549-d88d-4b53-918d-6c06f6b98fc1,Copy Activity in Azure Data Factory: A Practical Guide,/blog/copy-activity-in-azure-data-factory-a-practical-guide,0.654,DEEP REWRITE,Rewrite in priority order (BLOG_REWRITE_QUEUE.csv). NOINDEX only for members Search Console shows earn nothing (class C) and that are not rewritten.,39 articles on different topics share one body template (mean normalised similarity 0.96).,body text (5-word shingles)
F3,template family (shared outline and phrasing),no,39,0.958,azure-data-factory-roadmap-2026-a-complete-guide,d83817f0-1112-407f-b188-c332e433afd6,Copying Data from On-Prem SQL to Azure with ADF,/blog/copying-data-from-on-prem-sql-to-azure-with-adf,0.654,DEEP REWRITE,Rewrite in priority order (BLOG_REWRITE_QUEUE.csv). NOINDEX only for members Search Console shows earn nothing (class C) and that are not rewritten.,39 articles on different topics share one body template (mean normalised similarity 0.96).,body text (5-word shingles)
F3,template family (shared outline and phrasing),no,39,0.958,azure-data-factory-roadmap-2026-a-complete-guide,d9574d23-3a19-4c25-a684-b5f7038bf304,Data Flow Debug and Performance in ADF,/blog/data-flow-debug-and-performance-in-adf,0.654,DEEP REWRITE,Rewrite in priority order (BLOG_REWRITE_QUEUE.csv). NOINDEX only for members Search Console shows earn nothing (class C) and that are not rewritten.,39 articles on different topics share one body template (mean normalised similarity 0.96).,body text (5-word shingles)
F3,template family (shared outline and phrasing),no,39,0.958,azure-data-factory-roadmap-2026-a-complete-guide,5b624059-dc21-44d7-b2e4-acad9e29bd4e,Data Partitioning Strategies in ADF Copy Activity,/blog/data-partitioning-strategies-in-adf-copy-activity,0.654,DEEP REWRITE,Rewrite in priority order (BLOG_REWRITE_QUEUE.csv). NOINDEX only for members Search Console shows earn nothing (class C) and that are not rewritten.,39 articles on different topics share one body template (mean normalised similarity 0.96).,body text (5-word shingles)
F3,template family (shared outline and phrasing),no,39,0.958,azure-data-factory-roadmap-2026-a-complete-guide,aba4650e-4e8b-4cb7-9b9d-f912b22b271c,Event-Based Triggers with Azure Event Grid and ADF,/blog/event-based-triggers-with-azure-event-grid-and-adf,0.654,DEEP REWRITE,Rewrite in priority order (BLOG_REWRITE_QUEUE.csv). NOINDEX only for members Search Console shows earn nothing (class C) and that are not rewritten.,39 articles on different topics share one body template (mean normalised similarity 0.96).,body text (5-word shingles)
F3,template family (shared outline and phrasing),no,39,0.958,azure-data-factory-roadmap-2026-a-complete-guide,61452b61-1932-4054-9de6-00213aa47dd0,Handling Errors and Retries in ADF Pipelines,/blog/handling-errors-and-retries-in-adf-pipelines,0.654,DEEP REWRITE,Rewrite in priority order (BLOG_REWRITE_QUEUE.csv). NOINDEX only for members Search Console shows earn nothing (class C) and that are not rewritten.,39 articles on different topics share one body template (mean normalised similarity 0.96).,body text (5-word shingles)
F3,template family (shared outline and phrasing),no,39,0.958,azure-data-factory-roadmap-2026-a-complete-guide,f7d2d955-4ae6-465b-b5e4-74f97a2e0475,How to Become an Azure Data Engineer in 2026,/blog/how-to-become-an-azure-data-engineer-in-2026,0.654,DEEP REWRITE,Rewrite in priority order (BLOG_REWRITE_QUEUE.csv). NOINDEX only for members Search Console shows earn nothing (class C) and that are not rewritten.,39 articles on different topics share one body template (mean normalised similarity 0.96).,body text (5-word shingles)
F3,template family (shared outline and phrasing),no,39,0.958,azure-data-factory-roadmap-2026-a-complete-guide,7adfd977-6aeb-43ae-8a2d-eded704af268,Incremental Data Loading in Azure Data Factory,/blog/incremental-data-loading-in-azure-data-factory,0.654,DEEP REWRITE,Rewrite in priority order (BLOG_REWRITE_QUEUE.csv). NOINDEX only for members Search Console shows earn nothing (class C) and that are not rewritten.,39 articles on different topics share one body template (mean normalised similarity 0.96).,body text (5-word shingles)
F3,template family (shared outline and phrasing),no,39,0.958,azure-data-factory-roadmap-2026-a-complete-guide,ed5125c2-68a9-4721-9b01-a5be174c8166,"Integration Runtimes in ADF: Azure, Self-Hosted and SSIS",/blog/integration-runtimes-in-adf-azure-self-hosted-and-ssis,0.654,DEEP REWRITE,Rewrite in priority order (BLOG_REWRITE_QUEUE.csv). NOINDEX only for members Search Console shows earn nothing (class C) and that are not rewritten.,39 articles on different topics share one body template (mean normalised similarity 0.96).,body text (5-word shingles)
F3,template family (shared outline and phrasing),no,39,0.958,azure-data-factory-roadmap-2026-a-complete-guide,8224db35-de1e-43a7-b3bc-57bb3b1881bc,Linked Services in Azure Data Factory Explained,/blog/linked-services-in-azure-data-factory-explained,0.654,DEEP REWRITE,Rewrite in priority order (BLOG_REWRITE_QUEUE.csv). NOINDEX only for members Search Console shows earn nothing (class C) and that are not rewritten.,39 articles on different topics share one body template (mean normalised similarity 0.96).,body text (5-word shingles)
F3,template family (shared outline and phrasing),no,39,0.958,azure-data-factory-roadmap-2026-a-complete-guide,486039c8-bd1c-4c44-8949-472539431d83,Loading Data into Synapse with ADF,/blog/loading-data-into-synapse-with-adf,0.654,DEEP REWRITE,Rewrite in priority order (BLOG_REWRITE_QUEUE.csv). NOINDEX only for members Search Console shows earn nothing (class C) and that are not rewritten.,39 articles on different topics share one body template (mean normalised similarity 0.96).,body text (5-word shingles)
F3,template family (shared outline and phrasing),no,39,0.958,azure-data-factory-roadmap-2026-a-complete-guide,c802eb21-8ce4-43f3-b456-c2b882f32fcb,Lookup and Get Metadata Activities in ADF,/blog/lookup-and-get-metadata-activities-in-adf,0.654,DEEP REWRITE,Rewrite in priority order (BLOG_REWRITE_QUEUE.csv). NOINDEX only for members Search Console shows earn nothing (class C) and that are not rewritten.,39 articles on different topics share one body template (mean normalised similarity 0.96).,body text (5-word shingles)
F3,template family (shared outline and phrasing),no,39,0.958,azure-data-factory-roadmap-2026-a-complete-guide,dab784d3-ff30-4a11-8929-aa24e93e5f8e,Mapping Data Flows in ADF: Transformations Without Code,/blog/mapping-data-flows-in-adf-transformations-without-code,0.654,DEEP REWRITE,Rewrite in priority order (BLOG_REWRITE_QUEUE.csv). NOINDEX only for members Search Console shows earn nothing (class C) and that are not rewritten.,39 articles on different topics share one body template (mean normalised similarity 0.96).,body text (5-word shingles)
F3,template family (shared outline and phrasing),no,39,0.958,azure-data-factory-roadmap-2026-a-complete-guide,5c6a36c5-bd4a-4f60-880a-56fa1462eee6,Metadata-Driven Pipelines in Azure Data Factory,/blog/metadata-driven-pipelines-in-azure-data-factory,0.654,DEEP REWRITE,Rewrite in priority order (BLOG_REWRITE_QUEUE.csv). NOINDEX only for members Search Console shows earn nothing (class C) and that are not rewritten.,39 articles on different topics share one body template (mean normalised similarity 0.96).,body text (5-word shingles)
F3,template family (shared outline and phrasing),no,39,0.958,azure-data-factory-roadmap-2026-a-complete-guide,5b9b0f2e-8e4c-4c68-a003-ece48bd0594c,Monitoring and Alerts in Azure Data Factory,/blog/monitoring-and-alerts-in-azure-data-factory,0.654,DEEP REWRITE,Rewrite in priority order (BLOG_REWRITE_QUEUE.csv). NOINDEX only for members Search Console shows earn nothing (class C) and that are not rewritten.,39 articles on different topics share one body template (mean normalised similarity 0.96).,body text (5-word shingles)
F3,template family (shared outline and phrasing),no,39,0.958,azure-data-factory-roadmap-2026-a-complete-guide,ddb1110b-94f1-4b95-a6a4-9b7303eb4c75,Parameterizing Pipelines in Azure Data Factory,/blog/parameterizing-pipelines-in-azure-data-factory,0.654,DEEP REWRITE,Rewrite in priority order (BLOG_REWRITE_QUEUE.csv). NOINDEX only for members Search Console shows earn nothing (class C) and that are not rewritten.,39 articles on different topics share one body template (mean normalised similarity 0.96).,body text (5-word shingles)
F3,template family (shared outline and phrasing),no,39,0.958,azure-data-factory-roadmap-2026-a-complete-guide,b6fb7f13-a83f-4ec0-bab5-41af1d92bfb7,Pipeline Dependencies and Scheduling in ADF,/blog/pipeline-dependencies-and-scheduling-in-adf,0.654,DEEP REWRITE,Rewrite in priority order (BLOG_REWRITE_QUEUE.csv). NOINDEX only for members Search Console shows earn nothing (class C) and that are not rewritten.,39 articles on different topics share one body template (mean normalised similarity 0.96).,body text (5-word shingles)
F3,template family (shared outline and phrasing),no,39,0.958,azure-data-factory-roadmap-2026-a-complete-guide,498b7c41-3740-4cbb-88a4-b7104ec34843,Securing Azure Data Factory: Managed Identities,/blog/securing-azure-data-factory-managed-identities,0.654,DEEP REWRITE,Rewrite in priority order (BLOG_REWRITE_QUEUE.csv). NOINDEX only for members Search Console shows earn nothing (class C) and that are not rewritten.,39 articles on different topics share one body template (mean normalised similarity 0.96).,body text (5-word shingles)
F3,template family (shared outline and phrasing),no,39,0.958,azure-data-factory-roadmap-2026-a-complete-guide,f723a52c-d4b9-4c74-8f96-4ba74c0070d6,Slowly Changing Dimensions in ADF Data Flows,/blog/slowly-changing-dimensions-in-adf-data-flows,0.654,DEEP REWRITE,Rewrite in priority order (BLOG_REWRITE_QUEUE.csv). NOINDEX only for members Search Console shows earn nothing (class C) and that are not rewritten.,39 articles on different topics share one body template (mean normalised similarity 0.96).,body text (5-word shingles)
F3,template family (shared outline and phrasing),no,39,0.958,azure-data-factory-roadmap-2026-a-complete-guide,654643e1-1acf-4e0b-b40e-068a96835d2e,"Triggers in ADF: Schedule, Tumbling Window and Event",/blog/triggers-in-adf-schedule-tumbling-window-and-event,0.654,DEEP REWRITE,Rewrite in priority order (BLOG_REWRITE_QUEUE.csv). NOINDEX only for members Search Console shows earn nothing (class C) and that are not rewritten.,39 articles on different topics share one body template (mean normalised similarity 0.96).,body text (5-word shingles)
F3,template family (shared outline and phrasing),no,39,0.958,azure-data-factory-roadmap-2026-a-complete-guide,f22c8acc-57eb-4b3d-b8a0-7b5391f0674e,Tumbling Window Triggers: Backfills and Dependencies,/blog/tumbling-window-triggers-backfills-and-dependencies,0.654,DEEP REWRITE,Rewrite in priority order (BLOG_REWRITE_QUEUE.csv). NOINDEX only for members Search Console shows earn nothing (class C) and that are not rewritten.,39 articles on different topics share one body template (mean normalised similarity 0.96).,body text (5-word shingles)
F4,template family (shared outline and phrasing),no,10,0.752,wrangling-data-flows-vs-mapping-data-flows-in-adf,206d0217-79f7-4606-95c3-6999e819ae63,Wrangling Data Flows vs Mapping Data Flows in ADF,/blog/wrangling-data-flows-vs-mapping-data-flows-in-adf,1,DEEP REWRITE,Rewrite in priority order (BLOG_REWRITE_QUEUE.csv). NOINDEX only for members Search Console shows earn nothing (class C) and that are not rewritten.,10 articles on different topics share one body template (mean normalised similarity 0.75).,body text (5-word shingles)
F4,template family (shared outline and phrasing),no,10,0.752,wrangling-data-flows-vs-mapping-data-flows-in-adf,57b53dd9-6367-4857-a8b4-8afc9eb6f3be,ADF vs Databricks: When to Use Each,/blog/adf-vs-databricks-when-to-use-each,0.967,DEEP REWRITE,Rewrite in priority order (BLOG_REWRITE_QUEUE.csv). NOINDEX only for members Search Console shows earn nothing (class C) and that are not rewritten.,10 articles on different topics share one body template (mean normalised similarity 0.75).,body text (5-word shingles)
F4,template family (shared outline and phrasing),no,10,0.752,wrangling-data-flows-vs-mapping-data-flows-in-adf,48879315-ca2d-497c-b288-3c2b3f3d51da,ADF vs SSIS: Migrating Legacy ETL to the Cloud,/blog/adf-vs-ssis-migrating-legacy-etl-to-the-cloud,0.967,DEEP REWRITE,Rewrite in priority order (BLOG_REWRITE_QUEUE.csv). NOINDEX only for members Search Console shows earn nothing (class C) and that are not rewritten.,10 articles on different topics share one body template (mean normalised similarity 0.75).,body text (5-word shingles)
F4,template family (shared outline and phrasing),no,10,0.752,wrangling-data-flows-vs-mapping-data-flows-in-adf,c745e9a0-2f74-4e06-9556-a4bd1f56c124,Azure Data Engineer Certification (DP-203) Guide,/blog/azure-data-engineer-certification-dp-203-guide,0.534,DEEP REWRITE,Rewrite in priority order (BLOG_REWRITE_QUEUE.csv). NOINDEX only for members Search Console shows earn nothing (class C) and that are not rewritten.,10 articles on different topics share one body template (mean normalised similarity 0.75).,body text (5-word shingles)
F4,template family (shared outline and phrasing),no,10,0.752,wrangling-data-flows-vs-mapping-data-flows-in-adf,ae4e1d84-d666-4cb4-bd37-eaa3bb547c8b,Azure Data Engineer Salary in Hyderabad 2026,/blog/azure-data-engineer-salary-in-hyderabad-2026,0.532,DEEP REWRITE,Rewrite in priority order (BLOG_REWRITE_QUEUE.csv). NOINDEX only for members Search Console shows earn nothing (class C) and that are not rewritten.,10 articles on different topics share one body template (mean normalised similarity 0.75).,body text (5-word shingles)
F4,template family (shared outline and phrasing),no,10,0.752,wrangling-data-flows-vs-mapping-data-flows-in-adf,fc90e982-6c07-4a1e-b9ad-2248908003e1,Azure Fundamentals (AZ-900): A Quick-Start Guide,/blog/azure-fundamentals-az-900-a-quick-start-guide,0.538,DEEP REWRITE,Rewrite in priority order (BLOG_REWRITE_QUEUE.csv). NOINDEX only for members Search Console shows earn nothing (class C) and that are not rewritten.,10 articles on different topics share one body template (mean normalised similarity 0.75).,body text (5-word shingles)
F4,template family (shared outline and phrasing),no,10,0.752,wrangling-data-flows-vs-mapping-data-flows-in-adf,790ec0a3-9c9e-4b34-953a-527e344d4420,Azure Synapse Pipelines vs Standalone ADF,/blog/azure-synapse-pipelines-vs-standalone-adf,0.965,DEEP REWRITE,Rewrite in priority order (BLOG_REWRITE_QUEUE.csv). NOINDEX only for members Search Console shows earn nothing (class C) and that are not rewritten.,10 articles on different topics share one body template (mean normalised similarity 0.75).,body text (5-word shingles)
F4,template family (shared outline and phrasing),no,10,0.752,wrangling-data-flows-vs-mapping-data-flows-in-adf,49319bac-a68d-4a3d-8f7e-fcdb24e0fb3e,Azure Synapse vs Azure Data Factory: A Comparison,/blog/azure-synapse-vs-azure-data-factory-a-comparison,0.967,DEEP REWRITE,Rewrite in priority order (BLOG_REWRITE_QUEUE.csv). NOINDEX only for members Search Console shows earn nothing (class C) and that are not rewritten.,10 articles on different topics share one body template (mean normalised similarity 0.75).,body text (5-word shingles)
F4,template family (shared outline and phrasing),no,10,0.752,wrangling-data-flows-vs-mapping-data-flows-in-adf,e5d3922b-905a-4a0d-8512-a2bccf8d59eb,Datasets vs Linked Services vs Pipelines in ADF,/blog/datasets-vs-linked-services-vs-pipelines-in-adf,0.953,DEEP REWRITE,Rewrite in priority order (BLOG_REWRITE_QUEUE.csv). NOINDEX only for members Search Console shows earn nothing (class C) and that are not rewritten.,10 articles on different topics share one body template (mean normalised similarity 0.75).,body text (5-word shingles)
F4,template family (shared outline and phrasing),no,10,0.752,wrangling-data-flows-vs-mapping-data-flows-in-adf,f7446b72-3e01-4c86-94d4-15fafe6fc337,Microsoft Fabric vs Azure Data Factory: What's New,/blog/microsoft-fabric-vs-azure-data-factory-what-s-new,0.967,DEEP REWRITE,Rewrite in priority order (BLOG_REWRITE_QUEUE.csv). NOINDEX only for members Search Console shows earn nothing (class C) and that are not rewritten.,10 articles on different topics share one body template (mean normalised similarity 0.75).,body text (5-word shingles)
F5,template family (shared outline and phrasing),no,42,0.961,agentic-ai-roadmap-2026-from-prompts-to-autonomous-systems,4fdd5dcf-a04d-4174-a9e6-db0d5f2bc974,Agentic AI Roadmap 2026: From Prompts to Autonomous Systems,/blog/agentic-ai-roadmap-2026-from-prompts-to-autonomous-systems,1,DEEP REWRITE,Rewrite in priority order (BLOG_REWRITE_QUEUE.csv). NOINDEX only for members Search Console shows earn nothing (class C) and that are not rewritten.,42 articles on different topics share one body template (mean normalised similarity 0.96).,body text (5-word shingles)
F5,template family (shared outline and phrasing),no,42,0.961,agentic-ai-roadmap-2026-from-prompts-to-autonomous-systems,dd1af33f-d841-4cfc-a47a-bac70283eb03,AI Agents Guide: How Autonomous Agents Actually Work,/blog/ai-agents-guide-how-autonomous-agents-actually-work,0.66,DEEP REWRITE,Rewrite in priority order (BLOG_REWRITE_QUEUE.csv). NOINDEX only for members Search Console shows earn nothing (class C) and that are not rewritten.,42 articles on different topics share one body template (mean normalised similarity 0.96).,body text (5-word shingles)
F5,template family (shared outline and phrasing),no,42,0.961,agentic-ai-roadmap-2026-from-prompts-to-autonomous-systems,65b55718-fdbd-4334-bc3c-73882bdd0d78,AI Coding Assistants: How to Use Them Effectively,/blog/ai-coding-assistants-how-to-use-them-effectively,0.66,DEEP REWRITE,Rewrite in priority order (BLOG_REWRITE_QUEUE.csv). NOINDEX only for members Search Console shows earn nothing (class C) and that are not rewritten.,42 articles on different topics share one body template (mean normalised similarity 0.96).,body text (5-word shingles)
F5,template family (shared outline and phrasing),no,42,0.961,agentic-ai-roadmap-2026-from-prompts-to-autonomous-systems,03331497-e78e-442a-9ce9-f99d866cd1e9,Building a Customer Support Bot with LLMs,/blog/building-a-customer-support-bot-with-llms,0.66,DEEP REWRITE,Rewrite in priority order (BLOG_REWRITE_QUEUE.csv). NOINDEX only for members Search Console shows earn nothing (class C) and that are not rewritten.,42 articles on different topics share one body template (mean normalised similarity 0.96).,body text (5-word shingles)
F5,template family (shared outline and phrasing),no,42,0.961,agentic-ai-roadmap-2026-from-prompts-to-autonomous-systems,72a20872-37c4-49a1-813d-e0675a5c0a96,Building a Document Q&A Chatbot with RAG,/blog/building-a-document-q-and-a-chatbot-with-rag,0.66,DEEP REWRITE,Rewrite in priority order (BLOG_REWRITE_QUEUE.csv). NOINDEX only for members Search Console shows earn nothing (class C) and that are not rewritten.,42 articles on different topics share one body template (mean normalised similarity 0.96).,body text (5-word shingles)
F5,template family (shared outline and phrasing),no,42,0.961,agentic-ai-roadmap-2026-from-prompts-to-autonomous-systems,0f713792-a399-4270-a18a-c6a8afd148b3,Building a Multi-Agent System: Patterns and Pitfalls,/blog/building-a-multi-agent-system-patterns-and-pitfalls,0.66,DEEP REWRITE,Rewrite in priority order (BLOG_REWRITE_QUEUE.csv). NOINDEX only for members Search Console shows earn nothing (class C) and that are not rewritten.,42 articles on different topics share one body template (mean normalised similarity 0.96).,body text (5-word shingles)
F5,template family (shared outline and phrasing),no,42,0.961,agentic-ai-roadmap-2026-from-prompts-to-autonomous-systems,9e69c58c-0543-4b92-8299-0539e9e3af0d,Building AI Agents with LangGraph: A Hands-On Tutorial,/blog/building-ai-agents-with-langgraph-a-hands-on-tutorial,0.66,DEEP REWRITE,Rewrite in priority order (BLOG_REWRITE_QUEUE.csv). NOINDEX only for members Search Console shows earn nothing (class C) and that are not rewritten.,42 articles on different topics share one body template (mean normalised similarity 0.96).,body text (5-word shingles)
F5,template family (shared outline and phrasing),no,42,0.961,agentic-ai-roadmap-2026-from-prompts-to-autonomous-systems,a13c4178-f865-46db-a7a8-188185cc40bd,Chain-of-Thought Prompting: Making LLMs Reason,/blog/chain-of-thought-prompting-making-llms-reason,0.66,DEEP REWRITE,Rewrite in priority order (BLOG_REWRITE_QUEUE.csv). NOINDEX only for members Search Console shows earn nothing (class C) and that are not rewritten.,42 articles on different topics share one body template (mean normalised similarity 0.96).,body text (5-word shingles)
F5,template family (shared outline and phrasing),no,42,0.961,agentic-ai-roadmap-2026-from-prompts-to-autonomous-systems,917e4f2d-08cd-4587-ae5e-e40029e7afc7,"ChatGPT Complete Guide: Features, Prompts and Use Cases",/blog/chatgpt-complete-guide-features-prompts-and-use-cases,0.66,DEEP REWRITE,Rewrite in priority order (BLOG_REWRITE_QUEUE.csv). NOINDEX only for members Search Console shows earn nothing (class C) and that are not rewritten.,42 articles on different topics share one body template (mean normalised similarity 0.96).,body text (5-word shingles)
F5,template family (shared outline and phrasing),no,42,0.961,agentic-ai-roadmap-2026-from-prompts-to-autonomous-systems,dd5b32f3-2b2c-4289-9637-3df389d1332f,Chunking Strategies for RAG: Getting Retrieval Right,/blog/chunking-strategies-for-rag-getting-retrieval-right,0.66,DEEP REWRITE,Rewrite in priority order (BLOG_REWRITE_QUEUE.csv). NOINDEX only for members Search Console shows earn nothing (class C) and that are not rewritten.,42 articles on different topics share one body template (mean normalised similarity 0.96).,body text (5-word shingles)
F5,template family (shared outline and phrasing),no,42,0.961,agentic-ai-roadmap-2026-from-prompts-to-autonomous-systems,cc103472-38bf-4e41-ac62-3eb020762646,"Context Windows Explained: Tokens, Limits and Costs",/blog/context-windows-explained-tokens-limits-and-costs,0.66,DEEP REWRITE,Rewrite in priority order (BLOG_REWRITE_QUEUE.csv). NOINDEX only for members Search Console shows earn nothing (class C) and that are not rewritten.,42 articles on different topics share one body template (mean normalised similarity 0.96).,body text (5-word shingles)
F5,template family (shared outline and phrasing),no,42,0.961,agentic-ai-roadmap-2026-from-prompts-to-autonomous-systems,825b3a5a-7234-49ae-b739-cb31b8e97ef4,Cost Optimization for LLM Applications in Production,/blog/cost-optimization-for-llm-applications-in-production,0.66,DEEP REWRITE,Rewrite in priority order (BLOG_REWRITE_QUEUE.csv). NOINDEX only for members Search Console shows earn nothing (class C) and that are not rewritten.,42 articles on different topics share one body template (mean normalised similarity 0.96).,body text (5-word shingles)
F5,template family (shared outline and phrasing),no,42,0.961,agentic-ai-roadmap-2026-from-prompts-to-autonomous-systems,188a603c-cf59-4977-a558-e677a573312e,Deploying a Gen AI App on the Cloud: A Walkthrough,/blog/deploying-a-gen-ai-app-on-the-cloud-a-walkthrough,0.66,DEEP REWRITE,Rewrite in priority order (BLOG_REWRITE_QUEUE.csv). NOINDEX only for members Search Console shows earn nothing (class C) and that are not rewritten.,42 articles on different topics share one body template (mean normalised similarity 0.96).,body text (5-word shingles)
F5,template family (shared outline and phrasing),no,42,0.961,agentic-ai-roadmap-2026-from-prompts-to-autonomous-systems,33324384-3d3f-4b16-93cf-4b926bed29ce,Embeddings Explained: The Foundation of Modern AI,/blog/embeddings-explained-the-foundation-of-modern-ai,0.66,DEEP REWRITE,Rewrite in priority order (BLOG_REWRITE_QUEUE.csv). NOINDEX only for members Search Console shows earn nothing (class C) and that are not rewritten.,42 articles on different topics share one body template (mean normalised similarity 0.96).,body text (5-word shingles)
F5,template family (shared outline and phrasing),no,42,0.961,agentic-ai-roadmap-2026-from-prompts-to-autonomous-systems,6abc197f-b75a-44b8-8082-f08719c60124,"Evaluating LLM Outputs: Metrics, Tools and Best Practices",/blog/evaluating-llm-outputs-metrics-tools-and-best-practices,0.66,DEEP REWRITE,Rewrite in priority order (BLOG_REWRITE_QUEUE.csv). NOINDEX only for members Search Console shows earn nothing (class C) and that are not rewritten.,42 articles on different topics share one body template (mean normalised similarity 0.96).,body text (5-word shingles)
F5,template family (shared outline and phrasing),no,42,0.961,agentic-ai-roadmap-2026-from-prompts-to-autonomous-systems,febcf860-313b-4ee1-9e1a-a4bd6af1cc50,Function Calling and Tool Use in LLMs Explained,/blog/function-calling-and-tool-use-in-llms-explained,0.66,DEEP REWRITE,Rewrite in priority order (BLOG_REWRITE_QUEUE.csv). NOINDEX only for members Search Console shows earn nothing (class C) and that are not rewritten.,42 articles on different topics share one body template (mean normalised similarity 0.96).,body text (5-word shingles)
F5,template family (shared outline and phrasing),no,42,0.961,agentic-ai-roadmap-2026-from-prompts-to-autonomous-systems,ce541867-8f3d-497c-a960-d47813398c85,Generative AI for Images: Diffusion Models Explained,/blog/generative-ai-for-images-diffusion-models-explained,0.66,DEEP REWRITE,Rewrite in priority order (BLOG_REWRITE_QUEUE.csv). NOINDEX only for members Search Console shows earn nothing (class C) and that are not rewritten.,42 articles on different topics share one body template (mean normalised similarity 0.96).,body text (5-word shingles)
F5,template family (shared outline and phrasing),no,42,0.961,agentic-ai-roadmap-2026-from-prompts-to-autonomous-systems,fe788dc5-61a7-4462-93f8-b73de5f3dffa,Guardrails for LLMs: Keeping AI Apps Safe and On-Topic,/blog/guardrails-for-llms-keeping-ai-apps-safe-and-on-topic,0.66,DEEP REWRITE,Rewrite in priority order (BLOG_REWRITE_QUEUE.csv). NOINDEX only for members Search Console shows earn nothing (class C) and that are not rewritten.,42 articles on different topics share one body template (mean normalised similarity 0.96).,body text (5-word shingles)
F5,template family (shared outline and phrasing),no,42,0.961,agentic-ai-roadmap-2026-from-prompts-to-autonomous-systems,fedc7a3a-de64-4891-a319-c286b7a1556d,How Large Language Models (LLMs) Work Under the Hood,/blog/how-large-language-models-llms-work-under-the-hood,0.66,DEEP REWRITE,Rewrite in priority order (BLOG_REWRITE_QUEUE.csv). NOINDEX only for members Search Console shows earn nothing (class C) and that are not rewritten.,42 articles on different topics share one body template (mean normalised similarity 0.96).,body text (5-word shingles)
F5,template family (shared outline and phrasing),no,42,0.961,agentic-ai-roadmap-2026-from-prompts-to-autonomous-systems,6d8c9a6a-d793-4c3f-9b66-28af0be82561,How to Become a Generative AI Engineer in 2026,/blog/how-to-become-a-generative-ai-engineer-in-2026,0.66,DEEP REWRITE,Rewrite in priority order (BLOG_REWRITE_QUEUE.csv). NOINDEX only for members Search Console shows earn nothing (class C) and that are not rewritten.,42 articles on different topics share one body template (mean normalised similarity 0.96).,body text (5-word shingles)
F5,template family (shared outline and phrasing),no,42,0.961,agentic-ai-roadmap-2026-from-prompts-to-autonomous-systems,6f6ce1a2-6cc7-4d7e-b869-3d20b14f7159,How to Reduce LLM Hallucinations in Production,/blog/how-to-reduce-llm-hallucinations-in-production,0.66,DEEP REWRITE,Rewrite in priority order (BLOG_REWRITE_QUEUE.csv). NOINDEX only for members Search Console shows earn nothing (class C) and that are not rewritten.,42 articles on different topics share one body template (mean normalised similarity 0.96).,body text (5-word shingles)
F5,template family (shared outline and phrasing),no,42,0.961,agentic-ai-roadmap-2026-from-prompts-to-autonomous-systems,85814e09-f73e-45b6-8687-c31556b4716f,How Transformers Changed AI: Attention Explained,/blog/how-transformers-changed-ai-attention-explained,0.66,DEEP REWRITE,Rewrite in priority order (BLOG_REWRITE_QUEUE.csv). NOINDEX only for members Search Console shows earn nothing (class C) and that are not rewritten.,42 articles on different topics share one body template (mean normalised similarity 0.96).,body text (5-word shingles)
F5,template family (shared outline and phrasing),no,42,0.961,agentic-ai-roadmap-2026-from-prompts-to-autonomous-systems,c46cf92e-84d8-4a2a-a1e8-1f7390d268b1,Hugging Face Transformers: A Practical Getting-Started Guide,/blog/hugging-face-transformers-a-practical-getting-started-guide,0.66,DEEP REWRITE,Rewrite in priority order (BLOG_REWRITE_QUEUE.csv). NOINDEX only for members Search Console shows earn nothing (class C) and that are not rewritten.,42 articles on different topics share one body template (mean normalised similarity 0.96).,body text (5-word shingles)
F5,template family (shared outline and phrasing),no,42,0.961,agentic-ai-roadmap-2026-from-prompts-to-autonomous-systems,42609781-0ed4-4d32-ba33-75bb19edaa6e,Knowledge Graphs and RAG: Combining Structure with Search,/blog/knowledge-graphs-and-rag-combining-structure-with-search,0.66,DEEP REWRITE,Rewrite in priority order (BLOG_REWRITE_QUEUE.csv). NOINDEX only for members Search Console shows earn nothing (class C) and that are not rewritten.,42 articles on different topics share one body template (mean normalised similarity 0.96).,body text (5-word shingles)
F5,template family (shared outline and phrasing),no,42,0.961,agentic-ai-roadmap-2026-from-prompts-to-autonomous-systems,9f745723-761c-4d15-a4c9-c633b10ad3c2,LangChain Tutorial: Build Your First LLM App,/blog/langchain-tutorial-build-your-first-llm-app,0.66,DEEP REWRITE,Rewrite in priority order (BLOG_REWRITE_QUEUE.csv). NOINDEX only for members Search Console shows earn nothing (class C) and that are not rewritten.,42 articles on different topics share one body template (mean normalised similarity 0.96).,body text (5-word shingles)
F5,template family (shared outline and phrasing),no,42,0.961,agentic-ai-roadmap-2026-from-prompts-to-autonomous-systems,c2a710dd-db6f-4119-b844-59bd08f77282,LangGraph Tutorial: Building Stateful AI Agents,/blog/langgraph-tutorial-building-stateful-ai-agents,0.66,DEEP REWRITE,Rewrite in priority order (BLOG_REWRITE_QUEUE.csv). NOINDEX only for members Search Console shows earn nothing (class C) and that are not rewritten.,42 articles on different topics share one body template (mean normalised similarity 0.96).,body text (5-word shingles)
F5,template family (shared outline and phrasing),no,42,0.961,agentic-ai-roadmap-2026-from-prompts-to-autonomous-systems,20f9abf2-4641-4a3f-94cf-382079f3bd9c,LoRA and QLoRA: Efficient Fine-Tuning Explained,/blog/lora-and-qlora-efficient-fine-tuning-explained,0.66,DEEP REWRITE,Rewrite in priority order (BLOG_REWRITE_QUEUE.csv). NOINDEX only for members Search Console shows earn nothing (class C) and that are not rewritten.,42 articles on different topics share one body template (mean normalised similarity 0.96).,body text (5-word shingles)
F5,template family (shared outline and phrasing),no,42,0.961,agentic-ai-roadmap-2026-from-prompts-to-autonomous-systems,dc6432a5-729c-4fca-b3ef-149ed2893472,Model Context Protocol (MCP) Explained for Beginners,/blog/model-context-protocol-mcp-explained-for-beginners,0.66,DEEP REWRITE,Rewrite in priority order (BLOG_REWRITE_QUEUE.csv). NOINDEX only for members Search Console shows earn nothing (class C) and that are not rewritten.,42 articles on different topics share one body template (mean normalised similarity 0.96).,body text (5-word shingles)
F5,template family (shared outline and phrasing),no,42,0.961,agentic-ai-roadmap-2026-from-prompts-to-autonomous-systems,4229a041-f228-47e3-b5ce-93e94a4df466,"Multimodal AI: Models That See, Hear and Speak",/blog/multimodal-ai-models-that-see-hear-and-speak,0.66,DEEP REWRITE,Rewrite in priority order (BLOG_REWRITE_QUEUE.csv). NOINDEX only for members Search Console shows earn nothing (class C) and that are not rewritten.,42 articles on different topics share one body template (mean normalised similarity 0.96).,body text (5-word shingles)
F5,template family (shared outline and phrasing),no,42,0.961,agentic-ai-roadmap-2026-from-prompts-to-autonomous-systems,168e48d7-4720-4d3a-81de-3e8e805905fd,Ollama Tutorial: Run LLMs Locally on Your Machine,/blog/ollama-tutorial-run-llms-locally-on-your-machine,0.66,DEEP REWRITE,Rewrite in priority order (BLOG_REWRITE_QUEUE.csv). NOINDEX only for members Search Console shows earn nothing (class C) and that are not rewritten.,42 articles on different topics share one body template (mean normalised similarity 0.96).,body text (5-word shingles)
F5,template family (shared outline and phrasing),no,42,0.961,agentic-ai-roadmap-2026-from-prompts-to-autonomous-systems,24c38835-867c-4ff6-98c5-dd47ba77dcc8,Prompt Engineering: Techniques That Actually Improve Output,/blog/prompt-engineering-techniques-that-actually-improve-output,0.653,DEEP REWRITE,Rewrite in priority order (BLOG_REWRITE_QUEUE.csv). NOINDEX only for members Search Console shows earn nothing (class C) and that are not rewritten.,42 articles on different topics share one body template (mean normalised similarity 0.96).,body text (5-word shingles)
F5,template family (shared outline and phrasing),no,42,0.961,agentic-ai-roadmap-2026-from-prompts-to-autonomous-systems,760a1f1f-962f-4426-a4db-1582af0025f4,Prompt Injection and LLM Security: What You Need to Know,/blog/prompt-injection-and-llm-security-what-you-need-to-know,0.66,DEEP REWRITE,Rewrite in priority order (BLOG_REWRITE_QUEUE.csv). NOINDEX only for members Search Console shows earn nothing (class C) and that are not rewritten.,42 articles on different topics share one body template (mean normalised similarity 0.96).,body text (5-word shingles)
F5,template family (shared outline and phrasing),no,42,0.961,agentic-ai-roadmap-2026-from-prompts-to-autonomous-systems,5130f2dc-04fe-4df6-9d5c-db309461c983,Prompt Templates and Versioning: Managing Prompts at Scale,/blog/prompt-templates-and-versioning-managing-prompts-at-scale,0.66,DEEP REWRITE,Rewrite in priority order (BLOG_REWRITE_QUEUE.csv). NOINDEX only for members Search Console shows earn nothing (class C) and that are not rewritten.,42 articles on different topics share one body template (mean normalised similarity 0.96).,body text (5-word shingles)
F5,template family (shared outline and phrasing),no,42,0.961,agentic-ai-roadmap-2026-from-prompts-to-autonomous-systems,7c809a1c-1807-44a9-9e31-cadcefc8342b,RAG Architecture Explained: Retrieval-Augmented Generation,/blog/rag-architecture-explained-retrieval-augmented-generation,0.66,DEEP REWRITE,Rewrite in priority order (BLOG_REWRITE_QUEUE.csv). NOINDEX only for members Search Console shows earn nothing (class C) and that are not rewritten.,42 articles on different topics share one body template (mean normalised similarity 0.96).,body text (5-word shingles)
F5,template family (shared outline and phrasing),no,42,0.961,agentic-ai-roadmap-2026-from-prompts-to-autonomous-systems,4593aa92-6902-4d4a-aed6-443838ad5b01,Retrieval Evaluation: Measuring RAG Quality,/blog/retrieval-evaluation-measuring-rag-quality,0.66,DEEP REWRITE,Rewrite in priority order (BLOG_REWRITE_QUEUE.csv). NOINDEX only for members Search Console shows earn nothing (class C) and that are not rewritten.,42 articles on different topics share one body template (mean normalised similarity 0.96).,body text (5-word shingles)
F5,template family (shared outline and phrasing),no,42,0.961,agentic-ai-roadmap-2026-from-prompts-to-autonomous-systems,e3689580-16df-46ba-91f5-4bb6fdf25da5,Speech-to-Text and Text-to-Speech with Modern AI,/blog/speech-to-text-and-text-to-speech-with-modern-ai,0.66,DEEP REWRITE,Rewrite in priority order (BLOG_REWRITE_QUEUE.csv). NOINDEX only for members Search Console shows earn nothing (class C) and that are not rewritten.,42 articles on different topics share one body template (mean normalised similarity 0.96).,body text (5-word shingles)
F5,template family (shared outline and phrasing),no,42,0.961,agentic-ai-roadmap-2026-from-prompts-to-autonomous-systems,18c24a13-bca9-454e-ae35-d9792cff2e40,Synthetic Data Generation with LLMs: A Practical Guide,/blog/synthetic-data-generation-with-llms-a-practical-guide,0.66,DEEP REWRITE,Rewrite in priority order (BLOG_REWRITE_QUEUE.csv). NOINDEX only for members Search Console shows earn nothing (class C) and that are not rewritten.,42 articles on different topics share one body template (mean normalised similarity 0.96).,body text (5-word shingles)
F5,template family (shared outline and phrasing),no,42,0.961,agentic-ai-roadmap-2026-from-prompts-to-autonomous-systems,e674e833-75fd-4a74-9f3a-1cd17454afce,Tokenization in LLMs: Why It Matters More Than You Think,/blog/tokenization-in-llms-why-it-matters-more-than-you-think,0.66,DEEP REWRITE,Rewrite in priority order (BLOG_REWRITE_QUEUE.csv). NOINDEX only for members Search Console shows earn nothing (class C) and that are not rewritten.,42 articles on different topics share one body template (mean normalised similarity 0.96).,body text (5-word shingles)
F5,template family (shared outline and phrasing),no,42,0.961,agentic-ai-roadmap-2026-from-prompts-to-autonomous-systems,539d8b10-b2b4-4f45-921c-df1bca3a0737,Top Generative AI Projects to Build for Your Portfolio,/blog/top-generative-ai-projects-to-build-for-your-portfolio,0.512,DEEP REWRITE,Rewrite in priority order (BLOG_REWRITE_QUEUE.csv). NOINDEX only for members Search Console shows earn nothing (class C) and that are not rewritten.,42 articles on different topics share one body template (mean normalised similarity 0.96).,body text (5-word shingles)
F5,template family (shared outline and phrasing),no,42,0.961,agentic-ai-roadmap-2026-from-prompts-to-autonomous-systems,eff04529-9a02-4bf9-9563-a4af242cf1ed,Top Generative AI Tools Every Developer Should Know in 2026,/blog/top-generative-ai-tools-every-developer-should-know-in-2026,0.66,DEEP REWRITE,Rewrite in priority order (BLOG_REWRITE_QUEUE.csv). NOINDEX only for members Search Console shows earn nothing (class C) and that are not rewritten.,42 articles on different topics share one body template (mean normalised similarity 0.96).,body text (5-word shingles)
F5,template family (shared outline and phrasing),no,42,0.961,agentic-ai-roadmap-2026-from-prompts-to-autonomous-systems,3674820c-7224-4543-8958-ca92108595d1,"Vector Databases Explained: Pinecone, FAISS and ChromaDB",/blog/vector-databases-explained-pinecone-faiss-and-chromadb,0.66,DEEP REWRITE,Rewrite in priority order (BLOG_REWRITE_QUEUE.csv). NOINDEX only for members Search Console shows earn nothing (class C) and that are not rewritten.,42 articles on different topics share one body template (mean normalised similarity 0.96).,body text (5-word shingles)
F5,template family (shared outline and phrasing),no,42,0.961,agentic-ai-roadmap-2026-from-prompts-to-autonomous-systems,94cd98f5-f32b-456a-bf7b-934283d95244,vLLM and Model Serving: Scaling LLM Inference,/blog/vllm-and-model-serving-scaling-llm-inference,0.66,DEEP REWRITE,Rewrite in priority order (BLOG_REWRITE_QUEUE.csv). NOINDEX only for members Search Console shows earn nothing (class C) and that are not rewritten.,42 articles on different topics share one body template (mean normalised similarity 0.96).,body text (5-word shingles)
F6,template family (shared outline and phrasing),no,42,0.945,power-bi-service-publishing-sharing-and-workspaces,0c26d3c0-9b76-4a0e-a340-9ae33bcd5c90,"Power BI Service: Publishing, Sharing and Workspaces",/blog/power-bi-service-publishing-sharing-and-workspaces,1,DEEP REWRITE,Rewrite in priority order (BLOG_REWRITE_QUEUE.csv). NOINDEX only for members Search Console shows earn nothing (class C) and that are not rewritten.,42 articles on different topics share one body template (mean normalised similarity 0.94).,body text (5-word shingles)
F6,template family (shared outline and phrasing),no,42,0.945,power-bi-service-publishing-sharing-and-workspaces,b8a06ca4-3c07-41f7-8831-84770192c8a5,Aggregations in Power BI for Large Datasets,/blog/aggregations-in-power-bi-for-large-datasets,0.966,DEEP REWRITE,Rewrite in priority order (BLOG_REWRITE_QUEUE.csv). NOINDEX only for members Search Console shows earn nothing (class C) and that are not rewritten.,42 articles on different topics share one body template (mean normalised similarity 0.94).,body text (5-word shingles)
F6,template family (shared outline and phrasing),no,42,0.945,power-bi-service-publishing-sharing-and-workspaces,4cff8509-27d3-4b2d-8500-d9bbefc533f5,Building a Finance Dashboard in Power BI,/blog/building-a-finance-dashboard-in-power-bi,0.966,DEEP REWRITE,Rewrite in priority order (BLOG_REWRITE_QUEUE.csv). NOINDEX only for members Search Console shows earn nothing (class C) and that are not rewritten.,42 articles on different topics share one body template (mean normalised similarity 0.94).,body text (5-word shingles)
F6,template family (shared outline and phrasing),no,42,0.945,power-bi-service-publishing-sharing-and-workspaces,1374c6dd-cd6b-4660-8d76-92f3e900d789,Building a Sales Dashboard in Power BI from Scratch,/blog/building-a-sales-dashboard-in-power-bi-from-scratch,0.966,DEEP REWRITE,Rewrite in priority order (BLOG_REWRITE_QUEUE.csv). NOINDEX only for members Search Console shows earn nothing (class C) and that are not rewritten.,42 articles on different topics share one body template (mean normalised similarity 0.94).,body text (5-word shingles)
F6,template family (shared outline and phrasing),no,42,0.945,power-bi-service-publishing-sharing-and-workspaces,23002c6f-88d5-4779-934c-64676037456e,Calculation Groups in Power BI Explained,/blog/calculation-groups-in-power-bi-explained,0.966,DEEP REWRITE,Rewrite in priority order (BLOG_REWRITE_QUEUE.csv). NOINDEX only for members Search Console shows earn nothing (class C) and that are not rewritten.,42 articles on different topics share one body template (mean normalised similarity 0.94).,body text (5-word shingles)
F6,template family (shared outline and phrasing),no,42,0.945,power-bi-service-publishing-sharing-and-workspaces,7f60b454-7361-470e-9e66-127ac4bd3e48,Composite Models and DirectQuery in Power BI,/blog/composite-models-and-directquery-in-power-bi,0.966,DEEP REWRITE,Rewrite in priority order (BLOG_REWRITE_QUEUE.csv). NOINDEX only for members Search Console shows earn nothing (class C) and that are not rewritten.,42 articles on different topics share one body template (mean normalised similarity 0.94).,body text (5-word shingles)
F6,template family (shared outline and phrasing),no,42,0.945,power-bi-service-publishing-sharing-and-workspaces,d042f0d8-e450-4cee-81dd-4fd59e8ae8dd,Conditional Formatting in Power BI: A Practical Guide,/blog/conditional-formatting-in-power-bi-a-practical-guide,0.966,DEEP REWRITE,Rewrite in priority order (BLOG_REWRITE_QUEUE.csv). NOINDEX only for members Search Console shows earn nothing (class C) and that are not rewritten.,42 articles on different topics share one body template (mean normalised similarity 0.94).,body text (5-word shingles)
F6,template family (shared outline and phrasing),no,42,0.945,power-bi-service-publishing-sharing-and-workspaces,244a4994-e18b-4bfa-a7c8-0b43a9d6cd45,Connecting Power BI to SQL Server: A Step-by-Step Guide,/blog/connecting-power-bi-to-sql-server-a-step-by-step-guide,0.966,DEEP REWRITE,Rewrite in priority order (BLOG_REWRITE_QUEUE.csv). NOINDEX only for members Search Console shows earn nothing (class C) and that are not rewritten.,42 articles on different topics share one body template (mean normalised similarity 0.94).,body text (5-word shingles)
F6,template family (shared outline and phrasing),no,42,0.945,power-bi-service-publishing-sharing-and-workspaces,f4b752a8-5ff2-4f18-a4c4-a5703e82cbc9,Data Modeling in Power BI: Star Schema Explained,/blog/data-modeling-in-power-bi-star-schema-explained,0.966,DEEP REWRITE,Rewrite in priority order (BLOG_REWRITE_QUEUE.csv). NOINDEX only for members Search Console shows earn nothing (class C) and that are not rewritten.,42 articles on different topics share one body template (mean normalised similarity 0.94).,body text (5-word shingles)
F6,template family (shared outline and phrasing),no,42,0.945,power-bi-service-publishing-sharing-and-workspaces,0ea1d927-f54c-4c5a-810d-8432c826232c,DAX CALCULATE Function Explained Step by Step,/blog/dax-calculate-function-explained-step-by-step,0.966,DEEP REWRITE,Rewrite in priority order (BLOG_REWRITE_QUEUE.csv). NOINDEX only for members Search Console shows earn nothing (class C) and that are not rewritten.,42 articles on different topics share one body template (mean normalised similarity 0.94).,body text (5-word shingles)
F6,template family (shared outline and phrasing),no,42,0.945,power-bi-service-publishing-sharing-and-workspaces,d0bbea83-5fe6-40ee-9171-20603222bb8d,DAX FILTER and ALL Functions Explained,/blog/dax-filter-and-all-functions-explained,0.966,DEEP REWRITE,Rewrite in priority order (BLOG_REWRITE_QUEUE.csv). NOINDEX only for members Search Console shows earn nothing (class C) and that are not rewritten.,42 articles on different topics share one body template (mean normalised similarity 0.94).,body text (5-word shingles)
F6,template family (shared outline and phrasing),no,42,0.945,power-bi-service-publishing-sharing-and-workspaces,75fdbf2d-cb26-4b83-adeb-5af50745506c,"DAX Guide: Measures, Calculated Columns and Context",/blog/dax-guide-measures-calculated-columns-and-context,0.966,DEEP REWRITE,Rewrite in priority order (BLOG_REWRITE_QUEUE.csv). NOINDEX only for members Search Console shows earn nothing (class C) and that are not rewritten.,42 articles on different topics share one body template (mean normalised similarity 0.94).,body text (5-word shingles)
F6,template family (shared outline and phrasing),no,42,0.945,power-bi-service-publishing-sharing-and-workspaces,db641a82-4ef3-4c50-9e72-43cdf446170e,"DAX Variables: Writing Cleaner, Faster Measures",/blog/dax-variables-writing-cleaner-faster-measures,0.966,DEEP REWRITE,Rewrite in priority order (BLOG_REWRITE_QUEUE.csv). NOINDEX only for members Search Console shows earn nothing (class C) and that are not rewritten.,42 articles on different topics share one body template (mean normalised similarity 0.94).,body text (5-word shingles)
F6,template family (shared outline and phrasing),no,42,0.945,power-bi-service-publishing-sharing-and-workspaces,fca531a3-6371-45e7-befe-406c31611d94,From Power BI Beginner to Developer: A Career Roadmap,/blog/from-power-bi-beginner-to-developer-a-career-roadmap,0.632,DEEP REWRITE,Rewrite in priority order (BLOG_REWRITE_QUEUE.csv). NOINDEX only for members Search Console shows earn nothing (class C) and that are not rewritten.,42 articles on different topics share one body template (mean normalised similarity 0.94).,body text (5-word shingles)
F6,template family (shared outline and phrasing),no,42,0.945,power-bi-service-publishing-sharing-and-workspaces,fe96ca4c-293e-4203-8159-47f6fcc7fb34,Handling Many-to-Many Relationships in Power BI,/blog/handling-many-to-many-relationships-in-power-bi,0.966,DEEP REWRITE,Rewrite in priority order (BLOG_REWRITE_QUEUE.csv). NOINDEX only for members Search Console shows earn nothing (class C) and that are not rewritten.,42 articles on different topics share one body template (mean normalised similarity 0.94).,body text (5-word shingles)
F6,template family (shared outline and phrasing),no,42,0.945,power-bi-service-publishing-sharing-and-workspaces,9bd7b9be-7935-4a63-8c48-c02ccdcb4f74,How to Learn Power BI in 30 Days: A Study Plan,/blog/how-to-learn-power-bi-in-30-days-a-study-plan,0.966,DEEP REWRITE,Rewrite in priority order (BLOG_REWRITE_QUEUE.csv). NOINDEX only for members Search Console shows earn nothing (class C) and that are not rewritten.,42 articles on different topics share one body template (mean normalised similarity 0.94).,body text (5-word shingles)
F6,template family (shared outline and phrasing),no,42,0.945,power-bi-service-publishing-sharing-and-workspaces,20b6b032-57ba-4d74-8e29-d935a28ce978,KPIs and Cards in Power BI: Designing Scorecards,/blog/kpis-and-cards-in-power-bi-designing-scorecards,0.966,DEEP REWRITE,Rewrite in priority order (BLOG_REWRITE_QUEUE.csv). NOINDEX only for members Search Console shows earn nothing (class C) and that are not rewritten.,42 articles on different topics share one body template (mean normalised similarity 0.94).,body text (5-word shingles)
F6,template family (shared outline and phrasing),no,42,0.945,power-bi-service-publishing-sharing-and-workspaces,ac54a57b-a101-4b02-8314-b6b60720ed14,Power BI Bookmarks and Buttons for Interactivity,/blog/power-bi-bookmarks-and-buttons-for-interactivity,0.966,DEEP REWRITE,Rewrite in priority order (BLOG_REWRITE_QUEUE.csv). NOINDEX only for members Search Console shows earn nothing (class C) and that are not rewritten.,42 articles on different topics share one body template (mean normalised similarity 0.94).,body text (5-word shingles)
F6,template family (shared outline and phrasing),no,42,0.945,power-bi-service-publishing-sharing-and-workspaces,e0e64b5f-c271-48d6-afe9-c96d8bd65973,Power BI Custom Visuals: When and How to Use Them,/blog/power-bi-custom-visuals-when-and-how-to-use-them,0.966,DEEP REWRITE,Rewrite in priority order (BLOG_REWRITE_QUEUE.csv). NOINDEX only for members Search Console shows earn nothing (class C) and that are not rewritten.,42 articles on different topics share one body template (mean normalised similarity 0.94).,body text (5-word shingles)
F6,template family (shared outline and phrasing),no,42,0.945,power-bi-service-publishing-sharing-and-workspaces,74411ff7-3d1d-4954-a8db-edd0939d1897,Power BI Dashboard Design: A Practical Guide,/blog/power-bi-dashboard-design-a-practical-guide,0.966,DEEP REWRITE,Rewrite in priority order (BLOG_REWRITE_QUEUE.csv). NOINDEX only for members Search Console shows earn nothing (class C) and that are not rewritten.,42 articles on different topics share one body template (mean normalised similarity 0.94).,body text (5-word shingles)
F6,template family (shared outline and phrasing),no,42,0.945,power-bi-service-publishing-sharing-and-workspaces,8e7454d8-8501-4013-a662-1718d8ebbaf1,Power BI Data Refresh: Scheduled and Incremental,/blog/power-bi-data-refresh-scheduled-and-incremental,0.966,DEEP REWRITE,Rewrite in priority order (BLOG_REWRITE_QUEUE.csv). NOINDEX only for members Search Console shows earn nothing (class C) and that are not rewritten.,42 articles on different topics share one body template (mean normalised similarity 0.94).,body text (5-word shingles)
F6,template family (shared outline and phrasing),no,42,0.945,power-bi-service-publishing-sharing-and-workspaces,0dcbe8b7-c8b7-47aa-a914-f5af1eaad0f1,Power BI Dataflows Explained for Beginners,/blog/power-bi-dataflows-explained-for-beginners,0.966,DEEP REWRITE,Rewrite in priority order (BLOG_REWRITE_QUEUE.csv). NOINDEX only for members Search Console shows earn nothing (class C) and that are not rewritten.,42 articles on different topics share one body template (mean normalised similarity 0.94).,body text (5-word shingles)
F6,template family (shared outline and phrasing),no,42,0.945,power-bi-service-publishing-sharing-and-workspaces,111b5beb-348f-4c0c-855e-babf6f9c3bdf,Power BI Deployment Pipelines for Teams,/blog/power-bi-deployment-pipelines-for-teams,0.966,DEEP REWRITE,Rewrite in priority order (BLOG_REWRITE_QUEUE.csv). NOINDEX only for members Search Console shows earn nothing (class C) and that are not rewritten.,42 articles on different topics share one body template (mean normalised similarity 0.94).,body text (5-word shingles)
F6,template family (shared outline and phrasing),no,42,0.945,power-bi-service-publishing-sharing-and-workspaces,15d93744-8e75-4237-a606-1f53fd2c194c,Power BI Drillthrough and Drilldown Explained,/blog/power-bi-drillthrough-and-drilldown-explained,0.966,DEEP REWRITE,Rewrite in priority order (BLOG_REWRITE_QUEUE.csv). NOINDEX only for members Search Console shows earn nothing (class C) and that are not rewritten.,42 articles on different topics share one body template (mean normalised similarity 0.94).,body text (5-word shingles)
F6,template family (shared outline and phrasing),no,42,0.945,power-bi-service-publishing-sharing-and-workspaces,980ae5a5-0aff-4e88-b07b-af02384614dd,Power BI Error Handling in Power Query,/blog/power-bi-error-handling-in-power-query,0.966,DEEP REWRITE,Rewrite in priority order (BLOG_REWRITE_QUEUE.csv). NOINDEX only for members Search Console shows earn nothing (class C) and that are not rewritten.,42 articles on different topics share one body template (mean normalised similarity 0.94).,body text (5-word shingles)
F6,template family (shared outline and phrasing),no,42,0.945,power-bi-service-publishing-sharing-and-workspaces,efe1b233-e84a-4fd4-bbba-a98585087b2e,Power BI Field Parameters: Dynamic Reports Made Easy,/blog/power-bi-field-parameters-dynamic-reports-made-easy,0.966,DEEP REWRITE,Rewrite in priority order (BLOG_REWRITE_QUEUE.csv). NOINDEX only for members Search Console shows earn nothing (class C) and that are not rewritten.,42 articles on different topics share one body template (mean normalised similarity 0.94).,body text (5-word shingles)
F6,template family (shared outline and phrasing),no,42,0.945,power-bi-service-publishing-sharing-and-workspaces,46d452e0-4b9f-4898-8b6a-ebfc87600bbf,"Power BI Filters: Visual, Page and Report Level",/blog/power-bi-filters-visual-page-and-report-level,0.966,DEEP REWRITE,Rewrite in priority order (BLOG_REWRITE_QUEUE.csv). NOINDEX only for members Search Console shows earn nothing (class C) and that are not rewritten.,42 articles on different topics share one body template (mean normalised similarity 0.94).,body text (5-word shingles)
F6,template family (shared outline and phrasing),no,42,0.945,power-bi-service-publishing-sharing-and-workspaces,415eef9e-07f1-4e59-98d2-27e293d379d7,Power BI for Beginners: Your First Report in 1 Hour,/blog/power-bi-for-beginners-your-first-report-in-1-hour,0.966,DEEP REWRITE,Rewrite in priority order (BLOG_REWRITE_QUEUE.csv). NOINDEX only for members Search Console shows earn nothing (class C) and that are not rewritten.,42 articles on different topics share one body template (mean normalised similarity 0.94).,body text (5-word shingles)
F6,template family (shared outline and phrasing),no,42,0.945,power-bi-service-publishing-sharing-and-workspaces,dbb2d267-a1da-4c56-b8ed-5b4696787778,Power BI Gateway Explained: Connecting On-Prem Data,/blog/power-bi-gateway-explained-connecting-on-prem-data,0.966,DEEP REWRITE,Rewrite in priority order (BLOG_REWRITE_QUEUE.csv). NOINDEX only for members Search Console shows earn nothing (class C) and that are not rewritten.,42 articles on different topics share one body template (mean normalised similarity 0.94).,body text (5-word shingles)
F6,template family (shared outline and phrasing),no,42,0.945,power-bi-service-publishing-sharing-and-workspaces,3ec9d7e8-7a28-4e59-a1e0-230b5f14d01a,Power BI Mobile: Designing Reports for Phones,/blog/power-bi-mobile-designing-reports-for-phones,0.966,DEEP REWRITE,Rewrite in priority order (BLOG_REWRITE_QUEUE.csv). NOINDEX only for members Search Console shows earn nothing (class C) and that are not rewritten.,42 articles on different topics share one body template (mean normalised similarity 0.94).,body text (5-word shingles)
F6,template family (shared outline and phrasing),no,42,0.945,power-bi-service-publishing-sharing-and-workspaces,b86793f4-f74f-4082-9c49-12b139c1722c,Power BI Performance Tuning: Make Reports Faster,/blog/power-bi-performance-tuning-make-reports-faster,0.966,DEEP REWRITE,Rewrite in priority order (BLOG_REWRITE_QUEUE.csv). NOINDEX only for members Search Console shows earn nothing (class C) and that are not rewritten.,42 articles on different topics share one body template (mean normalised similarity 0.94).,body text (5-word shingles)
F6,template family (shared outline and phrasing),no,42,0.945,power-bi-service-publishing-sharing-and-workspaces,e945f187-a5cc-4167-942d-b0b3c77adfa8,Power BI Projects to Build for Your Portfolio,/blog/power-bi-projects-to-build-for-your-portfolio,0.506,DEEP REWRITE,Rewrite in priority order (BLOG_REWRITE_QUEUE.csv). NOINDEX only for members Search Console shows earn nothing (class C) and that are not rewritten.,42 articles on different topics share one body template (mean normalised similarity 0.94).,body text (5-word shingles)
F6,template family (shared outline and phrasing),no,42,0.945,power-bi-service-publishing-sharing-and-workspaces,352998fc-5836-45c1-8d93-4d991cbe236a,Power BI Relationships: One-to-Many and Cardinality,/blog/power-bi-relationships-one-to-many-and-cardinality,0.966,DEEP REWRITE,Rewrite in priority order (BLOG_REWRITE_QUEUE.csv). NOINDEX only for members Search Console shows earn nothing (class C) and that are not rewritten.,42 articles on different topics share one body template (mean normalised similarity 0.94).,body text (5-word shingles)
F6,template family (shared outline and phrasing),no,42,0.945,power-bi-service-publishing-sharing-and-workspaces,3853b6b3-ba0e-47b1-954f-99318e3d6e7c,Power BI Roadmap 2026: From Beginner to Job-Ready,/blog/power-bi-roadmap-2026-from-beginner-to-job-ready,0.632,DEEP REWRITE,Rewrite in priority order (BLOG_REWRITE_QUEUE.csv). NOINDEX only for members Search Console shows earn nothing (class C) and that are not rewritten.,42 articles on different topics share one body template (mean normalised similarity 0.94).,body text (5-word shingles)
F6,template family (shared outline and phrasing),no,42,0.945,power-bi-service-publishing-sharing-and-workspaces,3a561532-b7ef-484f-b1b4-7e18da800aa3,"Power BI Slicers: Sync, Hierarchies and Best Practices",/blog/power-bi-slicers-sync-hierarchies-and-best-practices,0.966,DEEP REWRITE,Rewrite in priority order (BLOG_REWRITE_QUEUE.csv). NOINDEX only for members Search Console shows earn nothing (class C) and that are not rewritten.,42 articles on different topics share one body template (mean normalised similarity 0.94).,body text (5-word shingles)
F6,template family (shared outline and phrasing),no,42,0.945,power-bi-service-publishing-sharing-and-workspaces,1096e715-f3bf-433e-877f-a7bfeee37a05,Power BI Themes and Branding for Professional Reports,/blog/power-bi-themes-and-branding-for-professional-reports,0.966,DEEP REWRITE,Rewrite in priority order (BLOG_REWRITE_QUEUE.csv). NOINDEX only for members Search Console shows earn nothing (class C) and that are not rewritten.,42 articles on different topics share one body template (mean normalised similarity 0.94).,body text (5-word shingles)
F6,template family (shared outline and phrasing),no,42,0.945,power-bi-service-publishing-sharing-and-workspaces,b9e42ce4-452d-4307-9811-0f458d861066,Power BI Tooltips: Adding Context to Visuals,/blog/power-bi-tooltips-adding-context-to-visuals,0.966,DEEP REWRITE,Rewrite in priority order (BLOG_REWRITE_QUEUE.csv). NOINDEX only for members Search Console shows earn nothing (class C) and that are not rewritten.,42 articles on different topics share one body template (mean normalised similarity 0.94).,body text (5-word shingles)
F6,template family (shared outline and phrasing),no,42,0.945,power-bi-service-publishing-sharing-and-workspaces,7d9fd8dc-46d8-4489-9e43-95e2b11d277f,Power Query M Language Basics for Beginners,/blog/power-query-m-language-basics-for-beginners,0.966,DEEP REWRITE,Rewrite in priority order (BLOG_REWRITE_QUEUE.csv). NOINDEX only for members Search Console shows earn nothing (class C) and that are not rewritten.,42 articles on different topics share one body template (mean normalised similarity 0.94).,body text (5-word shingles)
F6,template family (shared outline and phrasing),no,42,0.945,power-bi-service-publishing-sharing-and-workspaces,18829db1-a7d4-4951-ad0d-fdc622e4d4c8,Power Query Tutorial: Transforming Data Without Code,/blog/power-query-tutorial-transforming-data-without-code,0.966,DEEP REWRITE,Rewrite in priority order (BLOG_REWRITE_QUEUE.csv). NOINDEX only for members Search Console shows earn nothing (class C) and that are not rewritten.,42 articles on different topics share one body template (mean normalised similarity 0.94).,body text (5-word shingles)
F6,template family (shared outline and phrasing),no,42,0.945,power-bi-service-publishing-sharing-and-workspaces,6cc86ea3-a38c-4938-b30a-43704261d261,Row-Level Security (RLS) in Power BI: A Complete Guide,/blog/row-level-security-rls-in-power-bi-a-complete-guide,0.966,DEEP REWRITE,Rewrite in priority order (BLOG_REWRITE_QUEUE.csv). NOINDEX only for members Search Console shows earn nothing (class C) and that are not rewritten.,42 articles on different topics share one body template (mean normalised similarity 0.94).,body text (5-word shingles)
F6,template family (shared outline and phrasing),no,42,0.945,power-bi-service-publishing-sharing-and-workspaces,ff266896-33c3-43d0-97d8-8fc1c048f946,"Time Intelligence in DAX: YTD, MTD and Comparisons",/blog/time-intelligence-in-dax-ytd-mtd-and-comparisons,0.966,DEEP REWRITE,Rewrite in priority order (BLOG_REWRITE_QUEUE.csv). NOINDEX only for members Search Console shows earn nothing (class C) and that are not rewritten.,42 articles on different topics share one body template (mean normalised similarity 0.94).,body text (5-word shingles)
F6,template family (shared outline and phrasing),no,42,0.945,power-bi-service-publishing-sharing-and-workspaces,8918d340-828d-4091-b261-ad1cf334074e,Top 20 DAX Functions Every Analyst Should Know,/blog/top-20-dax-functions-every-analyst-should-know,0.966,DEEP REWRITE,Rewrite in priority order (BLOG_REWRITE_QUEUE.csv). NOINDEX only for members Search Console shows earn nothing (class C) and that are not rewritten.,42 articles on different topics share one body template (mean normalised similarity 0.94).,body text (5-word shingles)
F7,template family (shared outline and phrasing),no,49,0.996,docker-and-kubernetes-interview-questions-for-ml,09f2a01c-0f55-4a77-987b-ee0eb6fbaece,Docker and Kubernetes Interview Questions for ML,/blog/docker-and-kubernetes-interview-questions-for-ml,1,DEEP REWRITE,Rewrite in priority order (BLOG_REWRITE_QUEUE.csv). NOINDEX only for members Search Console shows earn nothing (class C) and that are not rewritten.,49 articles on different topics share one body template (mean normalised similarity 1.00).,body text (5-word shingles)
F7,template family (shared outline and phrasing),no,49,0.996,docker-and-kubernetes-interview-questions-for-ml,2e06b1e7-1562-4bb8-8eb5-56f7aba5c4a9,Airflow Interview Questions for Data Engineers,/blog/airflow-interview-questions-for-data-engineers,0.995,DEEP REWRITE,Rewrite in priority order (BLOG_REWRITE_QUEUE.csv). NOINDEX only for members Search Console shows earn nothing (class C) and that are not rewritten.,49 articles on different topics share one body template (mean normalised similarity 1.00).,body text (5-word shingles)
F7,template family (shared outline and phrasing),no,49,0.996,docker-and-kubernetes-interview-questions-for-ml,91ec07f1-35b5-4283-985c-68c07bbdbad1,Apache Spark Interview Questions and Answers,/blog/apache-spark-interview-questions-and-answers,0.995,DEEP REWRITE,Rewrite in priority order (BLOG_REWRITE_QUEUE.csv). NOINDEX only for members Search Console shows earn nothing (class C) and that are not rewritten.,49 articles on different topics share one body template (mean normalised similarity 1.00).,body text (5-word shingles)
F7,template family (shared outline and phrasing),no,49,0.996,docker-and-kubernetes-interview-questions-for-ml,fb36b6b8-8d57-43ad-a1c6-1961da1d47d3,AWS Interview Questions for Data Engineers,/blog/aws-interview-questions-for-data-engineers,0.995,DEEP REWRITE,Rewrite in priority order (BLOG_REWRITE_QUEUE.csv). NOINDEX only for members Search Console shows earn nothing (class C) and that are not rewritten.,49 articles on different topics share one body template (mean normalised similarity 1.00).,body text (5-word shingles)
F7,template family (shared outline and phrasing),no,49,0.996,docker-and-kubernetes-interview-questions-for-ml,e96ec2d8-45ed-48de-b9ea-ffd1e5e1c3fd,Azure Data Factory (ADF) Interview Questions,/blog/azure-data-factory-adf-interview-questions,0.998,DEEP REWRITE,Rewrite in priority order (BLOG_REWRITE_QUEUE.csv). NOINDEX only for members Search Console shows earn nothing (class C) and that are not rewritten.,49 articles on different topics share one body template (mean normalised similarity 1.00).,body text (5-word shingles)
F7,template family (shared outline and phrasing),no,49,0.996,docker-and-kubernetes-interview-questions-for-ml,72c3f650-0df8-4772-bd7f-f750cdab4341,Azure Interview Questions for Data Engineers,/blog/azure-interview-questions-for-data-engineers,0.995,DEEP REWRITE,Rewrite in priority order (BLOG_REWRITE_QUEUE.csv). NOINDEX only for members Search Console shows earn nothing (class C) and that are not rewritten.,49 articles on different topics share one body template (mean normalised similarity 1.00).,body text (5-word shingles)
F7,template family (shared outline and phrasing),no,49,0.996,docker-and-kubernetes-interview-questions-for-ml,33b74348-521e-4edd-8dd4-a36b7b482ae2,Behavioral Interview Questions for Data Roles,/blog/behavioral-interview-questions-for-data-roles,0.995,DEEP REWRITE,Rewrite in priority order (BLOG_REWRITE_QUEUE.csv). NOINDEX only for members Search Console shows earn nothing (class C) and that are not rewritten.,49 articles on different topics share one body template (mean normalised similarity 1.00).,body text (5-word shingles)
F7,template family (shared outline and phrasing),no,49,0.996,docker-and-kubernetes-interview-questions-for-ml,2ea9a851-4aa0-4556-98b2-7fde44c6c725,BigQuery Interview Questions and Answers,/blog/bigquery-interview-questions-and-answers,0.995,DEEP REWRITE,Rewrite in priority order (BLOG_REWRITE_QUEUE.csv). NOINDEX only for members Search Console shows earn nothing (class C) and that are not rewritten.,49 articles on different topics share one body template (mean normalised similarity 1.00).,body text (5-word shingles)
F7,template family (shared outline and phrasing),no,49,0.996,docker-and-kubernetes-interview-questions-for-ml,f969569b-56de-47e2-8a5f-d3f4da8de529,Computer Vision Interview Questions and Answers,/blog/computer-vision-interview-questions-and-answers,0.995,DEEP REWRITE,Rewrite in priority order (BLOG_REWRITE_QUEUE.csv). NOINDEX only for members Search Console shows earn nothing (class C) and that are not rewritten.,49 articles on different topics share one body template (mean normalised similarity 1.00).,body text (5-word shingles)
F7,template family (shared outline and phrasing),no,49,0.996,docker-and-kubernetes-interview-questions-for-ml,28258a22-d9d9-4d6a-8268-84a950122a18,Data Analyst Interview Questions and Answers,/blog/data-analyst-interview-questions-and-answers,0.995,DEEP REWRITE,Rewrite in priority order (BLOG_REWRITE_QUEUE.csv). NOINDEX only for members Search Console shows earn nothing (class C) and that are not rewritten.,49 articles on different topics share one body template (mean normalised similarity 1.00).,body text (5-word shingles)
F7,template family (shared outline and phrasing),no,49,0.996,docker-and-kubernetes-interview-questions-for-ml,d378de89-5a04-49e3-beb5-faca70d91481,Data Engineering Interview Questions and Answers,/blog/data-engineering-interview-questions-and-answers,0.995,DEEP REWRITE,Rewrite in priority order (BLOG_REWRITE_QUEUE.csv). NOINDEX only for members Search Console shows earn nothing (class C) and that are not rewritten.,49 articles on different topics share one body template (mean normalised similarity 1.00).,body text (5-word shingles)
F7,template family (shared outline and phrasing),no,49,0.996,docker-and-kubernetes-interview-questions-for-ml,3538b8fb-f0ce-4f9b-9dae-4eb95b41e7f5,Data Modeling Interview Questions Explained,/blog/data-modeling-interview-questions-explained,0.995,DEEP REWRITE,Rewrite in priority order (BLOG_REWRITE_QUEUE.csv). NOINDEX only for members Search Console shows earn nothing (class C) and that are not rewritten.,49 articles on different topics share one body template (mean normalised similarity 1.00).,body text (5-word shingles)
F7,template family (shared outline and phrasing),no,49,0.996,docker-and-kubernetes-interview-questions-for-ml,ceeedef7-eee6-4812-82fd-9d0980553063,Data Science Interview Questions and Answers 2026,/blog/data-science-interview-questions-and-answers-2026,0.995,DEEP REWRITE,Rewrite in priority order (BLOG_REWRITE_QUEUE.csv). NOINDEX only for members Search Console shows earn nothing (class C) and that are not rewritten.,49 articles on different topics share one body template (mean normalised similarity 1.00).,body text (5-word shingles)
F7,template family (shared outline and phrasing),no,49,0.996,docker-and-kubernetes-interview-questions-for-ml,d65f1972-854c-4a7e-a393-f8b21f2d4301,Data Warehouse Interview Questions and Answers,/blog/data-warehouse-interview-questions-and-answers,0.995,DEEP REWRITE,Rewrite in priority order (BLOG_REWRITE_QUEUE.csv). NOINDEX only for members Search Console shows earn nothing (class C) and that are not rewritten.,49 articles on different topics share one body template (mean normalised similarity 1.00).,body text (5-word shingles)
F7,template family (shared outline and phrasing),no,49,0.996,docker-and-kubernetes-interview-questions-for-ml,693e2cc1-4c16-495a-bd09-3dcb072bf57b,Databricks Interview Questions and Answers,/blog/databricks-interview-questions-and-answers,0.995,DEEP REWRITE,Rewrite in priority order (BLOG_REWRITE_QUEUE.csv). NOINDEX only for members Search Console shows earn nothing (class C) and that are not rewritten.,49 articles on different topics share one body template (mean normalised similarity 1.00).,body text (5-word shingles)
F7,template family (shared outline and phrasing),no,49,0.996,docker-and-kubernetes-interview-questions-for-ml,d4b16ad8-8e08-4516-b3be-31e343134910,DAX Interview Questions for Power BI Developers,/blog/dax-interview-questions-for-power-bi-developers,0.995,DEEP REWRITE,Rewrite in priority order (BLOG_REWRITE_QUEUE.csv). NOINDEX only for members Search Console shows earn nothing (class C) and that are not rewritten.,49 articles on different topics share one body template (mean normalised similarity 1.00).,body text (5-word shingles)
F7,template family (shared outline and phrasing),no,49,0.996,docker-and-kubernetes-interview-questions-for-ml,ef2fdaa6-042c-420f-a1f7-1b7d89740818,Deep Learning Interview Questions and Answers,/blog/deep-learning-interview-questions-and-answers,0.995,DEEP REWRITE,Rewrite in priority order (BLOG_REWRITE_QUEUE.csv). NOINDEX only for members Search Console shows earn nothing (class C) and that are not rewritten.,49 articles on different topics share one body template (mean normalised similarity 1.00).,body text (5-word shingles)
F7,template family (shared outline and phrasing),no,49,0.996,docker-and-kubernetes-interview-questions-for-ml,336dac4c-9938-4bce-b4ad-042010a2fbdd,ETL Interview Questions for Data Engineers,/blog/etl-interview-questions-for-data-engineers,0.995,DEEP REWRITE,Rewrite in priority order (BLOG_REWRITE_QUEUE.csv). NOINDEX only for members Search Console shows earn nothing (class C) and that are not rewritten.,49 articles on different topics share one body template (mean normalised similarity 1.00).,body text (5-word shingles)
F7,template family (shared outline and phrasing),no,49,0.996,docker-and-kubernetes-interview-questions-for-ml,9671d0ef-8c4c-4a64-86a6-3e0afb66dcb0,Excel Interview Questions for Data Analysts,/blog/excel-interview-questions-for-data-analysts,0.995,DEEP REWRITE,Rewrite in priority order (BLOG_REWRITE_QUEUE.csv). NOINDEX only for members Search Console shows earn nothing (class C) and that are not rewritten.,49 articles on different topics share one body template (mean normalised similarity 1.00).,body text (5-word shingles)
F7,template family (shared outline and phrasing),no,49,0.996,docker-and-kubernetes-interview-questions-for-ml,79a54bb1-a722-4563-886d-be683ce70183,Feature Engineering Interview Questions,/blog/feature-engineering-interview-questions,0.998,DEEP REWRITE,Rewrite in priority order (BLOG_REWRITE_QUEUE.csv). NOINDEX only for members Search Console shows earn nothing (class C) and that are not rewritten.,49 articles on different topics share one body template (mean normalised similarity 1.00).,body text (5-word shingles)
F7,template family (shared outline and phrasing),no,49,0.996,docker-and-kubernetes-interview-questions-for-ml,94f00e05-193a-4156-b50f-fb1308d108a1,GCP Interview Questions for Data Engineers,/blog/gcp-interview-questions-for-data-engineers,0.995,DEEP REWRITE,Rewrite in priority order (BLOG_REWRITE_QUEUE.csv). NOINDEX only for members Search Console shows earn nothing (class C) and that are not rewritten.,49 articles on different topics share one body template (mean normalised similarity 1.00).,body text (5-word shingles)
F7,template family (shared outline and phrasing),no,49,0.996,docker-and-kubernetes-interview-questions-for-ml,cf8d6c2e-47b8-451f-97dd-3879366b47f0,Generative AI and LLM Interview Questions,/blog/generative-ai-and-llm-interview-questions,0.998,DEEP REWRITE,Rewrite in priority order (BLOG_REWRITE_QUEUE.csv). NOINDEX only for members Search Console shows earn nothing (class C) and that are not rewritten.,49 articles on different topics share one body template (mean normalised similarity 1.00).,body text (5-word shingles)
F7,template family (shared outline and phrasing),no,49,0.996,docker-and-kubernetes-interview-questions-for-ml,103de154-885e-430a-87c4-b3e7dc09386a,Git Interview Questions Every Developer Should Know,/blog/git-interview-questions-every-developer-should-know,0.995,DEEP REWRITE,Rewrite in priority order (BLOG_REWRITE_QUEUE.csv). NOINDEX only for members Search Console shows earn nothing (class C) and that are not rewritten.,49 articles on different topics share one body template (mean normalised similarity 1.00).,body text (5-word shingles)
F7,template family (shared outline and phrasing),no,49,0.996,docker-and-kubernetes-interview-questions-for-ml,b06e96a2-0c26-4a22-92f5-6961ba72d034,Hadoop Interview Questions and Answers,/blog/hadoop-interview-questions-and-answers,0.995,DEEP REWRITE,Rewrite in priority order (BLOG_REWRITE_QUEUE.csv). NOINDEX only for members Search Console shows earn nothing (class C) and that are not rewritten.,49 articles on different topics share one body template (mean normalised similarity 1.00).,body text (5-word shingles)
F7,template family (shared outline and phrasing),no,49,0.996,docker-and-kubernetes-interview-questions-for-ml,a1d2eb6a-b749-455a-a269-4a6f4b870673,Kafka Interview Questions Explained,/blog/kafka-interview-questions-explained,0.995,DEEP REWRITE,Rewrite in priority order (BLOG_REWRITE_QUEUE.csv). NOINDEX only for members Search Console shows earn nothing (class C) and that are not rewritten.,49 articles on different topics share one body template (mean normalised similarity 1.00).,body text (5-word shingles)
F7,template family (shared outline and phrasing),no,49,0.996,docker-and-kubernetes-interview-questions-for-ml,e29aba5c-08bd-4f10-99d5-d1b1418cff33,Linux Interview Questions for Data Engineers,/blog/linux-interview-questions-for-data-engineers,0.995,DEEP REWRITE,Rewrite in priority order (BLOG_REWRITE_QUEUE.csv). NOINDEX only for members Search Console shows earn nothing (class C) and that are not rewritten.,49 articles on different topics share one body template (mean normalised similarity 1.00).,body text (5-word shingles)
F7,template family (shared outline and phrasing),no,49,0.996,docker-and-kubernetes-interview-questions-for-ml,91d16817-f3bf-4b01-b6d3-01df7e635c83,Machine Learning Interview Questions: Concepts and Answers,/blog/machine-learning-interview-questions-concepts-and-answers,0.998,DEEP REWRITE,Rewrite in priority order (BLOG_REWRITE_QUEUE.csv). NOINDEX only for members Search Console shows earn nothing (class C) and that are not rewritten.,49 articles on different topics share one body template (mean normalised similarity 1.00).,body text (5-word shingles)
F7,template family (shared outline and phrasing),no,49,0.996,docker-and-kubernetes-interview-questions-for-ml,e46dd18b-36d8-40fb-9729-5023c0219658,MLOps Interview Questions and Answers,/blog/mlops-interview-questions-and-answers,0.995,DEEP REWRITE,Rewrite in priority order (BLOG_REWRITE_QUEUE.csv). NOINDEX only for members Search Console shows earn nothing (class C) and that are not rewritten.,49 articles on different topics share one body template (mean normalised similarity 1.00).,body text (5-word shingles)
F7,template family (shared outline and phrasing),no,49,0.996,docker-and-kubernetes-interview-questions-for-ml,fd1b5c74-df47-411d-b587-8600970de604,NLP Interview Questions for Data Scientists,/blog/nlp-interview-questions-for-data-scientists,0.995,DEEP REWRITE,Rewrite in priority order (BLOG_REWRITE_QUEUE.csv). NOINDEX only for members Search Console shows earn nothing (class C) and that are not rewritten.,49 articles on different topics share one body template (mean normalised similarity 1.00).,body text (5-word shingles)
F7,template family (shared outline and phrasing),no,49,0.996,docker-and-kubernetes-interview-questions-for-ml,b3b16932-4699-4144-8b25-2d7f09b7ec3f,NumPy Interview Questions for Data Roles,/blog/numpy-interview-questions-for-data-roles,0.995,DEEP REWRITE,Rewrite in priority order (BLOG_REWRITE_QUEUE.csv). NOINDEX only for members Search Console shows earn nothing (class C) and that are not rewritten.,49 articles on different topics share one body template (mean normalised similarity 1.00).,body text (5-word shingles)
F7,template family (shared outline and phrasing),no,49,0.996,docker-and-kubernetes-interview-questions-for-ml,fc4360ad-8aae-49ec-886e-23ae17a2a9c8,Pandas Interview Questions Every Analyst Should Know,/blog/pandas-interview-questions-every-analyst-should-know,0.995,DEEP REWRITE,Rewrite in priority order (BLOG_REWRITE_QUEUE.csv). NOINDEX only for members Search Console shows earn nothing (class C) and that are not rewritten.,49 articles on different topics share one body template (mean normalised similarity 1.00).,body text (5-word shingles)
F7,template family (shared outline and phrasing),no,49,0.996,docker-and-kubernetes-interview-questions-for-ml,45a28bcf-874b-48d3-8589-3d7cdeca2666,Power BI Interview Questions with Detailed Answers,/blog/power-bi-interview-questions-with-detailed-answers,0.995,DEEP REWRITE,Rewrite in priority order (BLOG_REWRITE_QUEUE.csv). NOINDEX only for members Search Console shows earn nothing (class C) and that are not rewritten.,49 articles on different topics share one body template (mean normalised similarity 1.00).,body text (5-word shingles)
F7,template family (shared outline and phrasing),no,49,0.996,docker-and-kubernetes-interview-questions-for-ml,dfd6e4b1-074e-4822-b61f-52f3aa65d16a,Probability Interview Questions for Data Science,/blog/probability-interview-questions-for-data-science,0.995,DEEP REWRITE,Rewrite in priority order (BLOG_REWRITE_QUEUE.csv). NOINDEX only for members Search Console shows earn nothing (class C) and that are not rewritten.,49 articles on different topics share one body template (mean normalised similarity 1.00).,body text (5-word shingles)
F7,template family (shared outline and phrasing),no,49,0.996,docker-and-kubernetes-interview-questions-for-ml,6c03ff22-411c-4983-8ad6-a42a6df1fdfb,PySpark Interview Questions with Examples,/blog/pyspark-interview-questions-with-examples,0.995,DEEP REWRITE,Rewrite in priority order (BLOG_REWRITE_QUEUE.csv). NOINDEX only for members Search Console shows earn nothing (class C) and that are not rewritten.,49 articles on different topics share one body template (mean normalised similarity 1.00).,body text (5-word shingles)
F7,template family (shared outline and phrasing),no,49,0.996,docker-and-kubernetes-interview-questions-for-ml,37fd49e4-04a3-45b0-a5c0-bc59154ca904,Python Coding Interview Questions and Patterns,/blog/python-coding-interview-questions-and-patterns,0.995,DEEP REWRITE,Rewrite in priority order (BLOG_REWRITE_QUEUE.csv). NOINDEX only for members Search Console shows earn nothing (class C) and that are not rewritten.,49 articles on different topics share one body template (mean normalised similarity 1.00).,body text (5-word shingles)
F7,template family (shared outline and phrasing),no,49,0.996,docker-and-kubernetes-interview-questions-for-ml,8f3e6cc3-851a-459f-a821-c64d9dd4de2a,Python Interview Questions for Data Roles,/blog/python-interview-questions-for-data-roles,0.995,DEEP REWRITE,Rewrite in priority order (BLOG_REWRITE_QUEUE.csv). NOINDEX only for members Search Console shows earn nothing (class C) and that are not rewritten.,49 articles on different topics share one body template (mean normalised similarity 1.00).,body text (5-word shingles)
F7,template family (shared outline and phrasing),no,49,0.996,docker-and-kubernetes-interview-questions-for-ml,d072e01d-bfd2-43ff-9414-949102f7ac8f,Redshift Interview Questions and Answers,/blog/redshift-interview-questions-and-answers,0.995,DEEP REWRITE,Rewrite in priority order (BLOG_REWRITE_QUEUE.csv). NOINDEX only for members Search Console shows earn nothing (class C) and that are not rewritten.,49 articles on different topics share one body template (mean normalised similarity 1.00).,body text (5-word shingles)
F7,template family (shared outline and phrasing),no,49,0.996,docker-and-kubernetes-interview-questions-for-ml,74a2fb9b-d043-44be-a9c3-9b12ea1ab0bb,REST API Interview Questions and Answers,/blog/rest-api-interview-questions-and-answers,0.995,DEEP REWRITE,Rewrite in priority order (BLOG_REWRITE_QUEUE.csv). NOINDEX only for members Search Console shows earn nothing (class C) and that are not rewritten.,49 articles on different topics share one body template (mean normalised similarity 1.00).,body text (5-word shingles)
F7,template family (shared outline and phrasing),no,49,0.996,docker-and-kubernetes-interview-questions-for-ml,6e1e8360-d516-42a5-b0ff-28815b2b62b4,Scenario-Based SQL Interview Questions,/blog/scenario-based-sql-interview-questions,0.998,DEEP REWRITE,Rewrite in priority order (BLOG_REWRITE_QUEUE.csv). NOINDEX only for members Search Console shows earn nothing (class C) and that are not rewritten.,49 articles on different topics share one body template (mean normalised similarity 1.00).,body text (5-word shingles)
F7,template family (shared outline and phrasing),no,49,0.996,docker-and-kubernetes-interview-questions-for-ml,e7ebd93c-043d-432b-81ed-d30b646913ac,Snowflake Interview Questions for Data Engineers,/blog/snowflake-interview-questions-for-data-engineers,0.995,DEEP REWRITE,Rewrite in priority order (BLOG_REWRITE_QUEUE.csv). NOINDEX only for members Search Console shows earn nothing (class C) and that are not rewritten.,49 articles on different topics share one body template (mean normalised similarity 1.00).,body text (5-word shingles)
F7,template family (shared outline and phrasing),no,49,0.996,docker-and-kubernetes-interview-questions-for-ml,1bc64f43-9695-45a0-8f10-ec5565d163a2,Spark Performance Interview Questions,/blog/spark-performance-interview-questions,0.998,DEEP REWRITE,Rewrite in priority order (BLOG_REWRITE_QUEUE.csv). NOINDEX only for members Search Console shows earn nothing (class C) and that are not rewritten.,49 articles on different topics share one body template (mean normalised similarity 1.00).,body text (5-word shingles)
F7,template family (shared outline and phrasing),no,49,0.996,docker-and-kubernetes-interview-questions-for-ml,7b6eac4b-442b-49d6-b36a-e9b17a16fc59,SQL Interview Questions: Top 50 with Answers,/blog/sql-interview-questions-top-50-with-answers,0.998,DEEP REWRITE,Rewrite in priority order (BLOG_REWRITE_QUEUE.csv). NOINDEX only for members Search Console shows earn nothing (class C) and that are not rewritten.,49 articles on different topics share one body template (mean normalised similarity 1.00).,body text (5-word shingles)
F7,template family (shared outline and phrasing),no,49,0.996,docker-and-kubernetes-interview-questions-for-ml,aac6475a-e773-439f-9b1c-bee32b550604,SQL Joins Interview Questions Explained,/blog/sql-joins-interview-questions-explained,0.995,DEEP REWRITE,Rewrite in priority order (BLOG_REWRITE_QUEUE.csv). NOINDEX only for members Search Console shows earn nothing (class C) and that are not rewritten.,49 articles on different topics share one body template (mean normalised similarity 1.00).,body text (5-word shingles)
F7,template family (shared outline and phrasing),no,49,0.996,docker-and-kubernetes-interview-questions-for-ml,f6b8ce40-2762-4f88-9812-fa523dcad34c,SQL Query Optimization Interview Questions,/blog/sql-query-optimization-interview-questions,0.998,DEEP REWRITE,Rewrite in priority order (BLOG_REWRITE_QUEUE.csv). NOINDEX only for members Search Console shows earn nothing (class C) and that are not rewritten.,49 articles on different topics share one body template (mean normalised similarity 1.00).,body text (5-word shingles)
F7,template family (shared outline and phrasing),no,49,0.996,docker-and-kubernetes-interview-questions-for-ml,a84dfe9a-49ee-4ec0-9307-68bfcf6c4495,Statistics Interview Questions for Data Science,/blog/statistics-interview-questions-for-data-science,0.995,DEEP REWRITE,Rewrite in priority order (BLOG_REWRITE_QUEUE.csv). NOINDEX only for members Search Console shows earn nothing (class C) and that are not rewritten.,49 articles on different topics share one body template (mean normalised similarity 1.00).,body text (5-word shingles)
F7,template family (shared outline and phrasing),no,49,0.996,docker-and-kubernetes-interview-questions-for-ml,a29327d8-4825-422a-aefa-bd84284bc548,System Design Interview Questions for Data Engineers,/blog/system-design-interview-questions-for-data-engineers,0.995,DEEP REWRITE,Rewrite in priority order (BLOG_REWRITE_QUEUE.csv). NOINDEX only for members Search Console shows earn nothing (class C) and that are not rewritten.,49 articles on different topics share one body template (mean normalised similarity 1.00).,body text (5-word shingles)
F7,template family (shared outline and phrasing),no,49,0.996,docker-and-kubernetes-interview-questions-for-ml,65382c79-0cdd-40af-bb31-09a03b6e4c0c,Tableau Interview Questions and Answers,/blog/tableau-interview-questions-and-answers,0.995,DEEP REWRITE,Rewrite in priority order (BLOG_REWRITE_QUEUE.csv). NOINDEX only for members Search Console shows earn nothing (class C) and that are not rewritten.,49 articles on different topics share one body template (mean normalised similarity 1.00).,body text (5-word shingles)
F7,template family (shared outline and phrasing),no,49,0.996,docker-and-kubernetes-interview-questions-for-ml,350a81ab-9383-4028-a0d0-33f585eeedc3,Time Series Interview Questions for Data Science,/blog/time-series-interview-questions-for-data-science,0.995,DEEP REWRITE,Rewrite in priority order (BLOG_REWRITE_QUEUE.csv). NOINDEX only for members Search Console shows earn nothing (class C) and that are not rewritten.,49 articles on different topics share one body template (mean normalised similarity 1.00).,body text (5-word shingles)
F7,template family (shared outline and phrasing),no,49,0.996,docker-and-kubernetes-interview-questions-for-ml,1ebea313-c19e-45ea-9b86-e6682e0c5ed3,Window Functions SQL Interview Questions,/blog/window-functions-sql-interview-questions,0.998,DEEP REWRITE,Rewrite in priority order (BLOG_REWRITE_QUEUE.csv). NOINDEX only for members Search Console shows earn nothing (class C) and that are not rewritten.,49 articles on different topics share one body template (mean normalised similarity 1.00).,body text (5-word shingles)
F8,template family (shared outline and phrasing),no,35,0.935,how-to-become-a-data-engineer-in-2026,b9fbae04-d29a-4a8e-a16f-3f23b53cd221,How to Become a Data Engineer in 2026,/blog/how-to-become-a-data-engineer-in-2026,1,DEEP REWRITE,Rewrite in priority order (BLOG_REWRITE_QUEUE.csv). NOINDEX only for members Search Console shows earn nothing (class C) and that are not rewritten.,35 articles on different topics share one body template (mean normalised similarity 0.94).,body text (5-word shingles)
F8,template family (shared outline and phrasing),no,35,0.935,how-to-become-a-data-engineer-in-2026,5d57b451-b542-4e96-9cee-2ea19f961d27,Airflow Tutorial: Orchestrating Data Pipelines,/blog/airflow-tutorial-orchestrating-data-pipelines,1,DEEP REWRITE,Rewrite in priority order (BLOG_REWRITE_QUEUE.csv). NOINDEX only for members Search Console shows earn nothing (class C) and that are not rewritten.,35 articles on different topics share one body template (mean normalised similarity 0.94).,body text (5-word shingles)
F8,template family (shared outline and phrasing),no,35,0.935,how-to-become-a-data-engineer-in-2026,e73532ca-6c20-4b39-b190-b8d3e3243ac8,Apache Kafka Explained: Streaming Data Basics,/blog/apache-kafka-explained-streaming-data-basics,1,DEEP REWRITE,Rewrite in priority order (BLOG_REWRITE_QUEUE.csv). NOINDEX only for members Search Console shows earn nothing (class C) and that are not rewritten.,35 articles on different topics share one body template (mean normalised similarity 0.94).,body text (5-word shingles)
F8,template family (shared outline and phrasing),no,35,0.935,how-to-become-a-data-engineer-in-2026,4ebc971b-8e9d-467c-a277-1af051bda29b,Apache Spark Explained for Beginners,/blog/apache-spark-explained-for-beginners,1,DEEP REWRITE,Rewrite in priority order (BLOG_REWRITE_QUEUE.csv). NOINDEX only for members Search Console shows earn nothing (class C) and that are not rewritten.,35 articles on different topics share one body template (mean normalised similarity 0.94).,body text (5-word shingles)
F8,template family (shared outline and phrasing),no,35,0.935,how-to-become-a-data-engineer-in-2026,69913a9c-53e8-4caa-abe4-3cf11ca9b30b,Building a Data Warehouse: A Step-by-Step Guide,/blog/building-a-data-warehouse-a-step-by-step-guide,1,DEEP REWRITE,Rewrite in priority order (BLOG_REWRITE_QUEUE.csv). NOINDEX only for members Search Console shows earn nothing (class C) and that are not rewritten.,35 articles on different topics share one body template (mean normalised similarity 0.94).,body text (5-word shingles)
F8,template family (shared outline and phrasing),no,35,0.935,how-to-become-a-data-engineer-in-2026,747abbc1-4071-4aaf-84af-3bbcc7f62ff1,Building a Streaming Pipeline with Kafka and Spark,/blog/building-a-streaming-pipeline-with-kafka-and-spark,1,DEEP REWRITE,Rewrite in priority order (BLOG_REWRITE_QUEUE.csv). NOINDEX only for members Search Console shows earn nothing (class C) and that are not rewritten.,35 articles on different topics share one body template (mean normalised similarity 0.94).,body text (5-word shingles)
F8,template family (shared outline and phrasing),no,35,0.935,how-to-become-a-data-engineer-in-2026,bead229f-3b4b-42ea-8fd3-07d44b415a1d,Building Incremental Data Loads That Scale,/blog/building-incremental-data-loads-that-scale,1,DEEP REWRITE,Rewrite in priority order (BLOG_REWRITE_QUEUE.csv). NOINDEX only for members Search Console shows earn nothing (class C) and that are not rewritten.,35 articles on different topics share one body template (mean normalised similarity 0.94).,body text (5-word shingles)
F8,template family (shared outline and phrasing),no,35,0.935,how-to-become-a-data-engineer-in-2026,df25f830-9e0f-469c-b913-552ae161ace8,Building Your First Data Pipeline: A Walkthrough,/blog/building-your-first-data-pipeline-a-walkthrough,1,DEEP REWRITE,Rewrite in priority order (BLOG_REWRITE_QUEUE.csv). NOINDEX only for members Search Console shows earn nothing (class C) and that are not rewritten.,35 articles on different topics share one body template (mean normalised similarity 0.94).,body text (5-word shingles)
F8,template family (shared outline and phrasing),no,35,0.935,how-to-become-a-data-engineer-in-2026,07e8b86d-4546-4062-82e7-a772e4c8174f,CDC (Change Data Capture) Explained with Examples,/blog/cdc-change-data-capture-explained-with-examples,1,DEEP REWRITE,Rewrite in priority order (BLOG_REWRITE_QUEUE.csv). NOINDEX only for members Search Console shows earn nothing (class C) and that are not rewritten.,35 articles on different topics share one body template (mean normalised similarity 0.94).,body text (5-word shingles)
F8,template family (shared outline and phrasing),no,35,0.935,how-to-become-a-data-engineer-in-2026,50cd4f22-ea78-4a29-b3b1-7aea85eb9d82,Data Contracts: Reliable Pipelines Between Teams,/blog/data-contracts-reliable-pipelines-between-teams,1,DEEP REWRITE,Rewrite in priority order (BLOG_REWRITE_QUEUE.csv). NOINDEX only for members Search Console shows earn nothing (class C) and that are not rewritten.,35 articles on different topics share one body template (mean normalised similarity 0.94).,body text (5-word shingles)
F8,template family (shared outline and phrasing),no,35,0.935,how-to-become-a-data-engineer-in-2026,7688d79a-0f96-4d11-ad3e-9f100f7c4d40,Data Engineering Projects for Your Portfolio,/blog/data-engineering-projects-for-your-portfolio,0.524,DEEP REWRITE,Rewrite in priority order (BLOG_REWRITE_QUEUE.csv). NOINDEX only for members Search Console shows earn nothing (class C) and that are not rewritten.,35 articles on different topics share one body template (mean normalised similarity 0.94).,body text (5-word shingles)
F8,template family (shared outline and phrasing),no,35,0.935,how-to-become-a-data-engineer-in-2026,fe0843d2-54f6-4334-beef-58606bd4d1ef,Data Engineering Roadmap 2026: A Complete Guide,/blog/data-engineering-roadmap-2026-a-complete-guide,0.653,DEEP REWRITE,Rewrite in priority order (BLOG_REWRITE_QUEUE.csv). NOINDEX only for members Search Console shows earn nothing (class C) and that are not rewritten.,35 articles on different topics share one body template (mean normalised similarity 0.94).,body text (5-word shingles)
F8,template family (shared outline and phrasing),no,35,0.935,how-to-become-a-data-engineer-in-2026,ad6c6db4-7122-40af-8016-86960a506c49,Data Engineering Tools You Must Learn in 2026,/blog/data-engineering-tools-you-must-learn-in-2026,1,DEEP REWRITE,Rewrite in priority order (BLOG_REWRITE_QUEUE.csv). NOINDEX only for members Search Console shows earn nothing (class C) and that are not rewritten.,35 articles on different topics share one body template (mean normalised similarity 0.94).,body text (5-word shingles)
F8,template family (shared outline and phrasing),no,35,0.935,how-to-become-a-data-engineer-in-2026,d3cc84b7-ca6c-4f99-a198-d99035480b18,"Data Modeling: Star Schema, Snowflake and Data Vault",/blog/data-modeling-star-schema-snowflake-and-data-vault,1,DEEP REWRITE,Rewrite in priority order (BLOG_REWRITE_QUEUE.csv). NOINDEX only for members Search Console shows earn nothing (class C) and that are not rewritten.,35 articles on different topics share one body template (mean normalised similarity 0.94).,body text (5-word shingles)
F8,template family (shared outline and phrasing),no,35,0.935,how-to-become-a-data-engineer-in-2026,40ef6920-5fa8-4eb3-a79f-93a58b864e04,Data Quality: Testing and Validation in Pipelines,/blog/data-quality-testing-and-validation-in-pipelines,1,DEEP REWRITE,Rewrite in priority order (BLOG_REWRITE_QUEUE.csv). NOINDEX only for members Search Console shows earn nothing (class C) and that are not rewritten.,35 articles on different topics share one body template (mean normalised similarity 0.94).,body text (5-word shingles)
F8,template family (shared outline and phrasing),no,35,0.935,how-to-become-a-data-engineer-in-2026,fa556191-c716-47e5-8742-41ccd92ced2b,Data Warehouse Explained: Concepts and Architecture,/blog/data-warehouse-explained-concepts-and-architecture,1,DEEP REWRITE,Rewrite in priority order (BLOG_REWRITE_QUEUE.csv). NOINDEX only for members Search Console shows earn nothing (class C) and that are not rewritten.,35 articles on different topics share one body template (mean normalised similarity 0.94).,body text (5-word shingles)
F8,template family (shared outline and phrasing),no,35,0.935,how-to-become-a-data-engineer-in-2026,f82e181d-ac01-49be-beae-19a1ea358f60,Databricks Tutorial: A Beginner's Guide,/blog/databricks-tutorial-a-beginner-s-guide,1,DEEP REWRITE,Rewrite in priority order (BLOG_REWRITE_QUEUE.csv). NOINDEX only for members Search Console shows earn nothing (class C) and that are not rewritten.,35 articles on different topics share one body template (mean normalised similarity 0.94).,body text (5-word shingles)
F8,template family (shared outline and phrasing),no,35,0.935,how-to-become-a-data-engineer-in-2026,1d22fc41-7822-4da0-b930-3fb492f53d3a,dbt Tutorial: Transformations in the Modern Data Stack,/blog/dbt-tutorial-transformations-in-the-modern-data-stack,1,DEEP REWRITE,Rewrite in priority order (BLOG_REWRITE_QUEUE.csv). NOINDEX only for members Search Console shows earn nothing (class C) and that are not rewritten.,35 articles on different topics share one body template (mean normalised similarity 0.94).,body text (5-word shingles)
F8,template family (shared outline and phrasing),no,35,0.935,how-to-become-a-data-engineer-in-2026,d14ca241-79af-44c8-b0ec-c36463b23f4e,Delta Lake Explained: Reliable Lakes with ACID,/blog/delta-lake-explained-reliable-lakes-with-acid,1,DEEP REWRITE,Rewrite in priority order (BLOG_REWRITE_QUEUE.csv). NOINDEX only for members Search Console shows earn nothing (class C) and that are not rewritten.,35 articles on different topics share one body template (mean normalised similarity 0.94).,body text (5-word shingles)
F8,template family (shared outline and phrasing),no,35,0.935,how-to-become-a-data-engineer-in-2026,6d99b234-3768-4d44-a80b-09f0071c027b,Designing Fact and Dimension Tables,/blog/designing-fact-and-dimension-tables,1,DEEP REWRITE,Rewrite in priority order (BLOG_REWRITE_QUEUE.csv). NOINDEX only for members Search Console shows earn nothing (class C) and that are not rewritten.,35 articles on different topics share one body template (mean normalised similarity 0.94).,body text (5-word shingles)
F8,template family (shared outline and phrasing),no,35,0.935,how-to-become-a-data-engineer-in-2026,522f166c-4611-42e9-8a7a-c071f08f2993,Distributed Systems Basics for Data Engineers,/blog/distributed-systems-basics-for-data-engineers,1,DEEP REWRITE,Rewrite in priority order (BLOG_REWRITE_QUEUE.csv). NOINDEX only for members Search Console shows earn nothing (class C) and that are not rewritten.,35 articles on different topics share one body template (mean normalised similarity 0.94).,body text (5-word shingles)
F8,template family (shared outline and phrasing),no,35,0.935,how-to-become-a-data-engineer-in-2026,6b381aa5-df4b-4d95-bc0f-8f497ab9d6b9,From Backend Developer to Data Engineer: A Roadmap,/blog/from-backend-developer-to-data-engineer-a-roadmap,0.653,DEEP REWRITE,Rewrite in priority order (BLOG_REWRITE_QUEUE.csv). NOINDEX only for members Search Console shows earn nothing (class C) and that are not rewritten.,35 articles on different topics share one body template (mean normalised similarity 0.94).,body text (5-word shingles)
F8,template family (shared outline and phrasing),no,35,0.935,how-to-become-a-data-engineer-in-2026,8e24f914-032a-466a-b6ba-1157d670978d,Handling Late-Arriving Data in Pipelines,/blog/handling-late-arriving-data-in-pipelines,1,DEEP REWRITE,Rewrite in priority order (BLOG_REWRITE_QUEUE.csv). NOINDEX only for members Search Console shows earn nothing (class C) and that are not rewritten.,35 articles on different topics share one body template (mean normalised similarity 0.94).,body text (5-word shingles)
F8,template family (shared outline and phrasing),no,35,0.935,how-to-become-a-data-engineer-in-2026,8797d685-cfa2-4c42-b713-b989639d4417,Idempotency in Data Pipelines: Why It Matters,/blog/idempotency-in-data-pipelines-why-it-matters,1,DEEP REWRITE,Rewrite in priority order (BLOG_REWRITE_QUEUE.csv). NOINDEX only for members Search Console shows earn nothing (class C) and that are not rewritten.,35 articles on different topics share one body template (mean normalised similarity 0.94).,body text (5-word shingles)
F8,template family (shared outline and phrasing),no,35,0.935,how-to-become-a-data-engineer-in-2026,ed385058-9ad5-4a1d-a1af-68f915c51b0b,"Medallion Architecture: Bronze, Silver and Gold Layers",/blog/medallion-architecture-bronze-silver-and-gold-layers,1,DEEP REWRITE,Rewrite in priority order (BLOG_REWRITE_QUEUE.csv). NOINDEX only for members Search Console shows earn nothing (class C) and that are not rewritten.,35 articles on different topics share one body template (mean normalised similarity 0.94).,body text (5-word shingles)
F8,template family (shared outline and phrasing),no,35,0.935,how-to-become-a-data-engineer-in-2026,2bd4e975-fbf9-4721-b99e-40d86e2f9187,Partitioning and Bucketing in Spark Explained,/blog/partitioning-and-bucketing-in-spark-explained,1,DEEP REWRITE,Rewrite in priority order (BLOG_REWRITE_QUEUE.csv). NOINDEX only for members Search Console shows earn nothing (class C) and that are not rewritten.,35 articles on different topics share one body template (mean normalised similarity 0.94).,body text (5-word shingles)
F8,template family (shared outline and phrasing),no,35,0.935,how-to-become-a-data-engineer-in-2026,b63e7d74-670c-45b9-9235-f8a40ba07cab,"PySpark Tutorial: DataFrames, Transformations and Actions",/blog/pyspark-tutorial-dataframes-transformations-and-actions,1,DEEP REWRITE,Rewrite in priority order (BLOG_REWRITE_QUEUE.csv). NOINDEX only for members Search Console shows earn nothing (class C) and that are not rewritten.,35 articles on different topics share one body template (mean normalised similarity 0.94).,body text (5-word shingles)
F8,template family (shared outline and phrasing),no,35,0.935,how-to-become-a-data-engineer-in-2026,94ae6a42-36ac-42ff-b4b7-e8bf99caf3b0,Real-Time Analytics: Architecture and Tools,/blog/real-time-analytics-architecture-and-tools,1,DEEP REWRITE,Rewrite in priority order (BLOG_REWRITE_QUEUE.csv). NOINDEX only for members Search Console shows earn nothing (class C) and that are not rewritten.,35 articles on different topics share one body template (mean normalised similarity 0.94).,body text (5-word shingles)
F8,template family (shared outline and phrasing),no,35,0.935,how-to-become-a-data-engineer-in-2026,16247e73-2517-4f0f-996d-bf38a858ccc1,Schema Evolution: Handling Changing Data Structures,/blog/schema-evolution-handling-changing-data-structures,1,DEEP REWRITE,Rewrite in priority order (BLOG_REWRITE_QUEUE.csv). NOINDEX only for members Search Console shows earn nothing (class C) and that are not rewritten.,35 articles on different topics share one body template (mean normalised similarity 0.94).,body text (5-word shingles)
F8,template family (shared outline and phrasing),no,35,0.935,how-to-become-a-data-engineer-in-2026,6e3bb926-8c77-4478-920e-a235cf7e0a3d,Slowly Changing Dimensions (SCD) Types Explained,/blog/slowly-changing-dimensions-scd-types-explained,1,DEEP REWRITE,Rewrite in priority order (BLOG_REWRITE_QUEUE.csv). NOINDEX only for members Search Console shows earn nothing (class C) and that are not rewritten.,35 articles on different topics share one body template (mean normalised similarity 0.94).,body text (5-word shingles)
F8,template family (shared outline and phrasing),no,35,0.935,how-to-become-a-data-engineer-in-2026,5467e7b0-3db3-463a-8fa8-b7fe5b3565c7,Snowflake Explained: The Cloud Data Warehouse,/blog/snowflake-explained-the-cloud-data-warehouse,1,DEEP REWRITE,Rewrite in priority order (BLOG_REWRITE_QUEUE.csv). NOINDEX only for members Search Console shows earn nothing (class C) and that are not rewritten.,35 articles on different topics share one body template (mean normalised similarity 0.94).,body text (5-word shingles)
F8,template family (shared outline and phrasing),no,35,0.935,how-to-become-a-data-engineer-in-2026,ae52065a-5346-47db-83bf-08c044606f55,"Spark Performance Tuning: Shuffles, Joins and Caching",/blog/spark-performance-tuning-shuffles-joins-and-caching,1,DEEP REWRITE,Rewrite in priority order (BLOG_REWRITE_QUEUE.csv). NOINDEX only for members Search Console shows earn nothing (class C) and that are not rewritten.,35 articles on different topics share one body template (mean normalised similarity 0.94).,body text (5-word shingles)
F8,template family (shared outline and phrasing),no,35,0.935,how-to-become-a-data-engineer-in-2026,bdec5416-d332-4027-8859-0a0af5b167e1,SQL Optimization for Data Engineers,/blog/sql-optimization-for-data-engineers,1,DEEP REWRITE,Rewrite in priority order (BLOG_REWRITE_QUEUE.csv). NOINDEX only for members Search Console shows earn nothing (class C) and that are not rewritten.,35 articles on different topics share one body template (mean normalised similarity 0.94).,body text (5-word shingles)
F8,template family (shared outline and phrasing),no,35,0.935,how-to-become-a-data-engineer-in-2026,adda97ca-0c6a-4b1a-93f3-73ab2c4b9e56,Window Functions in SQL for Data Engineers,/blog/window-functions-in-sql-for-data-engineers,1,DEEP REWRITE,Rewrite in priority order (BLOG_REWRITE_QUEUE.csv). NOINDEX only for members Search Console shows earn nothing (class C) and that are not rewritten.,35 articles on different topics share one body template (mean normalised similarity 0.94).,body text (5-word shingles)
F8,template family (shared outline and phrasing),no,35,0.935,how-to-become-a-data-engineer-in-2026,b23df0ec-f12d-4e01-b766-925c41a39f6a,Workflow Orchestration with Apache Airflow DAGs,/blog/workflow-orchestration-with-apache-airflow-dags,1,DEEP REWRITE,Rewrite in priority order (BLOG_REWRITE_QUEUE.csv). NOINDEX only for members Search Console shows earn nothing (class C) and that are not rewritten.,35 articles on different topics share one body template (mean normalised similarity 0.94).,body text (5-word shingles)
F9,template family (shared outline and phrasing),no,40,0.958,aws-roadmap-2026-for-data-engineers,9b5f372e-9d6e-4cd4-b32d-fc64c4881104,AWS Roadmap 2026 for Data Engineers,/blog/aws-roadmap-2026-for-data-engineers,1,DEEP REWRITE,Rewrite in priority order (BLOG_REWRITE_QUEUE.csv). NOINDEX only for members Search Console shows earn nothing (class C) and that are not rewritten.,40 articles on different topics share one body template (mean normalised similarity 0.96).,body text (5-word shingles)
F9,template family (shared outline and phrasing),no,40,0.958,aws-roadmap-2026-for-data-engineers,ae40295b-4ad6-4f94-9816-71fc8ff05487,Amazon Athena: Querying S3 with SQL,/blog/amazon-athena-querying-s3-with-sql,0.638,DEEP REWRITE,Rewrite in priority order (BLOG_REWRITE_QUEUE.csv). NOINDEX only for members Search Console shows earn nothing (class C) and that are not rewritten.,40 articles on different topics share one body template (mean normalised similarity 0.96).,body text (5-word shingles)
F9,template family (shared outline and phrasing),no,40,0.958,aws-roadmap-2026-for-data-engineers,c8197807-6dec-4b93-82b9-cfcd461c3b5b,Amazon DynamoDB Explained for Beginners,/blog/amazon-dynamodb-explained-for-beginners,0.661,DEEP REWRITE,Rewrite in priority order (BLOG_REWRITE_QUEUE.csv). NOINDEX only for members Search Console shows earn nothing (class C) and that are not rewritten.,40 articles on different topics share one body template (mean normalised similarity 0.96).,body text (5-word shingles)
F9,template family (shared outline and phrasing),no,40,0.958,aws-roadmap-2026-for-data-engineers,34d19c0e-ed5b-4d89-aa3c-b316a1043bcf,"Amazon EC2 Explained: Instances, Types and Pricing",/blog/amazon-ec2-explained-instances-types-and-pricing,0.661,DEEP REWRITE,Rewrite in priority order (BLOG_REWRITE_QUEUE.csv). NOINDEX only for members Search Console shows earn nothing (class C) and that are not rewritten.,40 articles on different topics share one body template (mean normalised similarity 0.96).,body text (5-word shingles)
F9,template family (shared outline and phrasing),no,40,0.958,aws-roadmap-2026-for-data-engineers,3404fd01-f4ec-4dc1-ba13-df9903fc23e1,Amazon EMR Explained: Big Data on AWS,/blog/amazon-emr-explained-big-data-on-aws,0.661,DEEP REWRITE,Rewrite in priority order (BLOG_REWRITE_QUEUE.csv). NOINDEX only for members Search Console shows earn nothing (class C) and that are not rewritten.,40 articles on different topics share one body template (mean normalised similarity 0.96).,body text (5-word shingles)
F9,template family (shared outline and phrasing),no,40,0.958,aws-roadmap-2026-for-data-engineers,91518a9c-fe75-447b-8e91-b75d38aadc78,Amazon Kinesis Explained: Real-Time Streaming,/blog/amazon-kinesis-explained-real-time-streaming,0.661,DEEP REWRITE,Rewrite in priority order (BLOG_REWRITE_QUEUE.csv). NOINDEX only for members Search Console shows earn nothing (class C) and that are not rewritten.,40 articles on different topics share one body template (mean normalised similarity 0.96).,body text (5-word shingles)
F9,template family (shared outline and phrasing),no,40,0.958,aws-roadmap-2026-for-data-engineers,3c63c20d-a99a-411b-902f-f6e4dd06131a,Amazon MSK: Managed Kafka on AWS,/blog/amazon-msk-managed-kafka-on-aws,0.661,DEEP REWRITE,Rewrite in priority order (BLOG_REWRITE_QUEUE.csv). NOINDEX only for members Search Console shows earn nothing (class C) and that are not rewritten.,40 articles on different topics share one body template (mean normalised similarity 0.96).,body text (5-word shingles)
F9,template family (shared outline and phrasing),no,40,0.958,aws-roadmap-2026-for-data-engineers,bbfa6ba7-3b85-4256-9478-90f299254d11,Amazon Redshift Explained: The Cloud Data Warehouse,/blog/amazon-redshift-explained-the-cloud-data-warehouse,0.661,DEEP REWRITE,Rewrite in priority order (BLOG_REWRITE_QUEUE.csv). NOINDEX only for members Search Console shows earn nothing (class C) and that are not rewritten.,40 articles on different topics share one body template (mean normalised similarity 0.96).,body text (5-word shingles)
F9,template family (shared outline and phrasing),no,40,0.958,aws-roadmap-2026-for-data-engineers,3a84fe40-cddb-42a3-9f22-25f5aa574716,"Amazon S3 Explained: Storage, Classes and Best Practices",/blog/amazon-s3-explained-storage-classes-and-best-practices,0.661,DEEP REWRITE,Rewrite in priority order (BLOG_REWRITE_QUEUE.csv). NOINDEX only for members Search Console shows earn nothing (class C) and that are not rewritten.,40 articles on different topics share one body template (mean normalised similarity 0.96).,body text (5-word shingles)
F9,template family (shared outline and phrasing),no,40,0.958,aws-roadmap-2026-for-data-engineers,80e049d5-c6f5-4474-8cb3-a3447f1fedd4,Athena Federated Queries Explained,/blog/athena-federated-queries-explained,0.661,DEEP REWRITE,Rewrite in priority order (BLOG_REWRITE_QUEUE.csv). NOINDEX only for members Search Console shows earn nothing (class C) and that are not rewritten.,40 articles on different topics share one body template (mean normalised similarity 0.96).,body text (5-word shingles)
F9,template family (shared outline and phrasing),no,40,0.958,aws-roadmap-2026-for-data-engineers,f56d3762-478a-4c31-98e0-ef38caae222e,AWS CloudWatch for Monitoring Data Pipelines,/blog/aws-cloudwatch-for-monitoring-data-pipelines,0.661,DEEP REWRITE,Rewrite in priority order (BLOG_REWRITE_QUEUE.csv). NOINDEX only for members Search Console shows earn nothing (class C) and that are not rewritten.,40 articles on different topics share one body template (mean normalised similarity 0.96).,body text (5-word shingles)
F9,template family (shared outline and phrasing),no,40,0.958,aws-roadmap-2026-for-data-engineers,2d2684b7-6e03-4a37-930b-fdca72ccceb5,AWS Cost Optimization for Data Workloads,/blog/aws-cost-optimization-for-data-workloads,0.661,DEEP REWRITE,Rewrite in priority order (BLOG_REWRITE_QUEUE.csv). NOINDEX only for members Search Console shows earn nothing (class C) and that are not rewritten.,40 articles on different topics share one body template (mean normalised similarity 0.96).,body text (5-word shingles)
F9,template family (shared outline and phrasing),no,40,0.958,aws-roadmap-2026-for-data-engineers,fc7dc45f-56ea-4e11-a850-901156b19a51,AWS Data Engineer Guide: Skills and Services,/blog/aws-data-engineer-guide-skills-and-services,0.661,DEEP REWRITE,Rewrite in priority order (BLOG_REWRITE_QUEUE.csv). NOINDEX only for members Search Console shows earn nothing (class C) and that are not rewritten.,40 articles on different topics share one body template (mean normalised similarity 0.96).,body text (5-word shingles)
F9,template family (shared outline and phrasing),no,40,0.958,aws-roadmap-2026-for-data-engineers,ae7ae544-c4d7-4f2f-a428-85af7acecd27,AWS Data Engineering Projects for Your Portfolio,/blog/aws-data-engineering-projects-for-your-portfolio,0.52,DEEP REWRITE,Rewrite in priority order (BLOG_REWRITE_QUEUE.csv). NOINDEX only for members Search Console shows earn nothing (class C) and that are not rewritten.,40 articles on different topics share one body template (mean normalised similarity 0.96).,body text (5-word shingles)
F9,template family (shared outline and phrasing),no,40,0.958,aws-roadmap-2026-for-data-engineers,3e35ca71-6f6f-47fa-b6c4-f93c4476881d,AWS Free Tier: What You Can Build for Practice,/blog/aws-free-tier-what-you-can-build-for-practice,0.661,DEEP REWRITE,Rewrite in priority order (BLOG_REWRITE_QUEUE.csv). NOINDEX only for members Search Console shows earn nothing (class C) and that are not rewritten.,40 articles on different topics share one body template (mean normalised similarity 0.96).,body text (5-word shingles)
F9,template family (shared outline and phrasing),no,40,0.958,aws-roadmap-2026-for-data-engineers,ee1f5b0c-6973-4e9d-9bf6-8197721caa41,AWS Glue Data Catalog and Crawlers Explained,/blog/aws-glue-data-catalog-and-crawlers-explained,0.661,DEEP REWRITE,Rewrite in priority order (BLOG_REWRITE_QUEUE.csv). NOINDEX only for members Search Console shows earn nothing (class C) and that are not rewritten.,40 articles on different topics share one body template (mean normalised similarity 0.96).,body text (5-word shingles)
F9,template family (shared outline and phrasing),no,40,0.958,aws-roadmap-2026-for-data-engineers,5bb06e8d-8c3a-4689-8979-0190b055bd23,AWS Glue Jobs: PySpark on Serverless Spark,/blog/aws-glue-jobs-pyspark-on-serverless-spark,0.661,DEEP REWRITE,Rewrite in priority order (BLOG_REWRITE_QUEUE.csv). NOINDEX only for members Search Console shows earn nothing (class C) and that are not rewritten.,40 articles on different topics share one body template (mean normalised similarity 0.96).,body text (5-word shingles)
F9,template family (shared outline and phrasing),no,40,0.958,aws-roadmap-2026-for-data-engineers,43090c3b-d496-410d-ba59-c679d6506321,AWS Glue Studio: Visual ETL for Beginners,/blog/aws-glue-studio-visual-etl-for-beginners,0.661,DEEP REWRITE,Rewrite in priority order (BLOG_REWRITE_QUEUE.csv). NOINDEX only for members Search Console shows earn nothing (class C) and that are not rewritten.,40 articles on different topics share one body template (mean normalised similarity 0.96).,body text (5-word shingles)
F9,template family (shared outline and phrasing),no,40,0.958,aws-roadmap-2026-for-data-engineers,b02836b8-0ec5-4cbd-83fc-31b420215099,AWS Glue Tutorial: Serverless ETL on AWS,/blog/aws-glue-tutorial-serverless-etl-on-aws,0.661,DEEP REWRITE,Rewrite in priority order (BLOG_REWRITE_QUEUE.csv). NOINDEX only for members Search Console shows earn nothing (class C) and that are not rewritten.,40 articles on different topics share one body template (mean normalised similarity 0.96).,body text (5-word shingles)
F9,template family (shared outline and phrasing),no,40,0.958,aws-roadmap-2026-for-data-engineers,1347f457-e649-430e-8513-d5897456f917,"AWS IAM Explained: Users, Roles and Policies",/blog/aws-iam-explained-users-roles-and-policies,0.661,DEEP REWRITE,Rewrite in priority order (BLOG_REWRITE_QUEUE.csv). NOINDEX only for members Search Console shows earn nothing (class C) and that are not rewritten.,40 articles on different topics share one body template (mean normalised similarity 0.96).,body text (5-word shingles)
F9,template family (shared outline and phrasing),no,40,0.958,aws-roadmap-2026-for-data-engineers,bb5962f1-02dc-4ecf-be8c-4e4cdb5c7124,AWS Lake Formation: Governance for Data Lakes,/blog/aws-lake-formation-governance-for-data-lakes,0.661,DEEP REWRITE,Rewrite in priority order (BLOG_REWRITE_QUEUE.csv). NOINDEX only for members Search Console shows earn nothing (class C) and that are not rewritten.,40 articles on different topics share one body template (mean normalised similarity 0.96).,body text (5-word shingles)
F9,template family (shared outline and phrasing),no,40,0.958,aws-roadmap-2026-for-data-engineers,fb486884-17a7-4d47-94a8-a1f8ba948646,AWS Lambda Explained: Serverless for Beginners,/blog/aws-lambda-explained-serverless-for-beginners,0.661,DEEP REWRITE,Rewrite in priority order (BLOG_REWRITE_QUEUE.csv). NOINDEX only for members Search Console shows earn nothing (class C) and that are not rewritten.,40 articles on different topics share one body template (mean normalised similarity 0.96).,body text (5-word shingles)
F9,template family (shared outline and phrasing),no,40,0.958,aws-roadmap-2026-for-data-engineers,1da99e24-0ef1-4ec5-9e4e-d054a84b0497,AWS Solutions Architect Associate: A Study Guide,/blog/aws-solutions-architect-associate-a-study-guide,0.661,DEEP REWRITE,Rewrite in priority order (BLOG_REWRITE_QUEUE.csv). NOINDEX only for members Search Console shows earn nothing (class C) and that are not rewritten.,40 articles on different topics share one body template (mean normalised similarity 0.96).,body text (5-word shingles)
F9,template family (shared outline and phrasing),no,40,0.958,aws-roadmap-2026-for-data-engineers,8e059829-fbfc-4507-8320-7545457d05d1,AWS Step Functions: Orchestrating Serverless Workflows,/blog/aws-step-functions-orchestrating-serverless-workflows,0.661,DEEP REWRITE,Rewrite in priority order (BLOG_REWRITE_QUEUE.csv). NOINDEX only for members Search Console shows earn nothing (class C) and that are not rewritten.,40 articles on different topics share one body template (mean normalised similarity 0.96).,body text (5-word shingles)
F9,template family (shared outline and phrasing),no,40,0.958,aws-roadmap-2026-for-data-engineers,30e98dbd-6043-4fad-9cac-003022856ac1,Building a Data Lake on AWS with S3 and Glue,/blog/building-a-data-lake-on-aws-with-s3-and-glue,0.661,DEEP REWRITE,Rewrite in priority order (BLOG_REWRITE_QUEUE.csv). NOINDEX only for members Search Console shows earn nothing (class C) and that are not rewritten.,40 articles on different topics share one body template (mean normalised similarity 0.96).,body text (5-word shingles)
F9,template family (shared outline and phrasing),no,40,0.958,aws-roadmap-2026-for-data-engineers,044f5228-5920-45d4-ba35-ef1a23f8163b,Building a Serverless Analytics Stack on AWS,/blog/building-a-serverless-analytics-stack-on-aws,0.661,DEEP REWRITE,Rewrite in priority order (BLOG_REWRITE_QUEUE.csv). NOINDEX only for members Search Console shows earn nothing (class C) and that are not rewritten.,40 articles on different topics share one body template (mean normalised similarity 0.96).,body text (5-word shingles)
F9,template family (shared outline and phrasing),no,40,0.958,aws-roadmap-2026-for-data-engineers,065531f7-6777-4584-9ccf-1cfc54ca5556,Building an ETL Pipeline on AWS Step by Step,/blog/building-an-etl-pipeline-on-aws-step-by-step,0.661,DEEP REWRITE,Rewrite in priority order (BLOG_REWRITE_QUEUE.csv). NOINDEX only for members Search Console shows earn nothing (class C) and that are not rewritten.,40 articles on different topics share one body template (mean normalised similarity 0.96).,body text (5-word shingles)
F9,template family (shared outline and phrasing),no,40,0.958,aws-roadmap-2026-for-data-engineers,5fa7b9c2-0077-45c5-a192-74d533b354a3,Data Modeling in Redshift: A Practical Guide,/blog/data-modeling-in-redshift-a-practical-guide,0.661,DEEP REWRITE,Rewrite in priority order (BLOG_REWRITE_QUEUE.csv). NOINDEX only for members Search Console shows earn nothing (class C) and that are not rewritten.,40 articles on different topics share one body template (mean normalised similarity 0.96).,body text (5-word shingles)
F9,template family (shared outline and phrasing),no,40,0.958,aws-roadmap-2026-for-data-engineers,1bb90268-f1da-4792-8f4f-2958d6184bf9,Event-Driven Pipelines with Lambda and S3,/blog/event-driven-pipelines-with-lambda-and-s3,0.661,DEEP REWRITE,Rewrite in priority order (BLOG_REWRITE_QUEUE.csv). NOINDEX only for members Search Console shows earn nothing (class C) and that are not rewritten.,40 articles on different topics share one body template (mean normalised similarity 0.96).,body text (5-word shingles)
F9,template family (shared outline and phrasing),no,40,0.958,aws-roadmap-2026-for-data-engineers,5d2d9f9f-7c75-4499-9506-8dbf58f04f09,How to Start an AWS Cloud Career in 2026,/blog/how-to-start-an-aws-cloud-career-in-2026,0.661,DEEP REWRITE,Rewrite in priority order (BLOG_REWRITE_QUEUE.csv). NOINDEX only for members Search Console shows earn nothing (class C) and that are not rewritten.,40 articles on different topics share one body template (mean normalised similarity 0.96).,body text (5-word shingles)
F9,template family (shared outline and phrasing),no,40,0.958,aws-roadmap-2026-for-data-engineers,77a5d528-ac38-4bfa-950b-081b5843945b,Loading Data into Redshift: COPY and Best Practices,/blog/loading-data-into-redshift-copy-and-best-practices,0.661,DEEP REWRITE,Rewrite in priority order (BLOG_REWRITE_QUEUE.csv). NOINDEX only for members Search Console shows earn nothing (class C) and that are not rewritten.,40 articles on different topics share one body template (mean normalised similarity 0.96).,body text (5-word shingles)
F9,template family (shared outline and phrasing),no,40,0.958,aws-roadmap-2026-for-data-engineers,a07756cb-8329-4dbd-92b7-e78bf428e535,Migrating Data to AWS: DMS and Best Practices,/blog/migrating-data-to-aws-dms-and-best-practices,0.661,DEEP REWRITE,Rewrite in priority order (BLOG_REWRITE_QUEUE.csv). NOINDEX only for members Search Console shows earn nothing (class C) and that are not rewritten.,40 articles on different topics share one body template (mean normalised similarity 0.96).,body text (5-word shingles)
F9,template family (shared outline and phrasing),no,40,0.958,aws-roadmap-2026-for-data-engineers,f75882f4-8ca5-43b6-b606-b705eb5bff4b,Parquet and Partitioning for Cheaper Athena Queries,/blog/parquet-and-partitioning-for-cheaper-athena-queries,0.661,DEEP REWRITE,Rewrite in priority order (BLOG_REWRITE_QUEUE.csv). NOINDEX only for members Search Console shows earn nothing (class C) and that are not rewritten.,40 articles on different topics share one body template (mean normalised similarity 0.96).,body text (5-word shingles)
F9,template family (shared outline and phrasing),no,40,0.958,aws-roadmap-2026-for-data-engineers,54ecb1d9-4617-48f7-a3c2-1832b2049add,Partitioning Data in S3 for Athena Performance,/blog/partitioning-data-in-s3-for-athena-performance,0.661,DEEP REWRITE,Rewrite in priority order (BLOG_REWRITE_QUEUE.csv). NOINDEX only for members Search Console shows earn nothing (class C) and that are not rewritten.,40 articles on different topics share one body template (mean normalised similarity 0.96).,body text (5-word shingles)
F9,template family (shared outline and phrasing),no,40,0.958,aws-roadmap-2026-for-data-engineers,df881e22-a523-4bc3-904c-7f80d4590def,Redshift Performance Tuning: Distribution and Sort Keys,/blog/redshift-performance-tuning-distribution-and-sort-keys,0.661,DEEP REWRITE,Rewrite in priority order (BLOG_REWRITE_QUEUE.csv). NOINDEX only for members Search Console shows earn nothing (class C) and that are not rewritten.,40 articles on different topics share one body template (mean normalised similarity 0.96).,body text (5-word shingles)
F9,template family (shared outline and phrasing),no,40,0.958,aws-roadmap-2026-for-data-engineers,7f141f7e-cb1f-4772-80ca-f0c96de72f14,Redshift Spectrum: Querying S3 from Redshift,/blog/redshift-spectrum-querying-s3-from-redshift,0.661,DEEP REWRITE,Rewrite in priority order (BLOG_REWRITE_QUEUE.csv). NOINDEX only for members Search Console shows earn nothing (class C) and that are not rewritten.,40 articles on different topics share one body template (mean normalised similarity 0.96).,body text (5-word shingles)
F9,template family (shared outline and phrasing),no,40,0.958,aws-roadmap-2026-for-data-engineers,5c9bb7f0-070f-4396-ac42-7e55fd68e633,S3 Lifecycle Policies and Storage Cost Savings,/blog/s3-lifecycle-policies-and-storage-cost-savings,0.661,DEEP REWRITE,Rewrite in priority order (BLOG_REWRITE_QUEUE.csv). NOINDEX only for members Search Console shows earn nothing (class C) and that are not rewritten.,40 articles on different topics share one body template (mean normalised similarity 0.96).,body text (5-word shingles)
F9,template family (shared outline and phrasing),no,40,0.958,aws-roadmap-2026-for-data-engineers,4678f12a-51c7-4309-85b9-e00fcb1eea94,Securing Data on AWS: Encryption and KMS,/blog/securing-data-on-aws-encryption-and-kms,0.661,DEEP REWRITE,Rewrite in priority order (BLOG_REWRITE_QUEUE.csv). NOINDEX only for members Search Console shows earn nothing (class C) and that are not rewritten.,40 articles on different topics share one body template (mean normalised similarity 0.96).,body text (5-word shingles)
F9,template family (shared outline and phrasing),no,40,0.958,aws-roadmap-2026-for-data-engineers,4a2a6d6c-8d4e-4762-9a82-badcb4a5fbc6,Streaming Data with Kinesis to S3 and Redshift,/blog/streaming-data-with-kinesis-to-s3-and-redshift,0.661,DEEP REWRITE,Rewrite in priority order (BLOG_REWRITE_QUEUE.csv). NOINDEX only for members Search Console shows earn nothing (class C) and that are not rewritten.,40 articles on different topics share one body template (mean normalised similarity 0.96).,body text (5-word shingles)
F9,template family (shared outline and phrasing),no,40,0.958,aws-roadmap-2026-for-data-engineers,6cdb6c3f-081b-4803-b713-d09ee570fa30,VPC Basics for Data Engineers on AWS,/blog/vpc-basics-for-data-engineers-on-aws,0.661,DEEP REWRITE,Rewrite in priority order (BLOG_REWRITE_QUEUE.csv). NOINDEX only for members Search Console shows earn nothing (class C) and that are not rewritten.,40 articles on different topics share one body template (mean normalised similarity 0.96).,body text (5-word shingles)
F10,template family (shared outline and phrasing),no,14,0.921,apache-iceberg-vs-delta-lake-vs-hudi,663d55df-fc74-45f8-bde8-b1f62492fc11,Apache Iceberg vs Delta Lake vs Hudi,/blog/apache-iceberg-vs-delta-lake-vs-hudi,1,DEEP REWRITE,Rewrite in priority order (BLOG_REWRITE_QUEUE.csv). NOINDEX only for members Search Console shows earn nothing (class C) and that are not rewritten.,14 articles on different topics share one body template (mean normalised similarity 0.92).,body text (5-word shingles)
F10,template family (shared outline and phrasing),no,14,0.921,apache-iceberg-vs-delta-lake-vs-hudi,fb9c9772-df13-4071-ae31-00e932fba319,Batch vs Streaming Data Processing: A Clear Comparison,/blog/batch-vs-streaming-data-processing-a-clear-comparison,0.982,DEEP REWRITE,Rewrite in priority order (BLOG_REWRITE_QUEUE.csv). NOINDEX only for members Search Console shows earn nothing (class C) and that are not rewritten.,14 articles on different topics share one body template (mean normalised similarity 0.92).,body text (5-word shingles)
F10,template family (shared outline and phrasing),no,14,0.921,apache-iceberg-vs-delta-lake-vs-hudi,b812f849-6d75-4828-a2a5-1299ddabb85f,Cloud Data Warehouses Compared: Snowflake vs BigQuery vs Redshift,/blog/cloud-data-warehouses-compared-snowflake-vs-bigquery-vs-redshift,0.982,DEEP REWRITE,Rewrite in priority order (BLOG_REWRITE_QUEUE.csv). NOINDEX only for members Search Console shows earn nothing (class C) and that are not rewritten.,14 articles on different topics share one body template (mean normalised similarity 0.92).,body text (5-word shingles)
F10,template family (shared outline and phrasing),no,14,0.921,apache-iceberg-vs-delta-lake-vs-hudi,55a1b6e1-679f-4d59-a2ae-87c1ce863dff,Data Engineer Salary in Hyderabad 2026,/blog/data-engineer-salary-in-hyderabad-2026,0.532,DEEP REWRITE,Rewrite in priority order (BLOG_REWRITE_QUEUE.csv). NOINDEX only for members Search Console shows earn nothing (class C) and that are not rewritten.,14 articles on different topics share one body template (mean normalised similarity 0.92).,body text (5-word shingles)
F10,template family (shared outline and phrasing),no,14,0.921,apache-iceberg-vs-delta-lake-vs-hudi,528ab0f5-ce67-4c9f-8e7c-32028224fb63,Data Engineering vs Data Science: Roles Compared,/blog/data-engineering-vs-data-science-roles-compared,0.984,DEEP REWRITE,Rewrite in priority order (BLOG_REWRITE_QUEUE.csv). NOINDEX only for members Search Console shows earn nothing (class C) and that are not rewritten.,14 articles on different topics share one body template (mean normalised similarity 0.92).,body text (5-word shingles)
F10,template family (shared outline and phrasing),no,14,0.921,apache-iceberg-vs-delta-lake-vs-hudi,9b30f136-ca6a-43c2-be4d-ee6d6f7e192d,Data Lake vs Data Warehouse vs Lakehouse,/blog/data-lake-vs-data-warehouse-vs-lakehouse,0.979,DEEP REWRITE,Rewrite in priority order (BLOG_REWRITE_QUEUE.csv). NOINDEX only for members Search Console shows earn nothing (class C) and that are not rewritten.,14 articles on different topics share one body template (mean normalised similarity 0.92).,body text (5-word shingles)
F10,template family (shared outline and phrasing),no,14,0.921,apache-iceberg-vs-delta-lake-vs-hudi,4d5339c3-b07c-4fb4-87b0-5c7772773e9e,ETL vs ELT: Differences and When to Use Each,/blog/etl-vs-elt-differences-and-when-to-use-each,0.984,DEEP REWRITE,Rewrite in priority order (BLOG_REWRITE_QUEUE.csv). NOINDEX only for members Search Console shows earn nothing (class C) and that are not rewritten.,14 articles on different topics share one body template (mean normalised similarity 0.92).,body text (5-word shingles)
F10,template family (shared outline and phrasing),no,14,0.921,apache-iceberg-vs-delta-lake-vs-hudi,ea96d1e8-01dc-4c4f-9a01-037a1b1f961b,Kafka vs RabbitMQ vs Pulsar: A Comparison,/blog/kafka-vs-rabbitmq-vs-pulsar-a-comparison,0.982,DEEP REWRITE,Rewrite in priority order (BLOG_REWRITE_QUEUE.csv). NOINDEX only for members Search Console shows earn nothing (class C) and that are not rewritten.,14 articles on different topics share one body template (mean normalised similarity 0.92).,body text (5-word shingles)
F10,template family (shared outline and phrasing),no,14,0.921,apache-iceberg-vs-delta-lake-vs-hudi,8ba7805d-9e58-483f-9b23-4f261c9b40c5,Lambda vs Kappa Architecture Explained,/blog/lambda-vs-kappa-architecture-explained,0.982,DEEP REWRITE,Rewrite in priority order (BLOG_REWRITE_QUEUE.csv). NOINDEX only for members Search Console shows earn nothing (class C) and that are not rewritten.,14 articles on different topics share one body template (mean normalised similarity 0.92).,body text (5-word shingles)
F10,template family (shared outline and phrasing),no,14,0.921,apache-iceberg-vs-delta-lake-vs-hudi,46a5c35f-62e6-47dd-a3e4-39be726a0f80,OLTP vs OLAP: Transactional vs Analytical Systems,/blog/oltp-vs-olap-transactional-vs-analytical-systems,0.984,DEEP REWRITE,Rewrite in priority order (BLOG_REWRITE_QUEUE.csv). NOINDEX only for members Search Console shows earn nothing (class C) and that are not rewritten.,14 articles on different topics share one body template (mean normalised similarity 0.92).,body text (5-word shingles)
F10,template family (shared outline and phrasing),no,14,0.921,apache-iceberg-vs-delta-lake-vs-hudi,a6a0eaa1-b568-4541-b5d2-922a84dab321,Orchestration: Airflow vs Dagster vs Prefect,/blog/orchestration-airflow-vs-dagster-vs-prefect,0.982,DEEP REWRITE,Rewrite in priority order (BLOG_REWRITE_QUEUE.csv). NOINDEX only for members Search Console shows earn nothing (class C) and that are not rewritten.,14 articles on different topics share one body template (mean normalised similarity 0.92).,body text (5-word shingles)
F10,template family (shared outline and phrasing),no,14,0.921,apache-iceberg-vs-delta-lake-vs-hudi,e3bbfea1-1393-400c-b732-946dc65fdecf,Parquet vs ORC vs Avro: File Formats Compared,/blog/parquet-vs-orc-vs-avro-file-formats-compared,0.982,DEEP REWRITE,Rewrite in priority order (BLOG_REWRITE_QUEUE.csv). NOINDEX only for members Search Console shows earn nothing (class C) and that are not rewritten.,14 articles on different topics share one body template (mean normalised similarity 0.92).,body text (5-word shingles)
F10,template family (shared outline and phrasing),no,14,0.921,apache-iceberg-vs-delta-lake-vs-hudi,0db55933-b6b8-47b3-9a74-cd0d530a678c,PySpark vs Pandas: When to Use Which,/blog/pyspark-vs-pandas-when-to-use-which,0.984,DEEP REWRITE,Rewrite in priority order (BLOG_REWRITE_QUEUE.csv). NOINDEX only for members Search Console shows earn nothing (class C) and that are not rewritten.,14 articles on different topics share one body template (mean normalised similarity 0.92).,body text (5-word shingles)
F10,template family (shared outline and phrasing),no,14,0.921,apache-iceberg-vs-delta-lake-vs-hudi,22dc0ab8-b604-40ad-9e5e-ff4fb7bfdb84,Spark vs Hadoop: What Changed and Why,/blog/spark-vs-hadoop-what-changed-and-why,0.984,DEEP REWRITE,Rewrite in priority order (BLOG_REWRITE_QUEUE.csv). NOINDEX only for members Search Console shows earn nothing (class C) and that are not rewritten.,14 articles on different topics share one body template (mean normalised similarity 0.92).,body text (5-word shingles)
F11,template family (shared outline and phrasing),no,50,0.864,salary-negotiation-how-to-get-paid-what-you-re-worth,6fc575b7-af6c-4336-81d0-295c93ed6238,Salary Negotiation: How to Get Paid What You're Worth,/blog/salary-negotiation-how-to-get-paid-what-you-re-worth,1,DEEP REWRITE,Rewrite in priority order (BLOG_REWRITE_QUEUE.csv). NOINDEX only for members Search Console shows earn nothing (class C) and that are not rewritten.,50 articles on different topics share one body template (mean normalised similarity 0.86).,body text (5-word shingles)
F11,template family (shared outline and phrasing),no,50,0.864,salary-negotiation-how-to-get-paid-what-you-re-worth,48f55520-ae7a-490d-ad01-f803b86e6207,"Asking for a Raise: Timing, Script and Evidence",/blog/asking-for-a-raise-timing-script-and-evidence,0.49,DEEP REWRITE,Rewrite in priority order (BLOG_REWRITE_QUEUE.csv). NOINDEX only for members Search Console shows earn nothing (class C) and that are not rewritten.,50 articles on different topics share one body template (mean normalised similarity 0.86).,body text (5-word shingles)
F11,template family (shared outline and phrasing),no,50,0.864,salary-negotiation-how-to-get-paid-what-you-re-worth,0abaa0c1-b9c8-4cb8-9eba-e5cc7c31344c,Building a 30-60-90 Day Plan for a New Data Job,/blog/building-a-30-60-90-day-plan-for-a-new-data-job,0.49,DEEP REWRITE,Rewrite in priority order (BLOG_REWRITE_QUEUE.csv). NOINDEX only for members Search Console shows earn nothing (class C) and that are not rewritten.,50 articles on different topics share one body template (mean normalised similarity 0.86).,body text (5-word shingles)
F11,template family (shared outline and phrasing),no,50,0.864,salary-negotiation-how-to-get-paid-what-you-re-worth,02ad0bda-2bf8-4071-92a6-785f58d763fb,Building a Personal Brand on LinkedIn,/blog/building-a-personal-brand-on-linkedin,0.49,DEEP REWRITE,Rewrite in priority order (BLOG_REWRITE_QUEUE.csv). NOINDEX only for members Search Console shows earn nothing (class C) and that are not rewritten.,50 articles on different topics share one body template (mean normalised similarity 0.86).,body text (5-word shingles)
F11,template family (shared outline and phrasing),no,50,0.864,salary-negotiation-how-to-get-paid-what-you-re-worth,7fcc0cee-7f97-45ae-a9cd-eef649fca17e,Building Confidence for Technical Interviews,/blog/building-confidence-for-technical-interviews,0.49,DEEP REWRITE,Rewrite in priority order (BLOG_REWRITE_QUEUE.csv). NOINDEX only for members Search Console shows earn nothing (class C) and that are not rewritten.,50 articles on different topics share one body template (mean normalised similarity 0.86).,body text (5-word shingles)
F11,template family (shared outline and phrasing),no,50,0.864,salary-negotiation-how-to-get-paid-what-you-re-worth,85015ab0-23af-42e9-8520-ec6830d79306,Building Credibility as a Self-Taught Professional,/blog/building-credibility-as-a-self-taught-professional,0.49,DEEP REWRITE,Rewrite in priority order (BLOG_REWRITE_QUEUE.csv). NOINDEX only for members Search Console shows earn nothing (class C) and that are not rewritten.,50 articles on different topics share one body template (mean normalised similarity 0.86).,body text (5-word shingles)
F11,template family (shared outline and phrasing),no,50,0.864,salary-negotiation-how-to-get-paid-what-you-re-worth,349ea1de-4798-4906-bb07-274ac701eaef,Career Growth: When to Stay vs When to Switch,/blog/career-growth-when-to-stay-vs-when-to-switch,0.533,DEEP REWRITE,Rewrite in priority order (BLOG_REWRITE_QUEUE.csv). NOINDEX only for members Search Console shows earn nothing (class C) and that are not rewritten.,50 articles on different topics share one body template (mean normalised similarity 0.86).,body text (5-word shingles)
F11,template family (shared outline and phrasing),no,50,0.864,salary-negotiation-how-to-get-paid-what-you-re-worth,65cc76d9-89b9-4609-abe6-9d40fc23824e,Career Roadmap: Analyst to Scientist to Lead,/blog/career-roadmap-analyst-to-scientist-to-lead,0.399,DEEP REWRITE,Rewrite in priority order (BLOG_REWRITE_QUEUE.csv). NOINDEX only for members Search Console shows earn nothing (class C) and that are not rewritten.,50 articles on different topics share one body template (mean normalised similarity 0.86).,body text (5-word shingles)
F11,template family (shared outline and phrasing),no,50,0.864,salary-negotiation-how-to-get-paid-what-you-re-worth,991b639c-cd14-482b-8edb-8bc85ac78946,Career Switch to Data Science: A Realistic Roadmap,/blog/career-switch-to-data-science-a-realistic-roadmap,0.399,DEEP REWRITE,Rewrite in priority order (BLOG_REWRITE_QUEUE.csv). NOINDEX only for members Search Console shows earn nothing (class C) and that are not rewritten.,50 articles on different topics share one body template (mean normalised similarity 0.86).,body text (5-word shingles)
F11,template family (shared outline and phrasing),no,50,0.864,salary-negotiation-how-to-get-paid-what-you-re-worth,4da08b23-2103-47c5-8f3e-668b4d51f0dc,Common Resume Mistakes That Get You Rejected,/blog/common-resume-mistakes-that-get-you-rejected,0.49,DEEP REWRITE,Rewrite in priority order (BLOG_REWRITE_QUEUE.csv). NOINDEX only for members Search Console shows earn nothing (class C) and that are not rewritten.,50 articles on different topics share one body template (mean normalised similarity 0.86).,body text (5-word shingles)
F11,template family (shared outline and phrasing),no,50,0.864,salary-negotiation-how-to-get-paid-what-you-re-worth,6bafd24c-d84b-449c-901c-df4e8163efbf,Cracking HR Round Questions Confidently,/blog/cracking-hr-round-questions-confidently,0.49,DEEP REWRITE,Rewrite in priority order (BLOG_REWRITE_QUEUE.csv). NOINDEX only for members Search Console shows earn nothing (class C) and that are not rewritten.,50 articles on different topics share one body template (mean normalised similarity 0.86).,body text (5-word shingles)
F11,template family (shared outline and phrasing),no,50,0.864,salary-negotiation-how-to-get-paid-what-you-re-worth,ff61386a-778b-4895-9173-fc3c20f1fe33,Cracking the Behavioral Interview: STAR Method,/blog/cracking-the-behavioral-interview-star-method,0.49,DEEP REWRITE,Rewrite in priority order (BLOG_REWRITE_QUEUE.csv). NOINDEX only for members Search Console shows earn nothing (class C) and that are not rewritten.,50 articles on different topics share one body template (mean normalised similarity 0.86).,body text (5-word shingles)
F11,template family (shared outline and phrasing),no,50,0.864,salary-negotiation-how-to-get-paid-what-you-re-worth,5fc6afc5-f83d-4462-89a0-25e35eba9439,Crafting an Elevator Pitch for Tech Roles,/blog/crafting-an-elevator-pitch-for-tech-roles,0.49,DEEP REWRITE,Rewrite in priority order (BLOG_REWRITE_QUEUE.csv). NOINDEX only for members Search Console shows earn nothing (class C) and that are not rewritten.,50 articles on different topics share one body template (mean normalised similarity 0.86).,body text (5-word shingles)
F11,template family (shared outline and phrasing),no,50,0.864,salary-negotiation-how-to-get-paid-what-you-re-worth,2469e61e-f691-45c2-b013-931802ca37e2,Freelancing Guide for Data Professionals,/blog/freelancing-guide-for-data-professionals,0.49,DEEP REWRITE,Rewrite in priority order (BLOG_REWRITE_QUEUE.csv). NOINDEX only for members Search Console shows earn nothing (class C) and that are not rewritten.,50 articles on different topics share one body template (mean normalised similarity 0.86).,body text (5-word shingles)
F11,template family (shared outline and phrasing),no,50,0.864,salary-negotiation-how-to-get-paid-what-you-re-worth,fc463cee-1723-4b25-b0c9-fd01b482d4d3,From College to Corporate: A Fresher's Survival Guide,/blog/from-college-to-corporate-a-fresher-s-survival-guide,0.49,DEEP REWRITE,Rewrite in priority order (BLOG_REWRITE_QUEUE.csv). NOINDEX only for members Search Console shows earn nothing (class C) and that are not rewritten.,50 articles on different topics share one body template (mean normalised similarity 0.86).,body text (5-word shingles)
F11,template family (shared outline and phrasing),no,50,0.864,salary-negotiation-how-to-get-paid-what-you-re-worth,5af445b3-82b0-43b2-baa9-e37d3c607de0,From Service to Product Company: A Transition Guide,/blog/from-service-to-product-company-a-transition-guide,0.49,DEEP REWRITE,Rewrite in priority order (BLOG_REWRITE_QUEUE.csv). NOINDEX only for members Search Console shows earn nothing (class C) and that are not rewritten.,50 articles on different topics share one body template (mean normalised similarity 0.86).,body text (5-word shingles)
F11,template family (shared outline and phrasing),no,50,0.864,salary-negotiation-how-to-get-paid-what-you-re-worth,10bd47cf-0379-45cf-a528-f3d759538b77,GitHub Profile Tips to Impress Hiring Managers,/blog/github-profile-tips-to-impress-hiring-managers,0.49,DEEP REWRITE,Rewrite in priority order (BLOG_REWRITE_QUEUE.csv). NOINDEX only for members Search Console shows earn nothing (class C) and that are not rewritten.,50 articles on different topics share one body template (mean normalised similarity 0.86).,body text (5-word shingles)
F11,template family (shared outline and phrasing),no,50,0.864,salary-negotiation-how-to-get-paid-what-you-re-worth,f28fe1ef-f52c-4721-bb31-4aba0dd2e82c,Handling Job Rejection and Bouncing Back,/blog/handling-job-rejection-and-bouncing-back,0.49,DEEP REWRITE,Rewrite in priority order (BLOG_REWRITE_QUEUE.csv). NOINDEX only for members Search Console shows earn nothing (class C) and that are not rewritten.,50 articles on different topics share one body template (mean normalised similarity 0.86).,body text (5-word shingles)
F11,template family (shared outline and phrasing),no,50,0.864,salary-negotiation-how-to-get-paid-what-you-re-worth,0bdfb4e6-ca7d-4f77-a247-515fbc7a3716,How to Answer 'Tell Me About Yourself' in Interviews,/blog/how-to-answer-tell-me-about-yourself-in-interviews,0.49,DEEP REWRITE,Rewrite in priority order (BLOG_REWRITE_QUEUE.csv). NOINDEX only for members Search Console shows earn nothing (class C) and that are not rewritten.,50 articles on different topics share one body template (mean normalised similarity 0.86).,body text (5-word shingles)
F11,template family (shared outline and phrasing),no,50,0.864,salary-negotiation-how-to-get-paid-what-you-re-worth,27c1a6dc-026a-436b-b539-d7a9d24c9c2a,How to Build a Data Portfolio Website,/blog/how-to-build-a-data-portfolio-website,0.49,DEEP REWRITE,Rewrite in priority order (BLOG_REWRITE_QUEUE.csv). NOINDEX only for members Search Console shows earn nothing (class C) and that are not rewritten.,50 articles on different topics share one body template (mean normalised similarity 0.86).,body text (5-word shingles)
F11,template family (shared outline and phrasing),no,50,0.864,salary-negotiation-how-to-get-paid-what-you-re-worth,a7099cd5-af10-4d85-89aa-ff942fed1cbe,How to Crack Product-Based Company Interviews,/blog/how-to-crack-product-based-company-interviews,0.49,DEEP REWRITE,Rewrite in priority order (BLOG_REWRITE_QUEUE.csv). NOINDEX only for members Search Console shows earn nothing (class C) and that are not rewritten.,50 articles on different topics share one body template (mean normalised similarity 0.86).,body text (5-word shingles)
F11,template family (shared outline and phrasing),no,50,0.864,salary-negotiation-how-to-get-paid-what-you-re-worth,967d2df0-0348-4572-99ed-86c4eba17f41,How to Find a Mentor in Tech,/blog/how-to-find-a-mentor-in-tech,0.49,DEEP REWRITE,Rewrite in priority order (BLOG_REWRITE_QUEUE.csv). NOINDEX only for members Search Console shows earn nothing (class C) and that are not rewritten.,50 articles on different topics share one body template (mean normalised similarity 0.86).,body text (5-word shingles)
F11,template family (shared outline and phrasing),no,50,0.864,salary-negotiation-how-to-get-paid-what-you-re-worth,29786512-1893-41b9-ae9a-e806a4a6b0bb,How to Get Promoted in a Data Team,/blog/how-to-get-promoted-in-a-data-team,0.49,DEEP REWRITE,Rewrite in priority order (BLOG_REWRITE_QUEUE.csv). NOINDEX only for members Search Console shows earn nothing (class C) and that are not rewritten.,50 articles on different topics share one body template (mean normalised similarity 0.86).,body text (5-word shingles)
F11,template family (shared outline and phrasing),no,50,0.864,salary-negotiation-how-to-get-paid-what-you-re-worth,32cf794d-cafa-4a23-9f3e-59970c4bdfcb,How to Get Recruiters to Notice Your Profile,/blog/how-to-get-recruiters-to-notice-your-profile,0.49,DEEP REWRITE,Rewrite in priority order (BLOG_REWRITE_QUEUE.csv). NOINDEX only for members Search Console shows earn nothing (class C) and that are not rewritten.,50 articles on different topics share one body template (mean normalised similarity 0.86).,body text (5-word shingles)
F11,template family (shared outline and phrasing),no,50,0.864,salary-negotiation-how-to-get-paid-what-you-re-worth,aab7ba0a-93a0-41f4-9e23-3cba7707ffbf,How to Get Your First Data Job with No Experience,/blog/how-to-get-your-first-data-job-with-no-experience,0.49,DEEP REWRITE,Rewrite in priority order (BLOG_REWRITE_QUEUE.csv). NOINDEX only for members Search Console shows earn nothing (class C) and that are not rewritten.,50 articles on different topics share one body template (mean normalised similarity 0.86).,body text (5-word shingles)
F11,template family (shared outline and phrasing),no,50,0.864,salary-negotiation-how-to-get-paid-what-you-re-worth,a0318615-bc1b-4d98-be65-146d5ec21e43,How to Handle Multiple Job Offers Gracefully,/blog/how-to-handle-multiple-job-offers-gracefully,0.49,DEEP REWRITE,Rewrite in priority order (BLOG_REWRITE_QUEUE.csv). NOINDEX only for members Search Console shows earn nothing (class C) and that are not rewritten.,50 articles on different topics share one body template (mean normalised similarity 0.86).,body text (5-word shingles)
F11,template family (shared outline and phrasing),no,50,0.864,salary-negotiation-how-to-get-paid-what-you-re-worth,13f7db9c-eb08-496e-ba69-a4d0014165ca,How to Make a Career Pivot Without a Pay Cut,/blog/how-to-make-a-career-pivot-without-a-pay-cut,0.49,DEEP REWRITE,Rewrite in priority order (BLOG_REWRITE_QUEUE.csv). NOINDEX only for members Search Console shows earn nothing (class C) and that are not rewritten.,50 articles on different topics share one body template (mean normalised similarity 0.86).,body text (5-word shingles)
F11,template family (shared outline and phrasing),no,50,0.864,salary-negotiation-how-to-get-paid-what-you-re-worth,e4d3dfbf-9891-48ca-9780-5154a5b3b399,How to Negotiate a Job Offer Email Step by Step,/blog/how-to-negotiate-a-job-offer-email-step-by-step,0.49,DEEP REWRITE,Rewrite in priority order (BLOG_REWRITE_QUEUE.csv). NOINDEX only for members Search Console shows earn nothing (class C) and that are not rewritten.,50 articles on different topics share one body template (mean normalised similarity 0.86).,body text (5-word shingles)
F11,template family (shared outline and phrasing),no,50,0.864,salary-negotiation-how-to-get-paid-what-you-re-worth,9f20c19d-0345-4d71-a818-7fbeca99a099,How to Plan a 5-Year Career in Data,/blog/how-to-plan-a-5-year-career-in-data,0.49,DEEP REWRITE,Rewrite in priority order (BLOG_REWRITE_QUEUE.csv). NOINDEX only for members Search Console shows earn nothing (class C) and that are not rewritten.,50 articles on different topics share one body template (mean normalised similarity 0.86).,body text (5-word shingles)
F11,template family (shared outline and phrasing),no,50,0.864,salary-negotiation-how-to-get-paid-what-you-re-worth,10d428e9-db13-45b5-b561-20494be01b7c,How to Prepare for an Interview in One Week,/blog/how-to-prepare-for-an-interview-in-one-week,0.49,DEEP REWRITE,Rewrite in priority order (BLOG_REWRITE_QUEUE.csv). NOINDEX only for members Search Console shows earn nothing (class C) and that are not rewritten.,50 articles on different topics share one body template (mean normalised similarity 0.86).,body text (5-word shingles)
F11,template family (shared outline and phrasing),no,50,0.864,salary-negotiation-how-to-get-paid-what-you-re-worth,6d1ca64b-0d66-4008-bd41-b562c2d41a01,How to Quantify Achievements on Your Resume,/blog/how-to-quantify-achievements-on-your-resume,0.49,DEEP REWRITE,Rewrite in priority order (BLOG_REWRITE_QUEUE.csv). NOINDEX only for members Search Console shows earn nothing (class C) and that are not rewritten.,50 articles on different topics share one body template (mean normalised similarity 0.86).,body text (5-word shingles)
F11,template family (shared outline and phrasing),no,50,0.864,salary-negotiation-how-to-get-paid-what-you-re-worth,2566c21c-4ed1-4e8d-9667-b1a8ca6cf96f,How to Stand Out in a Crowded Junior Job Market,/blog/how-to-stand-out-in-a-crowded-junior-job-market,0.49,DEEP REWRITE,Rewrite in priority order (BLOG_REWRITE_QUEUE.csv). NOINDEX only for members Search Console shows earn nothing (class C) and that are not rewritten.,50 articles on different topics share one body template (mean normalised similarity 0.86).,body text (5-word shingles)
F11,template family (shared outline and phrasing),no,50,0.864,salary-negotiation-how-to-get-paid-what-you-re-worth,4e48b7b9-3d77-4565-af17-6656bb2060ed,How to Switch Careers After 30: A Practical Guide,/blog/how-to-switch-careers-after-30-a-practical-guide,0.49,DEEP REWRITE,Rewrite in priority order (BLOG_REWRITE_QUEUE.csv). NOINDEX only for members Search Console shows earn nothing (class C) and that are not rewritten.,50 articles on different topics share one body template (mean normalised similarity 0.86).,body text (5-word shingles)
F11,template family (shared outline and phrasing),no,50,0.864,salary-negotiation-how-to-get-paid-what-you-re-worth,d10e174e-a146-4391-89c9-2ba88fa170a2,How to Transition from Testing to Data Engineering,/blog/how-to-transition-from-testing-to-data-engineering,0.49,DEEP REWRITE,Rewrite in priority order (BLOG_REWRITE_QUEUE.csv). NOINDEX only for members Search Console shows earn nothing (class C) and that are not rewritten.,50 articles on different topics share one body template (mean normalised similarity 0.86).,body text (5-word shingles)
F11,template family (shared outline and phrasing),no,50,0.864,salary-negotiation-how-to-get-paid-what-you-re-worth,d511d0c2-d5b3-468d-8e53-de794bb760d5,How to Use Kaggle to Boost Your Job Profile,/blog/how-to-use-kaggle-to-boost-your-job-profile,0.49,DEEP REWRITE,Rewrite in priority order (BLOG_REWRITE_QUEUE.csv). NOINDEX only for members Search Console shows earn nothing (class C) and that are not rewritten.,50 articles on different topics share one body template (mean normalised similarity 0.86).,body text (5-word shingles)
F11,template family (shared outline and phrasing),no,50,0.864,salary-negotiation-how-to-get-paid-what-you-re-worth,4c19b315-d7a3-4d71-803f-c178ab0810e5,How to Write a Cover Letter That Gets Read,/blog/how-to-write-a-cover-letter-that-gets-read,0.49,DEEP REWRITE,Rewrite in priority order (BLOG_REWRITE_QUEUE.csv). NOINDEX only for members Search Console shows earn nothing (class C) and that are not rewritten.,50 articles on different topics share one body template (mean normalised similarity 0.86).,body text (5-word shingles)
F11,template family (shared outline and phrasing),no,50,0.864,salary-negotiation-how-to-get-paid-what-you-re-worth,1b0581ad-8b47-4731-b786-9b8b3be0ada0,How to Write LinkedIn Posts That Get You Noticed,/blog/how-to-write-linkedin-posts-that-get-you-noticed,0.49,DEEP REWRITE,Rewrite in priority order (BLOG_REWRITE_QUEUE.csv). NOINDEX only for members Search Console shows earn nothing (class C) and that are not rewritten.,50 articles on different topics share one body template (mean normalised similarity 0.86).,body text (5-word shingles)
F11,template family (shared outline and phrasing),no,50,0.864,salary-negotiation-how-to-get-paid-what-you-re-worth,ee7bcd59-2acc-4cdd-ae67-84b7bfc38ddb,Imposter Syndrome in Tech: How to Beat It,/blog/imposter-syndrome-in-tech-how-to-beat-it,0.49,DEEP REWRITE,Rewrite in priority order (BLOG_REWRITE_QUEUE.csv). NOINDEX only for members Search Console shows earn nothing (class C) and that are not rewritten.,50 articles on different topics share one body template (mean normalised similarity 0.86).,body text (5-word shingles)
F11,template family (shared outline and phrasing),no,50,0.864,salary-negotiation-how-to-get-paid-what-you-re-worth,1b0dde28-b020-4114-a180-4e693a672b9a,Internships vs Certifications: What Recruiters Value,/blog/internships-vs-certifications-what-recruiters-value,0.536,DEEP REWRITE,Rewrite in priority order (BLOG_REWRITE_QUEUE.csv). NOINDEX only for members Search Console shows earn nothing (class C) and that are not rewritten.,50 articles on different topics share one body template (mean normalised similarity 0.86).,body text (5-word shingles)
F11,template family (shared outline and phrasing),no,50,0.864,salary-negotiation-how-to-get-paid-what-you-re-worth,b72f8d3e-b8e6-421c-94c2-cb7807bee0a4,Interview Tips for Freshers: How to Stand Out,/blog/interview-tips-for-freshers-how-to-stand-out,0.49,DEEP REWRITE,Rewrite in priority order (BLOG_REWRITE_QUEUE.csv). NOINDEX only for members Search Console shows earn nothing (class C) and that are not rewritten.,50 articles on different topics share one body template (mean normalised similarity 0.86).,body text (5-word shingles)
F11,template family (shared outline and phrasing),no,50,0.864,salary-negotiation-how-to-get-paid-what-you-re-worth,a0224e31-c0b6-4e0b-961b-15d4d967cea9,Job Search Strategy for the Indian Tech Market 2026,/blog/job-search-strategy-for-the-indian-tech-market-2026,0.49,DEEP REWRITE,Rewrite in priority order (BLOG_REWRITE_QUEUE.csv). NOINDEX only for members Search Console shows earn nothing (class C) and that are not rewritten.,50 articles on different topics share one body template (mean normalised similarity 0.86).,body text (5-word shingles)
F11,template family (shared outline and phrasing),no,50,0.864,salary-negotiation-how-to-get-paid-what-you-re-worth,6fb04597-c9b0-46c7-a854-a262c7b17653,LinkedIn Optimization for Tech Job Seekers in 2026,/blog/linkedin-optimization-for-tech-job-seekers-in-2026,0.49,DEEP REWRITE,Rewrite in priority order (BLOG_REWRITE_QUEUE.csv). NOINDEX only for members Search Console shows earn nothing (class C) and that are not rewritten.,50 articles on different topics share one body template (mean normalised similarity 0.86).,body text (5-word shingles)
F11,template family (shared outline and phrasing),no,50,0.864,salary-negotiation-how-to-get-paid-what-you-re-worth,df97d781-2b57-48aa-8851-e27f35b6d2ae,Networking for Introverts: Landing Referrals,/blog/networking-for-introverts-landing-referrals,0.49,DEEP REWRITE,Rewrite in priority order (BLOG_REWRITE_QUEUE.csv). NOINDEX only for members Search Console shows earn nothing (class C) and that are not rewritten.,50 articles on different topics share one body template (mean normalised similarity 0.86).,body text (5-word shingles)
F11,template family (shared outline and phrasing),no,50,0.864,salary-negotiation-how-to-get-paid-what-you-re-worth,0896227f-5112-4a2a-88f9-e32cb3f2521c,Personal Projects That Double as Interview Stories,/blog/personal-projects-that-double-as-interview-stories,0.416,DEEP REWRITE,Rewrite in priority order (BLOG_REWRITE_QUEUE.csv). NOINDEX only for members Search Console shows earn nothing (class C) and that are not rewritten.,50 articles on different topics share one body template (mean normalised similarity 0.86).,body text (5-word shingles)
F11,template family (shared outline and phrasing),no,50,0.864,salary-negotiation-how-to-get-paid-what-you-re-worth,e265908e-7bcb-4aec-b825-ba3c56375899,Portfolio Building: Projects That Impress Recruiters,/blog/portfolio-building-projects-that-impress-recruiters,0.416,DEEP REWRITE,Rewrite in priority order (BLOG_REWRITE_QUEUE.csv). NOINDEX only for members Search Console shows earn nothing (class C) and that are not rewritten.,50 articles on different topics share one body template (mean normalised similarity 0.86).,body text (5-word shingles)
F11,template family (shared outline and phrasing),no,50,0.864,salary-negotiation-how-to-get-paid-what-you-re-worth,65dbdc3b-c53a-4690-ba53-574bbf8283fc,Reference Checks: How to Prepare Your Referees,/blog/reference-checks-how-to-prepare-your-referees,0.49,DEEP REWRITE,Rewrite in priority order (BLOG_REWRITE_QUEUE.csv). NOINDEX only for members Search Console shows earn nothing (class C) and that are not rewritten.,50 articles on different topics share one body template (mean normalised similarity 0.86).,body text (5-word shingles)
F11,template family (shared outline and phrasing),no,50,0.864,salary-negotiation-how-to-get-paid-what-you-re-worth,28421f30-eaea-45ea-97e6-e9fede6b9a19,Remote Data Jobs: How to Find and Land Them,/blog/remote-data-jobs-how-to-find-and-land-them,0.49,DEEP REWRITE,Rewrite in priority order (BLOG_REWRITE_QUEUE.csv). NOINDEX only for members Search Console shows earn nothing (class C) and that are not rewritten.,50 articles on different topics share one body template (mean normalised similarity 0.86).,body text (5-word shingles)
F11,template family (shared outline and phrasing),no,50,0.864,salary-negotiation-how-to-get-paid-what-you-re-worth,b92d9d8b-5b0b-4be1-bf61-d6ef77b71366,Resume Building for Data Roles: A Complete Guide,/blog/resume-building-for-data-roles-a-complete-guide,0.49,DEEP REWRITE,Rewrite in priority order (BLOG_REWRITE_QUEUE.csv). NOINDEX only for members Search Console shows earn nothing (class C) and that are not rewritten.,50 articles on different topics share one body template (mean normalised similarity 0.86).,body text (5-word shingles)
F11,template family (shared outline and phrasing),no,50,0.864,salary-negotiation-how-to-get-paid-what-you-re-worth,d7690432-053e-4d13-a095-57b20926aed1,Soft Skills That Make Data Professionals Stand Out,/blog/soft-skills-that-make-data-professionals-stand-out,0.49,DEEP REWRITE,Rewrite in priority order (BLOG_REWRITE_QUEUE.csv). NOINDEX only for members Search Console shows earn nothing (class C) and that are not rewritten.,50 articles on different topics share one body template (mean normalised similarity 0.86).,body text (5-word shingles)
F11,template family (shared outline and phrasing),no,50,0.864,salary-negotiation-how-to-get-paid-what-you-re-worth,b482f317-6b74-4891-ae75-92b4aa07a7f4,Upskilling vs Reskilling: Which Path Fits You?,/blog/upskilling-vs-reskilling-which-path-fits-you,0.536,DEEP REWRITE,Rewrite in priority order (BLOG_REWRITE_QUEUE.csv). NOINDEX only for members Search Console shows earn nothing (class C) and that are not rewritten.,50 articles on different topics share one body template (mean normalised similarity 0.86).,body text (5-word shingles)
F12,template family (shared outline and phrasing),no,43,0.886,learn-python-from-scratch-a-complete-2026-roadmap,92281b73-ee0d-43f7-b140-250bb2a84d7d,Learn Python from Scratch: A Complete 2026 Roadmap,/blog/learn-python-from-scratch-a-complete-2026-roadmap,1,DEEP REWRITE,Rewrite in priority order (BLOG_REWRITE_QUEUE.csv). NOINDEX only for members Search Console shows earn nothing (class C) and that are not rewritten.,43 articles on different topics share one body template (mean normalised similarity 0.89).,body text (5-word shingles)
F12,template family (shared outline and phrasing),no,43,0.886,learn-python-from-scratch-a-complete-2026-roadmap,f428d13d-de14-4621-abc2-98478efd2475,Async Programming in Python: asyncio Explained,/blog/async-programming-in-python-asyncio-explained,0.652,DEEP REWRITE,Rewrite in priority order (BLOG_REWRITE_QUEUE.csv). NOINDEX only for members Search Console shows earn nothing (class C) and that are not rewritten.,43 articles on different topics share one body template (mean normalised similarity 0.89).,body text (5-word shingles)
F12,template family (shared outline and phrasing),no,43,0.886,learn-python-from-scratch-a-complete-2026-roadmap,4f437d9d-a154-4e7b-88f4-5c66ce18e35a,Automate Boring Tasks with Python: 10 Scripts,/blog/automate-boring-tasks-with-python-10-scripts,0.652,DEEP REWRITE,Rewrite in priority order (BLOG_REWRITE_QUEUE.csv). NOINDEX only for members Search Console shows earn nothing (class C) and that are not rewritten.,43 articles on different topics share one body template (mean normalised similarity 0.89).,body text (5-word shingles)
F12,template family (shared outline and phrasing),no,43,0.886,learn-python-from-scratch-a-complete-2026-roadmap,bd712f6b-e063-42e5-b5cc-bc8c5ee1a8c3,Building a CLI Tool in Python with argparse,/blog/building-a-cli-tool-in-python-with-argparse,0.652,DEEP REWRITE,Rewrite in priority order (BLOG_REWRITE_QUEUE.csv). NOINDEX only for members Search Console shows earn nothing (class C) and that are not rewritten.,43 articles on different topics share one body template (mean normalised similarity 0.89).,body text (5-word shingles)
F12,template family (shared outline and phrasing),no,43,0.886,learn-python-from-scratch-a-complete-2026-roadmap,02a50b99-e10e-491f-b765-b810d5036c57,Building REST APIs with Python: A Practical Guide,/blog/building-rest-apis-with-python-a-practical-guide,0.652,DEEP REWRITE,Rewrite in priority order (BLOG_REWRITE_QUEUE.csv). NOINDEX only for members Search Console shows earn nothing (class C) and that are not rewritten.,43 articles on different topics share one body template (mean normalised similarity 0.89).,body text (5-word shingles)
F12,template family (shared outline and phrasing),no,43,0.886,learn-python-from-scratch-a-complete-2026-roadmap,f3c923b3-4b18-4086-b614-82b2b838d26c,Datetime in Python: Working with Dates and Times,/blog/datetime-in-python-working-with-dates-and-times,0.652,DEEP REWRITE,Rewrite in priority order (BLOG_REWRITE_QUEUE.csv). NOINDEX only for members Search Console shows earn nothing (class C) and that are not rewritten.,43 articles on different topics share one body template (mean normalised similarity 0.89).,body text (5-word shingles)
F12,template family (shared outline and phrasing),no,43,0.886,learn-python-from-scratch-a-complete-2026-roadmap,38199134-27c0-4ffd-bada-22c8374b4133,Environment Variables and Secrets in Python Apps,/blog/environment-variables-and-secrets-in-python-apps,0.652,DEEP REWRITE,Rewrite in priority order (BLOG_REWRITE_QUEUE.csv). NOINDEX only for members Search Console shows earn nothing (class C) and that are not rewritten.,43 articles on different topics share one body template (mean normalised similarity 0.89).,body text (5-word shingles)
F12,template family (shared outline and phrasing),no,43,0.886,learn-python-from-scratch-a-complete-2026-roadmap,55efc99e-b28b-4b7a-950c-a09d9261ef1d,"Error Handling in Python: try, except and Best Practices",/blog/error-handling-in-python-try-except-and-best-practices,0.652,DEEP REWRITE,Rewrite in priority order (BLOG_REWRITE_QUEUE.csv). NOINDEX only for members Search Console shows earn nothing (class C) and that are not rewritten.,43 articles on different topics share one body template (mean normalised similarity 0.89).,body text (5-word shingles)
F12,template family (shared outline and phrasing),no,43,0.886,learn-python-from-scratch-a-complete-2026-roadmap,c5bf0466-e910-41b5-902f-09129ee11f75,FastAPI Guide: Build a Production API Step by Step,/blog/fastapi-guide-build-a-production-api-step-by-step,0.652,DEEP REWRITE,Rewrite in priority order (BLOG_REWRITE_QUEUE.csv). NOINDEX only for members Search Console shows earn nothing (class C) and that are not rewritten.,43 articles on different topics share one body template (mean normalised similarity 0.89).,body text (5-word shingles)
F12,template family (shared outline and phrasing),no,43,0.886,learn-python-from-scratch-a-complete-2026-roadmap,07bda889-f7fe-4b0c-8c3c-d2ea24c44d6c,From Python Beginner to Job-Ready: A 6-Month Plan,/blog/from-python-beginner-to-job-ready-a-6-month-plan,0.652,DEEP REWRITE,Rewrite in priority order (BLOG_REWRITE_QUEUE.csv). NOINDEX only for members Search Console shows earn nothing (class C) and that are not rewritten.,43 articles on different topics share one body template (mean normalised similarity 0.89).,body text (5-word shingles)
F12,template family (shared outline and phrasing),no,43,0.886,learn-python-from-scratch-a-complete-2026-roadmap,9ac4af73-9ca7-4fe8-8e96-eb0cb785b42a,How to Learn Python Faster: A Proven Study Plan,/blog/how-to-learn-python-faster-a-proven-study-plan,0.652,DEEP REWRITE,Rewrite in priority order (BLOG_REWRITE_QUEUE.csv). NOINDEX only for members Search Console shows earn nothing (class C) and that are not rewritten.,43 articles on different topics share one body template (mean normalised similarity 0.89).,body text (5-word shingles)
F12,template family (shared outline and phrasing),no,43,0.886,learn-python-from-scratch-a-complete-2026-roadmap,61c626df-9374-4773-bae2-e9b073c01985,How to Structure a Python Project the Right Way,/blog/how-to-structure-a-python-project-the-right-way,0.513,DEEP REWRITE,Rewrite in priority order (BLOG_REWRITE_QUEUE.csv). NOINDEX only for members Search Console shows earn nothing (class C) and that are not rewritten.,43 articles on different topics share one body template (mean normalised similarity 0.89).,body text (5-word shingles)
F12,template family (shared outline and phrasing),no,43,0.886,learn-python-from-scratch-a-complete-2026-roadmap,7c1a79b1-add2-41a7-a2c7-deb2d9b2f5b5,"Lambda Functions, map, filter and reduce in Python",/blog/lambda-functions-map-filter-and-reduce-in-python,0.652,DEEP REWRITE,Rewrite in priority order (BLOG_REWRITE_QUEUE.csv). NOINDEX only for members Search Console shows earn nothing (class C) and that are not rewritten.,43 articles on different topics share one body template (mean normalised similarity 0.89).,body text (5-word shingles)
F12,template family (shared outline and phrasing),no,43,0.886,learn-python-from-scratch-a-complete-2026-roadmap,b4ac66bd-2b59-4cbe-aca0-0a15202e3b22,List Comprehensions in Python: A Complete Guide,/blog/list-comprehensions-in-python-a-complete-guide,0.652,DEEP REWRITE,Rewrite in priority order (BLOG_REWRITE_QUEUE.csv). NOINDEX only for members Search Console shows earn nothing (class C) and that are not rewritten.,43 articles on different topics share one body template (mean normalised similarity 0.89).,body text (5-word shingles)
F12,template family (shared outline and phrasing),no,43,0.886,learn-python-from-scratch-a-complete-2026-roadmap,971b600e-0010-4f57-bae3-01850fb939d2,"NumPy Guide: Arrays, Broadcasting and Vectorization",/blog/numpy-guide-arrays-broadcasting-and-vectorization,0.652,DEEP REWRITE,Rewrite in priority order (BLOG_REWRITE_QUEUE.csv). NOINDEX only for members Search Console shows earn nothing (class C) and that are not rewritten.,43 articles on different topics share one body template (mean normalised similarity 0.89).,body text (5-word shingles)
F12,template family (shared outline and phrasing),no,43,0.886,learn-python-from-scratch-a-complete-2026-roadmap,29094d47-f4d0-4699-9113-51c30ce545d2,Object-Oriented Programming (OOP) in Python Explained,/blog/object-oriented-programming-oop-in-python-explained,0.652,DEEP REWRITE,Rewrite in priority order (BLOG_REWRITE_QUEUE.csv). NOINDEX only for members Search Console shows earn nothing (class C) and that are not rewritten.,43 articles on different topics share one body template (mean normalised similarity 0.89).,body text (5-word shingles)
F12,template family (shared outline and phrasing),no,43,0.886,learn-python-from-scratch-a-complete-2026-roadmap,e53d7658-11f7-4daf-be8f-ee90bab43b33,"Pandas Guide: DataFrames, Cleaning and Aggregation",/blog/pandas-guide-dataframes-cleaning-and-aggregation,0.652,DEEP REWRITE,Rewrite in priority order (BLOG_REWRITE_QUEUE.csv). NOINDEX only for members Search Console shows earn nothing (class C) and that are not rewritten.,43 articles on different topics share one body template (mean normalised similarity 0.89).,body text (5-word shingles)
F12,template family (shared outline and phrasing),no,43,0.886,learn-python-from-scratch-a-complete-2026-roadmap,b71f2897-8aec-4070-ac95-4054bd35d274,Pandas Performance: Making Your Code 10x Faster,/blog/pandas-performance-making-your-code-10x-faster,0.652,DEEP REWRITE,Rewrite in priority order (BLOG_REWRITE_QUEUE.csv). NOINDEX only for members Search Console shows earn nothing (class C) and that are not rewritten.,43 articles on different topics share one body template (mean normalised similarity 0.89).,body text (5-word shingles)
F12,template family (shared outline and phrasing),no,43,0.886,learn-python-from-scratch-a-complete-2026-roadmap,bf18109d-3e26-412f-9165-b47b17673d33,Pydantic Explained: Data Validation in Python,/blog/pydantic-explained-data-validation-in-python,0.652,DEEP REWRITE,Rewrite in priority order (BLOG_REWRITE_QUEUE.csv). NOINDEX only for members Search Console shows earn nothing (class C) and that are not rewritten.,43 articles on different topics share one body template (mean normalised similarity 0.89).,body text (5-word shingles)
F12,template family (shared outline and phrasing),no,43,0.886,learn-python-from-scratch-a-complete-2026-roadmap,6bda2353-932a-41de-a822-ca6f85f633e0,Python *args and **kwargs Explained Clearly,/blog/python-args-and-kwargs-explained-clearly,0.644,DEEP REWRITE,Rewrite in priority order (BLOG_REWRITE_QUEUE.csv). NOINDEX only for members Search Console shows earn nothing (class C) and that are not rewritten.,43 articles on different topics share one body template (mean normalised similarity 0.89).,body text (5-word shingles)
F12,template family (shared outline and phrasing),no,43,0.886,learn-python-from-scratch-a-complete-2026-roadmap,c8618c10-99b8-48fd-b3e7-5d1ab1bc0d10,Python Best Practices: Writing Pythonic Code,/blog/python-best-practices-writing-pythonic-code,0.652,DEEP REWRITE,Rewrite in priority order (BLOG_REWRITE_QUEUE.csv). NOINDEX only for members Search Console shows earn nothing (class C) and that are not rewritten.,43 articles on different topics share one body template (mean normalised similarity 0.89).,body text (5-word shingles)
F12,template family (shared outline and phrasing),no,43,0.886,learn-python-from-scratch-a-complete-2026-roadmap,7a9cfc36-a90a-46e5-bcef-b2064e99da7b,Python Coding Challenges to Practice for Interviews,/blog/python-coding-challenges-to-practice-for-interviews,0.652,DEEP REWRITE,Rewrite in priority order (BLOG_REWRITE_QUEUE.csv). NOINDEX only for members Search Console shows earn nothing (class C) and that are not rewritten.,43 articles on different topics share one body template (mean normalised similarity 0.89).,body text (5-word shingles)
F12,template family (shared outline and phrasing),no,43,0.886,learn-python-from-scratch-a-complete-2026-roadmap,505159b1-b6a3-47c4-82e9-3d9ceb1c0ff2,Python Data Structures: A Complete Reference,/blog/python-data-structures-a-complete-reference,0.652,DEEP REWRITE,Rewrite in priority order (BLOG_REWRITE_QUEUE.csv). NOINDEX only for members Search Console shows earn nothing (class C) and that are not rewritten.,43 articles on different topics share one body template (mean normalised similarity 0.89).,body text (5-word shingles)
F12,template family (shared outline and phrasing),no,43,0.886,learn-python-from-scratch-a-complete-2026-roadmap,d28ad22e-481a-4b44-a126-c04c9a018660,Python Decorators Explained with Real Examples,/blog/python-decorators-explained-with-real-examples,0.652,DEEP REWRITE,Rewrite in priority order (BLOG_REWRITE_QUEUE.csv). NOINDEX only for members Search Console shows earn nothing (class C) and that are not rewritten.,43 articles on different topics share one body template (mean normalised similarity 0.89).,body text (5-word shingles)
F12,template family (shared outline and phrasing),no,43,0.886,learn-python-from-scratch-a-complete-2026-roadmap,71e0b966-419f-4e2b-b91c-a19b6b16c74a,Python f-Strings: Formatting Done Right,/blog/python-f-strings-formatting-done-right,0.652,DEEP REWRITE,Rewrite in priority order (BLOG_REWRITE_QUEUE.csv). NOINDEX only for members Search Console shows earn nothing (class C) and that are not rewritten.,43 articles on different topics share one body template (mean normalised similarity 0.89).,body text (5-word shingles)
F12,template family (shared outline and phrasing),no,43,0.886,learn-python-from-scratch-a-complete-2026-roadmap,338c18d9-dd6b-4b5c-a009-73ceab040a53,Python File Handling: Reading and Writing Files,/blog/python-file-handling-reading-and-writing-files,0.652,DEEP REWRITE,Rewrite in priority order (BLOG_REWRITE_QUEUE.csv). NOINDEX only for members Search Console shows earn nothing (class C) and that are not rewritten.,43 articles on different topics share one body template (mean normalised similarity 0.89).,body text (5-word shingles)
F12,template family (shared outline and phrasing),no,43,0.886,learn-python-from-scratch-a-complete-2026-roadmap,ae735a1c-82cb-4ae2-83e8-7e60220d8075,Python for Automation: A Real-World Project Guide,/blog/python-for-automation-a-real-world-project-guide,0.513,DEEP REWRITE,Rewrite in priority order (BLOG_REWRITE_QUEUE.csv). NOINDEX only for members Search Console shows earn nothing (class C) and that are not rewritten.,43 articles on different topics share one body template (mean normalised similarity 0.89).,body text (5-word shingles)
F12,template family (shared outline and phrasing),no,43,0.886,learn-python-from-scratch-a-complete-2026-roadmap,06416b68-aea7-4356-b7b0-3b7027b67f51,Python for Data Science: The Essential Libraries,/blog/python-for-data-science-the-essential-libraries,0.652,DEEP REWRITE,Rewrite in priority order (BLOG_REWRITE_QUEUE.csv). NOINDEX only for members Search Console shows earn nothing (class C) and that are not rewritten.,43 articles on different topics share one body template (mean normalised similarity 0.89).,body text (5-word shingles)
F12,template family (shared outline and phrasing),no,43,0.886,learn-python-from-scratch-a-complete-2026-roadmap,7d380389-f5d7-4fb2-b34d-be2828ad0063,Python Generators and Iterators Made Simple,/blog/python-generators-and-iterators-made-simple,0.652,DEEP REWRITE,Rewrite in priority order (BLOG_REWRITE_QUEUE.csv). NOINDEX only for members Search Console shows earn nothing (class C) and that are not rewritten.,43 articles on different topics share one body template (mean normalised similarity 0.89).,body text (5-word shingles)
F12,template family (shared outline and phrasing),no,43,0.886,learn-python-from-scratch-a-complete-2026-roadmap,ef46655a-ea04-4e19-b098-9ed232e209ff,Python Logging: A Practical Setup for Real Projects,/blog/python-logging-a-practical-setup-for-real-projects,0.513,DEEP REWRITE,Rewrite in priority order (BLOG_REWRITE_QUEUE.csv). NOINDEX only for members Search Console shows earn nothing (class C) and that are not rewritten.,43 articles on different topics share one body template (mean normalised similarity 0.89).,body text (5-word shingles)
F12,template family (shared outline and phrasing),no,43,0.886,learn-python-from-scratch-a-complete-2026-roadmap,de0d21d1-77c5-459a-8f8d-4b1bcfa9eb32,Python Memory Management and Garbage Collection,/blog/python-memory-management-and-garbage-collection,0.652,DEEP REWRITE,Rewrite in priority order (BLOG_REWRITE_QUEUE.csv). NOINDEX only for members Search Console shows earn nothing (class C) and that are not rewritten.,43 articles on different topics share one body template (mean normalised similarity 0.89).,body text (5-word shingles)
F12,template family (shared outline and phrasing),no,43,0.886,learn-python-from-scratch-a-complete-2026-roadmap,f700ca21-f622-447c-b352-7339f8acca0e,Python Mini Projects to Build in a Weekend,/blog/python-mini-projects-to-build-in-a-weekend,0.513,DEEP REWRITE,Rewrite in priority order (BLOG_REWRITE_QUEUE.csv). NOINDEX only for members Search Console shows earn nothing (class C) and that are not rewritten.,43 articles on different topics share one body template (mean normalised similarity 0.89).,body text (5-word shingles)
F12,template family (shared outline and phrasing),no,43,0.886,learn-python-from-scratch-a-complete-2026-roadmap,aff911c7-72df-41df-9000-e5988f91a683,Python Projects for Beginners: 15 Ideas to Build,/blog/python-projects-for-beginners-15-ideas-to-build,0.513,DEEP REWRITE,Rewrite in priority order (BLOG_REWRITE_QUEUE.csv). NOINDEX only for members Search Console shows earn nothing (class C) and that are not rewritten.,43 articles on different topics share one body template (mean normalised similarity 0.89).,body text (5-word shingles)
F12,template family (shared outline and phrasing),no,43,0.886,learn-python-from-scratch-a-complete-2026-roadmap,0d1a0303-775d-48dc-8cf6-dde91b8b809d,Python String Methods Every Developer Should Know,/blog/python-string-methods-every-developer-should-know,0.652,DEEP REWRITE,Rewrite in priority order (BLOG_REWRITE_QUEUE.csv). NOINDEX only for members Search Console shows earn nothing (class C) and that are not rewritten.,43 articles on different topics share one body template (mean normalised similarity 0.89).,body text (5-word shingles)
F12,template family (shared outline and phrasing),no,43,0.886,learn-python-from-scratch-a-complete-2026-roadmap,d6c2cddc-a509-4d91-9cab-433ef3a80018,"Python Type Hints: Writing Cleaner, Safer Code",/blog/python-type-hints-writing-cleaner-safer-code,0.652,DEEP REWRITE,Rewrite in priority order (BLOG_REWRITE_QUEUE.csv). NOINDEX only for members Search Console shows earn nothing (class C) and that are not rewritten.,43 articles on different topics share one body template (mean normalised similarity 0.89).,body text (5-word shingles)
F12,template family (shared outline and phrasing),no,43,0.886,learn-python-from-scratch-a-complete-2026-roadmap,71125b73-254b-4cec-a699-de76551a6d73,Reading and Writing CSV Files in Python,/blog/reading-and-writing-csv-files-in-python,0.652,DEEP REWRITE,Rewrite in priority order (BLOG_REWRITE_QUEUE.csv). NOINDEX only for members Search Console shows earn nothing (class C) and that are not rewritten.,43 articles on different topics share one body template (mean normalised similarity 0.89).,body text (5-word shingles)
F12,template family (shared outline and phrasing),no,43,0.886,learn-python-from-scratch-a-complete-2026-roadmap,6c508b0a-d7e6-40af-92e3-8622b9d693e2,Regular Expressions in Python: A Practical Guide,/blog/regular-expressions-in-python-a-practical-guide,0.652,DEEP REWRITE,Rewrite in priority order (BLOG_REWRITE_QUEUE.csv). NOINDEX only for members Search Console shows earn nothing (class C) and that are not rewritten.,43 articles on different topics share one body template (mean normalised similarity 0.89).,body text (5-word shingles)
F12,template family (shared outline and phrasing),no,43,0.886,learn-python-from-scratch-a-complete-2026-roadmap,6921bdfe-e4f5-4b60-a1fb-a9ec2a75cb51,SQLAlchemy Tutorial: Databases in Python,/blog/sqlalchemy-tutorial-databases-in-python,0.652,DEEP REWRITE,Rewrite in priority order (BLOG_REWRITE_QUEUE.csv). NOINDEX only for members Search Console shows earn nothing (class C) and that are not rewritten.,43 articles on different topics share one body template (mean normalised similarity 0.89).,body text (5-word shingles)
F12,template family (shared outline and phrasing),no,43,0.886,learn-python-from-scratch-a-complete-2026-roadmap,fb00bb14-1255-44dd-a993-191ad68481d1,Top Python Libraries Every Developer Should Know,/blog/top-python-libraries-every-developer-should-know,0.652,DEEP REWRITE,Rewrite in priority order (BLOG_REWRITE_QUEUE.csv). NOINDEX only for members Search Console shows earn nothing (class C) and that are not rewritten.,43 articles on different topics share one body template (mean normalised similarity 0.89).,body text (5-word shingles)
F12,template family (shared outline and phrasing),no,43,0.886,learn-python-from-scratch-a-complete-2026-roadmap,5ac372af-8be7-4f6b-8db4-d4c51c8887f0,Unit Testing in Python with pytest: A Beginner's Guide,/blog/unit-testing-in-python-with-pytest-a-beginner-s-guide,0.652,DEEP REWRITE,Rewrite in priority order (BLOG_REWRITE_QUEUE.csv). NOINDEX only for members Search Console shows earn nothing (class C) and that are not rewritten.,43 articles on different topics share one body template (mean normalised similarity 0.89).,body text (5-word shingles)
F12,template family (shared outline and phrasing),no,43,0.886,learn-python-from-scratch-a-complete-2026-roadmap,acc91fcd-de70-4654-9f7a-0206129254f2,"Virtual Environments in Python: venv, pip and Poetry",/blog/virtual-environments-in-python-venv-pip-and-poetry,0.652,DEEP REWRITE,Rewrite in priority order (BLOG_REWRITE_QUEUE.csv). NOINDEX only for members Search Console shows earn nothing (class C) and that are not rewritten.,43 articles on different topics share one body template (mean normalised similarity 0.89).,body text (5-word shingles)
F12,template family (shared outline and phrasing),no,43,0.886,learn-python-from-scratch-a-complete-2026-roadmap,2ae4210c-f785-4f72-933a-8ff70d3c523d,Web Scraping with Python: BeautifulSoup and Requests,/blog/web-scraping-with-python-beautifulsoup-and-requests,0.652,DEEP REWRITE,Rewrite in priority order (BLOG_REWRITE_QUEUE.csv). NOINDEX only for members Search Console shows earn nothing (class C) and that are not rewritten.,43 articles on different topics share one body template (mean normalised similarity 0.89).,body text (5-word shingles)
F12,template family (shared outline and phrasing),no,43,0.886,learn-python-from-scratch-a-complete-2026-roadmap,e0f3816d-fcd6-4d82-bb5b-1575f1e26792,Working with JSON in Python: A Practical Guide,/blog/working-with-json-in-python-a-practical-guide,0.652,DEEP REWRITE,Rewrite in priority order (BLOG_REWRITE_QUEUE.csv). NOINDEX only for members Search Console shows earn nothing (class C) and that are not rewritten.,43 articles on different topics share one body template (mean normalised similarity 0.89).,body text (5-word shingles)
F13,template family (shared outline and phrasing),no,9,0.699,aws-glue-vs-emr-vs-lambda-for-etl,89d1ddb6-eaa8-4b4b-abad-15e836f1bfb9,AWS Glue vs EMR vs Lambda for ETL,/blog/aws-glue-vs-emr-vs-lambda-for-etl,1,DEEP REWRITE,Rewrite in priority order (BLOG_REWRITE_QUEUE.csv). NOINDEX only for members Search Console shows earn nothing (class C) and that are not rewritten.,9 articles on different topics share one body template (mean normalised similarity 0.70).,body text (5-word shingles)
F13,template family (shared outline and phrasing),no,9,0.699,aws-glue-vs-emr-vs-lambda-for-etl,fe5c86f7-bb93-4c98-b8b3-dbbff6ade8ff,Athena vs Redshift: When to Use Each,/blog/athena-vs-redshift-when-to-use-each,0.973,DEEP REWRITE,Rewrite in priority order (BLOG_REWRITE_QUEUE.csv). NOINDEX only for members Search Console shows earn nothing (class C) and that are not rewritten.,9 articles on different topics share one body template (mean normalised similarity 0.70).,body text (5-word shingles)
F13,template family (shared outline and phrasing),no,9,0.699,aws-glue-vs-emr-vs-lambda-for-etl,809f3dda-0382-42c5-a064-098ddef421d1,AWS Certification Path for Data Roles,/blog/aws-certification-path-for-data-roles,0.542,DEEP REWRITE,Rewrite in priority order (BLOG_REWRITE_QUEUE.csv). NOINDEX only for members Search Console shows earn nothing (class C) and that are not rewritten.,9 articles on different topics share one body template (mean normalised similarity 0.70).,body text (5-word shingles)
F13,template family (shared outline and phrasing),no,9,0.699,aws-glue-vs-emr-vs-lambda-for-etl,3326b340-4af5-4485-ae8a-7dc7eeff335e,AWS Certified Data Engineer Associate: Exam Guide,/blog/aws-certified-data-engineer-associate-exam-guide,0.546,DEEP REWRITE,Rewrite in priority order (BLOG_REWRITE_QUEUE.csv). NOINDEX only for members Search Console shows earn nothing (class C) and that are not rewritten.,9 articles on different topics share one body template (mean normalised similarity 0.70).,body text (5-word shingles)
F13,template family (shared outline and phrasing),no,9,0.699,aws-glue-vs-emr-vs-lambda-for-etl,abdc0925-8e85-48bc-9df9-67dc4ab0a839,AWS Cloud Practitioner Certification: How to Start,/blog/aws-cloud-practitioner-certification-how-to-start,0.542,DEEP REWRITE,Rewrite in priority order (BLOG_REWRITE_QUEUE.csv). NOINDEX only for members Search Console shows earn nothing (class C) and that are not rewritten.,9 articles on different topics share one body template (mean normalised similarity 0.70).,body text (5-word shingles)
F13,template family (shared outline and phrasing),no,9,0.699,aws-glue-vs-emr-vs-lambda-for-etl,b68ea347-7b1a-4b77-93eb-167f15a3a5fc,AWS Data Engineer Salary in India 2026,/blog/aws-data-engineer-salary-in-india-2026,0.538,DEEP REWRITE,Rewrite in priority order (BLOG_REWRITE_QUEUE.csv). NOINDEX only for members Search Console shows earn nothing (class C) and that are not rewritten.,9 articles on different topics share one body template (mean normalised similarity 0.70).,body text (5-word shingles)
F13,template family (shared outline and phrasing),no,9,0.699,aws-glue-vs-emr-vs-lambda-for-etl,82fbbce1-9d3f-4ad8-84bf-09eccc2b4440,Glue Workflows vs Step Functions for Orchestration,/blog/glue-workflows-vs-step-functions-for-orchestration,0.965,DEEP REWRITE,Rewrite in priority order (BLOG_REWRITE_QUEUE.csv). NOINDEX only for members Search Console shows earn nothing (class C) and that are not rewritten.,9 articles on different topics share one body template (mean normalised similarity 0.70).,body text (5-word shingles)
F13,template family (shared outline and phrasing),no,9,0.699,aws-glue-vs-emr-vs-lambda-for-etl,b3d0bc4f-ffb6-43e7-a665-31055fc61275,Redshift vs Snowflake vs BigQuery: A Comparison,/blog/redshift-vs-snowflake-vs-bigquery-a-comparison,0.97,DEEP REWRITE,Rewrite in priority order (BLOG_REWRITE_QUEUE.csv). NOINDEX only for members Search Console shows earn nothing (class C) and that are not rewritten.,9 articles on different topics share one body template (mean normalised similarity 0.70).,body text (5-word shingles)
F13,template family (shared outline and phrasing),no,9,0.699,aws-glue-vs-emr-vs-lambda-for-etl,069e71b9-fc55-4f69-9e3e-c37a3e5dfb40,S3 vs EBS vs EFS: AWS Storage Compared,/blog/s3-vs-ebs-vs-efs-aws-storage-compared,0.97,DEEP REWRITE,Rewrite in priority order (BLOG_REWRITE_QUEUE.csv). NOINDEX only for members Search Console shows earn nothing (class C) and that are not rewritten.,9 articles on different topics share one body template (mean normalised similarity 0.70).,body text (5-word shingles)
F14,template family (shared outline and phrasing),no,7,0.764,what-is-mlops-devops-for-machine-learning-explained,a2b66d02-f14c-4ee2-9d23-89950b3e9e07,What Is MLOps? DevOps for Machine Learning Explained,/blog/what-is-mlops-devops-for-machine-learning-explained,1,DEEP REWRITE,Rewrite in priority order (BLOG_REWRITE_QUEUE.csv). NOINDEX only for members Search Console shows earn nothing (class C) and that are not rewritten.,7 articles on different topics share one body template (mean normalised similarity 0.76).,body text (5-word shingles)
F14,template family (shared outline and phrasing),no,7,0.764,what-is-mlops-devops-for-machine-learning-explained,74716dbb-b81a-4ac0-9988-41d618491427,Batch vs Real-Time Model Inference: Tradeoffs,/blog/batch-vs-real-time-model-inference-tradeoffs,0.6,DEEP REWRITE,Rewrite in priority order (BLOG_REWRITE_QUEUE.csv). NOINDEX only for members Search Console shows earn nothing (class C) and that are not rewritten.,7 articles on different topics share one body template (mean normalised similarity 0.76).,body text (5-word shingles)
F14,template family (shared outline and phrasing),no,7,0.764,what-is-mlops-devops-for-machine-learning-explained,dc80be95-e9d3-4d23-80fd-db1a8afa209c,Experiment Tracking: MLflow vs Weights & Biases,/blog/experiment-tracking-mlflow-vs-weights-and-biases,0.605,DEEP REWRITE,Rewrite in priority order (BLOG_REWRITE_QUEUE.csv). NOINDEX only for members Search Console shows earn nothing (class C) and that are not rewritten.,7 articles on different topics share one body template (mean normalised similarity 0.76).,body text (5-word shingles)
F14,template family (shared outline and phrasing),no,7,0.764,what-is-mlops-devops-for-machine-learning-explained,a1bae9d9-b0db-4a43-b126-cc6d75252b82,GPU vs CPU for ML: When You Actually Need a GPU,/blog/gpu-vs-cpu-for-ml-when-you-actually-need-a-gpu,0.604,DEEP REWRITE,Rewrite in priority order (BLOG_REWRITE_QUEUE.csv). NOINDEX only for members Search Console shows earn nothing (class C) and that are not rewritten.,7 articles on different topics share one body template (mean normalised similarity 0.76).,body text (5-word shingles)
F14,template family (shared outline and phrasing),no,7,0.764,what-is-mlops-devops-for-machine-learning-explained,bee0d0aa-37be-44cf-925f-fc866bda97ee,MLOps Engineer Salary in India 2026,/blog/mlops-engineer-salary-in-india-2026,0.549,DEEP REWRITE,Rewrite in priority order (BLOG_REWRITE_QUEUE.csv). NOINDEX only for members Search Console shows earn nothing (class C) and that are not rewritten.,7 articles on different topics share one body template (mean normalised similarity 0.76).,body text (5-word shingles)
F14,template family (shared outline and phrasing),no,7,0.764,what-is-mlops-devops-for-machine-learning-explained,e4fb675c-8d34-4ef7-9bad-a5596ddd1949,MLOps vs DevOps vs DataOps: Key Differences,/blog/mlops-vs-devops-vs-dataops-key-differences,0.604,DEEP REWRITE,Rewrite in priority order (BLOG_REWRITE_QUEUE.csv). NOINDEX only for members Search Console shows earn nothing (class C) and that are not rewritten.,7 articles on different topics share one body template (mean normalised similarity 0.76).,body text (5-word shingles)
F14,template family (shared outline and phrasing),no,7,0.764,what-is-mlops-devops-for-machine-learning-explained,98a63b65-4bf3-44a8-ae8b-e9bdb39d6f8c,Pipeline Orchestration: Airflow vs Prefect vs Dagster,/blog/pipeline-orchestration-airflow-vs-prefect-vs-dagster,0.604,DEEP REWRITE,Rewrite in priority order (BLOG_REWRITE_QUEUE.csv). NOINDEX only for members Search Console shows earn nothing (class C) and that are not rewritten.,7 articles on different topics share one body template (mean normalised similarity 0.76).,body text (5-word shingles)
F15,template family (shared outline and phrasing),no,39,0.958,gcp-roadmap-2026-for-data-engineers,2c35233c-ec5a-4439-891d-afb62ace4b4e,GCP Roadmap 2026 for Data Engineers,/blog/gcp-roadmap-2026-for-data-engineers,1,DEEP REWRITE,Rewrite in priority order (BLOG_REWRITE_QUEUE.csv). NOINDEX only for members Search Console shows earn nothing (class C) and that are not rewritten.,39 articles on different topics share one body template (mean normalised similarity 0.96).,body text (5-word shingles)
F15,template family (shared outline and phrasing),no,39,0.958,gcp-roadmap-2026-for-data-engineers,c37d8e1f-39b1-41b3-9188-22680beb2891,BigLake and External Tables in BigQuery,/blog/biglake-and-external-tables-in-bigquery,0.659,DEEP REWRITE,Rewrite in priority order (BLOG_REWRITE_QUEUE.csv). NOINDEX only for members Search Console shows earn nothing (class C) and that are not rewritten.,39 articles on different topics share one body template (mean normalised similarity 0.96).,body text (5-word shingles)
F15,template family (shared outline and phrasing),no,39,0.958,gcp-roadmap-2026-for-data-engineers,e233c2ec-2a91-47ff-99b1-858f94a86797,BigQuery Best Practices for Analysts,/blog/bigquery-best-practices-for-analysts,0.659,DEEP REWRITE,Rewrite in priority order (BLOG_REWRITE_QUEUE.csv). NOINDEX only for members Search Console shows earn nothing (class C) and that are not rewritten.,39 articles on different topics share one body template (mean normalised similarity 0.96).,body text (5-word shingles)
F15,template family (shared outline and phrasing),no,39,0.958,gcp-roadmap-2026-for-data-engineers,52bd5ba6-4872-4c52-995d-a1ae1e770ef7,"BigQuery Cost Optimization: Slots, Pricing and Tips",/blog/bigquery-cost-optimization-slots-pricing-and-tips,0.659,DEEP REWRITE,Rewrite in priority order (BLOG_REWRITE_QUEUE.csv). NOINDEX only for members Search Console shows earn nothing (class C) and that are not rewritten.,39 articles on different topics share one body template (mean normalised similarity 0.96).,body text (5-word shingles)
F15,template family (shared outline and phrasing),no,39,0.958,gcp-roadmap-2026-for-data-engineers,a6054653-d331-4113-a56e-ec3299744386,BigQuery Explained: Google's Serverless Data Warehouse,/blog/bigquery-explained-google-s-serverless-data-warehouse,0.659,DEEP REWRITE,Rewrite in priority order (BLOG_REWRITE_QUEUE.csv). NOINDEX only for members Search Console shows earn nothing (class C) and that are not rewritten.,39 articles on different topics share one body template (mean normalised similarity 0.96).,body text (5-word shingles)
F15,template family (shared outline and phrasing),no,39,0.958,gcp-roadmap-2026-for-data-engineers,e2275476-1f18-49da-9a73-13fd16f6acfc,BigQuery Federated Queries Explained,/blog/bigquery-federated-queries-explained,0.659,DEEP REWRITE,Rewrite in priority order (BLOG_REWRITE_QUEUE.csv). NOINDEX only for members Search Console shows earn nothing (class C) and that are not rewritten.,39 articles on different topics share one body template (mean normalised similarity 0.96).,body text (5-word shingles)
F15,template family (shared outline and phrasing),no,39,0.958,gcp-roadmap-2026-for-data-engineers,6ad5314f-9cc3-40cc-9d22-6bb4e14a9e74,BigQuery ML: Machine Learning with SQL,/blog/bigquery-ml-machine-learning-with-sql,0.659,DEEP REWRITE,Rewrite in priority order (BLOG_REWRITE_QUEUE.csv). NOINDEX only for members Search Console shows earn nothing (class C) and that are not rewritten.,39 articles on different topics share one body template (mean normalised similarity 0.96).,body text (5-word shingles)
F15,template family (shared outline and phrasing),no,39,0.958,gcp-roadmap-2026-for-data-engineers,efbb8e32-f7f1-49a8-8c13-382124987b3d,"BigQuery SQL: Tips, Tricks and Optimization",/blog/bigquery-sql-tips-tricks-and-optimization,0.655,DEEP REWRITE,Rewrite in priority order (BLOG_REWRITE_QUEUE.csv). NOINDEX only for members Search Console shows earn nothing (class C) and that are not rewritten.,39 articles on different topics share one body template (mean normalised similarity 0.96).,body text (5-word shingles)
F15,template family (shared outline and phrasing),no,39,0.958,gcp-roadmap-2026-for-data-engineers,1e779601-80f9-4ff7-a261-522153a8166e,BigQuery Window Functions and Analytic SQL,/blog/bigquery-window-functions-and-analytic-sql,0.659,DEEP REWRITE,Rewrite in priority order (BLOG_REWRITE_QUEUE.csv). NOINDEX only for members Search Console shows earn nothing (class C) and that are not rewritten.,39 articles on different topics share one body template (mean normalised similarity 0.96).,body text (5-word shingles)
F15,template family (shared outline and phrasing),no,39,0.958,gcp-roadmap-2026-for-data-engineers,e7be8204-552d-4409-8f68-a5748629519e,Building a Data Pipeline on GCP End to End,/blog/building-a-data-pipeline-on-gcp-end-to-end,0.659,DEEP REWRITE,Rewrite in priority order (BLOG_REWRITE_QUEUE.csv). NOINDEX only for members Search Console shows earn nothing (class C) and that are not rewritten.,39 articles on different topics share one body template (mean normalised similarity 0.96).,body text (5-word shingles)
F15,template family (shared outline and phrasing),no,39,0.958,gcp-roadmap-2026-for-data-engineers,694bf3b2-1c32-499d-8636-67aaca53a94d,Building a Real-Time Dashboard with GCP,/blog/building-a-real-time-dashboard-with-gcp,0.659,DEEP REWRITE,Rewrite in priority order (BLOG_REWRITE_QUEUE.csv). NOINDEX only for members Search Console shows earn nothing (class C) and that are not rewritten.,39 articles on different topics share one body template (mean normalised similarity 0.96).,body text (5-word shingles)
F15,template family (shared outline and phrasing),no,39,0.958,gcp-roadmap-2026-for-data-engineers,9afa4cf6-4a16-4cb4-8f88-da9a90a8f924,Cloud Composer (Airflow) on GCP Explained,/blog/cloud-composer-airflow-on-gcp-explained,0.659,DEEP REWRITE,Rewrite in priority order (BLOG_REWRITE_QUEUE.csv). NOINDEX only for members Search Console shows earn nothing (class C) and that are not rewritten.,39 articles on different topics share one body template (mean normalised similarity 0.96).,body text (5-word shingles)
F15,template family (shared outline and phrasing),no,39,0.958,gcp-roadmap-2026-for-data-engineers,3049df3e-995e-4bcd-95b1-df14eb18361f,Cloud Functions on GCP: Serverless Explained,/blog/cloud-functions-on-gcp-serverless-explained,0.659,DEEP REWRITE,Rewrite in priority order (BLOG_REWRITE_QUEUE.csv). NOINDEX only for members Search Console shows earn nothing (class C) and that are not rewritten.,39 articles on different topics share one body template (mean normalised similarity 0.96).,body text (5-word shingles)
F15,template family (shared outline and phrasing),no,39,0.958,gcp-roadmap-2026-for-data-engineers,fa590765-7e16-4d50-ba0f-3ad20c5ee9e3,Cloud Storage to BigQuery: Building an Ingestion Layer,/blog/cloud-storage-to-bigquery-building-an-ingestion-layer,0.659,DEEP REWRITE,Rewrite in priority order (BLOG_REWRITE_QUEUE.csv). NOINDEX only for members Search Console shows earn nothing (class C) and that are not rewritten.,39 articles on different topics share one body template (mean normalised similarity 0.96).,body text (5-word shingles)
F15,template family (shared outline and phrasing),no,39,0.958,gcp-roadmap-2026-for-data-engineers,01b812e1-7779-48a5-a431-7e592f41a035,Cost Controls and Budgets on Google Cloud,/blog/cost-controls-and-budgets-on-google-cloud,0.659,DEEP REWRITE,Rewrite in priority order (BLOG_REWRITE_QUEUE.csv). NOINDEX only for members Search Console shows earn nothing (class C) and that are not rewritten.,39 articles on different topics share one body template (mean normalised similarity 0.96).,body text (5-word shingles)
F15,template family (shared outline and phrasing),no,39,0.958,gcp-roadmap-2026-for-data-engineers,b122788d-3345-47bf-b70b-83911b9c6f27,Data Catalog and Governance on GCP,/blog/data-catalog-and-governance-on-gcp,0.659,DEEP REWRITE,Rewrite in priority order (BLOG_REWRITE_QUEUE.csv). NOINDEX only for members Search Console shows earn nothing (class C) and that are not rewritten.,39 articles on different topics share one body template (mean normalised similarity 0.96).,body text (5-word shingles)
F15,template family (shared outline and phrasing),no,39,0.958,gcp-roadmap-2026-for-data-engineers,dc06e3a2-3301-420f-9904-df486d84e207,Dataflow Tutorial: Stream and Batch Processing on GCP,/blog/dataflow-tutorial-stream-and-batch-processing-on-gcp,0.659,DEEP REWRITE,Rewrite in priority order (BLOG_REWRITE_QUEUE.csv). NOINDEX only for members Search Console shows earn nothing (class C) and that are not rewritten.,39 articles on different topics share one body template (mean normalised similarity 0.96).,body text (5-word shingles)
F15,template family (shared outline and phrasing),no,39,0.958,gcp-roadmap-2026-for-data-engineers,3284d642-e46e-44fe-bdd3-62a5b35dd4e3,Disaster Recovery and Backups on GCP,/blog/disaster-recovery-and-backups-on-gcp,0.659,DEEP REWRITE,Rewrite in priority order (BLOG_REWRITE_QUEUE.csv). NOINDEX only for members Search Console shows earn nothing (class C) and that are not rewritten.,39 articles on different topics share one body template (mean normalised similarity 0.96).,body text (5-word shingles)
F15,template family (shared outline and phrasing),no,39,0.958,gcp-roadmap-2026-for-data-engineers,55d42132-ad82-48e3-856b-da34261caeb5,GCP Data Engineering Projects for Your Portfolio,/blog/gcp-data-engineering-projects-for-your-portfolio,0.514,DEEP REWRITE,Rewrite in priority order (BLOG_REWRITE_QUEUE.csv). NOINDEX only for members Search Console shows earn nothing (class C) and that are not rewritten.,39 articles on different topics share one body template (mean normalised similarity 0.96).,body text (5-word shingles)
F15,template family (shared outline and phrasing),no,39,0.958,gcp-roadmap-2026-for-data-engineers,08ad6f98-ce88-4ec4-8ead-f111d7eef56d,GCP Free Tier: What You Can Build Without Paying,/blog/gcp-free-tier-what-you-can-build-without-paying,0.659,DEEP REWRITE,Rewrite in priority order (BLOG_REWRITE_QUEUE.csv). NOINDEX only for members Search Console shows earn nothing (class C) and that are not rewritten.,39 articles on different topics share one body template (mean normalised similarity 0.96).,body text (5-word shingles)
F15,template family (shared outline and phrasing),no,39,0.958,gcp-roadmap-2026-for-data-engineers,4fa3d6e5-8914-4ff9-822f-86f44c007e4e,"GCP IAM Explained: Roles, Policies and Security",/blog/gcp-iam-explained-roles-policies-and-security,0.659,DEEP REWRITE,Rewrite in priority order (BLOG_REWRITE_QUEUE.csv). NOINDEX only for members Search Console shows earn nothing (class C) and that are not rewritten.,39 articles on different topics share one body template (mean normalised similarity 0.96).,body text (5-word shingles)
F15,template family (shared outline and phrasing),no,39,0.958,gcp-roadmap-2026-for-data-engineers,ce7e7cc6-95d8-4497-b5b6-a43e6d5ee608,GCP Logging and Monitoring with Cloud Operations,/blog/gcp-logging-and-monitoring-with-cloud-operations,0.659,DEEP REWRITE,Rewrite in priority order (BLOG_REWRITE_QUEUE.csv). NOINDEX only for members Search Console shows earn nothing (class C) and that are not rewritten.,39 articles on different topics share one body template (mean normalised similarity 0.96).,body text (5-word shingles)
F15,template family (shared outline and phrasing),no,39,0.958,gcp-roadmap-2026-for-data-engineers,ded66709-c53d-44d6-ad67-c02809fec6df,GCP Networking Basics for Data Engineers,/blog/gcp-networking-basics-for-data-engineers,0.659,DEEP REWRITE,Rewrite in priority order (BLOG_REWRITE_QUEUE.csv). NOINDEX only for members Search Console shows earn nothing (class C) and that are not rewritten.,39 articles on different topics share one body template (mean normalised similarity 0.96).,body text (5-word shingles)
F15,template family (shared outline and phrasing),no,39,0.958,gcp-roadmap-2026-for-data-engineers,b41fe965-a012-465a-a4b0-69a948297d05,"Google Cloud Storage: Buckets, Classes and Best Practices",/blog/google-cloud-storage-buckets-classes-and-best-practices,0.659,DEEP REWRITE,Rewrite in priority order (BLOG_REWRITE_QUEUE.csv). NOINDEX only for members Search Console shows earn nothing (class C) and that are not rewritten.,39 articles on different topics share one body template (mean normalised similarity 0.96).,body text (5-word shingles)
F15,template family (shared outline and phrasing),no,39,0.958,gcp-roadmap-2026-for-data-engineers,5ce052bf-f4eb-4d92-81d9-8678b23fb228,How to Start a Career in Google Cloud in 2026,/blog/how-to-start-a-career-in-google-cloud-in-2026,0.659,DEEP REWRITE,Rewrite in priority order (BLOG_REWRITE_QUEUE.csv). NOINDEX only for members Search Console shows earn nothing (class C) and that are not rewritten.,39 articles on different topics share one body template (mean normalised similarity 0.96).,body text (5-word shingles)
F15,template family (shared outline and phrasing),no,39,0.958,gcp-roadmap-2026-for-data-engineers,de23e560-4458-43a9-bc0e-288abb32dd59,Loading Data into BigQuery: Batch and Streaming,/blog/loading-data-into-bigquery-batch-and-streaming,0.659,DEEP REWRITE,Rewrite in priority order (BLOG_REWRITE_QUEUE.csv). NOINDEX only for members Search Console shows earn nothing (class C) and that are not rewritten.,39 articles on different topics share one body template (mean normalised similarity 0.96).,body text (5-word shingles)
F15,template family (shared outline and phrasing),no,39,0.958,gcp-roadmap-2026-for-data-engineers,c9fcf5cd-00cd-45fa-adcb-24226dcf60e6,Looker and Looker Studio on GCP Explained,/blog/looker-and-looker-studio-on-gcp-explained,0.659,DEEP REWRITE,Rewrite in priority order (BLOG_REWRITE_QUEUE.csv). NOINDEX only for members Search Console shows earn nothing (class C) and that are not rewritten.,39 articles on different topics share one body template (mean normalised similarity 0.96).,body text (5-word shingles)
F15,template family (shared outline and phrasing),no,39,0.958,gcp-roadmap-2026-for-data-engineers,6ae57b23-9d32-4288-8cfe-c0e2acf40913,Materialized Views in BigQuery Explained,/blog/materialized-views-in-bigquery-explained,0.659,DEEP REWRITE,Rewrite in priority order (BLOG_REWRITE_QUEUE.csv). NOINDEX only for members Search Console shows earn nothing (class C) and that are not rewritten.,39 articles on different topics share one body template (mean normalised similarity 0.96).,body text (5-word shingles)
F15,template family (shared outline and phrasing),no,39,0.958,gcp-roadmap-2026-for-data-engineers,55417d3d-ac66-4e82-ae63-27a0ec60db49,Migrating to BigQuery: A Practical Playbook,/blog/migrating-to-bigquery-a-practical-playbook,0.659,DEEP REWRITE,Rewrite in priority order (BLOG_REWRITE_QUEUE.csv). NOINDEX only for members Search Console shows earn nothing (class C) and that are not rewritten.,39 articles on different topics share one body template (mean normalised similarity 0.96).,body text (5-word shingles)
F15,template family (shared outline and phrasing),no,39,0.958,gcp-roadmap-2026-for-data-engineers,ea91d7e1-2fba-4cef-9417-d5fa4404775b,Nested and Repeated Fields in BigQuery,/blog/nested-and-repeated-fields-in-bigquery,0.659,DEEP REWRITE,Rewrite in priority order (BLOG_REWRITE_QUEUE.csv). NOINDEX only for members Search Console shows earn nothing (class C) and that are not rewritten.,39 articles on different topics share one body template (mean normalised similarity 0.96).,body text (5-word shingles)
F15,template family (shared outline and phrasing),no,39,0.958,gcp-roadmap-2026-for-data-engineers,0b8f15c1-2e69-4233-a3db-8beca4501f1d,Partitioning and Clustering in BigQuery,/blog/partitioning-and-clustering-in-bigquery,0.659,DEEP REWRITE,Rewrite in priority order (BLOG_REWRITE_QUEUE.csv). NOINDEX only for members Search Console shows earn nothing (class C) and that are not rewritten.,39 articles on different topics share one body template (mean normalised similarity 0.96).,body text (5-word shingles)
F15,template family (shared outline and phrasing),no,39,0.958,gcp-roadmap-2026-for-data-engineers,656f84c8-c9ec-485b-85ee-161954054eeb,Pub/Sub Explained: Messaging and Streaming on GCP,/blog/pub-sub-explained-messaging-and-streaming-on-gcp,0.659,DEEP REWRITE,Rewrite in priority order (BLOG_REWRITE_QUEUE.csv). NOINDEX only for members Search Console shows earn nothing (class C) and that are not rewritten.,39 articles on different topics share one body template (mean normalised similarity 0.96).,body text (5-word shingles)
F15,template family (shared outline and phrasing),no,39,0.958,gcp-roadmap-2026-for-data-engineers,d93f55a5-2d8c-4ad5-8b34-35ce4ab996b5,Pub/Sub to Dataflow to BigQuery: A Streaming Pattern,/blog/pub-sub-to-dataflow-to-bigquery-a-streaming-pattern,0.659,DEEP REWRITE,Rewrite in priority order (BLOG_REWRITE_QUEUE.csv). NOINDEX only for members Search Console shows earn nothing (class C) and that are not rewritten.,39 articles on different topics share one body template (mean normalised similarity 0.96).,body text (5-word shingles)
F15,template family (shared outline and phrasing),no,39,0.958,gcp-roadmap-2026-for-data-engineers,028b04ac-ee63-4d81-a2bd-5d2bf41f191e,Scheduling Queries in BigQuery,/blog/scheduling-queries-in-bigquery,0.659,DEEP REWRITE,Rewrite in priority order (BLOG_REWRITE_QUEUE.csv). NOINDEX only for members Search Console shows earn nothing (class C) and that are not rewritten.,39 articles on different topics share one body template (mean normalised similarity 0.96).,body text (5-word shingles)
F15,template family (shared outline and phrasing),no,39,0.958,gcp-roadmap-2026-for-data-engineers,348f8714-c6f2-457b-8924-098d9764f126,Securing Data on GCP: Encryption and DLP,/blog/securing-data-on-gcp-encryption-and-dlp,0.659,DEEP REWRITE,Rewrite in priority order (BLOG_REWRITE_QUEUE.csv). NOINDEX only for members Search Console shows earn nothing (class C) and that are not rewritten.,39 articles on different topics share one body template (mean normalised similarity 0.96).,body text (5-word shingles)
F15,template family (shared outline and phrasing),no,39,0.958,gcp-roadmap-2026-for-data-engineers,65f035b7-4947-42ec-94a0-c5d21a9e2aaa,Service Accounts and Workload Identity on GCP,/blog/service-accounts-and-workload-identity-on-gcp,0.659,DEEP REWRITE,Rewrite in priority order (BLOG_REWRITE_QUEUE.csv). NOINDEX only for members Search Console shows earn nothing (class C) and that are not rewritten.,39 articles on different topics share one body template (mean normalised similarity 0.96).,body text (5-word shingles)
F15,template family (shared outline and phrasing),no,39,0.958,gcp-roadmap-2026-for-data-engineers,54d19c99-686d-4dc9-80cb-417a13516335,Streaming Data into BigQuery: A Practical Guide,/blog/streaming-data-into-bigquery-a-practical-guide,0.659,DEEP REWRITE,Rewrite in priority order (BLOG_REWRITE_QUEUE.csv). NOINDEX only for members Search Console shows earn nothing (class C) and that are not rewritten.,39 articles on different topics share one body template (mean normalised similarity 0.96).,body text (5-word shingles)
F15,template family (shared outline and phrasing),no,39,0.958,gcp-roadmap-2026-for-data-engineers,8e1bf19a-b347-49aa-9022-da41b44a5f02,Vertex AI Pipelines for MLOps on GCP,/blog/vertex-ai-pipelines-for-mlops-on-gcp,0.659,DEEP REWRITE,Rewrite in priority order (BLOG_REWRITE_QUEUE.csv). NOINDEX only for members Search Console shows earn nothing (class C) and that are not rewritten.,39 articles on different topics share one body template (mean normalised similarity 0.96).,body text (5-word shingles)
F15,template family (shared outline and phrasing),no,39,0.958,gcp-roadmap-2026-for-data-engineers,eb5e4f5c-62cf-4cb1-9822-83941800294f,Vertex AI Tutorial: ML on Google Cloud,/blog/vertex-ai-tutorial-ml-on-google-cloud,0.659,DEEP REWRITE,Rewrite in priority order (BLOG_REWRITE_QUEUE.csv). NOINDEX only for members Search Console shows earn nothing (class C) and that are not rewritten.,39 articles on different topics share one body template (mean normalised similarity 0.96).,body text (5-word shingles)
F16,template family (shared outline and phrasing),no,10,0.713,gcp-vs-aws-vs-azure-for-data-engineering,c0518696-92c7-4659-af66-522bb15ca6ba,GCP vs AWS vs Azure for Data Engineering,/blog/gcp-vs-aws-vs-azure-for-data-engineering,1,DEEP REWRITE,Rewrite in priority order (BLOG_REWRITE_QUEUE.csv). NOINDEX only for members Search Console shows earn nothing (class C) and that are not rewritten.,10 articles on different topics share one body template (mean normalised similarity 0.71).,body text (5-word shingles)
F16,template family (shared outline and phrasing),no,10,0.713,gcp-vs-aws-vs-azure-for-data-engineering,c1b0fd3c-408b-4aed-b3ab-a7b068bbbff0,BigQuery vs Snowflake vs Redshift: A Comparison,/blog/bigquery-vs-snowflake-vs-redshift-a-comparison,0.972,DEEP REWRITE,Rewrite in priority order (BLOG_REWRITE_QUEUE.csv). NOINDEX only for members Search Console shows earn nothing (class C) and that are not rewritten.,10 articles on different topics share one body template (mean normalised similarity 0.71).,body text (5-word shingles)
F16,template family (shared outline and phrasing),no,10,0.713,gcp-vs-aws-vs-azure-for-data-engineering,0f0a07e1-c8d0-4959-b2cc-113f4cfb2a6c,Cloud Run vs Cloud Functions vs App Engine,/blog/cloud-run-vs-cloud-functions-vs-app-engine,0.967,DEEP REWRITE,Rewrite in priority order (BLOG_REWRITE_QUEUE.csv). NOINDEX only for members Search Console shows earn nothing (class C) and that are not rewritten.,10 articles on different topics share one body template (mean normalised similarity 0.71).,body text (5-word shingles)
F16,template family (shared outline and phrasing),no,10,0.713,gcp-vs-aws-vs-azure-for-data-engineering,8ea0df09-f083-4c11-ac50-13937fb46e64,Cloud SQL vs Spanner vs Bigtable: When to Use Each,/blog/cloud-sql-vs-spanner-vs-bigtable-when-to-use-each,0.972,DEEP REWRITE,Rewrite in priority order (BLOG_REWRITE_QUEUE.csv). NOINDEX only for members Search Console shows earn nothing (class C) and that are not rewritten.,10 articles on different topics share one body template (mean normalised similarity 0.71).,body text (5-word shingles)
F16,template family (shared outline and phrasing),no,10,0.713,gcp-vs-aws-vs-azure-for-data-engineering,4bb43a6d-35d4-4d8d-aae3-91af49594a9e,Dataform vs dbt on GCP: A Comparison,/blog/dataform-vs-dbt-on-gcp-a-comparison,0.972,DEEP REWRITE,Rewrite in priority order (BLOG_REWRITE_QUEUE.csv). NOINDEX only for members Search Console shows earn nothing (class C) and that are not rewritten.,10 articles on different topics share one body template (mean normalised similarity 0.71).,body text (5-word shingles)
F16,template family (shared outline and phrasing),no,10,0.713,gcp-vs-aws-vs-azure-for-data-engineering,f1ee09f0-dc8e-4a34-a2e3-c455493f7b6d,Dataproc vs Dataflow: Which to Choose,/blog/dataproc-vs-dataflow-which-to-choose,0.974,DEEP REWRITE,Rewrite in priority order (BLOG_REWRITE_QUEUE.csv). NOINDEX only for members Search Console shows earn nothing (class C) and that are not rewritten.,10 articles on different topics share one body template (mean normalised similarity 0.71).,body text (5-word shingles)
F16,template family (shared outline and phrasing),no,10,0.713,gcp-vs-aws-vs-azure-for-data-engineering,7ed99eca-251c-42d1-af62-27450d315fde,GCP Associate Cloud Engineer Certification Guide,/blog/gcp-associate-cloud-engineer-certification-guide,0.537,DEEP REWRITE,Rewrite in priority order (BLOG_REWRITE_QUEUE.csv). NOINDEX only for members Search Console shows earn nothing (class C) and that are not rewritten.,10 articles on different topics share one body template (mean normalised similarity 0.71).,body text (5-word shingles)
F16,template family (shared outline and phrasing),no,10,0.713,gcp-vs-aws-vs-azure-for-data-engineering,6ac8d50b-4494-417a-990a-a1b7d02c7488,GCP Certification Path: Which One to Pick First,/blog/gcp-certification-path-which-one-to-pick-first,0.537,DEEP REWRITE,Rewrite in priority order (BLOG_REWRITE_QUEUE.csv). NOINDEX only for members Search Console shows earn nothing (class C) and that are not rewritten.,10 articles on different topics share one body template (mean normalised similarity 0.71).,body text (5-word shingles)
F16,template family (shared outline and phrasing),no,10,0.713,gcp-vs-aws-vs-azure-for-data-engineering,66f37063-d9bd-4621-a57d-8e0f451b6dd1,GCP Data Engineer Salary in India 2026,/blog/gcp-data-engineer-salary-in-india-2026,0.535,DEEP REWRITE,Rewrite in priority order (BLOG_REWRITE_QUEUE.csv). NOINDEX only for members Search Console shows earn nothing (class C) and that are not rewritten.,10 articles on different topics share one body template (mean normalised similarity 0.71).,body text (5-word shingles)
F16,template family (shared outline and phrasing),no,10,0.713,gcp-vs-aws-vs-azure-for-data-engineering,68fa2bc2-5386-48fa-905f-9e948c10736c,GCP Professional Data Engineer Certification Guide,/blog/gcp-professional-data-engineer-certification-guide,0.537,DEEP REWRITE,Rewrite in priority order (BLOG_REWRITE_QUEUE.csv). NOINDEX only for members Search Console shows earn nothing (class C) and that are not rewritten.,10 articles on different topics share one body template (mean normalised similarity 0.71).,body text (5-word shingles)
F17,template family (shared outline and phrasing),no,42,0.924,data-cleaning-a-practical-step-by-step-guide,89abac70-82f9-4201-829c-db690950c247,Data Cleaning: A Practical Step-by-Step Guide,/blog/data-cleaning-a-practical-step-by-step-guide,1,DEEP REWRITE,Rewrite in priority order (BLOG_REWRITE_QUEUE.csv). NOINDEX only for members Search Console shows earn nothing (class C) and that are not rewritten.,42 articles on different topics share one body template (mean normalised similarity 0.92).,body text (5-word shingles)
F17,template family (shared outline and phrasing),no,42,0.924,data-cleaning-a-practical-step-by-step-guide,bab7e75d-468f-44c6-9867-a3df4b78252e,Building a Sales Dashboard: A Hands-On Project,/blog/building-a-sales-dashboard-a-hands-on-project,0.525,DEEP REWRITE,Rewrite in priority order (BLOG_REWRITE_QUEUE.csv). NOINDEX only for members Search Console shows earn nothing (class C) and that are not rewritten.,42 articles on different topics share one body template (mean normalised similarity 0.92).,body text (5-word shingles)
F17,template family (shared outline and phrasing),no,42,0.924,data-cleaning-a-practical-step-by-step-guide,5ee45119-caef-4e2f-8807-bc7fe7c2b45e,Building KPI Scorecards for Executives,/blog/building-kpi-scorecards-for-executives,0.978,DEEP REWRITE,Rewrite in priority order (BLOG_REWRITE_QUEUE.csv). NOINDEX only for members Search Console shows earn nothing (class C) and that are not rewritten.,42 articles on different topics share one body template (mean normalised similarity 0.92).,body text (5-word shingles)
F17,template family (shared outline and phrasing),no,42,0.924,data-cleaning-a-practical-step-by-step-guide,9af19898-222a-4545-986c-3352eb626336,Building Your First Interactive Dashboard,/blog/building-your-first-interactive-dashboard,0.978,DEEP REWRITE,Rewrite in priority order (BLOG_REWRITE_QUEUE.csv). NOINDEX only for members Search Console shows earn nothing (class C) and that are not rewritten.,42 articles on different topics share one body template (mean normalised similarity 0.92).,body text (5-word shingles)
F17,template family (shared outline and phrasing),no,42,0.924,data-cleaning-a-practical-step-by-step-guide,2d3d03c8-71fb-44d8-b1e9-0bd27c48793f,Business Analytics Explained: A Beginner's Guide,/blog/business-analytics-explained-a-beginner-s-guide,0.978,DEEP REWRITE,Rewrite in priority order (BLOG_REWRITE_QUEUE.csv). NOINDEX only for members Search Console shows earn nothing (class C) and that are not rewritten.,42 articles on different topics share one body template (mean normalised similarity 0.92).,body text (5-word shingles)
F17,template family (shared outline and phrasing),no,42,0.924,data-cleaning-a-practical-step-by-step-guide,45e1cecb-57d7-4a9b-b432-1a0d595691ff,Cohort Analysis Explained with Examples,/blog/cohort-analysis-explained-with-examples,0.978,DEEP REWRITE,Rewrite in priority order (BLOG_REWRITE_QUEUE.csv). NOINDEX only for members Search Console shows earn nothing (class C) and that are not rewritten.,42 articles on different topics share one body template (mean normalised similarity 0.92).,body text (5-word shingles)
F17,template family (shared outline and phrasing),no,42,0.924,data-cleaning-a-practical-step-by-step-guide,bb01aead-b563-44f6-98fc-f83e47a34d18,Customer Segmentation for Analysts: A Practical Guide,/blog/customer-segmentation-for-analysts-a-practical-guide,0.978,DEEP REWRITE,Rewrite in priority order (BLOG_REWRITE_QUEUE.csv). NOINDEX only for members Search Console shows earn nothing (class C) and that are not rewritten.,42 articles on different topics share one body template (mean normalised similarity 0.92).,body text (5-word shingles)
F17,template family (shared outline and phrasing),no,42,0.924,data-cleaning-a-practical-step-by-step-guide,abcc9aa8-f055-4f92-926c-305aed8f2e28,Dashboard Design Principles for Data Analysts,/blog/dashboard-design-principles-for-data-analysts,0.978,DEEP REWRITE,Rewrite in priority order (BLOG_REWRITE_QUEUE.csv). NOINDEX only for members Search Console shows earn nothing (class C) and that are not rewritten.,42 articles on different topics share one body template (mean normalised similarity 0.92).,body text (5-word shingles)
F17,template family (shared outline and phrasing),no,42,0.924,data-cleaning-a-practical-step-by-step-guide,cb17f4df-fef4-4f32-bb1a-9cd80315418c,Data Analyst Career Path: From Junior to Lead,/blog/data-analyst-career-path-from-junior-to-lead,0.978,DEEP REWRITE,Rewrite in priority order (BLOG_REWRITE_QUEUE.csv). NOINDEX only for members Search Console shows earn nothing (class C) and that are not rewritten.,42 articles on different topics share one body template (mean normalised similarity 0.92).,body text (5-word shingles)
F17,template family (shared outline and phrasing),no,42,0.924,data-cleaning-a-practical-step-by-step-guide,d4e69b05-c67e-4356-875b-a353ec336620,"Data Analyst Roadmap 2026: Skills, Tools and Timeline",/blog/data-analyst-roadmap-2026-skills-tools-and-timeline,0.649,DEEP REWRITE,Rewrite in priority order (BLOG_REWRITE_QUEUE.csv). NOINDEX only for members Search Console shows earn nothing (class C) and that are not rewritten.,42 articles on different topics share one body template (mean normalised similarity 0.92).,body text (5-word shingles)
F17,template family (shared outline and phrasing),no,42,0.924,data-cleaning-a-practical-step-by-step-guide,edfc9ba3-9801-4400-a188-755efe377054,Data Analytics Projects for Your Resume,/blog/data-analytics-projects-for-your-resume,0.525,DEEP REWRITE,Rewrite in priority order (BLOG_REWRITE_QUEUE.csv). NOINDEX only for members Search Console shows earn nothing (class C) and that are not rewritten.,42 articles on different topics share one body template (mean normalised similarity 0.92).,body text (5-word shingles)
F17,template family (shared outline and phrasing),no,42,0.924,data-cleaning-a-practical-step-by-step-guide,8dc99bba-d522-4b95-8b66-883df971ac7a,Data Analytics Roadmap for Non-Tech Backgrounds,/blog/data-analytics-roadmap-for-non-tech-backgrounds,0.649,DEEP REWRITE,Rewrite in priority order (BLOG_REWRITE_QUEUE.csv). NOINDEX only for members Search Console shows earn nothing (class C) and that are not rewritten.,42 articles on different topics share one body template (mean normalised similarity 0.92).,body text (5-word shingles)
F17,template family (shared outline and phrasing),no,42,0.924,data-cleaning-a-practical-step-by-step-guide,e9bf5b6b-f249-4848-83cd-45dbc3115f77,Data Governance Basics Every Analyst Should Know,/blog/data-governance-basics-every-analyst-should-know,0.978,DEEP REWRITE,Rewrite in priority order (BLOG_REWRITE_QUEUE.csv). NOINDEX only for members Search Console shows earn nothing (class C) and that are not rewritten.,42 articles on different topics share one body template (mean normalised similarity 0.92).,body text (5-word shingles)
F17,template family (shared outline and phrasing),no,42,0.924,data-cleaning-a-practical-step-by-step-guide,1bbe015f-4e54-4de6-9a60-2877984b7675,Data Visualization Best Practices and Common Mistakes,/blog/data-visualization-best-practices-and-common-mistakes,0.978,DEEP REWRITE,Rewrite in priority order (BLOG_REWRITE_QUEUE.csv). NOINDEX only for members Search Console shows earn nothing (class C) and that are not rewritten.,42 articles on different topics share one body template (mean normalised similarity 0.92).,body text (5-word shingles)
F17,template family (shared outline and phrasing),no,42,0.924,data-cleaning-a-practical-step-by-step-guide,6bb829cb-8e0d-49ad-93a5-d05b9ad576ec,Excel for Data Analysis: Formulas That Matter,/blog/excel-for-data-analysis-formulas-that-matter,0.978,DEEP REWRITE,Rewrite in priority order (BLOG_REWRITE_QUEUE.csv). NOINDEX only for members Search Console shows earn nothing (class C) and that are not rewritten.,42 articles on different topics share one body template (mean normalised similarity 0.92).,body text (5-word shingles)
F17,template family (shared outline and phrasing),no,42,0.924,data-cleaning-a-practical-step-by-step-guide,3bf72922-6d87-444c-a336-e906d69de9be,Excel Power Query: Cleaning Data Without Code,/blog/excel-power-query-cleaning-data-without-code,0.978,DEEP REWRITE,Rewrite in priority order (BLOG_REWRITE_QUEUE.csv). NOINDEX only for members Search Console shows earn nothing (class C) and that are not rewritten.,42 articles on different topics share one body template (mean normalised similarity 0.92).,body text (5-word shingles)
F17,template family (shared outline and phrasing),no,42,0.924,data-cleaning-a-practical-step-by-step-guide,e82540e3-48e8-48ce-bf1e-8073bf7286dd,Forecasting in Excel: Simple Methods That Work,/blog/forecasting-in-excel-simple-methods-that-work,0.978,DEEP REWRITE,Rewrite in priority order (BLOG_REWRITE_QUEUE.csv). NOINDEX only for members Search Console shows earn nothing (class C) and that are not rewritten.,42 articles on different topics share one body template (mean normalised similarity 0.92).,body text (5-word shingles)
F17,template family (shared outline and phrasing),no,42,0.924,data-cleaning-a-practical-step-by-step-guide,a763d95b-f2d9-44b9-a6a7-82f8d2a64721,From Excel to SQL: A Smooth Transition Guide,/blog/from-excel-to-sql-a-smooth-transition-guide,0.978,DEEP REWRITE,Rewrite in priority order (BLOG_REWRITE_QUEUE.csv). NOINDEX only for members Search Console shows earn nothing (class C) and that are not rewritten.,42 articles on different topics share one body template (mean normalised similarity 0.92).,body text (5-word shingles)
F17,template family (shared outline and phrasing),no,42,0.924,data-cleaning-a-practical-step-by-step-guide,cb67551d-e33a-438f-9a5e-ed925419f863,Funnel Analysis: Measuring Conversion Step by Step,/blog/funnel-analysis-measuring-conversion-step-by-step,0.978,DEEP REWRITE,Rewrite in priority order (BLOG_REWRITE_QUEUE.csv). NOINDEX only for members Search Console shows earn nothing (class C) and that are not rewritten.,42 articles on different topics share one body template (mean normalised similarity 0.92).,body text (5-word shingles)
F17,template family (shared outline and phrasing),no,42,0.924,data-cleaning-a-practical-step-by-step-guide,4f4ab792-b571-451a-94f8-3a56b5771523,Google Sheets for Data Analysis: Underrated Power Tools,/blog/google-sheets-for-data-analysis-underrated-power-tools,0.978,DEEP REWRITE,Rewrite in priority order (BLOG_REWRITE_QUEUE.csv). NOINDEX only for members Search Console shows earn nothing (class C) and that are not rewritten.,42 articles on different topics share one body template (mean normalised similarity 0.92).,body text (5-word shingles)
F17,template family (shared outline and phrasing),no,42,0.924,data-cleaning-a-practical-step-by-step-guide,5eeb562c-7607-4f19-9081-614df57b3b57,How Data Analysts Add Real Business Value,/blog/how-data-analysts-add-real-business-value,0.978,DEEP REWRITE,Rewrite in priority order (BLOG_REWRITE_QUEUE.csv). NOINDEX only for members Search Console shows earn nothing (class C) and that are not rewritten.,42 articles on different topics share one body template (mean normalised similarity 0.92).,body text (5-word shingles)
F17,template family (shared outline and phrasing),no,42,0.924,data-cleaning-a-practical-step-by-step-guide,4deb6465-7417-46e9-b653-fc5d243a5f90,How to Audit a Messy Dataset Before Analysis,/blog/how-to-audit-a-messy-dataset-before-analysis,0.978,DEEP REWRITE,Rewrite in priority order (BLOG_REWRITE_QUEUE.csv). NOINDEX only for members Search Console shows earn nothing (class C) and that are not rewritten.,42 articles on different topics share one body template (mean normalised similarity 0.92).,body text (5-word shingles)
F17,template family (shared outline and phrasing),no,42,0.924,data-cleaning-a-practical-step-by-step-guide,42fa332c-199e-4033-bf0a-484dfbca4f6c,How to Become a Data Analyst with No Experience,/blog/how-to-become-a-data-analyst-with-no-experience,0.978,DEEP REWRITE,Rewrite in priority order (BLOG_REWRITE_QUEUE.csv). NOINDEX only for members Search Console shows earn nothing (class C) and that are not rewritten.,42 articles on different topics share one body template (mean normalised similarity 0.92).,body text (5-word shingles)
F17,template family (shared outline and phrasing),no,42,0.924,data-cleaning-a-practical-step-by-step-guide,cc3aecdc-0897-4887-858d-ad034676c797,How to Build a Data Analyst Portfolio in 2026,/blog/how-to-build-a-data-analyst-portfolio-in-2026,0.978,DEEP REWRITE,Rewrite in priority order (BLOG_REWRITE_QUEUE.csv). NOINDEX only for members Search Console shows earn nothing (class C) and that are not rewritten.,42 articles on different topics share one body template (mean normalised similarity 0.92).,body text (5-word shingles)
F17,template family (shared outline and phrasing),no,42,0.924,data-cleaning-a-practical-step-by-step-guide,bf2f35ac-4845-4e4e-8562-ccdad92336ff,How to Create Effective KPIs for Any Business,/blog/how-to-create-effective-kpis-for-any-business,0.978,DEEP REWRITE,Rewrite in priority order (BLOG_REWRITE_QUEUE.csv). NOINDEX only for members Search Console shows earn nothing (class C) and that are not rewritten.,42 articles on different topics share one body template (mean normalised similarity 0.92).,body text (5-word shingles)
F17,template family (shared outline and phrasing),no,42,0.924,data-cleaning-a-practical-step-by-step-guide,d0c7160b-d8cf-45a6-ac00-a1d349e279a4,How to Handle Missing Data in Analytics,/blog/how-to-handle-missing-data-in-analytics,0.978,DEEP REWRITE,Rewrite in priority order (BLOG_REWRITE_QUEUE.csv). NOINDEX only for members Search Console shows earn nothing (class C) and that are not rewritten.,42 articles on different topics share one body template (mean normalised similarity 0.92).,body text (5-word shingles)
F17,template family (shared outline and phrasing),no,42,0.924,data-cleaning-a-practical-step-by-step-guide,130aeb07-a012-4a7a-b534-88da59592824,How to Present Data to Non-Technical Stakeholders,/blog/how-to-present-data-to-non-technical-stakeholders,0.978,DEEP REWRITE,Rewrite in priority order (BLOG_REWRITE_QUEUE.csv). NOINDEX only for members Search Console shows earn nothing (class C) and that are not rewritten.,42 articles on different topics share one body template (mean normalised similarity 0.92).,body text (5-word shingles)
F17,template family (shared outline and phrasing),no,42,0.924,data-cleaning-a-practical-step-by-step-guide,0f91d9e0-9355-4520-9ad7-6533c737f1af,How to Tell a Story with Data: A Practical Framework,/blog/how-to-tell-a-story-with-data-a-practical-framework,0.978,DEEP REWRITE,Rewrite in priority order (BLOG_REWRITE_QUEUE.csv). NOINDEX only for members Search Console shows earn nothing (class C) and that are not rewritten.,42 articles on different topics share one body template (mean normalised similarity 0.92).,body text (5-word shingles)
F17,template family (shared outline and phrasing),no,42,0.924,data-cleaning-a-practical-step-by-step-guide,3aef54d1-39f7-419e-aa5d-a71209829732,How to Write a Data Analysis Report That Gets Read,/blog/how-to-write-a-data-analysis-report-that-gets-read,0.978,DEEP REWRITE,Rewrite in priority order (BLOG_REWRITE_QUEUE.csv). NOINDEX only for members Search Console shows earn nothing (class C) and that are not rewritten.,42 articles on different topics share one body template (mean normalised similarity 0.92).,body text (5-word shingles)
F17,template family (shared outline and phrasing),no,42,0.924,data-cleaning-a-practical-step-by-step-guide,c60523ec-8b64-4ffd-b61f-29cebb764ea5,Looker Studio Tutorial: Free Dashboards for Beginners,/blog/looker-studio-tutorial-free-dashboards-for-beginners,0.978,DEEP REWRITE,Rewrite in priority order (BLOG_REWRITE_QUEUE.csv). NOINDEX only for members Search Console shows earn nothing (class C) and that are not rewritten.,42 articles on different topics share one body template (mean normalised similarity 0.92).,body text (5-word shingles)
F17,template family (shared outline and phrasing),no,42,0.924,data-cleaning-a-practical-step-by-step-guide,62e80fbc-7155-45c9-801d-5f959fd6180a,Marketing Analytics: Metrics and Dashboards That Matter,/blog/marketing-analytics-metrics-and-dashboards-that-matter,0.978,DEEP REWRITE,Rewrite in priority order (BLOG_REWRITE_QUEUE.csv). NOINDEX only for members Search Console shows earn nothing (class C) and that are not rewritten.,42 articles on different topics share one body template (mean normalised similarity 0.92).,body text (5-word shingles)
F17,template family (shared outline and phrasing),no,42,0.924,data-cleaning-a-practical-step-by-step-guide,e1faf93a-3d0a-4db2-ae57-4e68b6202862,Outlier Detection for Analysts: Methods and Tools,/blog/outlier-detection-for-analysts-methods-and-tools,0.978,DEEP REWRITE,Rewrite in priority order (BLOG_REWRITE_QUEUE.csv). NOINDEX only for members Search Console shows earn nothing (class C) and that are not rewritten.,42 articles on different topics share one body template (mean normalised similarity 0.92).,body text (5-word shingles)
F17,template family (shared outline and phrasing),no,42,0.924,data-cleaning-a-practical-step-by-step-guide,7acfdae6-955f-4cdb-b65a-c962bee798e9,Pivot Tables in Excel: A Complete Tutorial,/blog/pivot-tables-in-excel-a-complete-tutorial,0.978,DEEP REWRITE,Rewrite in priority order (BLOG_REWRITE_QUEUE.csv). NOINDEX only for members Search Console shows earn nothing (class C) and that are not rewritten.,42 articles on different topics share one body template (mean normalised similarity 0.92).,body text (5-word shingles)
F17,template family (shared outline and phrasing),no,42,0.924,data-cleaning-a-practical-step-by-step-guide,3d5bfd24-48f2-44ff-a61e-1b8d15240792,"Product Analytics 101: Events, Funnels and Retention",/blog/product-analytics-101-events-funnels-and-retention,0.978,DEEP REWRITE,Rewrite in priority order (BLOG_REWRITE_QUEUE.csv). NOINDEX only for members Search Console shows earn nothing (class C) and that are not rewritten.,42 articles on different topics share one body template (mean normalised similarity 0.92).,body text (5-word shingles)
F17,template family (shared outline and phrasing),no,42,0.924,data-cleaning-a-practical-step-by-step-guide,2e763d01-50de-4ff7-92a1-7c9a6ffe7ec5,Self-Service Analytics: Empowering Business Teams,/blog/self-service-analytics-empowering-business-teams,0.978,DEEP REWRITE,Rewrite in priority order (BLOG_REWRITE_QUEUE.csv). NOINDEX only for members Search Console shows earn nothing (class C) and that are not rewritten.,42 articles on different topics share one body template (mean normalised similarity 0.92).,body text (5-word shingles)
F17,template family (shared outline and phrasing),no,42,0.924,data-cleaning-a-practical-step-by-step-guide,8b5c40d8-c7d1-40e0-ae62-9f7702e89aee,Spreadsheet to Insight: A Repeatable Analysis Workflow,/blog/spreadsheet-to-insight-a-repeatable-analysis-workflow,0.978,DEEP REWRITE,Rewrite in priority order (BLOG_REWRITE_QUEUE.csv). NOINDEX only for members Search Console shows earn nothing (class C) and that are not rewritten.,42 articles on different topics share one body template (mean normalised similarity 0.92).,body text (5-word shingles)
F17,template family (shared outline and phrasing),no,42,0.924,data-cleaning-a-practical-step-by-step-guide,0581ad5a-b57a-463d-8c46-0ab6cbe1f516,SQL for Data Analysts: The Queries You Need Daily,/blog/sql-for-data-analysts-the-queries-you-need-daily,0.978,DEEP REWRITE,Rewrite in priority order (BLOG_REWRITE_QUEUE.csv). NOINDEX only for members Search Console shows earn nothing (class C) and that are not rewritten.,42 articles on different topics share one body template (mean normalised similarity 0.92).,body text (5-word shingles)
F17,template family (shared outline and phrasing),no,42,0.924,data-cleaning-a-practical-step-by-step-guide,17a007b7-1add-4bc0-a83d-bccdab58f616,Statistical Concepts Every Data Analyst Must Know,/blog/statistical-concepts-every-data-analyst-must-know,0.978,DEEP REWRITE,Rewrite in priority order (BLOG_REWRITE_QUEUE.csv). NOINDEX only for members Search Console shows earn nothing (class C) and that are not rewritten.,42 articles on different topics share one body template (mean normalised similarity 0.92).,body text (5-word shingles)
F17,template family (shared outline and phrasing),no,42,0.924,data-cleaning-a-practical-step-by-step-guide,f8c255e9-0c20-4acd-89a3-83d292960c03,The Modern Data Analytics Stack Explained,/blog/the-modern-data-analytics-stack-explained,0.978,DEEP REWRITE,Rewrite in priority order (BLOG_REWRITE_QUEUE.csv). NOINDEX only for members Search Console shows earn nothing (class C) and that are not rewritten.,42 articles on different topics share one body template (mean normalised similarity 0.92).,body text (5-word shingles)
F17,template family (shared outline and phrasing),no,42,0.924,data-cleaning-a-practical-step-by-step-guide,69a49f00-34ea-45fd-8cfc-efbf2f99a786,Time Intelligence in Analytics: Trends and Seasonality,/blog/time-intelligence-in-analytics-trends-and-seasonality,0.978,DEEP REWRITE,Rewrite in priority order (BLOG_REWRITE_QUEUE.csv). NOINDEX only for members Search Console shows earn nothing (class C) and that are not rewritten.,42 articles on different topics share one body template (mean normalised similarity 0.92).,body text (5-word shingles)
F17,template family (shared outline and phrasing),no,42,0.924,data-cleaning-a-practical-step-by-step-guide,27ce0eee-5eac-4485-b75c-b8673dc05135,Top Free Tools for Data Analysts in 2026,/blog/top-free-tools-for-data-analysts-in-2026,0.978,DEEP REWRITE,Rewrite in priority order (BLOG_REWRITE_QUEUE.csv). NOINDEX only for members Search Console shows earn nothing (class C) and that are not rewritten.,42 articles on different topics share one body template (mean normalised similarity 0.92).,body text (5-word shingles)
F17,template family (shared outline and phrasing),no,42,0.924,data-cleaning-a-practical-step-by-step-guide,f8737f14-2bf4-4217-8e01-9818fb608ae3,Web Analytics Basics: Understanding User Behavior,/blog/web-analytics-basics-understanding-user-behavior,0.978,DEEP REWRITE,Rewrite in priority order (BLOG_REWRITE_QUEUE.csv). NOINDEX only for members Search Console shows earn nothing (class C) and that are not rewritten.,42 articles on different topics share one body template (mean normalised similarity 0.92).,body text (5-word shingles)
F18,template family (shared outline and phrasing),no,7,0.858,data-analyst-salary-in-hyderabad-2026,f6cb42bb-1814-4a35-80f4-158669fdc47e,Data Analyst Salary in Hyderabad 2026,/blog/data-analyst-salary-in-hyderabad-2026,1,DEEP REWRITE,Rewrite in priority order (BLOG_REWRITE_QUEUE.csv). NOINDEX only for members Search Console shows earn nothing (class C) and that are not rewritten.,7 articles on different topics share one body template (mean normalised similarity 0.86).,body text (5-word shingles)
F18,template family (shared outline and phrasing),no,7,0.858,data-analyst-salary-in-hyderabad-2026,a1a1edd7-f647-405b-933e-549399d33f3c,Correlation vs Causation: A Must-Know for Analysts,/blog/correlation-vs-causation-a-must-know-for-analysts,0.535,DEEP REWRITE,Rewrite in priority order (BLOG_REWRITE_QUEUE.csv). NOINDEX only for members Search Console shows earn nothing (class C) and that are not rewritten.,7 articles on different topics share one body template (mean normalised similarity 0.86).,body text (5-word shingles)
F18,template family (shared outline and phrasing),no,7,0.858,data-analyst-salary-in-hyderabad-2026,1c16821a-373d-4355-b5c7-431df23822fc,Data Analyst vs Business Analyst: Key Differences,/blog/data-analyst-vs-business-analyst-key-differences,0.535,DEEP REWRITE,Rewrite in priority order (BLOG_REWRITE_QUEUE.csv). NOINDEX only for members Search Console shows earn nothing (class C) and that are not rewritten.,7 articles on different topics share one body template (mean normalised similarity 0.86).,body text (5-word shingles)
F18,template family (shared outline and phrasing),no,7,0.858,data-analyst-salary-in-hyderabad-2026,8fb0cd10-53bc-47da-8d3e-b7bf0c5d5823,Descriptive vs Diagnostic vs Predictive Analytics,/blog/descriptive-vs-diagnostic-vs-predictive-analytics,0.533,DEEP REWRITE,Rewrite in priority order (BLOG_REWRITE_QUEUE.csv). NOINDEX only for members Search Console shows earn nothing (class C) and that are not rewritten.,7 articles on different topics share one body template (mean normalised similarity 0.86).,body text (5-word shingles)
F18,template family (shared outline and phrasing),no,7,0.858,data-analyst-salary-in-hyderabad-2026,536b47d0-5b7c-470b-977d-6860c8fccd58,Excel vs Power BI: Which Should You Learn First?,/blog/excel-vs-power-bi-which-should-you-learn-first,0.535,DEEP REWRITE,Rewrite in priority order (BLOG_REWRITE_QUEUE.csv). NOINDEX only for members Search Console shows earn nothing (class C) and that are not rewritten.,7 articles on different topics share one body template (mean normalised similarity 0.86).,body text (5-word shingles)
F18,template family (shared outline and phrasing),no,7,0.858,data-analyst-salary-in-hyderabad-2026,6bbe6d3a-0fa3-4d15-8f8b-692bb40aa8ac,Metrics That Matter: Vanity vs Actionable Metrics,/blog/metrics-that-matter-vanity-vs-actionable-metrics,0.535,DEEP REWRITE,Rewrite in priority order (BLOG_REWRITE_QUEUE.csv). NOINDEX only for members Search Console shows earn nothing (class C) and that are not rewritten.,7 articles on different topics share one body template (mean normalised similarity 0.86).,body text (5-word shingles)
F18,template family (shared outline and phrasing),no,7,0.858,data-analyst-salary-in-hyderabad-2026,a1896117-62a9-4924-b95d-4e498c7fe074,Power BI vs Tableau vs Looker: A 2026 Comparison,/blog/power-bi-vs-tableau-vs-looker-a-2026-comparison,0.534,DEEP REWRITE,Rewrite in priority order (BLOG_REWRITE_QUEUE.csv). NOINDEX only for members Search Console shows earn nothing (class C) and that are not rewritten.,7 articles on different topics share one body template (mean normalised similarity 0.86).,body text (5-word shingles)
F19,template family (shared outline and phrasing),no,7,0.747,power-bi-developer-salary-in-hyderabad-2026,77874e6c-5eb2-4208-8ac6-77870aabf046,Power BI Developer Salary in Hyderabad 2026,/blog/power-bi-developer-salary-in-hyderabad-2026,1,DEEP REWRITE,Rewrite in priority order (BLOG_REWRITE_QUEUE.csv). NOINDEX only for members Search Console shows earn nothing (class C) and that are not rewritten.,7 articles on different topics share one body template (mean normalised similarity 0.75).,body text (5-word shingles)
F19,template family (shared outline and phrasing),no,7,0.747,power-bi-developer-salary-in-hyderabad-2026,87668382-eb60-4dc3-ad26-8e5e2f76604d,Creating Calculated Columns vs Measures in Power BI,/blog/creating-calculated-columns-vs-measures-in-power-bi,0.535,DEEP REWRITE,Rewrite in priority order (BLOG_REWRITE_QUEUE.csv). NOINDEX only for members Search Console shows earn nothing (class C) and that are not rewritten.,7 articles on different topics share one body template (mean normalised similarity 0.75).,body text (5-word shingles)
F19,template family (shared outline and phrasing),no,7,0.747,power-bi-developer-salary-in-hyderabad-2026,da35abfe-ac74-44cd-889f-60a164f78af5,Power BI Certification (PL-300): How to Prepare,/blog/power-bi-certification-pl-300-how-to-prepare,0.497,DEEP REWRITE,Rewrite in priority order (BLOG_REWRITE_QUEUE.csv). NOINDEX only for members Search Console shows earn nothing (class C) and that are not rewritten.,7 articles on different topics share one body template (mean normalised similarity 0.75).,body text (5-word shingles)
F19,template family (shared outline and phrasing),no,7,0.747,power-bi-developer-salary-in-hyderabad-2026,71a925aa-dcf6-4cb9-9db4-8e8a723d4ce7,Power BI Paginated Reports vs Interactive Reports,/blog/power-bi-paginated-reports-vs-interactive-reports,0.538,DEEP REWRITE,Rewrite in priority order (BLOG_REWRITE_QUEUE.csv). NOINDEX only for members Search Console shows earn nothing (class C) and that are not rewritten.,7 articles on different topics share one body template (mean normalised similarity 0.75).,body text (5-word shingles)
F19,template family (shared outline and phrasing),no,7,0.747,power-bi-developer-salary-in-hyderabad-2026,c6a5b225-ec0c-48af-bac5-b1fd5f0a65ca,Power BI vs Excel: When to Use Each Tool,/blog/power-bi-vs-excel-when-to-use-each-tool,0.539,DEEP REWRITE,Rewrite in priority order (BLOG_REWRITE_QUEUE.csv). NOINDEX only for members Search Console shows earn nothing (class C) and that are not rewritten.,7 articles on different topics share one body template (mean normalised similarity 0.75).,body text (5-word shingles)
F19,template family (shared outline and phrasing),no,7,0.747,power-bi-developer-salary-in-hyderabad-2026,f18face6-f8ee-43e3-8ce0-b14d1d824e92,Power BI vs Tableau: A Detailed 2026 Comparison,/blog/power-bi-vs-tableau-a-detailed-2026-comparison,0.539,DEEP REWRITE,Rewrite in priority order (BLOG_REWRITE_QUEUE.csv). NOINDEX only for members Search Console shows earn nothing (class C) and that are not rewritten.,7 articles on different topics share one body template (mean normalised similarity 0.75).,body text (5-word shingles)
F19,template family (shared outline and phrasing),no,7,0.747,power-bi-developer-salary-in-hyderabad-2026,dcf588d8-092a-431d-b93b-eefde93234ed,Star Schema vs Snowflake Schema in Power BI,/blog/star-schema-vs-snowflake-schema-in-power-bi,0.536,DEEP REWRITE,Rewrite in priority order (BLOG_REWRITE_QUEUE.csv). NOINDEX only for members Search Console shows earn nothing (class C) and that are not rewritten.,7 articles on different topics share one body template (mean normalised similarity 0.75).,body text (5-word shingles)
F20,template family (shared outline and phrasing),no,7,0.855,hyperparameter-tuning-grid-search-vs-random-search-vs-bayesian,481de930-9098-4ba9-b9c0-9d18bbe08b85,Hyperparameter Tuning: Grid Search vs Random Search vs Bayesian,/blog/hyperparameter-tuning-grid-search-vs-random-search-vs-bayesian,1,DEEP REWRITE,Rewrite in priority order (BLOG_REWRITE_QUEUE.csv). NOINDEX only for members Search Console shows earn nothing (class C) and that are not rewritten.,7 articles on different topics share one body template (mean normalised similarity 0.86).,body text (5-word shingles)
F20,template family (shared outline and phrasing),no,7,0.855,hyperparameter-tuning-grid-search-vs-random-search-vs-bayesian,ded4f3b2-9da3-4214-83ee-ed356c855727,Data Science vs Data Analytics: Which Career Is Right for You?,/blog/data-science-vs-data-analytics-which-career-is-right-for-you,0.982,DEEP REWRITE,Rewrite in priority order (BLOG_REWRITE_QUEUE.csv). NOINDEX only for members Search Console shows earn nothing (class C) and that are not rewritten.,7 articles on different topics share one body template (mean normalised similarity 0.86).,body text (5-word shingles)
F20,template family (shared outline and phrasing),no,7,0.855,hyperparameter-tuning-grid-search-vs-random-search-vs-bayesian,7d33dee8-9547-4349-a379-c57a33577e5d,Data Science vs Machine Learning vs AI: What's the Difference?,/blog/data-science-vs-machine-learning-vs-ai-what-s-the-difference,0.977,DEEP REWRITE,Rewrite in priority order (BLOG_REWRITE_QUEUE.csv). NOINDEX only for members Search Console shows earn nothing (class C) and that are not rewritten.,7 articles on different topics share one body template (mean normalised similarity 0.86).,body text (5-word shingles)
F20,template family (shared outline and phrasing),no,7,0.855,hyperparameter-tuning-grid-search-vs-random-search-vs-bayesian,400513d0-289e-4522-b6f1-950df8a2df00,Data Scientist Salary in Hyderabad 2026: Freshers to Senior,/blog/data-scientist-salary-in-hyderabad-2026-freshers-to-senior,0.534,DEEP REWRITE,Rewrite in priority order (BLOG_REWRITE_QUEUE.csv). NOINDEX only for members Search Console shows earn nothing (class C) and that are not rewritten.,7 articles on different topics share one body template (mean normalised similarity 0.86).,body text (5-word shingles)
F20,template family (shared outline and phrasing),no,7,0.855,hyperparameter-tuning-grid-search-vs-random-search-vs-bayesian,6604ee3c-d43d-47cc-893c-cbb8a522acce,Pandas vs SQL for Data Analysis: When to Use Which,/blog/pandas-vs-sql-for-data-analysis-when-to-use-which,0.974,DEEP REWRITE,Rewrite in priority order (BLOG_REWRITE_QUEUE.csv). NOINDEX only for members Search Console shows earn nothing (class C) and that are not rewritten.,7 articles on different topics share one body template (mean normalised similarity 0.86).,body text (5-word shingles)
F20,template family (shared outline and phrasing),no,7,0.855,hyperparameter-tuning-grid-search-vs-random-search-vs-bayesian,e6b30108-46f6-435c-866d-1b4454ffce97,Regression vs Classification: When to Use Each,/blog/regression-vs-classification-when-to-use-each,0.982,DEEP REWRITE,Rewrite in priority order (BLOG_REWRITE_QUEUE.csv). NOINDEX only for members Search Console shows earn nothing (class C) and that are not rewritten.,7 articles on different topics share one body template (mean normalised similarity 0.86).,body text (5-word shingles)
F20,template family (shared outline and phrasing),no,7,0.855,hyperparameter-tuning-grid-search-vs-random-search-vs-bayesian,77b9be0e-1abc-4266-85bf-09cf7877874f,Supervised vs Unsupervised Learning: A Clear Comparison,/blog/supervised-vs-unsupervised-learning-a-clear-comparison,0.982,DEEP REWRITE,Rewrite in priority order (BLOG_REWRITE_QUEUE.csv). NOINDEX only for members Search Console shows earn nothing (class C) and that are not rewritten.,7 articles on different topics share one body template (mean normalised similarity 0.86).,body text (5-word shingles)
F21,template family (shared outline and phrasing),no,7,0.769,what-is-generative-ai-a-complete-beginner-s-guide,d8136654-8ef6-4165-adbb-e7ef90167d60,What Is Generative AI? A Complete Beginner's Guide,/blog/what-is-generative-ai-a-complete-beginner-s-guide,1,DEEP REWRITE,Rewrite in priority order (BLOG_REWRITE_QUEUE.csv). NOINDEX only for members Search Console shows earn nothing (class C) and that are not rewritten.,7 articles on different topics share one body template (mean normalised similarity 0.77).,body text (5-word shingles)
F21,template family (shared outline and phrasing),no,7,0.769,what-is-generative-ai-a-complete-beginner-s-guide,ad1b9f26-5eba-4ea4-adf5-2fcf332d235f,Few-Shot vs Zero-Shot Prompting: A Practical Guide,/blog/few-shot-vs-zero-shot-prompting-a-practical-guide,0.603,DEEP REWRITE,Rewrite in priority order (BLOG_REWRITE_QUEUE.csv). NOINDEX only for members Search Console shows earn nothing (class C) and that are not rewritten.,7 articles on different topics share one body template (mean normalised similarity 0.77).,body text (5-word shingles)
F21,template family (shared outline and phrasing),no,7,0.769,what-is-generative-ai-a-complete-beginner-s-guide,ea25d844-b2ca-44f5-a7a0-e5228eb9373a,Fine-Tuning vs RAG: Which Should You Choose?,/blog/fine-tuning-vs-rag-which-should-you-choose,0.605,DEEP REWRITE,Rewrite in priority order (BLOG_REWRITE_QUEUE.csv). NOINDEX only for members Search Console shows earn nothing (class C) and that are not rewritten.,7 articles on different topics share one body template (mean normalised similarity 0.77).,body text (5-word shingles)
F21,template family (shared outline and phrasing),no,7,0.769,what-is-generative-ai-a-complete-beginner-s-guide,a1a82bbf-bd01-4144-a3df-d3eb17fa9d81,Generative AI Salary in India 2026: Roles and Pay,/blog/generative-ai-salary-in-india-2026-roles-and-pay,0.549,DEEP REWRITE,Rewrite in priority order (BLOG_REWRITE_QUEUE.csv). NOINDEX only for members Search Console shows earn nothing (class C) and that are not rewritten.,7 articles on different topics share one body template (mean normalised similarity 0.77).,body text (5-word shingles)
F21,template family (shared outline and phrasing),no,7,0.769,what-is-generative-ai-a-complete-beginner-s-guide,febfa389-7f80-45fd-bde4-25b5ae7d0d6e,LlamaIndex vs LangChain: Which Framework to Pick,/blog/llamaindex-vs-langchain-which-framework-to-pick,0.605,DEEP REWRITE,Rewrite in priority order (BLOG_REWRITE_QUEUE.csv). NOINDEX only for members Search Console shows earn nothing (class C) and that are not rewritten.,7 articles on different topics share one body template (mean normalised similarity 0.77).,body text (5-word shingles)
F21,template family (shared outline and phrasing),no,7,0.769,what-is-generative-ai-a-complete-beginner-s-guide,9d55d0fa-b133-405e-ad2d-f3689df43731,Open-Source LLMs vs Closed Models: A 2026 Comparison,/blog/open-source-llms-vs-closed-models-a-2026-comparison,0.603,DEEP REWRITE,Rewrite in priority order (BLOG_REWRITE_QUEUE.csv). NOINDEX only for members Search Console shows earn nothing (class C) and that are not rewritten.,7 articles on different topics share one body template (mean normalised similarity 0.77).,body text (5-word shingles)
F21,template family (shared outline and phrasing),no,7,0.769,what-is-generative-ai-a-complete-beginner-s-guide,c777ccaa-54e0-4b68-9360-3d8cc77ba425,Semantic Search vs Keyword Search: What Changed with AI,/blog/semantic-search-vs-keyword-search-what-changed-with-ai,0.605,DEEP REWRITE,Rewrite in priority order (BLOG_REWRITE_QUEUE.csv). NOINDEX only for members Search Console shows earn nothing (class C) and that are not rewritten.,7 articles on different topics share one body template (mean normalised similarity 0.77).,body text (5-word shingles)
F22,template family (shared outline and phrasing),no,6,0.833,python-salary-in-india-2026-roles-and-expectations,5fa5ea97-2b5b-445f-84ff-e114024942f8,Python Salary in India 2026: Roles and Expectations,/blog/python-salary-in-india-2026-roles-and-expectations,1,DEEP REWRITE,Rewrite in priority order (BLOG_REWRITE_QUEUE.csv). NOINDEX only for members Search Console shows earn nothing (class C) and that are not rewritten.,6 articles on different topics share one body template (mean normalised similarity 0.83).,body text (5-word shingles)
F22,template family (shared outline and phrasing),no,6,0.833,python-salary-in-india-2026-roles-and-expectations,aa5c6497-b5a2-486a-99a1-ca203b5a94bc,Flask vs FastAPI vs Django: Which to Choose in 2026,/blog/flask-vs-fastapi-vs-django-which-to-choose-in-2026,0.537,DEEP REWRITE,Rewrite in priority order (BLOG_REWRITE_QUEUE.csv). NOINDEX only for members Search Console shows earn nothing (class C) and that are not rewritten.,6 articles on different topics share one body template (mean normalised similarity 0.83).,body text (5-word shingles)
F22,template family (shared outline and phrasing),no,6,0.833,python-salary-in-india-2026-roles-and-expectations,e184c4e9-172d-4a6c-8282-e7f23ab80f58,Multithreading vs Multiprocessing in Python,/blog/multithreading-vs-multiprocessing-in-python,0.537,DEEP REWRITE,Rewrite in priority order (BLOG_REWRITE_QUEUE.csv). NOINDEX only for members Search Console shows earn nothing (class C) and that are not rewritten.,6 articles on different topics share one body template (mean normalised similarity 0.83).,body text (5-word shingles)
F22,template family (shared outline and phrasing),no,6,0.833,python-salary-in-india-2026-roles-and-expectations,12438fac-dec5-41fc-8c30-2c0347844f5d,Python Decorators vs Context Managers: When to Use Each,/blog/python-decorators-vs-context-managers-when-to-use-each,0.538,DEEP REWRITE,Rewrite in priority order (BLOG_REWRITE_QUEUE.csv). NOINDEX only for members Search Console shows earn nothing (class C) and that are not rewritten.,6 articles on different topics share one body template (mean normalised similarity 0.83).,body text (5-word shingles)
F22,template family (shared outline and phrasing),no,6,0.833,python-salary-in-india-2026-roles-and-expectations,6720186f-8f88-4738-b509-b57b93c85555,Python Iterators vs Generators vs Comprehensions,/blog/python-iterators-vs-generators-vs-comprehensions,0.537,DEEP REWRITE,Rewrite in priority order (BLOG_REWRITE_QUEUE.csv). NOINDEX only for members Search Console shows earn nothing (class C) and that are not rewritten.,6 articles on different topics share one body template (mean normalised similarity 0.83).,body text (5-word shingles)
F22,template family (shared outline and phrasing),no,6,0.833,python-salary-in-india-2026-roles-and-expectations,58ffec7c-fc6d-44cb-ae65-5eb3fad8cb92,Python Lists vs Tuples vs Sets vs Dictionaries,/blog/python-lists-vs-tuples-vs-sets-vs-dictionaries,0.535,DEEP REWRITE,Rewrite in priority order (BLOG_REWRITE_QUEUE.csv). NOINDEX only for members Search Console shows earn nothing (class C) and that are not rewritten.,6 articles on different topics share one body template (mean normalised similarity 0.83).,body text (5-word shingles)
I1,same intent (phase3-ownership),yes,3,0,/compare/power-bi-vs-excel,,/compare/power-bi-vs-excel,/compare/power-bi-vs-excel,1,owner page,Search Console: merge only if the member earns no distinct queries; otherwise rewrite it to a distinct angle.,"Phase 3 CHANGE INTERNAL TARGETING: The /compare page owns the comparison. Both posts reach it only through the footer: give each a contextual link to it, and merge the ""when to use each"" post after a GSC check.",curated editorial decision
I1,same intent (phase3-ownership),yes,3,0,/compare/power-bi-vs-excel,536b47d0-5b7c-470b-977d-6860c8fccd58,Excel vs Power BI: Which Should You Learn First?,/blog/excel-vs-power-bi-which-should-you-learn-first,0,DEEP REWRITE (Phase 3 decision),Search Console: merge only if the member earns no distinct queries; otherwise rewrite it to a distinct angle.,"Phase 3 CHANGE INTERNAL TARGETING: The /compare page owns the comparison. Both posts reach it only through the footer: give each a contextual link to it, and merge the ""when to use each"" post after a GSC check.",curated editorial decision
I1,same intent (phase3-ownership),yes,3,0,/compare/power-bi-vs-excel,c6a5b225-ec0c-48af-bac5-b1fd5f0a65ca,Power BI vs Excel: When to Use Each Tool,/blog/power-bi-vs-excel-when-to-use-each-tool,0,DEEP REWRITE (Phase 3 decision),Search Console: merge only if the member earns no distinct queries; otherwise rewrite it to a distinct angle.,"Phase 3 CHANGE INTERNAL TARGETING: The /compare page owns the comparison. Both posts reach it only through the footer: give each a contextual link to it, and merge the ""when to use each"" post after a GSC check.",curated editorial decision
I2,same intent (phase3-ownership),yes,2,0,/compare/data-science-vs-data-analytics,,/compare/data-science-vs-data-analytics,/compare/data-science-vs-data-analytics,1,owner page,Search Console: merge only if the member earns no distinct queries; otherwise rewrite it to a distinct angle.,"Phase 3 REWRITE INTENT: Two /compare pages ask one question. Keep the field comparison as the owner and refocus the analyst-vs-scientist page on the job roles (duties, hiring, pay). The blog post supports the owner.",curated editorial decision
I2,same intent (phase3-ownership),yes,2,0,/compare/data-science-vs-data-analytics,ded4f3b2-9da3-4214-83ee-ed356c855727,Data Science vs Data Analytics: Which Career Is Right for You?,/blog/data-science-vs-data-analytics-which-career-is-right-for-you,0,DEEP REWRITE (Phase 3 decision),Search Console: merge only if the member earns no distinct queries; otherwise rewrite it to a distinct angle.,"Phase 3 REWRITE INTENT: Two /compare pages ask one question. Keep the field comparison as the owner and refocus the analyst-vs-scientist page on the job roles (duties, hiring, pay). The blog post supports the owner.",curated editorial decision
I3,same intent (phase3-ownership),yes,2,0,/compare/data-engineering-vs-data-science,,/compare/data-engineering-vs-data-science,/compare/data-engineering-vs-data-science,1,owner page,Search Console: merge only if the member earns no distinct queries; otherwise rewrite it to a distinct angle.,Phase 3 CHANGE INTERNAL TARGETING: The /compare page owns it; the post reaches it only through the footer. Add a contextual link; merge only if GSC shows the post earns no queries of its own.,curated editorial decision
I3,same intent (phase3-ownership),yes,2,0,/compare/data-engineering-vs-data-science,528ab0f5-ce67-4c9f-8e7c-32028224fb63,Data Engineering vs Data Science: Roles Compared,/blog/data-engineering-vs-data-science-roles-compared,0,DEEP REWRITE (Phase 3 decision),Search Console: merge only if the member earns no distinct queries; otherwise rewrite it to a distinct angle.,Phase 3 CHANGE INTERNAL TARGETING: The /compare page owns it; the post reaches it only through the footer. Add a contextual link; merge only if GSC shows the post earns no queries of its own.,curated editorial decision
I4,same intent (phase3-ownership),yes,2,0,/compare/power-bi-vs-tableau,,/compare/power-bi-vs-tableau,/compare/power-bi-vs-tableau,1,owner page,Search Console: merge only if the member earns no distinct queries; otherwise rewrite it to a distinct angle.,Phase 3 CHANGE INTERNAL TARGETING: As above: contextual link from the post to the /compare page. The three-way Power BI vs Tableau vs Looker post is a different query and is not in this cluster.,curated editorial decision
I4,same intent (phase3-ownership),yes,2,0,/compare/power-bi-vs-tableau,f18face6-f8ee-43e3-8ce0-b14d1d824e92,Power BI vs Tableau: A Detailed 2026 Comparison,/blog/power-bi-vs-tableau-a-detailed-2026-comparison,0,DEEP REWRITE (Phase 3 decision),Search Console: merge only if the member earns no distinct queries; otherwise rewrite it to a distinct angle.,Phase 3 CHANGE INTERNAL TARGETING: As above: contextual link from the post to the /compare page. The three-way Power BI vs Tableau vs Looker post is a different query and is not in this cluster.,curated editorial decision
I5,same intent (phase3-ownership),yes,3,0.75,bigquery-vs-snowflake-vs-redshift-a-comparison,c1b0fd3c-408b-4aed-b3ab-a7b068bbbff0,BigQuery vs Snowflake vs Redshift: A Comparison,/blog/bigquery-vs-snowflake-vs-redshift-a-comparison,1,KEEP as owner (DEEP REWRITE first),Search Console: merge only if the member earns no distinct queries; otherwise rewrite it to a distinct angle.,"Phase 3 MERGE: Three posts compare the same three warehouses in a different order. Keep one, 308 the others once GSC confirms which earns the impressions.",curated editorial decision
I5,same intent (phase3-ownership),yes,3,0.75,bigquery-vs-snowflake-vs-redshift-a-comparison,b812f849-6d75-4828-a2a5-1299ddabb85f,Cloud Data Warehouses Compared: Snowflake vs BigQuery vs Redshift,/blog/cloud-data-warehouses-compared-snowflake-vs-bigquery-vs-redshift,0.75,MERGE (Phase 3 decision),Search Console: merge only if the member earns no distinct queries; otherwise rewrite it to a distinct angle.,"Phase 3 MERGE: Three posts compare the same three warehouses in a different order. Keep one, 308 the others once GSC confirms which earns the impressions.",curated editorial decision
I5,same intent (phase3-ownership),yes,3,0.75,bigquery-vs-snowflake-vs-redshift-a-comparison,b3d0bc4f-ffb6-43e7-a665-31055fc61275,Redshift vs Snowflake vs BigQuery: A Comparison,/blog/redshift-vs-snowflake-vs-bigquery-a-comparison,0.75,MERGE (Phase 3 decision),Search Console: merge only if the member earns no distinct queries; otherwise rewrite it to a distinct angle.,"Phase 3 MERGE: Three posts compare the same three warehouses in a different order. Keep one, 308 the others once GSC confirms which earns the impressions.",curated editorial decision
I6,same intent (phase3-ownership),yes,2,0.8,orchestration-airflow-vs-dagster-vs-prefect,a6a0eaa1-b568-4541-b5d2-922a84dab321,Orchestration: Airflow vs Dagster vs Prefect,/blog/orchestration-airflow-vs-dagster-vs-prefect,1,KEEP as owner (DEEP REWRITE first),Search Console: merge only if the member earns no distinct queries; otherwise rewrite it to a distinct angle.,"Phase 3 MANUAL REVIEW: Same three tools, Data Engineering vs MLOps category. Merge, or rewrite the MLOps copy around ML-pipeline orchestration.",curated editorial decision
I6,same intent (phase3-ownership),yes,2,0.8,orchestration-airflow-vs-dagster-vs-prefect,98a63b65-4bf3-44a8-ae8b-e9bdb39d6f8c,Pipeline Orchestration: Airflow vs Prefect vs Dagster,/blog/pipeline-orchestration-airflow-vs-prefect-vs-dagster,0.8,MANUAL REVIEW (Phase 3 decision),Search Console: merge only if the member earns no distinct queries; otherwise rewrite it to a distinct angle.,"Phase 3 MANUAL REVIEW: Same three tools, Data Engineering vs MLOps category. Merge, or rewrite the MLOps copy around ML-pipeline orchestration.",curated editorial decision
I7,same intent (phase3-ownership),yes,2,1,power-bi-interview-questions-top-40-with-answers,d408360e-e966-4639-8d1f-970d98651d15,Power BI Interview Questions: Top 40 with Answers,/blog/power-bi-interview-questions-top-40-with-answers,1,KEEP as owner (DEEP REWRITE first),Search Console: merge only if the member earns no distinct queries; otherwise rewrite it to a distinct angle.,"Phase 3 MERGE: Topic-category copy wins over the generic interview-questions bucket, as for the five pairs merged earlier. Confirm with GSC, then 308.",curated editorial decision
I7,same intent (phase3-ownership),yes,2,1,power-bi-interview-questions-top-40-with-answers,45a28bcf-874b-48d3-8589-3d7cdeca2666,Power BI Interview Questions with Detailed Answers,/blog/power-bi-interview-questions-with-detailed-answers,1,MERGE (Phase 3 decision),Search Console: merge only if the member earns no distinct queries; otherwise rewrite it to a distinct angle.,"Phase 3 MERGE: Topic-category copy wins over the generic interview-questions bucket, as for the five pairs merged earlier. Confirm with GSC, then 308.",curated editorial decision
I8,same intent (phase3-ownership),yes,2,1,azure-data-factory-interview-questions-and-answers,d4a2cf26-6806-4348-91e2-04762d4163be,Azure Data Factory Interview Questions and Answers,/blog/azure-data-factory-interview-questions-and-answers,1,KEEP as owner (DEEP REWRITE first),Search Console: merge only if the member earns no distinct queries; otherwise rewrite it to a distinct angle.,Phase 3 MERGE: Same rule as the Power BI pair: the Azure Data Factory category copy owns it; the interview-questions bucket copy is the merge candidate.,curated editorial decision
I8,same intent (phase3-ownership),yes,2,1,azure-data-factory-interview-questions-and-answers,e96ec2d8-45ed-48de-b9ea-ffd1e5e1c3fd,Azure Data Factory (ADF) Interview Questions,/blog/azure-data-factory-adf-interview-questions,1,MERGE (Phase 3 decision),Search Console: merge only if the member earns no distinct queries; otherwise rewrite it to a distinct angle.,Phase 3 MERGE: Same rule as the Power BI pair: the Azure Data Factory category copy owns it; the interview-questions bucket copy is the merge candidate.,curated editorial decision
I9,same intent (phase3-ownership),yes,2,1,python-interview-questions-top-50-with-answers,4bb37f3e-673c-4d3a-994c-64d3d057831b,Python Interview Questions: Top 50 with Answers,/blog/python-interview-questions-top-50-with-answers,1,KEEP as owner (DEEP REWRITE first),Search Console: merge only if the member earns no distinct queries; otherwise rewrite it to a distinct angle.,"Phase 3 REWRITE INTENT: Keep the general Python set as owner. The ""for data roles"" post becomes standard-library coding tasks from data interviews (Phase 4 pilot rewrite, awaiting review); pandas and NumPy questions already have their own posts.",curated editorial decision
I9,same intent (phase3-ownership),yes,2,1,python-interview-questions-top-50-with-answers,8f3e6cc3-851a-459f-a821-c64d9dd4de2a,Python Interview Questions for Data Roles,/blog/python-interview-questions-for-data-roles,1,DEEP REWRITE (Phase 3 decision),Search Console: merge only if the member earns no distinct queries; otherwise rewrite it to a distinct angle.,"Phase 3 REWRITE INTENT: Keep the general Python set as owner. The ""for data roles"" post becomes standard-library coding tasks from data interviews (Phase 4 pilot rewrite, awaiting review); pandas and NumPy questions already have their own posts.",curated editorial decision
I10,same intent (phase3-ownership),yes,2,1,data-analyst-roadmap-2026-skills-tools-and-timeline,d4e69b05-c67e-4356-875b-a353ec336620,"Data Analyst Roadmap 2026: Skills, Tools and Timeline",/blog/data-analyst-roadmap-2026-skills-tools-and-timeline,1,KEEP as owner (DEEP REWRITE first),Search Console: merge only if the member earns no distinct queries; otherwise rewrite it to a distinct angle.,Phase 3 KEEP BOTH: Roadmap vs career-switch-with-no-experience: related but different questions. Cross-link them.,curated editorial decision
I10,same intent (phase3-ownership),yes,2,1,data-analyst-roadmap-2026-skills-tools-and-timeline,42fa332c-199e-4033-bf0a-484dfbca4f6c,How to Become a Data Analyst with No Experience,/blog/how-to-become-a-data-analyst-with-no-experience,1,DEEP REWRITE (Phase 3 decision),Search Console: merge only if the member earns no distinct queries; otherwise rewrite it to a distinct angle.,Phase 3 KEEP BOTH: Roadmap vs career-switch-with-no-experience: related but different questions. Cross-link them.,curated editorial decision
I11,same intent (phase3-ownership),yes,2,1,data-engineering-roadmap-2026-a-complete-guide,fe0843d2-54f6-4334-beef-58606bd4d1ef,Data Engineering Roadmap 2026: A Complete Guide,/blog/data-engineering-roadmap-2026-a-complete-guide,1,KEEP as owner (DEEP REWRITE first),Search Console: merge only if the member earns no distinct queries; otherwise rewrite it to a distinct angle.,Phase 3 KEEP BOTH: Roadmap vs how-to-become: keep both angles distinct and cross-linked.,curated editorial decision
I11,same intent (phase3-ownership),yes,2,1,data-engineering-roadmap-2026-a-complete-guide,b9fbae04-d29a-4a8e-a16f-3f23b53cd221,How to Become a Data Engineer in 2026,/blog/how-to-become-a-data-engineer-in-2026,1,DEEP REWRITE (Phase 3 decision),Search Console: merge only if the member earns no distinct queries; otherwise rewrite it to a distinct angle.,Phase 3 KEEP BOTH: Roadmap vs how-to-become: keep both angles distinct and cross-linked.,curated editorial decision
I12,same intent (phase3-ownership),yes,2,0.83,adf-pipelines-explained-building-your-first-pipeline,f4eb72db-c920-47bb-a8f1-e5dc195ae0c4,ADF Pipelines Explained: Building Your First Pipeline,/blog/adf-pipelines-explained-building-your-first-pipeline,1,KEEP as owner (DEEP REWRITE first),Search Console: merge only if the member earns no distinct queries; otherwise rewrite it to a distinct angle.,"Phase 3 MANUAL REVIEW: Both walk through building an ADF pipeline. Merge, or keep the second strictly about ETL design.",curated editorial decision
I12,same intent (phase3-ownership),yes,2,0.83,adf-pipelines-explained-building-your-first-pipeline,b817f985-51ae-4e6a-9a98-9c1ba8e3eda1,Building an ETL Pipeline with ADF Step by Step,/blog/building-an-etl-pipeline-with-adf-step-by-step,0.83,MANUAL REVIEW (Phase 3 decision),Search Console: merge only if the member earns no distinct queries; otherwise rewrite it to a distinct angle.,"Phase 3 MANUAL REVIEW: Both walk through building an ADF pipeline. Merge, or keep the second strictly about ETL design.",curated editorial decision
I13,same intent (phase3-ownership),yes,2,0.8,langgraph-tutorial-building-stateful-ai-agents,c2a710dd-db6f-4119-b844-59bd08f77282,LangGraph Tutorial: Building Stateful AI Agents,/blog/langgraph-tutorial-building-stateful-ai-agents,1,KEEP as owner (DEEP REWRITE first),Search Console: merge only if the member earns no distinct queries; otherwise rewrite it to a distinct angle.,Phase 3 MANUAL REVIEW: Two LangGraph agent tutorials in the same category. Merge is likely; needs an editor to confirm neither covers something the other does not.,curated editorial decision
I13,same intent (phase3-ownership),yes,2,0.8,langgraph-tutorial-building-stateful-ai-agents,9e69c58c-0543-4b92-8299-0539e9e3af0d,Building AI Agents with LangGraph: A Hands-On Tutorial,/blog/building-ai-agents-with-langgraph-a-hands-on-tutorial,0.8,MANUAL REVIEW (Phase 3 decision),Search Console: merge only if the member earns no distinct queries; otherwise rewrite it to a distinct angle.,Phase 3 MANUAL REVIEW: Two LangGraph agent tutorials in the same category. Merge is likely; needs an editor to confirm neither covers something the other does not.,curated editorial decision
I14,same intent (phase5-topical),yes,3,0.5,data-science-roadmap-2026-a-complete-step-by-step-guide,4423b7cc-2752-439e-8a78-60746423e95a,Data Science Roadmap 2026: A Complete Step-by-Step Guide,/blog/data-science-roadmap-2026-a-complete-step-by-step-guide,1,KEEP as owner (DEEP REWRITE first),Search Console: merge only if the member earns no distinct queries; otherwise rewrite it to a distinct angle.,"The two transition roadmaps have distinct audiences (analysts, career switchers) and stay. ""How to become … with no experience"" and ""without a degree"" answer the roadmap question again: merge candidates, pending Search Console.",curated editorial decision
I14,same intent (phase5-topical),yes,3,0.5,data-science-roadmap-2026-a-complete-step-by-step-guide,2657b2bb-b314-43da-ad9a-c6cfd801f492,How to Become a Data Scientist in 2026 with No Experience,/blog/how-to-become-a-data-scientist-in-2026-with-no-experience,0.5,MERGE (candidate),Search Console: merge only if the member earns no distinct queries; otherwise rewrite it to a distinct angle.,"The two transition roadmaps have distinct audiences (analysts, career switchers) and stay. ""How to become … with no experience"" and ""without a degree"" answer the roadmap question again: merge candidates, pending Search Console.",curated editorial decision
I14,same intent (phase5-topical),yes,3,0.5,data-science-roadmap-2026-a-complete-step-by-step-guide,3fff247f-29a3-4de8-a469-2af7400da633,Data Science Without a Degree: Is It Possible in 2026?,/blog/data-science-without-a-degree-is-it-possible-in-2026,0.5,MERGE (candidate),Search Console: merge only if the member earns no distinct queries; otherwise rewrite it to a distinct angle.,"The two transition roadmaps have distinct audiences (analysts, career switchers) and stay. ""How to become … with no experience"" and ""without a degree"" answer the roadmap question again: merge candidates, pending Search Console.",curated editorial decision
I15,same intent (phase5-topical),yes,2,0.29,statistics-for-data-science-the-20-you-actually-need,1fa0de07-5d61-4389-bf15-c59e53cca95e,Statistics for Data Science: The 20% You Actually Need,/blog/statistics-for-data-science-the-20-you-actually-need,1,KEEP as owner (DEEP REWRITE first),Search Console: merge only if the member earns no distinct queries; otherwise rewrite it to a distinct angle.,"""How much maths"" overlaps the statistics owner; refocus it on the maths (linear algebra, calculus) or merge.",curated editorial decision
I15,same intent (phase5-topical),yes,2,0.29,statistics-for-data-science-the-20-you-actually-need,b9981a86-e8a7-4851-b00f-3a348bf7e8a1,How Much Math Do You Really Need for Data Science?,/blog/how-much-math-do-you-really-need-for-data-science,0.29,MERGE (candidate),Search Console: merge only if the member earns no distinct queries; otherwise rewrite it to a distinct angle.,"""How much maths"" overlaps the statistics owner; refocus it on the maths (linear algebra, calculus) or merge.",curated editorial decision
I16,same intent (phase5-topical),yes,2,0.5,generative-ai-interview-questions-and-how-to-answer-them,b305e6c3-4c73-4a89-9fb2-1ce2fd43515c,Generative AI Interview Questions and How to Answer Them,/blog/generative-ai-interview-questions-and-how-to-answer-them,1,KEEP as owner (DEEP REWRITE first),Search Console: merge only if the member earns no distinct queries; otherwise rewrite it to a distinct angle.,"Same question twice. As in Phase 3, the topic-category copy owns it; the interview-questions copy is a merge candidate once Search Console confirms it earns nothing distinct.",curated editorial decision
I16,same intent (phase5-topical),yes,2,0.5,generative-ai-interview-questions-and-how-to-answer-them,cf8d6c2e-47b8-451f-97dd-3879366b47f0,Generative AI and LLM Interview Questions,/blog/generative-ai-and-llm-interview-questions,0.5,MERGE (candidate),Search Console: merge only if the member earns no distinct queries; otherwise rewrite it to a distinct angle.,"Same question twice. As in Phase 3, the topic-category copy owns it; the interview-questions copy is a merge candidate once Search Console confirms it earns nothing distinct.",curated editorial decision
I17,same intent (phase5-topical),yes,2,0.8,langgraph-tutorial-building-stateful-ai-agents,c2a710dd-db6f-4119-b844-59bd08f77282,LangGraph Tutorial: Building Stateful AI Agents,/blog/langgraph-tutorial-building-stateful-ai-agents,1,KEEP as owner (DEEP REWRITE first),Search Console: merge only if the member earns no distinct queries; otherwise rewrite it to a distinct angle.,"Phase 3 MANUAL REVIEW: two LangGraph agent tutorials. Merge, or give the second a distinct build.",curated editorial decision
I17,same intent (phase5-topical),yes,2,0.8,langgraph-tutorial-building-stateful-ai-agents,9e69c58c-0543-4b92-8299-0539e9e3af0d,Building AI Agents with LangGraph: A Hands-On Tutorial,/blog/building-ai-agents-with-langgraph-a-hands-on-tutorial,0.8,MERGE (candidate),Search Console: merge only if the member earns no distinct queries; otherwise rewrite it to a distinct angle.,"Phase 3 MANUAL REVIEW: two LangGraph agent tutorials. Merge, or give the second a distinct build.",curated editorial decision
I18,same intent (phase5-topical),yes,3,0.21,learn-python-from-scratch-a-complete-2026-roadmap,92281b73-ee0d-43f7-b140-250bb2a84d7d,Learn Python from Scratch: A Complete 2026 Roadmap,/blog/learn-python-from-scratch-a-complete-2026-roadmap,1,KEEP as owner (DEEP REWRITE first),Search Console: merge only if the member earns no distinct queries; otherwise rewrite it to a distinct angle.,"Three answers to one question. Keep the roadmap; merge the 6-month plan into it (a timeline section) and refocus ""learn faster"" on study technique, or merge it too, pending Search Console.",curated editorial decision
I18,same intent (phase5-topical),yes,3,0.21,learn-python-from-scratch-a-complete-2026-roadmap,07bda889-f7fe-4b0c-8c3c-d2ea24c44d6c,From Python Beginner to Job-Ready: A 6-Month Plan,/blog/from-python-beginner-to-job-ready-a-6-month-plan,0.21,MERGE (candidate),Search Console: merge only if the member earns no distinct queries; otherwise rewrite it to a distinct angle.,"Three answers to one question. Keep the roadmap; merge the 6-month plan into it (a timeline section) and refocus ""learn faster"" on study technique, or merge it too, pending Search Console.",curated editorial decision
I18,same intent (phase5-topical),yes,3,0.21,learn-python-from-scratch-a-complete-2026-roadmap,9ac4af73-9ca7-4fe8-8e96-eb0cb785b42a,How to Learn Python Faster: A Proven Study Plan,/blog/how-to-learn-python-faster-a-proven-study-plan,0.21,MERGE (candidate),Search Console: merge only if the member earns no distinct queries; otherwise rewrite it to a distinct angle.,"Three answers to one question. Keep the roadmap; merge the 6-month plan into it (a timeline section) and refocus ""learn faster"" on study technique, or merge it too, pending Search Console.",curated editorial decision
I19,same intent (phase5-topical),yes,3,0.38,python-projects-for-beginners-15-ideas-to-build,aff911c7-72df-41df-9000-e5988f91a683,Python Projects for Beginners: 15 Ideas to Build,/blog/python-projects-for-beginners-15-ideas-to-build,1,KEEP as owner (DEEP REWRITE first),Search Console: merge only if the member earns no distinct queries; otherwise rewrite it to a distinct angle.,"Two project-idea lists and two automation guides. Merge the weekend list into the beginner list, and the automation guide into the ten scripts (or the reverse), pending Search Console.",curated editorial decision
I19,same intent (phase5-topical),yes,3,0.38,python-projects-for-beginners-15-ideas-to-build,f700ca21-f622-447c-b352-7339f8acca0e,Python Mini Projects to Build in a Weekend,/blog/python-mini-projects-to-build-in-a-weekend,0.38,MERGE (candidate),Search Console: merge only if the member earns no distinct queries; otherwise rewrite it to a distinct angle.,"Two project-idea lists and two automation guides. Merge the weekend list into the beginner list, and the automation guide into the ten scripts (or the reverse), pending Search Console.",curated editorial decision
I19,same intent (phase5-topical),yes,3,0.38,python-projects-for-beginners-15-ideas-to-build,ae735a1c-82cb-4ae2-83e8-7e60220d8075,Python for Automation: A Real-World Project Guide,/blog/python-for-automation-a-real-world-project-guide,0.38,MERGE (candidate),Search Console: merge only if the member earns no distinct queries; otherwise rewrite it to a distinct angle.,"Two project-idea lists and two automation guides. Merge the weekend list into the beginner list, and the automation guide into the ten scripts (or the reverse), pending Search Console.",curated editorial decision
I20,same intent (phase5-topical),yes,2,0.2,python-interview-questions-top-50-with-answers,4bb37f3e-673c-4d3a-994c-64d3d057831b,Python Interview Questions: Top 50 with Answers,/blog/python-interview-questions-top-50-with-answers,1,KEEP as owner (DEEP REWRITE first),Search Console: merge only if the member earns no distinct queries; otherwise rewrite it to a distinct angle.,"Data-roles post rewritten to standard-library coding tasks (Phase 4 pilot). ""Coding challenges to practise"" and ""coding interview questions and patterns"" answer one question: merge candidates.",curated editorial decision
I20,same intent (phase5-topical),yes,2,0.2,python-interview-questions-top-50-with-answers,7a9cfc36-a90a-46e5-bcef-b2064e99da7b,Python Coding Challenges to Practice for Interviews,/blog/python-coding-challenges-to-practice-for-interviews,0.2,MERGE (candidate),Search Console: merge only if the member earns no distinct queries; otherwise rewrite it to a distinct angle.,"Data-roles post rewritten to standard-library coding tasks (Phase 4 pilot). ""Coding challenges to practise"" and ""coding interview questions and patterns"" answer one question: merge candidates.",curated editorial decision
I21,same intent (phase5-topical),yes,2,0.67,power-bi-roadmap-2026-from-beginner-to-job-ready,3853b6b3-ba0e-47b1-954f-99318e3d6e7c,Power BI Roadmap 2026: From Beginner to Job-Ready,/blog/power-bi-roadmap-2026-from-beginner-to-job-ready,1,KEEP as owner (DEEP REWRITE first),Search Console: merge only if the member earns no distinct queries; otherwise rewrite it to a distinct angle.,"The career roadmap has the same body as the roadmap (Phase 4, keyword-swapped) and the same query: merge candidate. The 30-day plan is a time-boxed study plan and can stay if rewritten as one.",curated editorial decision
I21,same intent (phase5-topical),yes,2,0.67,power-bi-roadmap-2026-from-beginner-to-job-ready,fca531a3-6371-45e7-befe-406c31611d94,From Power BI Beginner to Developer: A Career Roadmap,/blog/from-power-bi-beginner-to-developer-a-career-roadmap,0.67,MERGE (candidate),Search Console: merge only if the member earns no distinct queries; otherwise rewrite it to a distinct angle.,"The career roadmap has the same body as the roadmap (Phase 4, keyword-swapped) and the same query: merge candidate. The 30-day plan is a time-boxed study plan and can stay if rewritten as one.",curated editorial decision
I22,same intent (phase5-topical),yes,2,0.38,dax-guide-measures-calculated-columns-and-context,75fdbf2d-cb26-4b83-adeb-5af50745506c,"DAX Guide: Measures, Calculated Columns and Context",/blog/dax-guide-measures-calculated-columns-and-context,1,KEEP as owner (DEEP REWRITE first),Search Console: merge only if the member earns no distinct queries; otherwise rewrite it to a distinct angle.,"The DAX guide already covers ""measures and calculated columns"". Refocus the comparison post on the decision (when to use which, with examples) or merge it.",curated editorial decision
I22,same intent (phase5-topical),yes,2,0.38,dax-guide-measures-calculated-columns-and-context,87668382-eb60-4dc3-ad26-8e5e2f76604d,Creating Calculated Columns vs Measures in Power BI,/blog/creating-calculated-columns-vs-measures-in-power-bi,0.38,MERGE (candidate),Search Console: merge only if the member earns no distinct queries; otherwise rewrite it to a distinct angle.,"The DAX guide already covers ""measures and calculated columns"". Refocus the comparison post on the decision (when to use which, with examples) or merge it.",curated editorial decision
I23,same intent (phase5-topical),yes,2,1,power-bi-interview-questions-top-40-with-answers,d408360e-e966-4639-8d1f-970d98651d15,Power BI Interview Questions: Top 40 with Answers,/blog/power-bi-interview-questions-top-40-with-answers,1,KEEP as owner (DEEP REWRITE first),Search Console: merge only if the member earns no distinct queries; otherwise rewrite it to a distinct angle.,Phase 3 MERGE (Phase 4: gated on Search Console).,curated editorial decision
I23,same intent (phase5-topical),yes,2,1,power-bi-interview-questions-top-40-with-answers,45a28bcf-874b-48d3-8589-3d7cdeca2666,Power BI Interview Questions with Detailed Answers,/blog/power-bi-interview-questions-with-detailed-answers,1,MERGE (candidate),Search Console: merge only if the member earns no distinct queries; otherwise rewrite it to a distinct angle.,Phase 3 MERGE (Phase 4: gated on Search Console).,curated editorial decision
I24,same intent (phase5-topical),yes,2,0.13,airflow-tutorial-orchestrating-data-pipelines,5d57b451-b542-4e96-9cee-2ea19f961d27,Airflow Tutorial: Orchestrating Data Pipelines,/blog/airflow-tutorial-orchestrating-data-pipelines,1,KEEP as owner (DEEP REWRITE first),Search Console: merge only if the member earns no distinct queries; otherwise rewrite it to a distinct angle.,"Two Airflow introductions. Merge the DAGs post into the tutorial, or refocus it on DAG design patterns.",curated editorial decision
I24,same intent (phase5-topical),yes,2,0.13,airflow-tutorial-orchestrating-data-pipelines,b23df0ec-f12d-4e01-b766-925c41a39f6a,Workflow Orchestration with Apache Airflow DAGs,/blog/workflow-orchestration-with-apache-airflow-dags,0.13,MERGE (candidate),Search Console: merge only if the member earns no distinct queries; otherwise rewrite it to a distinct angle.,"Two Airflow introductions. Merge the DAGs post into the tutorial, or refocus it on DAG design patterns.",curated editorial decision
I25,same intent (phase5-topical),yes,3,0.3,snowflake-explained-the-cloud-data-warehouse,5467e7b0-3db3-463a-8fa8-b7fe5b3565c7,Snowflake Explained: The Cloud Data Warehouse,/blog/snowflake-explained-the-cloud-data-warehouse,1,KEEP as owner (DEEP REWRITE first),Search Console: merge only if the member earns no distinct queries; otherwise rewrite it to a distinct angle.,Phase 3 MERGE: three posts compare the same three warehouses. bigquery-vs-snowflake-vs-redshift owns it.,curated editorial decision
I25,same intent (phase5-topical),yes,3,0.3,snowflake-explained-the-cloud-data-warehouse,b812f849-6d75-4828-a2a5-1299ddabb85f,Cloud Data Warehouses Compared: Snowflake vs BigQuery vs Redshift,/blog/cloud-data-warehouses-compared-snowflake-vs-bigquery-vs-redshift,0.3,MERGE (candidate),Search Console: merge only if the member earns no distinct queries; otherwise rewrite it to a distinct angle.,Phase 3 MERGE: three posts compare the same three warehouses. bigquery-vs-snowflake-vs-redshift owns it.,curated editorial decision
I25,same intent (phase5-topical),yes,3,0.3,snowflake-explained-the-cloud-data-warehouse,b3d0bc4f-ffb6-43e7-a665-31055fc61275,Redshift vs Snowflake vs BigQuery: A Comparison,/blog/redshift-vs-snowflake-vs-bigquery-a-comparison,0.3,MERGE (candidate),Search Console: merge only if the member earns no distinct queries; otherwise rewrite it to a distinct angle.,Phase 3 MERGE: three posts compare the same three warehouses. bigquery-vs-snowflake-vs-redshift owns it.,curated editorial decision
I26,same intent (phase5-topical),yes,3,0.29,aws-roadmap-2026-for-data-engineers,9b5f372e-9d6e-4cd4-b32d-fc64c4881104,AWS Roadmap 2026 for Data Engineers,/blog/aws-roadmap-2026-for-data-engineers,1,KEEP as owner (DEEP REWRITE first),Search Console: merge only if the member earns no distinct queries; otherwise rewrite it to a distinct angle.,"The ""start an AWS cloud career"" and ""AWS data engineer guide"" posts answer the roadmap question again: merge candidates. The ~40 other AWS articles support the listed subtopics.",curated editorial decision
I26,same intent (phase5-topical),yes,3,0.29,aws-roadmap-2026-for-data-engineers,5d2d9f9f-7c75-4499-9506-8dbf58f04f09,How to Start an AWS Cloud Career in 2026,/blog/how-to-start-an-aws-cloud-career-in-2026,0.29,MERGE (candidate),Search Console: merge only if the member earns no distinct queries; otherwise rewrite it to a distinct angle.,"The ""start an AWS cloud career"" and ""AWS data engineer guide"" posts answer the roadmap question again: merge candidates. The ~40 other AWS articles support the listed subtopics.",curated editorial decision
I26,same intent (phase5-topical),yes,3,0.29,aws-roadmap-2026-for-data-engineers,fc7dc45f-56ea-4e11-a850-901156b19a51,AWS Data Engineer Guide: Skills and Services,/blog/aws-data-engineer-guide-skills-and-services,0.29,MERGE (candidate),Search Console: merge only if the member earns no distinct queries; otherwise rewrite it to a distinct angle.,"The ""start an AWS cloud career"" and ""AWS data engineer guide"" posts answer the roadmap question again: merge candidates. The ~40 other AWS articles support the listed subtopics.",curated editorial decision
I27,same intent (phase5-topical),yes,3,0,gcp-roadmap-2026-for-data-engineers,2c35233c-ec5a-4439-891d-afb62ace4b4e,GCP Roadmap 2026 for Data Engineers,/blog/gcp-roadmap-2026-for-data-engineers,1,KEEP as owner (DEEP REWRITE first),Search Console: merge only if the member earns no distinct queries; otherwise rewrite it to a distinct angle.,"""Start a career in Google Cloud"" repeats the roadmap. ""Streaming data into BigQuery"" overlaps ""loading data into BigQuery: batch and streaming""; keep one owner for BigQuery ingestion.",curated editorial decision
I27,same intent (phase5-topical),yes,3,0,gcp-roadmap-2026-for-data-engineers,5ce052bf-f4eb-4d92-81d9-8678b23fb228,How to Start a Career in Google Cloud in 2026,/blog/how-to-start-a-career-in-google-cloud-in-2026,0,MERGE (candidate),Search Console: merge only if the member earns no distinct queries; otherwise rewrite it to a distinct angle.,"""Start a career in Google Cloud"" repeats the roadmap. ""Streaming data into BigQuery"" overlaps ""loading data into BigQuery: batch and streaming""; keep one owner for BigQuery ingestion.",curated editorial decision
I27,same intent (phase5-topical),yes,3,0,gcp-roadmap-2026-for-data-engineers,54d19c99-686d-4dc9-80cb-417a13516335,Streaming Data into BigQuery: A Practical Guide,/blog/streaming-data-into-bigquery-a-practical-guide,0,MERGE (candidate),Search Console: merge only if the member earns no distinct queries; otherwise rewrite it to a distinct angle.,"""Start a career in Google Cloud"" repeats the roadmap. ""Streaming data into BigQuery"" overlaps ""loading data into BigQuery: batch and streaming""; keep one owner for BigQuery ingestion.",curated editorial decision
I28,same intent (phase5-topical),yes,4,0.67,azure-data-factory-roadmap-2026-a-complete-guide,8515f2ba-8c71-43d8-afc6-e557b7d55ad7,Azure Data Factory Roadmap 2026: A Complete Guide,/blog/azure-data-factory-roadmap-2026-a-complete-guide,1,KEEP as owner (DEEP REWRITE first),Search Console: merge only if the member earns no distinct queries; otherwise rewrite it to a distinct angle.,"""How to become an Azure data engineer"" repeats the roadmap. The ETL-pipeline post is a Phase 3 MANUAL REVIEW against the first-pipeline post, and the interview-questions copy is a Phase 3 MERGE.",curated editorial decision
I28,same intent (phase5-topical),yes,4,0.67,azure-data-factory-roadmap-2026-a-complete-guide,f7d2d955-4ae6-465b-b5e4-74f97a2e0475,How to Become an Azure Data Engineer in 2026,/blog/how-to-become-an-azure-data-engineer-in-2026,0.67,MERGE (candidate),Search Console: merge only if the member earns no distinct queries; otherwise rewrite it to a distinct angle.,"""How to become an Azure data engineer"" repeats the roadmap. The ETL-pipeline post is a Phase 3 MANUAL REVIEW against the first-pipeline post, and the interview-questions copy is a Phase 3 MERGE.",curated editorial decision
I28,same intent (phase5-topical),yes,4,0.67,azure-data-factory-roadmap-2026-a-complete-guide,b817f985-51ae-4e6a-9a98-9c1ba8e3eda1,Building an ETL Pipeline with ADF Step by Step,/blog/building-an-etl-pipeline-with-adf-step-by-step,0.67,MERGE (candidate),Search Console: merge only if the member earns no distinct queries; otherwise rewrite it to a distinct angle.,"""How to become an Azure data engineer"" repeats the roadmap. The ETL-pipeline post is a Phase 3 MANUAL REVIEW against the first-pipeline post, and the interview-questions copy is a Phase 3 MERGE.",curated editorial decision
I28,same intent (phase5-topical),yes,4,0.67,azure-data-factory-roadmap-2026-a-complete-guide,e96ec2d8-45ed-48de-b9ea-ffd1e5e1c3fd,Azure Data Factory (ADF) Interview Questions,/blog/azure-data-factory-adf-interview-questions,0.67,MERGE (candidate),Search Console: merge only if the member earns no distinct queries; otherwise rewrite it to a distinct angle.,"""How to become an Azure data engineer"" repeats the roadmap. The ETL-pipeline post is a Phase 3 MANUAL REVIEW against the first-pipeline post, and the interview-questions copy is a Phase 3 MERGE.",curated editorial decision
I29,same intent (phase5-topical),yes,4,0.56,data-engineer-salary-in-hyderabad-2026,55a1b6e1-679f-4d59-a2ae-87c1ce863dff,Data Engineer Salary in Hyderabad 2026,/blog/data-engineer-salary-in-hyderabad-2026,1,KEEP as owner (DEEP REWRITE first),Search Console: merge only if the member earns no distinct queries; otherwise rewrite it to a distinct angle.,"Four salary pages, all Phase 4 MANUAL REVIEW. With a sourced dataset, one data-engineer salary page with a platform section is likely more useful than four.",curated editorial decision
I29,same intent (phase5-topical),yes,4,0.56,data-engineer-salary-in-hyderabad-2026,b68ea347-7b1a-4b77-93eb-167f15a3a5fc,AWS Data Engineer Salary in India 2026,/blog/aws-data-engineer-salary-in-india-2026,0.56,MERGE (candidate),Search Console: merge only if the member earns no distinct queries; otherwise rewrite it to a distinct angle.,"Four salary pages, all Phase 4 MANUAL REVIEW. With a sourced dataset, one data-engineer salary page with a platform section is likely more useful than four.",curated editorial decision
I29,same intent (phase5-topical),yes,4,0.56,data-engineer-salary-in-hyderabad-2026,66f37063-d9bd-4621-a57d-8e0f451b6dd1,GCP Data Engineer Salary in India 2026,/blog/gcp-data-engineer-salary-in-india-2026,0.56,MERGE (candidate),Search Console: merge only if the member earns no distinct queries; otherwise rewrite it to a distinct angle.,"Four salary pages, all Phase 4 MANUAL REVIEW. With a sourced dataset, one data-engineer salary page with a platform section is likely more useful than four.",curated editorial decision
I29,same intent (phase5-topical),yes,4,0.56,data-engineer-salary-in-hyderabad-2026,ae4e1d84-d666-4cb4-bd37-eaa3bb547c8b,Azure Data Engineer Salary in Hyderabad 2026,/blog/azure-data-engineer-salary-in-hyderabad-2026,0.56,MERGE (candidate),Search Console: merge only if the member earns no distinct queries; otherwise rewrite it to a distinct angle.,"Four salary pages, all Phase 4 MANUAL REVIEW. With a sourced dataset, one data-engineer salary page with a platform section is likely more useful than four.",curated editorial decision
I30,same intent (phase5-topical),yes,2,0.5,mlflow-tutorial-tracking-experiments-and-models,ebcac2a2-f135-4254-a5e3-f2b42e33d03c,MLflow Tutorial: Tracking Experiments and Models,/blog/mlflow-tutorial-tracking-experiments-and-models,1,KEEP as owner (DEEP REWRITE first),Search Console: merge only if the member earns no distinct queries; otherwise rewrite it to a distinct angle.,"The Data Science category has its own MLflow experiment-tracking post. MLOps owns MLflow; merge the DS post, or refocus it on the notebook workflow and link here.",curated editorial decision
I30,same intent (phase5-topical),yes,2,0.5,mlflow-tutorial-tracking-experiments-and-models,5385983d-7dcc-4237-b804-77027282f3a4,MLflow for Data Scientists: Tracking Experiments,/blog/mlflow-for-data-scientists-tracking-experiments,0.5,MERGE (candidate),Search Console: merge only if the member earns no distinct queries; otherwise rewrite it to a distinct angle.,"The Data Science category has its own MLflow experiment-tracking post. MLOps owns MLflow; merge the DS post, or refocus it on the notebook workflow and link here.",curated editorial decision
I31,same intent (phase5-topical),yes,2,0.4,docker-for-machine-learning-a-practical-guide,0cfceac7-0f15-471b-8737-fea1b598669f,Docker for Machine Learning: A Practical Guide,/blog/docker-for-machine-learning-a-practical-guide,1,KEEP as owner (DEEP REWRITE first),Search Console: merge only if the member earns no distinct queries; otherwise rewrite it to a distinct angle.,"Rewritten in the Phase 4 pilot. The step-by-step containerising post answers the same question: merge, or make it the worked walkthrough the guide links to.",curated editorial decision
I31,same intent (phase5-topical),yes,2,0.4,docker-for-machine-learning-a-practical-guide,2aa3a681-1f74-4d7a-8234-c426e49b87ce,Containerizing a Machine Learning Model Step by Step,/blog/containerizing-a-machine-learning-model-step-by-step,0.4,MERGE (candidate),Search Console: merge only if the member earns no distinct queries; otherwise rewrite it to a distinct angle.,"Rewritten in the Phase 4 pilot. The step-by-step containerising post answers the same question: merge, or make it the worked walkthrough the guide links to.",curated editorial decision
I32,same intent (phase5-topical),yes,2,0,serving-ml-models-with-fastapi-and-docker,ec46fc26-f6d8-4ac2-a751-05b4d12b4700,Serving ML Models with FastAPI and Docker,/blog/serving-ml-models-with-fastapi-and-docker,1,KEEP as owner (DEEP REWRITE first),Search Console: merge only if the member earns no distinct queries; otherwise rewrite it to a distinct angle.,"Both the FastAPI post and ""building a prediction API"" walk through serving a model over HTTP. ""From notebook to production"" sits in Data Science and is linked here as the entry point.",curated editorial decision
I32,same intent (phase5-topical),yes,2,0,serving-ml-models-with-fastapi-and-docker,8d4d115e-f469-48da-9798-909835b23d1a,Building a Prediction API: A Complete Walkthrough,/blog/building-a-prediction-api-a-complete-walkthrough,0,MERGE (candidate),Search Console: merge only if the member earns no distinct queries; otherwise rewrite it to a distinct angle.,"Both the FastAPI post and ""building a prediction API"" walk through serving a model over HTTP. ""From notebook to production"" sits in Data Science and is linked here as the entry point.",curated editorial decision
I33,same intent (phase5-topical),yes,2,0.11,monitoring-ml-models-in-production-a-complete-guide,8450a5b9-ca5f-4f88-9bc2-68eca6d55743,Monitoring ML Models in Production: A Complete Guide,/blog/monitoring-ml-models-in-production-a-complete-guide,1,KEEP as owner (DEEP REWRITE first),Search Console: merge only if the member earns no distinct queries; otherwise rewrite it to a distinct angle.,"Concept drift is covered by the drift article; merge, or keep only if it adds the retraining response.",curated editorial decision
I33,same intent (phase5-topical),yes,2,0.11,monitoring-ml-models-in-production-a-complete-guide,82467957-07cd-47ab-bc6c-20333b3376df,Handling Concept Drift in Live ML Systems,/blog/handling-concept-drift-in-live-ml-systems,0.11,MERGE (candidate),Search Console: merge only if the member earns no distinct queries; otherwise rewrite it to a distinct angle.,"Concept drift is covered by the drift article; merge, or keep only if it adds the retraining response.",curated editorial decision
I34,same intent (phase5-career),yes,4,0.09,linkedin-optimization-for-tech-job-seekers-in-2026,6fb04597-c9b0-46c7-a854-a262c7b17653,LinkedIn Optimization for Tech Job Seekers in 2026,/blog/linkedin-optimization-for-tech-job-seekers-in-2026,1,KEEP as owner (DEEP REWRITE first),Search Console: merge only if the member earns no distinct queries; otherwise rewrite it to a distinct angle.,"Profile, posting and branding are sections of one guide; the post-writing article can stay if it is genuinely about content.",curated editorial decision
I34,same intent (phase5-career),yes,4,0.09,linkedin-optimization-for-tech-job-seekers-in-2026,02ad0bda-2bf8-4071-92a6-785f58d763fb,Building a Personal Brand on LinkedIn,/blog/building-a-personal-brand-on-linkedin,0.09,MERGE (candidate),Search Console: merge only if the member earns no distinct queries; otherwise rewrite it to a distinct angle.,"Profile, posting and branding are sections of one guide; the post-writing article can stay if it is genuinely about content.",curated editorial decision
I34,same intent (phase5-career),yes,4,0.09,linkedin-optimization-for-tech-job-seekers-in-2026,1b0581ad-8b47-4731-b786-9b8b3be0ada0,How to Write LinkedIn Posts That Get You Noticed,/blog/how-to-write-linkedin-posts-that-get-you-noticed,0.09,MERGE (candidate),Search Console: merge only if the member earns no distinct queries; otherwise rewrite it to a distinct angle.,"Profile, posting and branding are sections of one guide; the post-writing article can stay if it is genuinely about content.",curated editorial decision
I34,same intent (phase5-career),yes,4,0.09,linkedin-optimization-for-tech-job-seekers-in-2026,32cf794d-cafa-4a23-9f3e-59970c4bdfcb,How to Get Recruiters to Notice Your Profile,/blog/how-to-get-recruiters-to-notice-your-profile,0.09,MERGE (candidate),Search Console: merge only if the member earns no distinct queries; otherwise rewrite it to a distinct angle.,"Profile, posting and branding are sections of one guide; the post-writing article can stay if it is genuinely about content.",curated editorial decision
I35,same intent (phase5-career),yes,4,0.08,behavioral-interview-questions-for-data-roles,33b74348-521e-4edd-8dd4-a36b7b482ae2,Behavioral Interview Questions for Data Roles,/blog/behavioral-interview-questions-for-data-roles,1,KEEP as owner (DEEP REWRITE first),Search Console: merge only if the member earns no distinct queries; otherwise rewrite it to a distinct angle.,"STAR and ""tell me about yourself"" are parts of behavioural-interview preparation. Merge or cross-link, pending Search Console.",curated editorial decision
I35,same intent (phase5-career),yes,4,0.08,behavioral-interview-questions-for-data-roles,ff61386a-778b-4895-9173-fc3c20f1fe33,Cracking the Behavioral Interview: STAR Method,/blog/cracking-the-behavioral-interview-star-method,0.08,MERGE (candidate),Search Console: merge only if the member earns no distinct queries; otherwise rewrite it to a distinct angle.,"STAR and ""tell me about yourself"" are parts of behavioural-interview preparation. Merge or cross-link, pending Search Console.",curated editorial decision
I35,same intent (phase5-career),yes,4,0.08,behavioral-interview-questions-for-data-roles,0bdfb4e6-ca7d-4f77-a247-515fbc7a3716,How to Answer 'Tell Me About Yourself' in Interviews,/blog/how-to-answer-tell-me-about-yourself-in-interviews,0.08,MERGE (candidate),Search Console: merge only if the member earns no distinct queries; otherwise rewrite it to a distinct angle.,"STAR and ""tell me about yourself"" are parts of behavioural-interview preparation. Merge or cross-link, pending Search Console.",curated editorial decision
I35,same intent (phase5-career),yes,4,0.08,behavioral-interview-questions-for-data-roles,6bafd24c-d84b-449c-901c-df4e8163efbf,Cracking HR Round Questions Confidently,/blog/cracking-hr-round-questions-confidently,0.08,MERGE (candidate),Search Console: merge only if the member earns no distinct queries; otherwise rewrite it to a distinct angle.,"STAR and ""tell me about yourself"" are parts of behavioural-interview preparation. Merge or cross-link, pending Search Console.",curated editorial decision
I36,same intent (phase5-career),yes,4,0,how-to-get-your-first-data-job-with-no-experience,aab7ba0a-93a0-41f4-9e23-3cba7707ffbf,How to Get Your First Data Job with No Experience,/blog/how-to-get-your-first-data-job-with-no-experience,1,KEEP as owner (DEEP REWRITE first),Search Console: merge only if the member earns no distinct queries; otherwise rewrite it to a distinct angle.,"The college-to-corporate post is about the first months in a job, a distinct question; the other two overlap the owner.",curated editorial decision
I36,same intent (phase5-career),yes,4,0,how-to-get-your-first-data-job-with-no-experience,2566c21c-4ed1-4e8d-9667-b1a8ca6cf96f,How to Stand Out in a Crowded Junior Job Market,/blog/how-to-stand-out-in-a-crowded-junior-job-market,0,MERGE (candidate),Search Console: merge only if the member earns no distinct queries; otherwise rewrite it to a distinct angle.,"The college-to-corporate post is about the first months in a job, a distinct question; the other two overlap the owner.",curated editorial decision
I36,same intent (phase5-career),yes,4,0,how-to-get-your-first-data-job-with-no-experience,fc463cee-1723-4b25-b0c9-fd01b482d4d3,From College to Corporate: A Fresher's Survival Guide,/blog/from-college-to-corporate-a-fresher-s-survival-guide,0,MERGE (candidate),Search Console: merge only if the member earns no distinct queries; otherwise rewrite it to a distinct angle.,"The college-to-corporate post is about the first months in a job, a distinct question; the other two overlap the owner.",curated editorial decision
I36,same intent (phase5-career),yes,4,0,how-to-get-your-first-data-job-with-no-experience,b72f8d3e-b8e6-421c-94c2-cb7807bee0a4,Interview Tips for Freshers: How to Stand Out,/blog/interview-tips-for-freshers-how-to-stand-out,0,MERGE (candidate),Search Console: merge only if the member earns no distinct queries; otherwise rewrite it to a distinct angle.,"The college-to-corporate post is about the first months in a job, a distinct question; the other two overlap the owner.",curated editorial decision
I37,same intent (phase5-career),yes,3,0,salary-negotiation-how-to-get-paid-what-you-re-worth,6fc575b7-af6c-4336-81d0-295c93ed6238,Salary Negotiation: How to Get Paid What You're Worth,/blog/salary-negotiation-how-to-get-paid-what-you-re-worth,1,KEEP as owner (DEEP REWRITE first),Search Console: merge only if the member earns no distinct queries; otherwise rewrite it to a distinct angle.,Offer negotiation and raises are distinct moments; the email post overlaps the owner. The owner itself is a Phase 4 MANUAL REVIEW for its figures.,curated editorial decision
I37,same intent (phase5-career),yes,3,0,salary-negotiation-how-to-get-paid-what-you-re-worth,e4d3dfbf-9891-48ca-9780-5154a5b3b399,How to Negotiate a Job Offer Email Step by Step,/blog/how-to-negotiate-a-job-offer-email-step-by-step,0,MERGE (candidate),Search Console: merge only if the member earns no distinct queries; otherwise rewrite it to a distinct angle.,Offer negotiation and raises are distinct moments; the email post overlaps the owner. The owner itself is a Phase 4 MANUAL REVIEW for its figures.,curated editorial decision
I37,same intent (phase5-career),yes,3,0,salary-negotiation-how-to-get-paid-what-you-re-worth,48f55520-ae7a-490d-ad01-f803b86e6207,"Asking for a Raise: Timing, Script and Evidence",/blog/asking-for-a-raise-timing-script-and-evidence,0,MERGE (candidate),Search Console: merge only if the member earns no distinct queries; otherwise rewrite it to a distinct angle.,Offer negotiation and raises are distinct moments; the email post overlaps the owner. The owner itself is a Phase 4 MANUAL REVIEW for its figures.,curated editorial decision
I38,same intent (phase5-career),yes,4,0.05,portfolio-building-projects-that-impress-recruiters,e265908e-7bcb-4aec-b825-ba3c56375899,Portfolio Building: Projects That Impress Recruiters,/blog/portfolio-building-projects-that-impress-recruiters,1,KEEP as owner (DEEP REWRITE first),Search Console: merge only if the member earns no distinct queries; otherwise rewrite it to a distinct angle.,Phase 4 found the first two word-for-word identical. Website and GitHub posts can stay as how-tos linked from the owner.,curated editorial decision
I38,same intent (phase5-career),yes,4,0.05,portfolio-building-projects-that-impress-recruiters,0896227f-5112-4a2a-88f9-e32cb3f2521c,Personal Projects That Double as Interview Stories,/blog/personal-projects-that-double-as-interview-stories,0.05,MERGE (candidate),Search Console: merge only if the member earns no distinct queries; otherwise rewrite it to a distinct angle.,Phase 4 found the first two word-for-word identical. Website and GitHub posts can stay as how-tos linked from the owner.,curated editorial decision
I38,same intent (phase5-career),yes,4,0.05,portfolio-building-projects-that-impress-recruiters,27c1a6dc-026a-436b-b539-d7a9d24c9c2a,How to Build a Data Portfolio Website,/blog/how-to-build-a-data-portfolio-website,0.05,MERGE (candidate),Search Console: merge only if the member earns no distinct queries; otherwise rewrite it to a distinct angle.,Phase 4 found the first two word-for-word identical. Website and GitHub posts can stay as how-tos linked from the owner.,curated editorial decision
I38,same intent (phase5-career),yes,4,0.05,portfolio-building-projects-that-impress-recruiters,10bd47cf-0379-45cf-a528-f3d759538b77,GitHub Profile Tips to Impress Hiring Managers,/blog/github-profile-tips-to-impress-hiring-managers,0.05,MERGE (candidate),Search Console: merge only if the member earns no distinct queries; otherwise rewrite it to a distinct angle.,Phase 4 found the first two word-for-word identical. Website and GitHub posts can stay as how-tos linked from the owner.,curated editorial decision
I39,same intent (phase5-career),yes,3,0.17,resume-building-for-data-roles-a-complete-guide,b92d9d8b-5b0b-4be1-bf61-d6ef77b71366,Resume Building for Data Roles: A Complete Guide,/blog/resume-building-for-data-roles-a-complete-guide,1,KEEP as owner (DEEP REWRITE first),Search Console: merge only if the member earns no distinct queries; otherwise rewrite it to a distinct angle.,Mistakes and quantifying achievements are sections of the resume guide or supporting how-tos; keep them only if they go deeper.,curated editorial decision
I39,same intent (phase5-career),yes,3,0.17,resume-building-for-data-roles-a-complete-guide,4da08b23-2103-47c5-8f3e-668b4d51f0dc,Common Resume Mistakes That Get You Rejected,/blog/common-resume-mistakes-that-get-you-rejected,0.17,MERGE (candidate),Search Console: merge only if the member earns no distinct queries; otherwise rewrite it to a distinct angle.,Mistakes and quantifying achievements are sections of the resume guide or supporting how-tos; keep them only if they go deeper.,curated editorial decision
I39,same intent (phase5-career),yes,3,0.17,resume-building-for-data-roles-a-complete-guide,6d1ca64b-0d66-4008-bd41-b562c2d41a01,How to Quantify Achievements on Your Resume,/blog/how-to-quantify-achievements-on-your-resume,0.17,MERGE (candidate),Search Console: merge only if the member earns no distinct queries; otherwise rewrite it to a distinct angle.,Mistakes and quantifying achievements are sections of the resume guide or supporting how-tos; keep them only if they go deeper.,curated editorial decision
I40,"same intent (title similarity, unreviewed)",possibly,2,0.6,a-b-testing-ml-models-in-production,8a4a5402-06a6-4fae-abe6-9eca4e551269,A/B Testing ML Models in Production,/blog/a-b-testing-ml-models-in-production,1,KEEP as owner (DEEP REWRITE first),Editor review.,"60% of title subject terms shared, same intent. Unreviewed candidate.",title subject terms + intent
I40,"same intent (title similarity, unreviewed)",possibly,2,0.6,a-b-testing-ml-models-in-production,8450a5b9-ca5f-4f88-9bc2-68eca6d55743,Monitoring ML Models in Production: A Complete Guide,/blog/monitoring-ml-models-in-production-a-complete-guide,0.6,MANUAL REVIEW,Editor review.,"60% of title subject terms shared, same intent. Unreviewed candidate.",title subject terms + intent
I41,"same intent (title similarity, unreviewed)",possibly,2,0.71,adf-pipelines-explained-building-your-first-pipeline,f4eb72db-c920-47bb-a8f1-e5dc195ae0c4,ADF Pipelines Explained: Building Your First Pipeline,/blog/adf-pipelines-explained-building-your-first-pipeline,1,KEEP as owner (DEEP REWRITE first),Editor review.,"71% of title subject terms shared, same intent. Unreviewed candidate.",title subject terms + intent
I41,"same intent (title similarity, unreviewed)",possibly,2,0.71,adf-pipelines-explained-building-your-first-pipeline,4a35d3c1-f3af-4f8e-b777-b6620ed2a83a,Building a Metadata Framework for ADF Pipelines,/blog/building-a-metadata-framework-for-adf-pipelines,0.71,MANUAL REVIEW,Editor review.,"71% of title subject terms shared, same intent. Unreviewed candidate.",title subject terms + intent
I42,"same intent (title similarity, unreviewed)",possibly,2,0.67,adf-pipelines-explained-building-your-first-pipeline,f4eb72db-c920-47bb-a8f1-e5dc195ae0c4,ADF Pipelines Explained: Building Your First Pipeline,/blog/adf-pipelines-explained-building-your-first-pipeline,1,KEEP as owner (DEEP REWRITE first),Editor review.,"67% of title subject terms shared, same intent. Unreviewed candidate.",title subject terms + intent
I42,"same intent (title similarity, unreviewed)",possibly,2,0.67,adf-pipelines-explained-building-your-first-pipeline,5c6a36c5-bd4a-4f60-880a-56fa1462eee6,Metadata-Driven Pipelines in Azure Data Factory,/blog/metadata-driven-pipelines-in-azure-data-factory,0.67,MANUAL REVIEW,Editor review.,"67% of title subject terms shared, same intent. Unreviewed candidate.",title subject terms + intent
I43,"same intent (title similarity, unreviewed)",possibly,2,0.67,adf-pipelines-explained-building-your-first-pipeline,f4eb72db-c920-47bb-a8f1-e5dc195ae0c4,ADF Pipelines Explained: Building Your First Pipeline,/blog/adf-pipelines-explained-building-your-first-pipeline,1,KEEP as owner (DEEP REWRITE first),Editor review.,"67% of title subject terms shared, same intent. Unreviewed candidate.",title subject terms + intent
I43,"same intent (title similarity, unreviewed)",possibly,2,0.67,adf-pipelines-explained-building-your-first-pipeline,ddb1110b-94f1-4b95-a6a4-9b7303eb4c75,Parameterizing Pipelines in Azure Data Factory,/blog/parameterizing-pipelines-in-azure-data-factory,0.67,MANUAL REVIEW,Editor review.,"67% of title subject terms shared, same intent. Unreviewed candidate.",title subject terms + intent
I44,"same intent (title similarity, unreviewed)",possibly,2,0.6,adf-vs-databricks-when-to-use-each,57b53dd9-6367-4857-a8b4-8afc9eb6f3be,ADF vs Databricks: When to Use Each,/blog/adf-vs-databricks-when-to-use-each,1,KEEP as owner (DEEP REWRITE first),Editor review.,"60% of title subject terms shared, same intent. Unreviewed candidate.",title subject terms + intent
I44,"same intent (title similarity, unreviewed)",possibly,2,0.6,adf-vs-databricks-when-to-use-each,49319bac-a68d-4a3d-8f7e-fcdb24e0fb3e,Azure Synapse vs Azure Data Factory: A Comparison,/blog/azure-synapse-vs-azure-data-factory-a-comparison,0.6,MANUAL REVIEW,Editor review.,"60% of title subject terms shared, same intent. Unreviewed candidate.",title subject terms + intent
I45,"same intent (title similarity, unreviewed)",possibly,2,0.6,aws-data-engineer-guide-skills-and-services,fc7dc45f-56ea-4e11-a850-901156b19a51,AWS Data Engineer Guide: Skills and Services,/blog/aws-data-engineer-guide-skills-and-services,1,KEEP as owner (DEEP REWRITE first),Editor review.,"60% of title subject terms shared, same intent. Unreviewed candidate.",title subject terms + intent
I45,"same intent (title similarity, unreviewed)",possibly,2,0.6,aws-data-engineer-guide-skills-and-services,6cdb6c3f-081b-4803-b713-d09ee570fa30,VPC Basics for Data Engineers on AWS,/blog/vpc-basics-for-data-engineers-on-aws,0.6,MANUAL REVIEW,Editor review.,"60% of title subject terms shared, same intent. Unreviewed candidate.",title subject terms + intent
I46,"same intent (title similarity, unreviewed)",possibly,2,0.67,aws-data-engineering-projects-for-your-portfolio,ae7ae544-c4d7-4f2f-a428-85af7acecd27,AWS Data Engineering Projects for Your Portfolio,/blog/aws-data-engineering-projects-for-your-portfolio,1,KEEP as owner (DEEP REWRITE first),Editor review.,"67% of title subject terms shared, same intent. Unreviewed candidate.",title subject terms + intent
I46,"same intent (title similarity, unreviewed)",possibly,2,0.67,aws-data-engineering-projects-for-your-portfolio,7688d79a-0f96-4d11-ad3e-9f100f7c4d40,Data Engineering Projects for Your Portfolio,/blog/data-engineering-projects-for-your-portfolio,0.67,MANUAL REVIEW,Editor review.,"67% of title subject terms shared, same intent. Unreviewed candidate.",title subject terms + intent
I47,"same intent (title similarity, unreviewed)",possibly,2,0.67,azure-data-engineering-projects-for-your-portfolio,607d2e22-650a-4f39-93ed-e5f6a2167825,Azure Data Engineering Projects for Your Portfolio,/blog/azure-data-engineering-projects-for-your-portfolio,1,KEEP as owner (DEEP REWRITE first),Editor review.,"67% of title subject terms shared, same intent. Unreviewed candidate.",title subject terms + intent
I47,"same intent (title similarity, unreviewed)",possibly,2,0.67,azure-data-engineering-projects-for-your-portfolio,7688d79a-0f96-4d11-ad3e-9f100f7c4d40,Data Engineering Projects for Your Portfolio,/blog/data-engineering-projects-for-your-portfolio,0.67,MANUAL REVIEW,Editor review.,"67% of title subject terms shared, same intent. Unreviewed candidate.",title subject terms + intent
I48,"same intent (title similarity, unreviewed)",possibly,2,0.67,azure-synapse-pipelines-vs-standalone-adf,790ec0a3-9c9e-4b34-953a-527e344d4420,Azure Synapse Pipelines vs Standalone ADF,/blog/azure-synapse-pipelines-vs-standalone-adf,1,KEEP as owner (DEEP REWRITE first),Editor review.,"67% of title subject terms shared, same intent. Unreviewed candidate.",title subject terms + intent
I48,"same intent (title similarity, unreviewed)",possibly,2,0.67,azure-synapse-pipelines-vs-standalone-adf,49319bac-a68d-4a3d-8f7e-fcdb24e0fb3e,Azure Synapse vs Azure Data Factory: A Comparison,/blog/azure-synapse-vs-azure-data-factory-a-comparison,0.67,MANUAL REVIEW,Editor review.,"67% of title subject terms shared, same intent. Unreviewed candidate.",title subject terms + intent
I49,"same intent (title similarity, unreviewed)",possibly,2,0.6,bigquery-window-functions-and-analytic-sql,1e779601-80f9-4ff7-a261-522153a8166e,BigQuery Window Functions and Analytic SQL,/blog/bigquery-window-functions-and-analytic-sql,1,KEEP as owner (DEEP REWRITE first),Editor review.,"60% of title subject terms shared, same intent. Unreviewed candidate.",title subject terms + intent
I49,"same intent (title similarity, unreviewed)",possibly,2,0.6,bigquery-window-functions-and-analytic-sql,adda97ca-0c6a-4b1a-93f3-73ab2c4b9e56,Window Functions in SQL for Data Engineers,/blog/window-functions-in-sql-for-data-engineers,0.6,MANUAL REVIEW,Editor review.,"60% of title subject terms shared, same intent. Unreviewed candidate.",title subject terms + intent
I50,"same intent (title similarity, unreviewed)",possibly,2,0.63,building-a-metadata-framework-for-adf-pipelines,4a35d3c1-f3af-4f8e-b777-b6620ed2a83a,Building a Metadata Framework for ADF Pipelines,/blog/building-a-metadata-framework-for-adf-pipelines,1,KEEP as owner (DEEP REWRITE first),Editor review.,"63% of title subject terms shared, same intent. Unreviewed candidate.",title subject terms + intent
I50,"same intent (title similarity, unreviewed)",possibly,2,0.63,building-a-metadata-framework-for-adf-pipelines,b817f985-51ae-4e6a-9a98-9c1ba8e3eda1,Building an ETL Pipeline with ADF Step by Step,/blog/building-an-etl-pipeline-with-adf-step-by-step,0.63,MANUAL REVIEW,Editor review.,"63% of title subject terms shared, same intent. Unreviewed candidate.",title subject terms + intent
I51,"same intent (title similarity, unreviewed)",possibly,2,0.71,copy-activity-in-azure-data-factory-a-practical-guide,32f89549-d88d-4b53-918d-6c06f6b98fc1,Copy Activity in Azure Data Factory: A Practical Guide,/blog/copy-activity-in-azure-data-factory-a-practical-guide,1,KEEP as owner (DEEP REWRITE first),Editor review.,"71% of title subject terms shared, same intent. Unreviewed candidate.",title subject terms + intent
I51,"same intent (title similarity, unreviewed)",possibly,2,0.71,copy-activity-in-azure-data-factory-a-practical-guide,5b624059-dc21-44d7-b2e4-acad9e29bd4e,Data Partitioning Strategies in ADF Copy Activity,/blog/data-partitioning-strategies-in-adf-copy-activity,0.71,MANUAL REVIEW,Editor review.,"71% of title subject terms shared, same intent. Unreviewed candidate.",title subject terms + intent
I52,"same intent (title similarity, unreviewed)",possibly,2,0.67,data-engineering-projects-for-your-portfolio,7688d79a-0f96-4d11-ad3e-9f100f7c4d40,Data Engineering Projects for Your Portfolio,/blog/data-engineering-projects-for-your-portfolio,1,KEEP as owner (DEEP REWRITE first),Editor review.,"67% of title subject terms shared, same intent. Unreviewed candidate.",title subject terms + intent
I52,"same intent (title similarity, unreviewed)",possibly,2,0.67,data-engineering-projects-for-your-portfolio,55d42132-ad82-48e3-856b-da34261caeb5,GCP Data Engineering Projects for Your Portfolio,/blog/gcp-data-engineering-projects-for-your-portfolio,0.67,MANUAL REVIEW,Editor review.,"67% of title subject terms shared, same intent. Unreviewed candidate.",title subject terms + intent
I53,"same intent (title similarity, unreviewed)",possibly,2,0.67,data-engineering-roadmap-2026-a-complete-guide,fe0843d2-54f6-4334-beef-58606bd4d1ef,Data Engineering Roadmap 2026: A Complete Guide,/blog/data-engineering-roadmap-2026-a-complete-guide,1,KEEP as owner (DEEP REWRITE first),Editor review.,"67% of title subject terms shared, same intent. Unreviewed candidate.",title subject terms + intent
I53,"same intent (title similarity, unreviewed)",possibly,2,0.67,data-engineering-roadmap-2026-a-complete-guide,f7d2d955-4ae6-465b-b5e4-74f97a2e0475,How to Become an Azure Data Engineer in 2026,/blog/how-to-become-an-azure-data-engineer-in-2026,0.67,MANUAL REVIEW,Editor review.,"67% of title subject terms shared, same intent. Unreviewed candidate.",title subject terms + intent
I54,"same intent (title similarity, unreviewed)",possibly,2,0.63,excel-power-query-cleaning-data-without-code,3bf72922-6d87-444c-a336-e906d69de9be,Excel Power Query: Cleaning Data Without Code,/blog/excel-power-query-cleaning-data-without-code,1,KEEP as owner (DEEP REWRITE first),Editor review.,"63% of title subject terms shared, same intent. Unreviewed candidate.",title subject terms + intent
I54,"same intent (title similarity, unreviewed)",possibly,2,0.63,excel-power-query-cleaning-data-without-code,18829db1-a7d4-4951-ad0d-fdc622e4d4c8,Power Query Tutorial: Transforming Data Without Code,/blog/power-query-tutorial-transforming-data-without-code,0.63,MANUAL REVIEW,Editor review.,"63% of title subject terms shared, same intent. Unreviewed candidate.",title subject terms + intent
I55,"same intent (title similarity, unreviewed)",possibly,2,0.67,how-to-become-a-data-engineer-in-2026,b9fbae04-d29a-4a8e-a16f-3f23b53cd221,How to Become a Data Engineer in 2026,/blog/how-to-become-a-data-engineer-in-2026,1,KEEP as owner (DEEP REWRITE first),Editor review.,"67% of title subject terms shared, same intent. Unreviewed candidate.",title subject terms + intent
I55,"same intent (title similarity, unreviewed)",possibly,2,0.67,how-to-become-a-data-engineer-in-2026,f7d2d955-4ae6-465b-b5e4-74f97a2e0475,How to Become an Azure Data Engineer in 2026,/blog/how-to-become-an-azure-data-engineer-in-2026,0.67,MANUAL REVIEW,Editor review.,"67% of title subject terms shared, same intent. Unreviewed candidate.",title subject terms + intent
I56,"same intent (title similarity, unreviewed)",possibly,2,0.67,incremental-data-loading-in-azure-data-factory,7adfd977-6aeb-43ae-8a2d-eded704af268,Incremental Data Loading in Azure Data Factory,/blog/incremental-data-loading-in-azure-data-factory,1,KEEP as owner (DEEP REWRITE first),Editor review.,"67% of title subject terms shared, same intent. Unreviewed candidate.",title subject terms + intent
I56,"same intent (title similarity, unreviewed)",possibly,2,0.67,incremental-data-loading-in-azure-data-factory,486039c8-bd1c-4c44-8949-472539431d83,Loading Data into Synapse with ADF,/blog/loading-data-into-synapse-with-adf,0.67,MANUAL REVIEW,Editor review.,"67% of title subject terms shared, same intent. Unreviewed candidate.",title subject terms + intent
I57,"same intent (title similarity, unreviewed)",possibly,2,0.6,loading-data-into-bigquery-batch-and-streaming,de23e560-4458-43a9-bc0e-288abb32dd59,Loading Data into BigQuery: Batch and Streaming,/blog/loading-data-into-bigquery-batch-and-streaming,1,KEEP as owner (DEEP REWRITE first),Editor review.,"60% of title subject terms shared, same intent. Unreviewed candidate.",title subject terms + intent
I57,"same intent (title similarity, unreviewed)",possibly,2,0.6,loading-data-into-bigquery-batch-and-streaming,54d19c99-686d-4dc9-80cb-417a13516335,Streaming Data into BigQuery: A Practical Guide,/blog/streaming-data-into-bigquery-a-practical-guide,0.6,MANUAL REVIEW,Editor review.,"60% of title subject terms shared, same intent. Unreviewed candidate.",title subject terms + intent
I58,"same intent (title similarity, unreviewed)",possibly,2,0.67,metadata-driven-pipelines-in-azure-data-factory,5c6a36c5-bd4a-4f60-880a-56fa1462eee6,Metadata-Driven Pipelines in Azure Data Factory,/blog/metadata-driven-pipelines-in-azure-data-factory,1,KEEP as owner (DEEP REWRITE first),Editor review.,"67% of title subject terms shared, same intent. Unreviewed candidate.",title subject terms + intent
I58,"same intent (title similarity, unreviewed)",possibly,2,0.67,metadata-driven-pipelines-in-azure-data-factory,ddb1110b-94f1-4b95-a6a4-9b7303eb4c75,Parameterizing Pipelines in Azure Data Factory,/blog/parameterizing-pipelines-in-azure-data-factory,0.67,MANUAL REVIEW,Editor review.,"67% of title subject terms shared, same intent. Unreviewed candidate.",title subject terms + intent
I59,"same intent (title similarity, unreviewed)",possibly,2,0.75,power-bi-vs-tableau-a-detailed-2026-comparison,f18face6-f8ee-43e3-8ce0-b14d1d824e92,Power BI vs Tableau: A Detailed 2026 Comparison,/blog/power-bi-vs-tableau-a-detailed-2026-comparison,1,KEEP as owner (DEEP REWRITE first),Editor review.,"75% of title subject terms shared, same intent. Unreviewed candidate.",title subject terms + intent
I59,"same intent (title similarity, unreviewed)",possibly,2,0.75,power-bi-vs-tableau-a-detailed-2026-comparison,a1896117-62a9-4924-b95d-4e498c7fe074,Power BI vs Tableau vs Looker: A 2026 Comparison,/blog/power-bi-vs-tableau-vs-looker-a-2026-comparison,0.75,MANUAL REVIEW,Editor review.,"75% of title subject terms shared, same intent. Unreviewed candidate.",title subject terms + intent
L1,location-based title,no,13,,,b68ea347-7b1a-4b77-93eb-167f15a3a5fc,AWS Data Engineer Salary in India 2026,/blog/aws-data-engineer-salary-in-india-2026,,MANUAL REVIEW,"Source a salary dataset, or rewrite without figures.",Title names a place; no other article has the same subject for a different place.,title with place names removed
L1,location-based title,no,13,,,ae4e1d84-d666-4cb4-bd37-eaa3bb547c8b,Azure Data Engineer Salary in Hyderabad 2026,/blog/azure-data-engineer-salary-in-hyderabad-2026,,MANUAL REVIEW,"Source a salary dataset, or rewrite without figures.",Title names a place; no other article has the same subject for a different place.,title with place names removed
L1,location-based title,no,13,,,f6cb42bb-1814-4a35-80f4-158669fdc47e,Data Analyst Salary in Hyderabad 2026,/blog/data-analyst-salary-in-hyderabad-2026,,MANUAL REVIEW,"Source a salary dataset, or rewrite without figures.",Title names a place; no other article has the same subject for a different place.,title with place names removed
L1,location-based title,no,13,,,55a1b6e1-679f-4d59-a2ae-87c1ce863dff,Data Engineer Salary in Hyderabad 2026,/blog/data-engineer-salary-in-hyderabad-2026,,MANUAL REVIEW,"Source a salary dataset, or rewrite without figures.",Title names a place; no other article has the same subject for a different place.,title with place names removed
L1,location-based title,no,13,,,8b7baa4a-9a6c-40e7-89f5-8aa5fd3ebf58,Data Science Internships in Hyderabad: How to Land One,/blog/data-science-internships-in-hyderabad-how-to-land-one,,DEEP REWRITE,None. Queue order in BLOG_REWRITE_QUEUE.csv.,Title names a place; no other article has the same subject for a different place.,title with place names removed
L1,location-based title,no,13,,,400513d0-289e-4522-b6f1-950df8a2df00,Data Scientist Salary in Hyderabad 2026: Freshers to Senior,/blog/data-scientist-salary-in-hyderabad-2026-freshers-to-senior,,MANUAL REVIEW,"Source a salary dataset, or rewrite without figures.",Title names a place; no other article has the same subject for a different place.,title with place names removed
L1,location-based title,no,13,,,66f37063-d9bd-4621-a57d-8e0f451b6dd1,GCP Data Engineer Salary in India 2026,/blog/gcp-data-engineer-salary-in-india-2026,,MANUAL REVIEW,"Source a salary dataset, or rewrite without figures.",Title names a place; no other article has the same subject for a different place.,title with place names removed
L1,location-based title,no,13,,,a1a82bbf-bd01-4144-a3df-d3eb17fa9d81,Generative AI Salary in India 2026: Roles and Pay,/blog/generative-ai-salary-in-india-2026-roles-and-pay,,MANUAL REVIEW,"Source a salary dataset, or rewrite without figures.",Title names a place; no other article has the same subject for a different place.,title with place names removed
L1,location-based title,no,13,,,a0224e31-c0b6-4e0b-961b-15d4d967cea9,Job Search Strategy for the Indian Tech Market 2026,/blog/job-search-strategy-for-the-indian-tech-market-2026,,DEEP REWRITE,None. Queue order in BLOG_REWRITE_QUEUE.csv.,Title names a place; no other article has the same subject for a different place.,title with place names removed
L1,location-based title,no,13,,,bee0d0aa-37be-44cf-925f-fc866bda97ee,MLOps Engineer Salary in India 2026,/blog/mlops-engineer-salary-in-india-2026,,MANUAL REVIEW,"Source a salary dataset, or rewrite without figures.",Title names a place; no other article has the same subject for a different place.,title with place names removed
L1,location-based title,no,13,,,77874e6c-5eb2-4208-8ac6-77870aabf046,Power BI Developer Salary in Hyderabad 2026,/blog/power-bi-developer-salary-in-hyderabad-2026,,MANUAL REVIEW,"Source a salary dataset, or rewrite without figures.",Title names a place; no other article has the same subject for a different place.,title with place names removed
L1,location-based title,no,13,,,5fa5ea97-2b5b-445f-84ff-e114024942f8,Python Salary in India 2026: Roles and Expectations,/blog/python-salary-in-india-2026-roles-and-expectations,,MANUAL REVIEW,"Source a salary dataset, or rewrite without figures.",Title names a place; no other article has the same subject for a different place.,title with place names removed
L1,location-based title,no,13,,,16beecb3-547b-484f-9960-dd5e6f1f1b99,Top Data Science Companies Hiring in Hyderabad,/blog/top-data-science-companies-hiring-in-hyderabad,,DEEP REWRITE,None. Queue order in BLOG_REWRITE_QUEUE.csv.,Title names a place; no other article has the same subject for a different place.,title with place names removed
